sample	strain	chr_end	read_id	copy_index	n_copies	true_element	matched_element	matched_end	yp_start	yp_end	read_length	telo_side
6991_day0_TeloTag	6991	chr10L	SRR33298460.591433	1	1	E-chr10L-1	E-chr9L-1	chr9L	273	7107	25772	beginning
6991_day0_TeloTag	6991	chr12R	SRR33298460.487981	3	7	E-chr12R-3	E-chr14L-2	chr14L	289	47688	58696	beginning
6991_day0_TeloTag	6991	chr12R	SRR33298460.487981	6	7	E-chr12R-6	E-chr14L-2	chr14L	289	47688	58696	beginning
6991_day0_TeloTag	6991	chr12R	SRR33298460.89640	3	7	E-chr12R-3	E-chr14L-2	chr14L	11022	58367	58585	end
6991_day0_TeloTag	6991	chr12R	SRR33298460.89640	4	7	E-chr12R-4	E-chr14L-2	chr14L	11022	58367	58585	end
6991_day0_TeloTag	6991	chr12R	SRR33298460.417467	2	7	E-chr12R-2	E-chr14L-2	chr14L	68	47505	58509	beginning
6991_day0_TeloTag	6991	chr12R	SRR33298460.493838	2	7	E-chr12R-2	E-chr14L-2	chr14L	162	47145	57823	beginning
6991_day0_TeloTag	6991	chr12R	SRR33298460.493838	3	7	E-chr12R-3	E-chr14L-2	chr14L	162	47145	57823	beginning
6991_day0_TeloTag	6991	chr12R	SRR33298460.493838	5	7	E-chr12R-5	E-chr14L-2	chr14L	162	47145	57823	beginning
6991_day0_TeloTag	6991	chr12R	SRR33298460.82770	3	7	E-chr12R-3	E-chr14L-2	chr14L	10885	57655	57810	end
6991_day0_TeloTag	6991	chr12R	SRR33298460.82770	5	7	E-chr12R-5	E-chr14L-2	chr14L	10885	57655	57810	end
6991_day0_TeloTag	6991	chr12R	SRR33298460.82770	6	7	E-chr12R-6	E-chr14L-2	chr14L	10885	57655	57810	end
6991_day0_TeloTag	6991	chr12R	SRR33298460.82770	7	7	E-chr12R-7	E-chr14L-2	chr14L	10885	57655	57810	end
6991_day0_TeloTag	6991	chr12R	SRR33298460.334509	2	7	E-chr12R-2	E-chr14L-2	chr14L	10989	57565	57824	end
6991_day0_TeloTag	6991	chr12R	SRR33298460.334509	4	7	E-chr12R-4	E-chr14L-2	chr14L	10989	57565	57824	end
6991_day0_TeloTag	6991	chr12R	SRR33298460.334509	5	7	E-chr12R-5	E-chr14L-2	chr14L	10989	57565	57824	end
6991_day0_TeloTag	6991	chr12R	SRR33298460.2365	3	7	E-chr12R-3	E-chr14L-2	chr14L	251	46183	57199	beginning
6991_day0_TeloTag	6991	chr12R	SRR33298460.2365	4	7	E-chr12R-4	E-chr14L-2	chr14L	251	46183	57199	beginning
6991_day0_TeloTag	6991	chr12R	SRR33298460.2365	5	7	E-chr12R-5	E-chr14L-2	chr14L	251	46183	57199	beginning
6991_day0_TeloTag	6991	chr12R	SRR33298460.2365	7	7	E-chr12R-7	E-chr14L-2	chr14L	251	46183	57199	beginning
6991_day0_TeloTag	6991	chr12R	SRR33298460.484595	2	7	E-chr12R-2	E-chr14L-2	chr14L	188	46070	57071	beginning
6991_day0_TeloTag	6991	chr12R	SRR33298460.484595	4	7	E-chr12R-4	E-chr14L-2	chr14L	188	46070	57071	beginning
6991_day0_TeloTag	6991	chr12R	SRR33298460.484595	5	7	E-chr12R-5	E-chr14L-2	chr14L	188	46070	57071	beginning
6991_day0_TeloTag	6991	chr12R	SRR33298460.484595	6	7	E-chr12R-6	E-chr14L-2	chr14L	188	46070	57071	beginning
6991_day0_TeloTag	6991	chr12R	SRR33298460.290697	2	7	E-chr12R-2	E-chr14L-2	chr14L	150	43998	53350	beginning
6991_day0_TeloTag	6991	chr12R	SRR33298460.290697	4	7	E-chr12R-4	E-chr14L-2	chr14L	150	43998	53350	beginning
6991_day0_TeloTag	6991	chr12R	SRR33298460.290697	6	7	E-chr12R-6	E-chr14L-2	chr14L	150	43998	53350	beginning
6991_day0_TeloTag	6991	chr12R	SRR33298460.99278	4	7	E-chr12R-4	E-chr14L-2	chr14L	119	44871	54558	beginning
6991_day0_TeloTag	6991	chr12R	SRR33298460.99278	7	7	E-chr12R-7	E-chr14L-2	chr14L	119	44871	54558	beginning
6991_day0_TeloTag	6991	chr12R	SRR33298460.458742	2	7	E-chr12R-2	E-chr14L-2	chr14L	176	43522	54007	beginning
6991_day0_TeloTag	6991	chr12R	SRR33298460.458742	3	7	E-chr12R-3	E-chr14L-2	chr14L	176	43522	54007	beginning
6991_day0_TeloTag	6991	chr12R	SRR33298460.458742	4	7	E-chr12R-4	E-chr14L-2	chr14L	176	43522	54007	beginning
6991_day0_TeloTag	6991	chr12R	SRR33298460.458742	5	7	E-chr12R-5	E-chr14L-2	chr14L	176	43522	54007	beginning
6991_day0_TeloTag	6991	chr12R	SRR33298460.458742	6	7	E-chr12R-6	E-chr14L-2	chr14L	176	43522	54007	beginning
6991_day0_TeloTag	6991	chr12R	SRR33298460.47104	2	7	E-chr12R-2	E-chr14L-2	chr14L	138	43458	53722	beginning
6991_day0_TeloTag	6991	chr12R	SRR33298460.47104	7	7	E-chr12R-7	E-chr14L-2	chr14L	138	43458	53722	beginning
6991_day0_TeloTag	6991	chr12R	SRR33298460.53749	2	7	E-chr12R-2	E-chr14L-2	chr14L	9197	53241	53523	end
6991_day0_TeloTag	6991	chr12R	SRR33298460.53749	3	7	E-chr12R-3	E-chr14L-2	chr14L	9197	53241	53523	end
6991_day0_TeloTag	6991	chr12R	SRR33298460.207005	3	7	E-chr12R-3	E-chr14L-2	chr14L	11006	53536	53681	end
6991_day0_TeloTag	6991	chr12R	SRR33298460.207005	5	7	E-chr12R-5	E-chr14L-2	chr14L	11006	53536	53681	end
6991_day0_TeloTag	6991	chr12R	SRR33298460.505566	2	7	E-chr12R-2	E-chr14L-2	chr14L	163	43258	51046	beginning
6991_day0_TeloTag	6991	chr12R	SRR33298460.505566	4	7	E-chr12R-4	E-chr14L-2	chr14L	163	43258	51046	beginning
6991_day0_TeloTag	6991	chr12R	SRR33298460.505566	5	7	E-chr12R-5	E-chr14L-2	chr14L	163	43258	51046	beginning
6991_day0_TeloTag	6991	chr12R	SRR33298460.505566	6	7	E-chr12R-6	E-chr14L-2	chr14L	163	43258	51046	beginning
6991_day0_TeloTag	6991	chr12R	SRR33298460.505566	7	7	E-chr12R-7	E-chr14L-2	chr14L	163	43258	51046	beginning
6991_day0_TeloTag	6991	chr12R	SRR33298460.36127	2	7	E-chr12R-2	E-chr14L-2	chr14L	10982	52550	52720	end
6991_day0_TeloTag	6991	chr12R	SRR33298460.36127	3	7	E-chr12R-3	E-chr15R-1	chr15R	10982	52550	52720	end
6991_day0_TeloTag	6991	chr12R	SRR33298460.36127	5	7	E-chr12R-5	E-chr14L-2	chr14L	10982	52550	52720	end
6991_day0_TeloTag	6991	chr12R	SRR33298460.36127	6	7	E-chr12R-6	E-chr14L-2	chr14L	10982	52550	52720	end
6991_day0_TeloTag	6991	chr12R	SRR33298460.81781	2	7	E-chr12R-2	E-chr14L-2	chr14L	229	40018	49941	beginning
6991_day0_TeloTag	6991	chr12R	SRR33298460.81781	4	7	E-chr12R-4	E-chr14L-2	chr14L	229	40018	49941	beginning
6991_day0_TeloTag	6991	chr12R	SRR33298460.81781	6	7	E-chr12R-6	E-chr14L-2	chr14L	229	40018	49941	beginning
6991_day0_TeloTag	6991	chr12R	SRR33298460.81781	7	7	E-chr12R-7	E-chr14L-2	chr14L	229	40018	49941	beginning
6991_day0_TeloTag	6991	chr12R	SRR33298460.50921	2	7	E-chr12R-2	E-chr14L-2	chr14L	10159	48152	48295	end
6991_day0_TeloTag	6991	chr12R	SRR33298460.50921	3	7	E-chr12R-3	E-chr14L-2	chr14L	10159	48152	48295	end
6991_day0_TeloTag	6991	chr12R	SRR33298460.50921	4	7	E-chr12R-4	E-chr14L-2	chr14L	10159	48152	48295	end
6991_day0_TeloTag	6991	chr12R	SRR33298460.50921	6	7	E-chr12R-6	E-chr14L-2	chr14L	10159	48152	48295	end
6991_day0_TeloTag	6991	chr12R	SRR33298460.50921	7	7	E-chr12R-7	E-chr14L-2	chr14L	10159	48152	48295	end
6991_day0_TeloTag	6991	chr12R	SRR33298460.531313	3	7	E-chr12R-3	E-chr14L-2	chr14L	150	36203	47221	beginning
6991_day0_TeloTag	6991	chr12R	SRR33298460.531313	4	7	E-chr12R-4	E-chr14L-2	chr14L	150	36203	47221	beginning
6991_day0_TeloTag	6991	chr12R	SRR33298460.531313	5	7	E-chr12R-5	E-chr14L-2	chr14L	150	36203	47221	beginning
6991_day0_TeloTag	6991	chr12R	SRR33298460.531313	6	7	E-chr12R-6	E-chr14L-2	chr14L	150	36203	47221	beginning
6991_day0_TeloTag	6991	chr12R	SRR33298460.531313	7	7	E-chr12R-7	E-chr14L-2	chr14L	150	36203	47221	beginning
6991_day0_TeloTag	6991	chr13L	SRR33298460.97658	1	1	E-chr13L-1	E-chr14L-4	chr14L	135	5606	15923	beginning
6991_day0_TeloTag	6991	chr13L	SRR33298460.150620	1	1	E-chr13L-1	E-chr8R-1	chr8R	261	5650	15662	beginning
6991_day0_TeloTag	6991	chr13L	SRR33298460.221784	1	1	E-chr13L-1	E-chr14L-5	chr14L	221	5700	15215	beginning
6991_day0_TeloTag	6991	chr13L	SRR33298460.236901	1	1	E-chr13L-1	E-chr14L-5	chr14L	9574	15042	15326	end
6991_day0_TeloTag	6991	chr14L	SRR33298460.370955	1	5	E-chr14L-1	E-chr7R-1	chr7R	15631	46035	46212	end
6991_day0_TeloTag	6991	chr14L	SRR33298460.370955	2	5	E-chr14L-2	E-chr12R-6	chr12R	15631	46035	46212	end
6991_day0_TeloTag	6991	chr14L	SRR33298460.171258	1	5	E-chr14L-1	E-chr7R-1	chr7R	285	30716	44283	beginning
6991_day0_TeloTag	6991	chr14L	SRR33298460.171258	2	5	E-chr14L-2	E-chr12R-6	chr12R	285	30716	44283	beginning
6991_day0_TeloTag	6991	chr14L	SRR33298460.132032	1	5	E-chr14L-1	E-chr7R-1	chr7R	239	30642	45982	beginning
6991_day0_TeloTag	6991	chr14L	SRR33298460.132032	2	5	E-chr14L-2	E-chr12R-6	chr12R	239	30642	45982	beginning
6991_day0_TeloTag	6991	chr14L	SRR33298460.314339	1	5	E-chr14L-1	E-chr7R-1	chr7R	219	30643	45979	beginning
6991_day0_TeloTag	6991	chr14L	SRR33298460.463133	2	5	E-chr14L-2	E-chr12R-6	chr12R	15320	45767	45977	end
6991_day0_TeloTag	6991	chr14L	SRR33298460.255355	2	5	E-chr14L-2	E-chr12R-6	chr12R	211	30634	45964	beginning
6991_day0_TeloTag	6991	chr14L	SRR33298460.285489	1	5	E-chr14L-1	E-chr7R-1	chr7R	214	30638	45962	beginning
6991_day0_TeloTag	6991	chr14L	SRR33298460.295159	2	5	E-chr14L-2	E-chr12R-6	chr12R	195	30640	45904	beginning
6991_day0_TeloTag	6991	chr14L	SRR33298460.490434	2	5	E-chr14L-2	E-chr12R-6	chr12R	15340	45767	45938	end
6991_day0_TeloTag	6991	chr14L	SRR33298460.110167	2	5	E-chr14L-2	E-chr12R-6	chr12R	15347	45804	45948	end
6991_day0_TeloTag	6991	chr14L	SRR33298460.40750	2	5	E-chr14L-2	E-chr12R-6	chr12R	130	30580	44378	beginning
6991_day0_TeloTag	6991	chr14L	SRR33298460.299978	2	5	E-chr14L-2	E-chr12R-6	chr12R	203	30632	45908	beginning
6991_day0_TeloTag	6991	chr14L	SRR33298460.190340	2	5	E-chr14L-2	E-chr12R-6	chr12R	15288	45688	45895	end
6991_day0_TeloTag	6991	chr14L	SRR33298460.360385	2	5	E-chr14L-2	E-chr12R-6	chr12R	15334	45722	45901	end
6991_day0_TeloTag	6991	chr14L	SRR33298460.29436	1	5	E-chr14L-1	E-chr7R-1	chr7R	269	30546	45846	beginning
6991_day0_TeloTag	6991	chr14L	SRR33298460.29436	2	5	E-chr14L-2	E-chr12R-6	chr12R	269	30546	45846	beginning
6991_day0_TeloTag	6991	chr14L	SRR33298460.321986	1	5	E-chr14L-1	E-chr7R-1	chr7R	15326	45618	45838	end
6991_day0_TeloTag	6991	chr14L	SRR33298460.321986	2	5	E-chr14L-2	E-chr12R-6	chr12R	15326	45618	45838	end
6991_day0_TeloTag	6991	chr14L	SRR33298460.573374	2	5	E-chr14L-2	E-chr12R-6	chr12R	15340	45692	45840	end
6991_day0_TeloTag	6991	chr14L	SRR33298460.9360	1	5	E-chr14L-1	E-chr7R-1	chr7R	98	30548	43891	beginning
6991_day0_TeloTag	6991	chr14L	SRR33298460.519919	2	5	E-chr14L-2	E-chr12R-6	chr12R	239	30458	45780	beginning
6991_day0_TeloTag	6991	chr14L	SRR33298460.524063	1	5	E-chr14L-1	E-chr7R-1	chr7R	15330	45499	45602	end
6991_day0_TeloTag	6991	chr14L	SRR33298460.524063	2	5	E-chr14L-2	E-chr12R-6	chr12R	15330	45499	45602	end
6991_day0_TeloTag	6991	chr14L	SRR33298460.567846	1	5	E-chr14L-1	E-chr7R-1	chr7R	161	30331	45563	beginning
6991_day0_TeloTag	6991	chr14L	SRR33298460.567846	2	5	E-chr14L-2	E-chr12R-6	chr12R	161	30331	45563	beginning
6991_day0_TeloTag	6991	chr14L	SRR33298460.460782	2	5	E-chr14L-2	E-chr12R-6	chr12R	132	30433	45504	beginning
6991_day0_TeloTag	6991	chr14L	SRR33298460.90510	2	5	E-chr14L-2	E-chr12R-6	chr12R	15230	45281	45386	end
6991_day0_TeloTag	6991	chr14L	SRR33298460.422207	1	5	E-chr14L-1	E-chr7R-1	chr7R	235	29709	44295	beginning
6991_day0_TeloTag	6991	chr14L	SRR33298460.39673	2	5	E-chr14L-2	E-chr12R-6	chr12R	134	29106	44320	beginning
6991_day0_TeloTag	6991	chr14L	SRR33298460.261732	1	5	E-chr14L-1	E-chr7R-1	chr7R	15326	43669	43903	end
6991_day0_TeloTag	6991	chr14L	SRR33298460.76935	2	5	E-chr14L-2	E-chr12R-6	chr12R	13556	43355	43594	end
6991_day0_TeloTag	6991	chr14L	SRR33298460.239695	1	5	E-chr14L-1	E-chr7R-1	chr7R	240	28753	43308	beginning
6991_day0_TeloTag	6991	chr14L	SRR33298460.239695	2	5	E-chr14L-2	E-chr12R-6	chr12R	240	28753	43308	beginning
6991_day0_TeloTag	6991	chr14L	SRR33298460.338045	2	5	E-chr14L-2	E-chr12R-6	chr12R	160	27702	43040	beginning
6991_day0_TeloTag	6991	chr14L	SRR33298460.122793	2	5	E-chr14L-2	E-chr12R-6	chr12R	15355	42299	42436	end
6991_day0_TeloTag	6991	chr14L	SRR33298460.347671	1	5	E-chr14L-1	E-chr7R-1	chr7R	12256	42027	42261	end
6991_day0_TeloTag	6991	chr14L	SRR33298460.347671	2	5	E-chr14L-2	E-chr12R-6	chr12R	12256	42027	42261	end
6991_day0_TeloTag	6991	chr14L	SRR33298460.226296	2	5	E-chr14L-2	E-chr12R-6	chr12R	134	26889	42146	beginning
6991_day0_TeloTag	6991	chr14L	SRR33298460.474422	2	5	E-chr14L-2	E-chr12R-6	chr12R	13161	40610	40759	end
6991_day0_TeloTag	6991	chr14L	SRR33298460.238296	2	5	E-chr14L-2	E-chr12R-6	chr12R	13412	41011	41162	end
6991_day0_TeloTag	6991	chr14L	SRR33298460.166484	2	5	E-chr14L-2	E-chr12R-6	chr12R	232	25333	40395	beginning
6991_day0_TeloTag	6991	chr14L	SRR33298460.40345	1	5	E-chr14L-1	E-chr7R-1	chr7R	165	24907	40080	beginning
6991_day0_TeloTag	6991	chr14L	SRR33298460.360590	2	5	E-chr14L-2	E-chr12R-6	chr12R	14545	40017	40108	end
6991_day0_TeloTag	6991	chr14L	SRR33298460.430818	2	5	E-chr14L-2	E-chr12R-6	chr12R	12329	39326	39433	end
6991_day0_TeloTag	6991	chr14L	SRR33298460.28190	1	5	E-chr14L-1	E-chr7R-1	chr7R	129	25689	38852	beginning
6991_day0_TeloTag	6991	chr14L	SRR33298460.28190	2	5	E-chr14L-2	E-chr12R-6	chr12R	129	25689	38852	beginning
6991_day0_TeloTag	6991	chr14L	SRR33298460.281547	2	5	E-chr14L-2	E-chr12R-6	chr12R	153	23256	38510	beginning
6991_day0_TeloTag	6991	chr14L	SRR33298460.470291	1	5	E-chr14L-1	E-chr7R-1	chr7R	138	25137	35735	beginning
6991_day0_TeloTag	6991	chr14L	SRR33298460.347631	2	5	E-chr14L-2	E-chr12R-6	chr12R	179	22697	35659	beginning
6991_day0_TeloTag	6991	chr14L	SRR33298460.260043	2	5	E-chr14L-2	E-chr12R-6	chr12R	15124	37702	37867	end
6991_day0_TeloTag	6991	chr14L	SRR33298460.48479	2	5	E-chr14L-2	E-chr12R-6	chr12R	100	22718	36357	beginning
6991_day0_TeloTag	6991	chr14L	SRR33298460.38929	1	5	E-chr14L-1	E-chr7R-1	chr7R	12615	35126	35212	end
6991_day0_TeloTag	6991	chr14R	SRR33298460.274149	1	1	E-chr14R-1	E-chr14L-1	chr14L	177	6784	15968	beginning
6991_day0_TeloTag	6991	chr14R	SRR33298460.568401	1	1	E-chr14R-1	E-chr14L-1	chr14L	9132	15745	15899	end
6991_day0_TeloTag	6991	chr14R	SRR33298460.108378	1	1	E-chr14R-1	E-chr13L-1	chr13L	8436	13915	14079	end
6991_day0_TeloTag	6991	chr15R	SRR33298460.581653	1	1	E-chr15R-1	E-chr14L-2	chr14L	16075	21184	21518	end
6991_day0_TeloTag	6991	chr16L	SRR33298460.238100	1	1	E-chr16L-1	E-chr7R-1	chr7R	365	6996	26082	beginning
6991_day0_TeloTag	6991	chr16L	SRR33298460.65978	1	1	E-chr16L-1	E-chr7R-1	chr7R	286	6947	26075	beginning
6991_day0_TeloTag	6991	chr16L	SRR33298460.424356	1	1	E-chr16L-1	E-chr7R-1	chr7R	240	6904	26027	beginning
6991_day0_TeloTag	6991	chr16L	SRR33298460.584557	1	1	E-chr16L-1	E-chr14L-1	chr14L	272	6918	25550	beginning
6991_day0_TeloTag	6991	chr16L	SRR33298460.296796	1	1	E-chr16L-1	E-chr7R-1	chr7R	253	6908	24437	beginning
6991_day0_TeloTag	6991	chr16L	SRR33298460.447901	1	1	E-chr16L-1	E-chr7R-1	chr7R	236	6894	24810	beginning
6991_day0_TeloTag	6991	chr16L	SRR33298460.245931	1	1	E-chr16L-1	E-chr14L-1	chr14L	238	6903	23882	beginning
6991_day0_TeloTag	6991	chr16L	SRR33298460.447448	1	1	E-chr16L-1	E-chr7R-1	chr7R	258	6907	26002	beginning
6991_day0_TeloTag	6991	chr16L	SRR33298460.227541	1	1	E-chr16L-1	E-chr7R-1	chr7R	225	6890	25970	beginning
6991_day0_TeloTag	6991	chr16L	SRR33298460.342499	1	1	E-chr16L-1	E-chr7R-1	chr7R	255	6907	25981	beginning
6991_day0_TeloTag	6991	chr16L	SRR33298460.414912	1	1	E-chr16L-1	E-chr7R-1	chr7R	18915	25567	25787	end
6991_day0_TeloTag	6991	chr16L	SRR33298460.589528	1	1	E-chr16L-1	E-chr7R-1	chr7R	239	6879	25971	beginning
6991_day0_TeloTag	6991	chr16L	SRR33298460.397753	1	1	E-chr16L-1	E-chr7R-1	chr7R	341	6988	25971	beginning
6991_day0_TeloTag	6991	chr16L	SRR33298460.319606	1	1	E-chr16L-1	E-chr7R-1	chr7R	221	6874	25968	beginning
6991_day0_TeloTag	6991	chr16L	SRR33298460.298096	1	1	E-chr16L-1	E-chr7R-1	chr7R	19085	25718	25969	end
6991_day0_TeloTag	6991	chr16L	SRR33298460.289493	1	1	E-chr16L-1	E-chr7R-1	chr7R	212	6856	25566	beginning
6991_day0_TeloTag	6991	chr16L	SRR33298460.166185	1	1	E-chr16L-1	E-chr7R-1	chr7R	19086	25738	25967	end
6991_day0_TeloTag	6991	chr16L	SRR33298460.144284	1	1	E-chr16L-1	E-chr7R-1	chr7R	219	6858	25283	beginning
6991_day0_TeloTag	6991	chr16L	SRR33298460.170514	1	1	E-chr16L-1	E-chr7R-1	chr7R	19105	25754	25967	end
6991_day0_TeloTag	6991	chr16L	SRR33298460.379738	1	1	E-chr16L-1	E-chr7R-1	chr7R	184	6842	25960	beginning
6991_day0_TeloTag	6991	chr16L	SRR33298460.442806	1	1	E-chr16L-1	E-chr7R-1	chr7R	206	6854	25960	beginning
6991_day0_TeloTag	6991	chr16L	SRR33298460.187080	1	1	E-chr16L-1	E-chr7R-1	chr7R	212	6861	25958	beginning
6991_day0_TeloTag	6991	chr16L	SRR33298460.187219	1	1	E-chr16L-1	E-chr7R-1	chr7R	19086	25738	25936	end
6991_day0_TeloTag	6991	chr16L	SRR33298460.74495	1	1	E-chr16L-1	E-chr7R-1	chr7R	217	6862	25943	beginning
6991_day0_TeloTag	6991	chr16L	SRR33298460.288645	1	1	E-chr16L-1	E-chr7R-1	chr7R	19101	25757	25949	end
6991_day0_TeloTag	6991	chr16L	SRR33298460.299511	1	1	E-chr16L-1	E-chr7R-1	chr7R	190	6853	25322	beginning
6991_day0_TeloTag	6991	chr16L	SRR33298460.320526	1	1	E-chr16L-1	E-chr7R-1	chr7R	18491	25095	25342	end
6991_day0_TeloTag	6991	chr16L	SRR33298460.469048	1	1	E-chr16L-1	E-chr7R-1	chr7R	181	6830	24983	beginning
6991_day0_TeloTag	6991	chr16L	SRR33298460.438245	1	1	E-chr16L-1	E-chr7R-1	chr7R	184	6841	25931	beginning
6991_day0_TeloTag	6991	chr16L	SRR33298460.531914	1	1	E-chr16L-1	E-chr7R-1	chr7R	18667	25301	25512	end
6991_day0_TeloTag	6991	chr16L	SRR33298460.504396	1	1	E-chr16L-1	E-chr7R-1	chr7R	218	6852	25937	beginning
6991_day0_TeloTag	6991	chr16L	SRR33298460.326862	1	1	E-chr16L-1	E-chr7R-1	chr7R	16956	23609	23775	end
6991_day0_TeloTag	6991	chr16L	SRR33298460.400114	1	1	E-chr16L-1	E-chr7R-1	chr7R	170	6834	25941	beginning
6991_day0_TeloTag	6991	chr16L	SRR33298460.509377	1	1	E-chr16L-1	E-chr7R-1	chr7R	189	6832	25903	beginning
6991_day0_TeloTag	6991	chr16L	SRR33298460.433288	1	1	E-chr16L-1	E-chr7R-1	chr7R	192	6850	25935	beginning
6991_day0_TeloTag	6991	chr16L	SRR33298460.29775	1	1	E-chr16L-1	E-chr7R-1	chr7R	19094	25753	25929	end
6991_day0_TeloTag	6991	chr16L	SRR33298460.537783	1	1	E-chr16L-1	E-chr7R-1	chr7R	212	6877	25960	beginning
6991_day0_TeloTag	6991	chr16L	SRR33298460.302933	1	1	E-chr16L-1	E-chr7R-1	chr7R	220	6858	25915	beginning
6991_day0_TeloTag	6991	chr16L	SRR33298460.443721	1	1	E-chr16L-1	E-chr7R-1	chr7R	17508	24137	24354	end
6991_day0_TeloTag	6991	chr16L	SRR33298460.365419	1	1	E-chr16L-1	E-chr7R-1	chr7R	19101	25754	25935	end
6991_day0_TeloTag	6991	chr16L	SRR33298460.97487	1	1	E-chr16L-1	E-chr7R-1	chr7R	19083	25731	25921	end
6991_day0_TeloTag	6991	chr16L	SRR33298460.521517	1	1	E-chr16L-1	E-chr7R-1	chr7R	248	6885	25924	beginning
6991_day0_TeloTag	6991	chr16L	SRR33298460.64733	1	1	E-chr16L-1	E-chr7R-1	chr7R	19074	25706	25916	end
6991_day0_TeloTag	6991	chr16L	SRR33298460.216097	1	1	E-chr16L-1	E-chr7R-1	chr7R	19094	25741	25911	end
6991_day0_TeloTag	6991	chr16L	SRR33298460.150800	1	1	E-chr16L-1	E-chr7R-1	chr7R	156	6808	25597	beginning
6991_day0_TeloTag	6991	chr16L	SRR33298460.77171	1	1	E-chr16L-1	E-chr7R-1	chr7R	223	6864	23582	beginning
6991_day0_TeloTag	6991	chr16L	SRR33298460.375398	1	1	E-chr16L-1	E-chr7R-1	chr7R	214	6851	25887	beginning
6991_day0_TeloTag	6991	chr16L	SRR33298460.399988	1	1	E-chr16L-1	E-chr7R-1	chr7R	18007	24652	24810	end
6991_day0_TeloTag	6991	chr16L	SRR33298460.289559	1	1	E-chr16L-1	E-chr7R-1	chr7R	19118	25741	25910	end
6991_day0_TeloTag	6991	chr16L	SRR33298460.194888	1	1	E-chr16L-1	E-chr7R-1	chr7R	19081	25709	25908	end
6991_day0_TeloTag	6991	chr16L	SRR33298460.381416	1	1	E-chr16L-1	E-chr7R-1	chr7R	19112	25756	25905	end
6991_day0_TeloTag	6991	chr16L	SRR33298460.294940	1	1	E-chr16L-1	E-chr7R-1	chr7R	18186	24798	25102	end
6991_day0_TeloTag	6991	chr16L	SRR33298460.544207	1	1	E-chr16L-1	E-chr7R-1	chr7R	19082	25728	25907	end
6991_day0_TeloTag	6991	chr16L	SRR33298460.132821	1	1	E-chr16L-1	E-chr7R-1	chr7R	18405	25058	25185	end
6991_day0_TeloTag	6991	chr16L	SRR33298460.473455	1	1	E-chr16L-1	E-chr7R-1	chr7R	228	6811	25888	beginning
6991_day0_TeloTag	6991	chr16L	SRR33298460.192710	1	1	E-chr16L-1	E-chr7R-1	chr7R	137	6792	25884	beginning
6991_day0_TeloTag	6991	chr16L	SRR33298460.402310	1	1	E-chr16L-1	E-chr7R-1	chr7R	177	6823	25885	beginning
6991_day0_TeloTag	6991	chr16L	SRR33298460.277545	1	1	E-chr16L-1	E-chr7R-1	chr7R	249	6885	25890	beginning
6991_day0_TeloTag	6991	chr16L	SRR33298460.574131	1	1	E-chr16L-1	E-chr7R-1	chr7R	130	6787	25882	beginning
6991_day0_TeloTag	6991	chr16L	SRR33298460.570281	1	1	E-chr16L-1	E-chr7R-1	chr7R	19071	25680	25858	end
6991_day0_TeloTag	6991	chr16L	SRR33298460.215645	1	1	E-chr16L-1	E-chr7R-1	chr7R	139	6795	25887	beginning
6991_day0_TeloTag	6991	chr16L	SRR33298460.147106	1	1	E-chr16L-1	E-chr7R-1	chr7R	183	6826	25867	beginning
6991_day0_TeloTag	6991	chr16L	SRR33298460.393252	1	1	E-chr16L-1	E-chr7R-1	chr7R	19105	25747	25876	end
6991_day0_TeloTag	6991	chr16L	SRR33298460.205935	1	1	E-chr16L-1	E-chr7R-1	chr7R	19014	25679	25870	end
6991_day0_TeloTag	6991	chr16L	SRR33298460.283711	1	1	E-chr16L-1	E-chr7R-1	chr7R	178	6771	25860	beginning
6991_day0_TeloTag	6991	chr16L	SRR33298460.392587	1	1	E-chr16L-1	E-chr7R-1	chr7R	19114	25759	25890	end
6991_day0_TeloTag	6991	chr16L	SRR33298460.375915	1	1	E-chr16L-1	E-chr7R-1	chr7R	129	6789	25588	beginning
6991_day0_TeloTag	6991	chr16L	SRR33298460.570995	1	1	E-chr16L-1	E-chr7R-1	chr7R	19128	25778	25882	end
6991_day0_TeloTag	6991	chr16L	SRR33298460.362296	1	1	E-chr16L-1	E-chr7R-1	chr7R	129	6786	24095	beginning
6991_day0_TeloTag	6991	chr16L	SRR33298460.524300	1	1	E-chr16L-1	E-chr7R-1	chr7R	19083	25737	25871	end
6991_day0_TeloTag	6991	chr16L	SRR33298460.147518	1	1	E-chr16L-1	E-chr14L-1	chr14L	19108	25768	25875	end
6991_day0_TeloTag	6991	chr16L	SRR33298460.525321	1	1	E-chr16L-1	E-chr7R-1	chr7R	18178	24815	24940	end
6991_day0_TeloTag	6991	chr16L	SRR33298460.87359	1	1	E-chr16L-1	E-chr7R-1	chr7R	114	6757	25877	beginning
6991_day0_TeloTag	6991	chr16L	SRR33298460.460012	1	1	E-chr16L-1	E-chr7R-1	chr7R	19093	25735	25871	end
6991_day0_TeloTag	6991	chr16L	SRR33298460.351079	1	1	E-chr16L-1	E-chr7R-1	chr7R	150	6788	25859	beginning
6991_day0_TeloTag	6991	chr16L	SRR33298460.393269	1	1	E-chr16L-1	E-chr7R-1	chr7R	19089	25732	25862	end
6991_day0_TeloTag	6991	chr16L	SRR33298460.298923	1	1	E-chr16L-1	E-chr7R-1	chr7R	188	6841	25845	beginning
6991_day0_TeloTag	6991	chr16L	SRR33298460.441242	1	1	E-chr16L-1	E-chr14L-1	chr14L	18521	25162	25395	end
6991_day0_TeloTag	6991	chr16L	SRR33298460.70533	1	1	E-chr16L-1	E-chr7R-1	chr7R	18328	24967	25066	end
6991_day0_TeloTag	6991	chr16L	SRR33298460.252641	1	1	E-chr16L-1	E-chr7R-1	chr7R	133	6773	25840	beginning
6991_day0_TeloTag	6991	chr16L	SRR33298460.316602	1	1	E-chr16L-1	E-chr7R-1	chr7R	188	6852	25846	beginning
6991_day0_TeloTag	6991	chr16L	SRR33298460.536046	1	1	E-chr16L-1	E-chr7R-1	chr7R	19107	25739	25819	end
6991_day0_TeloTag	6991	chr16L	SRR33298460.457179	1	1	E-chr16L-1	E-chr7R-1	chr7R	18997	25621	25820	end
6991_day0_TeloTag	6991	chr16L	SRR33298460.1705	1	1	E-chr16L-1	E-chr7R-1	chr7R	19122	25774	25823	end
6991_day0_TeloTag	6991	chr16L	SRR33298460.462258	1	1	E-chr16L-1	E-chr7R-1	chr7R	19081	25728	25819	end
6991_day0_TeloTag	6991	chr16L	SRR33298460.57690	1	1	E-chr16L-1	E-chr7R-1	chr7R	155	6799	25826	beginning
6991_day0_TeloTag	6991	chr16L	SRR33298460.61592	1	1	E-chr16L-1	E-chr7R-1	chr7R	164	6816	25818	beginning
6991_day0_TeloTag	6991	chr16L	SRR33298460.80952	1	1	E-chr16L-1	E-chr7R-1	chr7R	18807	25460	25540	end
6991_day0_TeloTag	6991	chr16L	SRR33298460.475762	1	1	E-chr16L-1	E-chr7R-1	chr7R	19001	25638	25798	end
6991_day0_TeloTag	6991	chr16L	SRR33298460.36805	1	1	E-chr16L-1	E-chr7R-1	chr7R	19091	25731	25787	end
6991_day0_TeloTag	6991	chr16L	SRR33298460.205075	1	1	E-chr16L-1	E-chr7R-1	chr7R	18700	25334	25388	end
6991_day0_TeloTag	6991	chr16L	SRR33298460.15925	1	1	E-chr16L-1	E-chr7R-1	chr7R	117	6762	25772	beginning
6991_day0_TeloTag	6991	chr16L	SRR33298460.49820	1	1	E-chr16L-1	E-chr7R-1	chr7R	19064	25697	25774	end
6991_day0_TeloTag	6991	chr16L	SRR33298460.492421	1	1	E-chr16L-1	E-chr7R-1	chr7R	18998	25644	25756	end
6991_day0_TeloTag	6991	chr16L	SRR33298460.321031	1	1	E-chr16L-1	E-chr7R-1	chr7R	89	6743	25767	beginning
6991_day0_TeloTag	6991	chr16L	SRR33298460.50377	1	1	E-chr16L-1	E-chr7R-1	chr7R	221	6764	25692	beginning
6991_day0_TeloTag	6991	chr16L	SRR33298460.335871	1	1	E-chr16L-1	E-chr7R-1	chr7R	108	6731	25739	beginning
6991_day0_TeloTag	6991	chr16L	SRR33298460.406748	1	1	E-chr16L-1	E-chr7R-1	chr7R	18882	25516	25685	end
6991_day0_TeloTag	6991	chr16L	SRR33298460.7626	1	1	E-chr16L-1	E-chr7R-1	chr7R	18887	25455	25654	end
6991_day0_TeloTag	6991	chr16L	SRR33298460.81104	1	1	E-chr16L-1	E-chr7R-1	chr7R	19060	25496	25605	end
6991_day0_TeloTag	6991	chr16L	SRR33298460.272682	1	1	E-chr16L-1	E-chr7R-1	chr7R	18871	25407	25544	end
6991_day0_TeloTag	6991	chr16L	SRR33298460.467597	1	1	E-chr16L-1	E-chr7R-1	chr7R	19021	25436	25572	end
6991_day0_TeloTag	6991	chr16L	SRR33298460.327742	1	1	E-chr16L-1	E-chr7R-1	chr7R	78	6445	25525	beginning
6991_day0_TeloTag	6991	chr16L	SRR33298460.63592	1	1	E-chr16L-1	E-chr7R-1	chr7R	244	6903	25043	beginning
6991_day0_TeloTag	6991	chr16L	SRR33298460.217641	1	1	E-chr16L-1	E-chr7R-1	chr7R	284	6373	25432	beginning
6991_day0_TeloTag	6991	chr16L	SRR33298460.433951	1	1	E-chr16L-1	E-chr7R-1	chr7R	18381	25027	25257	end
6991_day0_TeloTag	6991	chr16L	SRR33298460.314781	1	1	E-chr16L-1	E-chr7R-1	chr7R	176	6144	25186	beginning
6991_day0_TeloTag	6991	chr16L	SRR33298460.320454	1	1	E-chr16L-1	E-chr7R-1	chr7R	16986	23630	23823	end
6991_day0_TeloTag	6991	chr16L	SRR33298460.236238	1	1	E-chr16L-1	E-chr7R-1	chr7R	295	6892	24689	beginning
6991_day0_TeloTag	6991	chr16L	SRR33298460.565746	1	1	E-chr16L-1	E-chr7R-1	chr7R	172	5626	22520	beginning
6991_day0_TeloTag	6991	chr16L	SRR33298460.544772	1	1	E-chr16L-1	E-chr7R-1	chr7R	107	5499	24585	beginning
6991_day0_TeloTag	6991	chr16L	SRR33298460.554803	1	1	E-chr16L-1	E-chr7R-1	chr7R	18224	23471	23651	end
6991_day0_TeloTag	6991	chr16L	SRR33298460.241978	1	1	E-chr16L-1	E-chr7R-1	chr7R	18163	24199	24401	end
6991_day0_TeloTag	6991	chr16L	SRR33298460.330371	1	1	E-chr16L-1	E-chr7R-1	chr7R	236	6769	22299	beginning
6991_day0_TeloTag	6991	chr16L	SRR33298460.240793	1	1	E-chr16L-1	E-chr7R-1	chr7R	189	6827	24320	beginning
6991_day0_TeloTag	6991	chr16L	SRR33298460.328300	1	1	E-chr16L-1	E-chr7R-1	chr7R	16896	23533	23670	end
6991_day0_TeloTag	6991	chr16L	SRR33298460.324611	1	1	E-chr16L-1	E-chr7R-1	chr7R	203	5137	23414	beginning
6991_day0_TeloTag	6991	chr16L	SRR33298460.308703	1	1	E-chr16L-1	E-chr7R-1	chr7R	275	5219	23909	beginning
6991_day0_TeloTag	6991	chr16L	SRR33298460.588391	1	1	E-chr16L-1	E-chr7R-1	chr7R	232	5809	23747	beginning
6991_day0_TeloTag	6991	chr16L	SRR33298460.196339	1	1	E-chr16L-1	E-chr7R-1	chr7R	16731	21366	21474	end
6991_day0_TeloTag	6991	chr16L	SRR33298460.591835	1	1	E-chr16L-1	E-chr7R-1	chr7R	16878	23058	23177	end
6991_day0_TeloTag	6991	chr16L	SRR33298460.230740	1	1	E-chr16L-1	E-chr7R-1	chr7R	152	6548	21689	beginning
6991_day0_TeloTag	6991	chr16L	SRR33298460.258819	1	1	E-chr16L-1	E-chr7R-1	chr7R	14864	21208	21455	end
6991_day0_TeloTag	6991	chr16L	SRR33298460.47209	1	1	E-chr16L-1	E-chr7R-1	chr7R	101	4971	22734	beginning
6991_day0_TeloTag	6991	chr16L	SRR33298460.374311	1	1	E-chr16L-1	E-chr7R-1	chr7R	17140	22335	22680	end
6991_day0_TeloTag	6991	chr16L	SRR33298460.476994	1	1	E-chr16L-1	E-chr14L-1	chr14L	17488	22217	22294	end
6991_day0_TeloTag	6991	chr16L	SRR33298460.500477	1	1	E-chr16L-1	E-chr7R-1	chr7R	109	6324	19860	beginning
6991_day0_TeloTag	6991	chr16L	SRR33298460.248853	1	1	E-chr16L-1	E-chr7R-1	chr7R	184	6570	20548	beginning
6991_day0_TeloTag	6991	chr16L	SRR33298460.116562	1	1	E-chr16L-1	E-chr7R-1	chr7R	97	5025	21991	beginning
6991_day0_TeloTag	6991	chr16L	SRR33298460.13287	1	1	E-chr16L-1	E-chr7R-1	chr7R	215	5701	21742	beginning
6991_day0_TeloTag	6991	chr16L	SRR33298460.555113	1	1	E-chr16L-1	E-chr7R-1	chr7R	19064	21613	21658	end
6991_day0_TeloTag	6991	chr16L	SRR33298460.458371	1	1	E-chr16L-1	E-chr7R-1	chr7R	138	5046	21198	beginning
6991_day0_TeloTag	6991	chr16L	SRR33298460.408513	1	1	E-chr16L-1	E-chr7R-1	chr7R	163	5142	21133	beginning
6991_day0_TeloTag	6991	chr16L	SRR33298460.177121	1	1	E-chr16L-1	E-chr7R-1	chr7R	15770	20721	20798	end
6991_day0_TeloTag	6991	chr16L	SRR33298460.307576	1	1	E-chr16L-1	E-chr7R-1	chr7R	15685	20683	20796	end
6991_day0_TeloTag	6991	chr16L	SRR33298460.16976	1	1	E-chr16L-1	E-chr7R-1	chr7R	15678	20598	20669	end
6991_day0_TeloTag	6991	chr16L	SRR33298460.558819	1	1	E-chr16L-1	E-chr7R-1	chr7R	15555	20561	20603	end
6991_day0_TeloTag	6991	chr16R	SRR33298460.275124	1	1	E-chr16R-1	E-chr13L-1	chr13L	6346	11149	11285	end
6991_day0_TeloTag	6991	chr2L	SRR33298460.359867	1	1	E-chr2L-1	E-chr6L-1	chr6L	10532	13526	14773	end
6991_day0_TeloTag	6991	chr7R	SRR33298460.70320	1	1	E-chr7R-1	E-chr16L-1	chr16L	445	7066	21080	beginning
6991_day0_TeloTag	6991	chr7R	SRR33298460.531734	1	1	E-chr7R-1	E-chr16L-1	chr16L	13697	20333	20715	end
6991_day0_TeloTag	6991	chr7R	SRR33298460.591982	1	1	E-chr7R-1	E-chr16L-1	chr16L	13418	20064	20404	end
6991_day0_TeloTag	6991	chr7R	SRR33298460.102919	1	1	E-chr7R-1	E-chr16L-1	chr16L	358	7007	19809	beginning
6991_day0_TeloTag	6991	chr7R	SRR33298460.393110	1	1	E-chr7R-1	E-chr16L-1	chr16L	14112	20766	20992	end
6991_day0_TeloTag	6991	chr7R	SRR33298460.242436	1	1	E-chr7R-1	E-chr16L-1	chr16L	267	6906	20847	beginning
6991_day0_TeloTag	6991	chr7R	SRR33298460.182967	1	1	E-chr7R-1	E-chr16L-1	chr16L	292	6944	20347	beginning
6991_day0_TeloTag	6991	chr7R	SRR33298460.563796	1	1	E-chr7R-1	E-chr16L-1	chr16L	280	6940	20966	beginning
6991_day0_TeloTag	6991	chr7R	SRR33298460.234259	1	1	E-chr7R-1	E-chr16L-1	chr16L	14040	20676	20962	end
6991_day0_TeloTag	6991	chr7R	SRR33298460.542847	1	1	E-chr7R-1	E-chr16L-1	chr16L	271	6927	20951	beginning
6991_day0_TeloTag	6991	chr7R	SRR33298460.462934	1	1	E-chr7R-1	E-chr16L-1	chr16L	280	6916	20946	beginning
6991_day0_TeloTag	6991	chr7R	SRR33298460.248282	1	1	E-chr7R-1	E-chr16L-1	chr16L	259	6918	20942	beginning
6991_day0_TeloTag	6991	chr7R	SRR33298460.392521	1	1	E-chr7R-1	E-chr16L-1	chr16L	288	6941	20928	beginning
6991_day0_TeloTag	6991	chr7R	SRR33298460.115508	1	1	E-chr7R-1	E-chr16L-1	chr16L	252	6905	20938	beginning
6991_day0_TeloTag	6991	chr7R	SRR33298460.576979	1	1	E-chr7R-1	E-chr16L-1	chr16L	14043	20698	20946	end
6991_day0_TeloTag	6991	chr7R	SRR33298460.159191	1	1	E-chr7R-1	E-chr16L-1	chr16L	14030	20675	20935	end
6991_day0_TeloTag	6991	chr7R	SRR33298460.490167	1	1	E-chr7R-1	E-chr16L-1	chr16L	259	6891	20964	beginning
6991_day0_TeloTag	6991	chr7R	SRR33298460.85451	1	1	E-chr7R-1	E-chr16L-1	chr16L	224	6885	20925	beginning
6991_day0_TeloTag	6991	chr7R	SRR33298460.484971	1	1	E-chr7R-1	E-chr16L-1	chr16L	239	6881	20927	beginning
6991_day0_TeloTag	6991	chr7R	SRR33298460.286028	1	1	E-chr7R-1	E-chr16L-1	chr16L	242	6898	20918	beginning
6991_day0_TeloTag	6991	chr7R	SRR33298460.242708	1	1	E-chr7R-1	E-chr16L-1	chr16L	283	6920	20912	beginning
6991_day0_TeloTag	6991	chr7R	SRR33298460.329781	1	1	E-chr7R-1	E-chr16L-1	chr16L	13823	20471	20708	end
6991_day0_TeloTag	6991	chr7R	SRR33298460.484040	1	1	E-chr7R-1	E-chr16L-1	chr16L	14027	20677	20913	end
6991_day0_TeloTag	6991	chr7R	SRR33298460.127836	1	1	E-chr7R-1	E-chr16L-1	chr16L	14029	20674	20913	end
6991_day0_TeloTag	6991	chr7R	SRR33298460.381634	1	1	E-chr7R-1	E-chr16L-1	chr16L	14028	20677	20914	end
6991_day0_TeloTag	6991	chr7R	SRR33298460.31321	1	1	E-chr7R-1	E-chr16L-1	chr16L	14042	20700	20923	end
6991_day0_TeloTag	6991	chr7R	SRR33298460.250926	1	1	E-chr7R-1	E-chr16L-1	chr16L	14030	20670	20908	end
6991_day0_TeloTag	6991	chr7R	SRR33298460.362789	1	1	E-chr7R-1	E-chr16L-1	chr16L	248	6891	20910	beginning
6991_day0_TeloTag	6991	chr7R	SRR33298460.401857	1	1	E-chr7R-1	E-chr16L-1	chr16L	229	6881	19892	beginning
6991_day0_TeloTag	6991	chr7R	SRR33298460.243808	1	1	E-chr7R-1	E-chr16L-1	chr16L	14001	20658	20888	end
6991_day0_TeloTag	6991	chr7R	SRR33298460.278161	1	1	E-chr7R-1	E-chr16L-1	chr16L	228	6887	20885	beginning
6991_day0_TeloTag	6991	chr7R	SRR33298460.486133	1	1	E-chr7R-1	E-chr16L-1	chr16L	247	6892	20898	beginning
6991_day0_TeloTag	6991	chr7R	SRR33298460.31151	1	1	E-chr7R-1	E-chr16L-1	chr16L	217	6865	20910	beginning
6991_day0_TeloTag	6991	chr7R	SRR33298460.258121	1	1	E-chr7R-1	E-chr16L-1	chr16L	14023	20677	20898	end
6991_day0_TeloTag	6991	chr7R	SRR33298460.327223	1	1	E-chr7R-1	E-chr16L-1	chr16L	246	6875	20437	beginning
6991_day0_TeloTag	6991	chr7R	SRR33298460.242636	1	1	E-chr7R-1	E-chr16L-1	chr16L	14031	20672	20899	end
6991_day0_TeloTag	6991	chr7R	SRR33298460.248060	1	1	E-chr7R-1	E-chr16L-1	chr16L	256	6887	20884	beginning
6991_day0_TeloTag	6991	chr7R	SRR33298460.523681	1	1	E-chr7R-1	E-chr16L-1	chr16L	226	6866	20901	beginning
6991_day0_TeloTag	6991	chr7R	SRR33298460.237865	1	1	E-chr7R-1	E-chr16L-1	chr16L	14026	20668	20901	end
6991_day0_TeloTag	6991	chr7R	SRR33298460.384091	1	1	E-chr7R-1	E-chr16L-1	chr16L	14038	20691	20892	end
6991_day0_TeloTag	6991	chr7R	SRR33298460.353017	1	1	E-chr7R-1	E-chr16L-1	chr16L	14045	20703	20900	end
6991_day0_TeloTag	6991	chr7R	SRR33298460.159618	1	1	E-chr7R-1	E-chr14L-1	chr14L	222	6877	20882	beginning
6991_day0_TeloTag	6991	chr7R	SRR33298460.152274	1	1	E-chr7R-1	E-chr16L-1	chr16L	270	6915	20873	beginning
6991_day0_TeloTag	6991	chr7R	SRR33298460.86429	1	1	E-chr7R-1	E-chr16L-1	chr16L	14026	20667	20884	end
6991_day0_TeloTag	6991	chr7R	SRR33298460.16606	1	1	E-chr7R-1	E-chr16L-1	chr16L	11777	18404	18657	end
6991_day0_TeloTag	6991	chr7R	SRR33298460.545273	1	1	E-chr7R-1	E-chr16L-1	chr16L	247	6893	20880	beginning
6991_day0_TeloTag	6991	chr7R	SRR33298460.446891	1	1	E-chr7R-1	E-chr16L-1	chr16L	14032	20668	20882	end
6991_day0_TeloTag	6991	chr7R	SRR33298460.223558	1	1	E-chr7R-1	E-chr16L-1	chr16L	14045	20705	20888	end
6991_day0_TeloTag	6991	chr7R	SRR33298460.298988	1	1	E-chr7R-1	E-chr16L-1	chr16L	214	6857	20868	beginning
6991_day0_TeloTag	6991	chr7R	SRR33298460.385973	1	1	E-chr7R-1	E-chr14L-1	chr14L	11742	18392	18579	end
6991_day0_TeloTag	6991	chr7R	SRR33298460.178241	1	1	E-chr7R-1	E-chr16L-1	chr16L	265	6850	20015	beginning
6991_day0_TeloTag	6991	chr7R	SRR33298460.335811	1	1	E-chr7R-1	E-chr16L-1	chr16L	13844	20493	20677	end
6991_day0_TeloTag	6991	chr7R	SRR33298460.462358	1	1	E-chr7R-1	E-chr16L-1	chr16L	317	6959	20862	beginning
6991_day0_TeloTag	6991	chr7R	SRR33298460.391662	1	1	E-chr7R-1	E-chr16L-1	chr16L	197	6848	20866	beginning
6991_day0_TeloTag	6991	chr7R	SRR33298460.50778	1	1	E-chr7R-1	E-chr16L-1	chr16L	14033	20683	20877	end
6991_day0_TeloTag	6991	chr7R	SRR33298460.188628	1	1	E-chr7R-1	E-chr16L-1	chr16L	202	6854	20862	beginning
6991_day0_TeloTag	6991	chr7R	SRR33298460.577898	1	1	E-chr7R-1	E-chr16L-1	chr16L	14034	20687	20872	end
6991_day0_TeloTag	6991	chr7R	SRR33298460.515027	1	1	E-chr7R-1	E-chr16L-1	chr16L	270	6915	20800	beginning
6991_day0_TeloTag	6991	chr7R	SRR33298460.251635	1	1	E-chr7R-1	E-chr16L-1	chr16L	222	6859	18753	beginning
6991_day0_TeloTag	6991	chr7R	SRR33298460.491728	1	1	E-chr7R-1	E-chr16L-1	chr16L	12753	19399	19578	end
6991_day0_TeloTag	6991	chr7R	SRR33298460.323953	1	1	E-chr7R-1	E-chr16L-1	chr16L	11828	18469	18658	end
6991_day0_TeloTag	6991	chr7R	SRR33298460.373899	1	1	E-chr7R-1	E-chr16L-1	chr16L	258	6913	20868	beginning
6991_day0_TeloTag	6991	chr7R	SRR33298460.421103	1	1	E-chr7R-1	E-chr16L-1	chr16L	195	6837	20860	beginning
6991_day0_TeloTag	6991	chr7R	SRR33298460.336416	1	1	E-chr7R-1	E-chr16L-1	chr16L	13999	20641	20862	end
6991_day0_TeloTag	6991	chr7R	SRR33298460.292556	1	1	E-chr7R-1	E-chr16L-1	chr16L	186	6839	20847	beginning
6991_day0_TeloTag	6991	chr7R	SRR33298460.94072	1	1	E-chr7R-1	E-chr16L-1	chr16L	14054	20697	20874	end
6991_day0_TeloTag	6991	chr7R	SRR33298460.292510	1	1	E-chr7R-1	E-chr16L-1	chr16L	237	6888	20859	beginning
6991_day0_TeloTag	6991	chr7R	SRR33298460.285650	1	1	E-chr7R-1	E-chr16L-1	chr16L	13389	20031	20306	end
6991_day0_TeloTag	6991	chr7R	SRR33298460.495157	1	1	E-chr7R-1	E-chr16L-1	chr16L	14022	20671	20850	end
6991_day0_TeloTag	6991	chr7R	SRR33298460.538217	1	1	E-chr7R-1	E-chr16L-1	chr16L	160	6815	20832	beginning
6991_day0_TeloTag	6991	chr7R	SRR33298460.128649	1	1	E-chr7R-1	E-chr5R-1	chr5R	252	6911	20835	beginning
6991_day0_TeloTag	6991	chr7R	SRR33298460.263601	1	1	E-chr7R-1	E-chr16L-1	chr16L	191	6824	20781	beginning
6991_day0_TeloTag	6991	chr7R	SRR33298460.484804	1	1	E-chr7R-1	E-chr16L-1	chr16L	14005	20623	20825	end
6991_day0_TeloTag	6991	chr7R	SRR33298460.328910	1	1	E-chr7R-1	E-chr16L-1	chr16L	11573	18213	18372	end
6991_day0_TeloTag	6991	chr7R	SRR33298460.349047	1	1	E-chr7R-1	E-chr16L-1	chr16L	166	6823	20852	beginning
6991_day0_TeloTag	6991	chr7R	SRR33298460.504542	1	1	E-chr7R-1	E-chr16L-1	chr16L	13946	20594	20760	end
6991_day0_TeloTag	6991	chr7R	SRR33298460.234618	1	1	E-chr7R-1	E-chr16L-1	chr16L	14037	20678	20834	end
6991_day0_TeloTag	6991	chr7R	SRR33298460.45564	1	1	E-chr7R-1	E-chr16L-1	chr16L	14004	20651	20843	end
6991_day0_TeloTag	6991	chr7R	SRR33298460.328632	1	1	E-chr7R-1	E-chr16L-1	chr16L	170	6800	20824	beginning
6991_day0_TeloTag	6991	chr7R	SRR33298460.149698	1	1	E-chr7R-1	E-chr16L-1	chr16L	14025	20658	20836	end
6991_day0_TeloTag	6991	chr7R	SRR33298460.502888	1	1	E-chr7R-1	E-chr16L-1	chr16L	140	6786	20790	beginning
6991_day0_TeloTag	6991	chr7R	SRR33298460.336656	1	1	E-chr7R-1	E-chr16L-1	chr16L	171	6812	18700	beginning
6991_day0_TeloTag	6991	chr7R	SRR33298460.350810	1	1	E-chr7R-1	E-chr16L-1	chr16L	168	6793	20827	beginning
6991_day0_TeloTag	6991	chr7R	SRR33298460.584526	1	1	E-chr7R-1	E-chr16L-1	chr16L	135	6789	18480	beginning
6991_day0_TeloTag	6991	chr7R	SRR33298460.482613	1	1	E-chr7R-1	E-chr16L-1	chr16L	153	6799	20825	beginning
6991_day0_TeloTag	6991	chr7R	SRR33298460.572696	1	1	E-chr7R-1	E-chr16L-1	chr16L	134	6791	19599	beginning
6991_day0_TeloTag	6991	chr7R	SRR33298460.64749	1	1	E-chr7R-1	E-chr16L-1	chr16L	176	6812	20818	beginning
6991_day0_TeloTag	6991	chr7R	SRR33298460.35186	1	1	E-chr7R-1	E-chr16L-1	chr16L	164	6804	20793	beginning
6991_day0_TeloTag	6991	chr7R	SRR33298460.460747	1	1	E-chr7R-1	E-chr14L-1	chr14L	122	6779	20807	beginning
6991_day0_TeloTag	6991	chr7R	SRR33298460.309387	1	1	E-chr7R-1	E-chr16L-1	chr16L	13701	20346	20583	end
6991_day0_TeloTag	6991	chr7R	SRR33298460.441772	1	1	E-chr7R-1	E-chr16L-1	chr16L	13825	20457	20638	end
6991_day0_TeloTag	6991	chr7R	SRR33298460.307566	1	1	E-chr7R-1	E-chr16L-1	chr16L	11587	18233	18366	end
6991_day0_TeloTag	6991	chr7R	SRR33298460.101681	1	1	E-chr7R-1	E-chr16L-1	chr16L	14038	20675	20815	end
6991_day0_TeloTag	6991	chr7R	SRR33298460.17840	1	1	E-chr7R-1	E-chr16L-1	chr16L	14033	20668	20813	end
6991_day0_TeloTag	6991	chr7R	SRR33298460.95174	1	1	E-chr7R-1	E-chr16L-1	chr16L	13754	20404	20515	end
6991_day0_TeloTag	6991	chr7R	SRR33298460.88103	1	1	E-chr7R-1	E-chr16L-1	chr16L	123	6767	18650	beginning
6991_day0_TeloTag	6991	chr7R	SRR33298460.300113	1	1	E-chr7R-1	E-chr16L-1	chr16L	13969	20591	20800	end
6991_day0_TeloTag	6991	chr7R	SRR33298460.224888	1	1	E-chr7R-1	E-chr16L-1	chr16L	13928	20565	20765	end
6991_day0_TeloTag	6991	chr7R	SRR33298460.368863	1	1	E-chr7R-1	E-chr16L-1	chr16L	109	6754	20789	beginning
6991_day0_TeloTag	6991	chr7R	SRR33298460.373433	1	1	E-chr7R-1	E-chr16L-1	chr16L	13980	20620	20770	end
6991_day0_TeloTag	6991	chr7R	SRR33298460.144510	1	1	E-chr7R-1	E-chr16L-1	chr16L	14019	20656	20784	end
6991_day0_TeloTag	6991	chr7R	SRR33298460.549981	1	1	E-chr7R-1	E-chr16L-1	chr16L	182	6755	20778	beginning
6991_day0_TeloTag	6991	chr7R	SRR33298460.420904	1	1	E-chr7R-1	E-chr16L-1	chr16L	118	6761	20783	beginning
6991_day0_TeloTag	6991	chr7R	SRR33298460.102819	1	1	E-chr7R-1	E-chr16L-1	chr16L	14006	20659	20746	end
6991_day0_TeloTag	6991	chr7R	SRR33298460.574386	1	1	E-chr7R-1	E-chr16L-1	chr16L	13976	20572	20721	end
6991_day0_TeloTag	6991	chr7R	SRR33298460.496426	1	1	E-chr7R-1	E-chr16L-1	chr16L	119	6761	20765	beginning
6991_day0_TeloTag	6991	chr7R	SRR33298460.1106	1	1	E-chr7R-1	E-chr16L-1	chr16L	14005	20652	20754	end
6991_day0_TeloTag	6991	chr7R	SRR33298460.86143	1	1	E-chr7R-1	E-chr16L-1	chr16L	269	6702	20749	beginning
6991_day0_TeloTag	6991	chr7R	SRR33298460.15727	1	1	E-chr7R-1	E-chr16L-1	chr16L	14036	20657	20739	end
6991_day0_TeloTag	6991	chr7R	SRR33298460.418939	1	1	E-chr7R-1	E-chr16L-1	chr16L	12557	18974	19261	end
6991_day0_TeloTag	6991	chr7R	SRR33298460.289580	1	1	E-chr7R-1	E-chr16L-1	chr16L	13941	20599	20734	end
6991_day0_TeloTag	6991	chr7R	SRR33298460.416207	1	1	E-chr7R-1	E-chr16L-1	chr16L	13799	20413	20510	end
6991_day0_TeloTag	6991	chr7R	SRR33298460.579840	1	1	E-chr7R-1	E-chr16L-1	chr16L	13964	20572	20688	end
6991_day0_TeloTag	6991	chr7R	SRR33298460.296738	1	1	E-chr7R-1	E-chr16L-1	chr16L	11597	18052	18272	end
6991_day0_TeloTag	6991	chr7R	SRR33298460.562121	1	1	E-chr7R-1	E-chr16L-1	chr16L	13641	20288	20385	end
6991_day0_TeloTag	6991	chr7R	SRR33298460.506739	1	1	E-chr7R-1	E-chr16L-1	chr16L	205	6648	20652	beginning
6991_day0_TeloTag	6991	chr7R	SRR33298460.575905	1	1	E-chr7R-1	E-chr16L-1	chr16L	218	6868	20648	beginning
6991_day0_TeloTag	6991	chr7R	SRR33298460.219258	1	1	E-chr7R-1	E-chr16L-1	chr16L	13727	20355	20607	end
6991_day0_TeloTag	6991	chr7R	SRR33298460.536019	1	1	E-chr7R-1	E-chr14L-1	chr14L	13890	20429	20576	end
6991_day0_TeloTag	6991	chr7R	SRR33298460.155118	1	1	E-chr7R-1	E-chr16L-1	chr16L	14016	20387	20599	end
6991_day0_TeloTag	6991	chr7R	SRR33298460.223445	1	1	E-chr7R-1	E-chr16L-1	chr16L	12911	19555	19703	end
6991_day0_TeloTag	6991	chr7R	SRR33298460.158855	1	1	E-chr7R-1	E-chr16L-1	chr16L	13957	19174	20188	end
6991_day0_TeloTag	6991	chr7R	SRR33298460.276928	1	1	E-chr7R-1	E-chr14L-1	chr14L	116	6035	20033	beginning
6991_day0_TeloTag	6991	chr7R	SRR33298460.520414	1	1	E-chr7R-1	E-chr16L-1	chr16L	14043	19837	19910	end
6991_day0_TeloTag	6991	chr7R	SRR33298460.381331	1	1	E-chr7R-1	E-chr14L-1	chr14L	167	5843	19871	beginning
6991_day0_TeloTag	6991	chr7R	SRR33298460.594496	1	1	E-chr7R-1	E-chr16L-1	chr16L	165	6274	19848	beginning
6991_day0_TeloTag	6991	chr7R	SRR33298460.460546	1	1	E-chr7R-1	E-chr16L-1	chr16L	254	6900	19837	beginning
6991_day0_TeloTag	6991	chr7R	SRR33298460.63811	1	1	E-chr7R-1	E-chr16L-1	chr16L	301	6933	19737	beginning
6991_day0_TeloTag	6991	chr7R	SRR33298460.280526	1	1	E-chr7R-1	E-chr16L-1	chr16L	176	6798	19131	beginning
6991_day0_TeloTag	6991	chr7R	SRR33298460.549517	1	1	E-chr7R-1	E-chr16L-1	chr16L	11222	17839	18038	end
6991_day0_TeloTag	6991	chr7R	SRR33298460.68600	1	1	E-chr7R-1	E-chr16L-1	chr16L	14012	19409	19514	end
6991_day0_TeloTag	6991	chr7R	SRR33298460.334817	1	1	E-chr7R-1	E-chr16L-1	chr16L	13574	18713	18889	end
6991_day0_TeloTag	6991	chr7R	SRR33298460.494636	1	1	E-chr7R-1	E-chr14L-1	chr14L	14029	19168	19327	end
6991_day0_TeloTag	6991	chr7R	SRR33298460.340314	1	1	E-chr7R-1	E-chr14L-1	chr14L	13317	19223	19274	end
6991_day0_TeloTag	6991	chr7R	SRR33298460.87986	1	1	E-chr7R-1	E-chr16L-1	chr16L	13218	18804	18845	end
6991_day0_TeloTag	6991	chr7R	SRR33298460.591686	1	1	E-chr7R-1	E-chr16L-1	chr16L	13772	18641	18723	end
6991_day0_TeloTag	6991	chr7R	SRR33298460.536627	1	1	E-chr7R-1	E-chr16L-1	chr16L	13557	18407	18482	end
6991_day0_TeloTag	6991	chr7R	SRR33298460.586985	1	1	E-chr7R-1	E-chr16L-1	chr16L	136	4905	18521	beginning
6991_day0_TeloTag	6991	chr7R	SRR33298460.125264	1	1	E-chr7R-1	E-chr16L-1	chr16L	118	5139	18452	beginning
6991_day0_TeloTag	6991	chr7R	SRR33298460.357184	1	1	E-chr7R-1	E-chr16L-1	chr16L	13194	17967	18079	end
6991_day0_TeloTag	6991	chr7R	SRR33298460.230998	1	1	E-chr7R-1	E-chr16L-1	chr16L	12552	17653	17865	end
6991_day0_TeloTag	6991	chr7R	SRR33298460.13625	1	1	E-chr7R-1	E-chr16L-1	chr16L	138	5133	15685	beginning
6991_day0_TeloTag	6991	chr7R	SRR33298460.284359	1	1	E-chr7R-1	E-chr16L-1	chr16L	167	6221	17752	beginning
6991_day0_TeloTag	6991	chr7R	SRR33298460.267463	1	1	E-chr7R-1	E-chr16L-1	chr16L	11913	16689	16814	end
6991_day0_TeloTag	6991	chr7R	SRR33298460.309102	1	1	E-chr7R-1	E-chr16L-1	chr16L	220	5256	17657	beginning
6991_day0_TeloTag	6991	chr7R	SRR33298460.309748	1	1	E-chr7R-1	E-chr16L-1	chr16L	153	4984	17388	beginning
6991_day0_TeloTag	6991	chr7R	SRR33298460.322051	1	1	E-chr7R-1	E-chr16L-1	chr16L	247	5492	17535	beginning
6991_day0_TeloTag	6991	chr7R	SRR33298460.415180	1	1	E-chr7R-1	E-chr16L-1	chr16L	11686	16640	16767	end
6991_day0_TeloTag	6991	chr7R	SRR33298460.83528	1	1	E-chr7R-1	E-chr16L-1	chr16L	12328	17270	17405	end
6991_day0_TeloTag	6991	chr7R	SRR33298460.239257	1	1	E-chr7R-1	E-chr16L-1	chr16L	147	4949	17381	beginning
6991_day0_TeloTag	6991	chr7R	SRR33298460.131729	1	1	E-chr7R-1	E-chr16L-1	chr16L	12604	16721	17285	end
6991_day0_TeloTag	6991	chr7R	SRR33298460.315215	1	1	E-chr7R-1	E-chr16L-1	chr16L	103	5235	17169	beginning
6991_day0_TeloTag	6991	chr7R	SRR33298460.429103	1	1	E-chr7R-1	E-chr16L-1	chr16L	12065	17002	17116	end
6991_day0_TeloTag_with_selection	6991	chr12R	SRR33298434.136297	2	7	E-chr12R-2	E-chr4R-7	chr4R	312	47709	58711	beginning
6991_day0_TeloTag_with_selection	6991	chr12R	SRR33298434.136297	3	7	E-chr12R-3	E-chr4R-7	chr4R	312	47709	58711	beginning
6991_day0_TeloTag_with_selection	6991	chr12R	SRR33298434.136297	4	7	E-chr12R-4	E-chr4R-7	chr4R	312	47709	58711	beginning
6991_day0_TeloTag_with_selection	6991	chr12R	SRR33298434.136297	5	7	E-chr12R-5	E-chr4R-7	chr4R	312	47709	58711	beginning
6991_day0_TeloTag_with_selection	6991	chr12R	SRR33298434.136297	6	7	E-chr12R-6	E-chr4R-7	chr4R	312	47709	58711	beginning
6991_day0_TeloTag_with_selection	6991	chr12R	SRR33298434.136297	7	7	E-chr12R-7	E-chr4R-7	chr4R	312	47709	58711	beginning
6991_day0_TeloTag_with_selection	6991	chr12R	SRR33298434.538657	2	7	E-chr12R-2	E-chr4R-7	chr4R	221	47639	58657	beginning
6991_day0_TeloTag_with_selection	6991	chr12R	SRR33298434.538657	3	7	E-chr12R-3	E-chr4R-7	chr4R	221	47639	58657	beginning
6991_day0_TeloTag_with_selection	6991	chr12R	SRR33298434.538657	4	7	E-chr12R-4	E-chr4R-7	chr4R	221	47639	58657	beginning
6991_day0_TeloTag_with_selection	6991	chr12R	SRR33298434.538657	5	7	E-chr12R-5	E-chr4R-7	chr4R	221	47639	58657	beginning
6991_day0_TeloTag_with_selection	6991	chr12R	SRR33298434.538657	6	7	E-chr12R-6	E-chr4R-7	chr4R	221	47639	58657	beginning
6991_day0_TeloTag_with_selection	6991	chr12R	SRR33298434.538657	7	7	E-chr12R-7	E-chr4R-7	chr4R	221	47639	58657	beginning
6991_day0_TeloTag_with_selection	6991	chr12R	SRR33298434.395524	2	7	E-chr12R-2	E-chr4R-7	chr4R	203	47616	58615	beginning
6991_day0_TeloTag_with_selection	6991	chr12R	SRR33298434.395524	3	7	E-chr12R-3	E-chr4R-7	chr4R	203	47616	58615	beginning
6991_day0_TeloTag_with_selection	6991	chr12R	SRR33298434.395524	4	7	E-chr12R-4	E-chr4R-7	chr4R	203	47616	58615	beginning
6991_day0_TeloTag_with_selection	6991	chr12R	SRR33298434.395524	5	7	E-chr12R-5	E-chr4R-7	chr4R	203	47616	58615	beginning
6991_day0_TeloTag_with_selection	6991	chr12R	SRR33298434.395524	6	7	E-chr12R-6	E-chr4R-7	chr4R	203	47616	58615	beginning
6991_day0_TeloTag_with_selection	6991	chr12R	SRR33298434.395524	7	7	E-chr12R-7	E-chr4R-7	chr4R	203	47616	58615	beginning
6991_day0_TeloTag_with_selection	6991	chr12R	SRR33298434.425419	2	7	E-chr12R-2	E-chr4R-7	chr4R	171	47585	58577	beginning
6991_day0_TeloTag_with_selection	6991	chr12R	SRR33298434.425419	3	7	E-chr12R-3	E-chr4R-5	chr4R	171	47585	58577	beginning
6991_day0_TeloTag_with_selection	6991	chr12R	SRR33298434.425419	4	7	E-chr12R-4	E-chr4R-7	chr4R	171	47585	58577	beginning
6991_day0_TeloTag_with_selection	6991	chr12R	SRR33298434.425419	5	7	E-chr12R-5	E-chr4R-7	chr4R	171	47585	58577	beginning
6991_day0_TeloTag_with_selection	6991	chr12R	SRR33298434.425419	6	7	E-chr12R-6	E-chr4R-7	chr4R	171	47585	58577	beginning
6991_day0_TeloTag_with_selection	6991	chr12R	SRR33298434.425419	7	7	E-chr12R-7	E-chr4R-7	chr4R	171	47585	58577	beginning
6991_day0_TeloTag_with_selection	6991	chr12R	SRR33298434.240012	2	7	E-chr12R-2	E-chr4R-7	chr4R	235	47556	58578	beginning
6991_day0_TeloTag_with_selection	6991	chr12R	SRR33298434.240012	3	7	E-chr12R-3	E-chr4R-7	chr4R	235	47556	58578	beginning
6991_day0_TeloTag_with_selection	6991	chr12R	SRR33298434.240012	4	7	E-chr12R-4	E-chr4R-7	chr4R	235	47556	58578	beginning
6991_day0_TeloTag_with_selection	6991	chr12R	SRR33298434.240012	5	7	E-chr12R-5	E-chr4R-7	chr4R	235	47556	58578	beginning
6991_day0_TeloTag_with_selection	6991	chr12R	SRR33298434.240012	6	7	E-chr12R-6	E-chr4R-7	chr4R	235	47556	58578	beginning
6991_day0_TeloTag_with_selection	6991	chr12R	SRR33298434.240012	7	7	E-chr12R-7	E-chr4R-7	chr4R	235	47556	58578	beginning
6991_day0_TeloTag_with_selection	6991	chr12R	SRR33298434.2415	2	7	E-chr12R-2	E-chr4R-7	chr4R	140	47561	58564	beginning
6991_day0_TeloTag_with_selection	6991	chr12R	SRR33298434.2415	3	7	E-chr12R-3	E-chr4R-7	chr4R	140	47561	58564	beginning
6991_day0_TeloTag_with_selection	6991	chr12R	SRR33298434.2415	4	7	E-chr12R-4	E-chr4R-7	chr4R	140	47561	58564	beginning
6991_day0_TeloTag_with_selection	6991	chr12R	SRR33298434.2415	5	7	E-chr12R-5	E-chr4R-7	chr4R	140	47561	58564	beginning
6991_day0_TeloTag_with_selection	6991	chr12R	SRR33298434.2415	6	7	E-chr12R-6	E-chr4R-7	chr4R	140	47561	58564	beginning
6991_day0_TeloTag_with_selection	6991	chr12R	SRR33298434.2415	7	7	E-chr12R-7	E-chr14L-2	chr14L	140	47561	58564	beginning
6991_day0_TeloTag_with_selection	6991	chr12R	SRR33298434.453565	2	7	E-chr12R-2	E-chr4R-7	chr4R	147	47562	58548	beginning
6991_day0_TeloTag_with_selection	6991	chr12R	SRR33298434.453565	3	7	E-chr12R-3	E-chr4R-7	chr4R	147	47562	58548	beginning
6991_day0_TeloTag_with_selection	6991	chr12R	SRR33298434.453565	4	7	E-chr12R-4	E-chr4R-7	chr4R	147	47562	58548	beginning
6991_day0_TeloTag_with_selection	6991	chr12R	SRR33298434.453565	5	7	E-chr12R-5	E-chr14L-2	chr14L	147	47562	58548	beginning
6991_day0_TeloTag_with_selection	6991	chr12R	SRR33298434.453565	6	7	E-chr12R-6	E-chr4R-7	chr4R	147	47562	58548	beginning
6991_day0_TeloTag_with_selection	6991	chr12R	SRR33298434.453565	7	7	E-chr12R-7	E-chr4R-7	chr4R	147	47562	58548	beginning
6991_day0_TeloTag_with_selection	6991	chr12R	SRR33298434.6366	2	7	E-chr12R-2	E-chr14L-2	chr14L	10858	58181	58330	end
6991_day0_TeloTag_with_selection	6991	chr12R	SRR33298434.6366	3	7	E-chr12R-3	E-chr14L-2	chr14L	10858	58181	58330	end
6991_day0_TeloTag_with_selection	6991	chr12R	SRR33298434.6366	4	7	E-chr12R-4	E-chr14L-2	chr14L	10858	58181	58330	end
6991_day0_TeloTag_with_selection	6991	chr12R	SRR33298434.6366	5	7	E-chr12R-5	E-chr14L-2	chr14L	10858	58181	58330	end
6991_day0_TeloTag_with_selection	6991	chr12R	SRR33298434.6366	6	7	E-chr12R-6	E-chr14L-2	chr14L	10858	58181	58330	end
6991_day0_TeloTag_with_selection	6991	chr12R	SRR33298434.6366	7	7	E-chr12R-7	E-chr4R-7	chr4R	10858	58181	58330	end
6991_day0_TeloTag_with_selection	6991	chr12R	SRR33298434.152021	2	7	E-chr12R-2	E-chr14L-2	chr14L	11029	58295	58455	end
6991_day0_TeloTag_with_selection	6991	chr12R	SRR33298434.152021	3	7	E-chr12R-3	E-chr14L-2	chr14L	11029	58295	58455	end
6991_day0_TeloTag_with_selection	6991	chr12R	SRR33298434.152021	4	7	E-chr12R-4	E-chr14L-2	chr14L	11029	58295	58455	end
6991_day0_TeloTag_with_selection	6991	chr12R	SRR33298434.152021	5	7	E-chr12R-5	E-chr14L-2	chr14L	11029	58295	58455	end
6991_day0_TeloTag_with_selection	6991	chr12R	SRR33298434.152021	6	7	E-chr12R-6	E-chr14L-2	chr14L	11029	58295	58455	end
6991_day0_TeloTag_with_selection	6991	chr12R	SRR33298434.152021	7	7	E-chr12R-7	E-chr14L-2	chr14L	11029	58295	58455	end
6991_day0_TeloTag_with_selection	6991	chr12R	SRR33298434.177687	2	7	E-chr12R-2	E-chr14L-2	chr14L	10566	57908	57963	end
6991_day0_TeloTag_with_selection	6991	chr12R	SRR33298434.177687	3	7	E-chr12R-3	E-chr14L-2	chr14L	10566	57908	57963	end
6991_day0_TeloTag_with_selection	6991	chr12R	SRR33298434.177687	4	7	E-chr12R-4	E-chr14L-2	chr14L	10566	57908	57963	end
6991_day0_TeloTag_with_selection	6991	chr12R	SRR33298434.177687	5	7	E-chr12R-5	E-chr14L-2	chr14L	10566	57908	57963	end
6991_day0_TeloTag_with_selection	6991	chr12R	SRR33298434.177687	6	7	E-chr12R-6	E-chr14L-2	chr14L	10566	57908	57963	end
6991_day0_TeloTag_with_selection	6991	chr12R	SRR33298434.177687	7	7	E-chr12R-7	E-chr4R-7	chr4R	10566	57908	57963	end
6991_day0_TeloTag_with_selection	6991	chr12R	SRR33298434.86986	2	7	E-chr12R-2	E-chr14L-2	chr14L	10974	58254	58415	end
6991_day0_TeloTag_with_selection	6991	chr12R	SRR33298434.86986	3	7	E-chr12R-3	E-chr14L-2	chr14L	10974	58254	58415	end
6991_day0_TeloTag_with_selection	6991	chr12R	SRR33298434.86986	4	7	E-chr12R-4	E-chr14L-2	chr14L	10974	58254	58415	end
6991_day0_TeloTag_with_selection	6991	chr12R	SRR33298434.86986	5	7	E-chr12R-5	E-chr14L-2	chr14L	10974	58254	58415	end
6991_day0_TeloTag_with_selection	6991	chr12R	SRR33298434.86986	6	7	E-chr12R-6	E-chr14L-2	chr14L	10974	58254	58415	end
6991_day0_TeloTag_with_selection	6991	chr12R	SRR33298434.86986	7	7	E-chr12R-7	E-chr14L-2	chr14L	10974	58254	58415	end
6991_day0_TeloTag_with_selection	6991	chr12R	SRR33298434.8091	2	7	E-chr12R-2	E-chr4R-7	chr4R	161	47301	58299	beginning
6991_day0_TeloTag_with_selection	6991	chr12R	SRR33298434.8091	3	7	E-chr12R-3	E-chr4R-7	chr4R	161	47301	58299	beginning
6991_day0_TeloTag_with_selection	6991	chr12R	SRR33298434.8091	4	7	E-chr12R-4	E-chr4R-7	chr4R	161	47301	58299	beginning
6991_day0_TeloTag_with_selection	6991	chr12R	SRR33298434.8091	5	7	E-chr12R-5	E-chr4R-7	chr4R	161	47301	58299	beginning
6991_day0_TeloTag_with_selection	6991	chr12R	SRR33298434.8091	6	7	E-chr12R-6	E-chr4R-7	chr4R	161	47301	58299	beginning
6991_day0_TeloTag_with_selection	6991	chr12R	SRR33298434.8091	7	7	E-chr12R-7	E-chr4R-7	chr4R	161	47301	58299	beginning
6991_day0_TeloTag_with_selection	6991	chr12R	SRR33298434.426465	2	7	E-chr12R-2	E-chr4R-7	chr4R	210	47251	58255	beginning
6991_day0_TeloTag_with_selection	6991	chr12R	SRR33298434.426465	3	7	E-chr12R-3	E-chr4R-7	chr4R	210	47251	58255	beginning
6991_day0_TeloTag_with_selection	6991	chr12R	SRR33298434.426465	4	7	E-chr12R-4	E-chr4R-7	chr4R	210	47251	58255	beginning
6991_day0_TeloTag_with_selection	6991	chr12R	SRR33298434.426465	5	7	E-chr12R-5	E-chr4R-7	chr4R	210	47251	58255	beginning
6991_day0_TeloTag_with_selection	6991	chr12R	SRR33298434.426465	6	7	E-chr12R-6	E-chr4R-7	chr4R	210	47251	58255	beginning
6991_day0_TeloTag_with_selection	6991	chr12R	SRR33298434.426465	7	7	E-chr12R-7	E-chr4R-7	chr4R	210	47251	58255	beginning
6991_day0_TeloTag_with_selection	6991	chr12R	SRR33298434.45549	2	7	E-chr12R-2	E-chr14L-2	chr14L	9831	56721	56865	end
6991_day0_TeloTag_with_selection	6991	chr12R	SRR33298434.45549	3	7	E-chr12R-3	E-chr14L-2	chr14L	9831	56721	56865	end
6991_day0_TeloTag_with_selection	6991	chr12R	SRR33298434.45549	4	7	E-chr12R-4	E-chr14L-2	chr14L	9831	56721	56865	end
6991_day0_TeloTag_with_selection	6991	chr12R	SRR33298434.45549	5	7	E-chr12R-5	E-chr4R-5	chr4R	9831	56721	56865	end
6991_day0_TeloTag_with_selection	6991	chr12R	SRR33298434.45549	6	7	E-chr12R-6	E-chr14L-2	chr14L	9831	56721	56865	end
6991_day0_TeloTag_with_selection	6991	chr12R	SRR33298434.45549	7	7	E-chr12R-7	E-chr14L-2	chr14L	9831	56721	56865	end
6991_day0_TeloTag_with_selection	6991	chr12R	SRR33298434.242820	2	7	E-chr12R-2	E-chr15R-1	chr15R	10995	56756	56833	end
6991_day0_TeloTag_with_selection	6991	chr12R	SRR33298434.242820	3	7	E-chr12R-3	E-chr4R-7	chr4R	10995	56756	56833	end
6991_day0_TeloTag_with_selection	6991	chr12R	SRR33298434.242820	4	7	E-chr12R-4	E-chr4R-7	chr4R	10995	56756	56833	end
6991_day0_TeloTag_with_selection	6991	chr12R	SRR33298434.242820	5	7	E-chr12R-5	E-chr4R-7	chr4R	10995	56756	56833	end
6991_day0_TeloTag_with_selection	6991	chr12R	SRR33298434.242820	6	7	E-chr12R-6	E-chr4R-7	chr4R	10995	56756	56833	end
6991_day0_TeloTag_with_selection	6991	chr12R	SRR33298434.242820	7	7	E-chr12R-7	E-chr4R-7	chr4R	10995	56756	56833	end
6991_day0_TeloTag_with_selection	6991	chr12R	SRR33298434.6097	2	7	E-chr12R-2	E-chr14L-2	chr14L	11024	56255	56387	end
6991_day0_TeloTag_with_selection	6991	chr12R	SRR33298434.6097	3	7	E-chr12R-3	E-chr14L-2	chr14L	11024	56255	56387	end
6991_day0_TeloTag_with_selection	6991	chr12R	SRR33298434.6097	4	7	E-chr12R-4	E-chr14L-2	chr14L	11024	56255	56387	end
6991_day0_TeloTag_with_selection	6991	chr12R	SRR33298434.6097	5	7	E-chr12R-5	E-chr14L-2	chr14L	11024	56255	56387	end
6991_day0_TeloTag_with_selection	6991	chr12R	SRR33298434.6097	6	7	E-chr12R-6	E-chr14L-2	chr14L	11024	56255	56387	end
6991_day0_TeloTag_with_selection	6991	chr12R	SRR33298434.6097	7	7	E-chr12R-7	E-chr4R-7	chr4R	11024	56255	56387	end
6991_day0_TeloTag_with_selection	6991	chr12R	SRR33298434.340016	2	7	E-chr12R-2	E-chr14L-2	chr14L	252	39189	50187	beginning
6991_day0_TeloTag_with_selection	6991	chr12R	SRR33298434.340016	3	7	E-chr12R-3	E-chr14L-2	chr14L	252	39189	50187	beginning
6991_day0_TeloTag_with_selection	6991	chr12R	SRR33298434.340016	4	7	E-chr12R-4	E-chr4R-7	chr4R	252	39189	50187	beginning
6991_day0_TeloTag_with_selection	6991	chr12R	SRR33298434.340016	5	7	E-chr12R-5	E-chr15R-1	chr15R	252	39189	50187	beginning
6991_day0_TeloTag_with_selection	6991	chr12R	SRR33298434.340016	6	7	E-chr12R-6	E-chr4R-7	chr4R	252	39189	50187	beginning
6991_day0_TeloTag_with_selection	6991	chr12R	SRR33298434.340016	7	7	E-chr12R-7	E-chr4R-7	chr4R	252	39189	50187	beginning
6991_day0_TeloTag_with_selection	6991	chr13L	SRR33298434.76895	1	1	E-chr13L-1	E-chr15R-1	chr15R	201	6825	17040	beginning
6991_day0_TeloTag_with_selection	6991	chr13L	SRR33298434.167135	1	1	E-chr13L-1	E-chr14L-3	chr14L	136	5602	15894	beginning
6991_day0_TeloTag_with_selection	6991	chr14L	SRR33298434.359614	2	5	E-chr14L-2	E-chr4R-7	chr4R	256	30749	44411	beginning
6991_day0_TeloTag_with_selection	6991	chr14L	SRR33298434.529641	2	5	E-chr14L-2	E-chr4R-7	chr4R	284	30719	46056	beginning
6991_day0_TeloTag_with_selection	6991	chr14L	SRR33298434.256295	2	5	E-chr14L-2	E-chr4R-7	chr4R	208	30648	46001	beginning
6991_day0_TeloTag_with_selection	6991	chr14L	SRR33298434.285267	2	5	E-chr14L-2	E-chr4R-7	chr4R	212	30651	45973	beginning
6991_day0_TeloTag_with_selection	6991	chr14L	SRR33298434.83117	2	5	E-chr14L-2	E-chr4R-7	chr4R	221	30625	45726	beginning
6991_day0_TeloTag_with_selection	6991	chr14L	SRR33298434.177863	2	5	E-chr14L-2	E-chr4R-7	chr4R	238	30621	45946	beginning
6991_day0_TeloTag_with_selection	6991	chr14L	SRR33298434.548837	2	5	E-chr14L-2	E-chr4R-7	chr4R	15312	45742	45948	end
6991_day0_TeloTag_with_selection	6991	chr14L	SRR33298434.215855	2	5	E-chr14L-2	E-chr4R-7	chr4R	209	30623	44586	beginning
6991_day0_TeloTag_with_selection	6991	chr14L	SRR33298434.258371	2	5	E-chr14L-2	E-chr4R-7	chr4R	160	30616	45925	beginning
6991_day0_TeloTag_with_selection	6991	chr14L	SRR33298434.9116	2	5	E-chr14L-2	E-chr4R-7	chr4R	171	30613	45944	beginning
6991_day0_TeloTag_with_selection	6991	chr14L	SRR33298434.103163	2	5	E-chr14L-2	E-chr4R-7	chr4R	191	30618	45945	beginning
6991_day0_TeloTag_with_selection	6991	chr14L	SRR33298434.405642	2	5	E-chr14L-2	E-chr4R-7	chr4R	158	30611	45919	beginning
6991_day0_TeloTag_with_selection	6991	chr14L	SRR33298434.351301	2	5	E-chr14L-2	E-chr4R-7	chr4R	160	30594	45926	beginning
6991_day0_TeloTag_with_selection	6991	chr14L	SRR33298434.360427	2	5	E-chr14L-2	E-chr4R-7	chr4R	162	30575	45923	beginning
6991_day0_TeloTag_with_selection	6991	chr14L	SRR33298434.530286	2	5	E-chr14L-2	E-chr4R-7	chr4R	195	30621	45909	beginning
6991_day0_TeloTag_with_selection	6991	chr14L	SRR33298434.194091	2	5	E-chr14L-2	E-chr4R-7	chr4R	162	30579	45917	beginning
6991_day0_TeloTag_with_selection	6991	chr14L	SRR33298434.202114	2	5	E-chr14L-2	E-chr4R-7	chr4R	114	30565	45874	beginning
6991_day0_TeloTag_with_selection	6991	chr14L	SRR33298434.2424	2	5	E-chr14L-2	E-chr4R-7	chr4R	176	30562	45050	beginning
6991_day0_TeloTag_with_selection	6991	chr14L	SRR33298434.10035	2	5	E-chr14L-2	E-chr4R-7	chr4R	121	30538	45869	beginning
6991_day0_TeloTag_with_selection	6991	chr14L	SRR33298434.389759	2	5	E-chr14L-2	E-chr4R-7	chr4R	113	30523	45869	beginning
6991_day0_TeloTag_with_selection	6991	chr14L	SRR33298434.241173	2	5	E-chr14L-2	E-chr4R-7	chr4R	207	30556	45849	beginning
6991_day0_TeloTag_with_selection	6991	chr14L	SRR33298434.302962	2	5	E-chr14L-2	E-chr4R-7	chr4R	191	30546	45714	beginning
6991_day0_TeloTag_with_selection	6991	chr14L	SRR33298434.203332	2	5	E-chr14L-2	E-chr4R-7	chr4R	284	30570	44088	beginning
6991_day0_TeloTag_with_selection	6991	chr14L	SRR33298434.14541	2	5	E-chr14L-2	E-chr4R-7	chr4R	108	30489	45766	beginning
6991_day0_TeloTag_with_selection	6991	chr14L	SRR33298434.530414	1	5	E-chr14L-1	E-chr12R-1	chr12R	183	30410	45688	beginning
6991_day0_TeloTag_with_selection	6991	chr14L	SRR33298434.530414	2	5	E-chr14L-2	E-chr4R-7	chr4R	183	30410	45688	beginning
6991_day0_TeloTag_with_selection	6991	chr14L	SRR33298434.283546	2	5	E-chr14L-2	E-chr4R-7	chr4R	105	30275	45607	beginning
6991_day0_TeloTag_with_selection	6991	chr14L	SRR33298434.114075	2	5	E-chr14L-2	E-chr4R-7	chr4R	320	30759	45482	beginning
6991_day0_TeloTag_with_selection	6991	chr14L	SRR33298434.222360	2	5	E-chr14L-2	E-chr4R-7	chr4R	204	30200	45520	beginning
6991_day0_TeloTag_with_selection	6991	chr14L	SRR33298434.253300	2	5	E-chr14L-2	E-chr4R-7	chr4R	254	30699	44436	beginning
6991_day0_TeloTag_with_selection	6991	chr16L	SRR33298434.176687	1	1	E-chr16L-1	E-chr7R-1	chr7R	296	6943	26063	beginning
6991_day0_TeloTag_with_selection	6991	chr16L	SRR33298434.541049	1	1	E-chr16L-1	E-chr15R-1	chr15R	19101	25746	25901	end
6991_day0_TeloTag_with_selection	6991	chr16L	SRR33298434.241898	1	1	E-chr16L-1	E-chr7R-1	chr7R	163	6793	25851	beginning
6991_day0_TeloTag_with_selection	6991	chr16L	SRR33298434.79614	1	1	E-chr16L-1	E-chr12R-1	chr12R	19124	25505	25779	end
6991_day0_TeloTag_with_selection	6991	chr16L	SRR33298434.379883	1	1	E-chr16L-1	E-chr7R-1	chr7R	171	6770	25678	beginning
6991_day0_TeloTag_with_selection	6991	chr16L	SRR33298434.456151	1	1	E-chr16L-1	E-chr7R-1	chr7R	123	5474	24425	beginning
6991_day0_TeloTag_with_selection	6991	chr16L	SRR33298434.438471	1	1	E-chr16L-1	E-chr7R-1	chr7R	103	4895	19490	beginning
6991_day0_TeloTag_with_selection	6991	chr16R	SRR33298434.378016	1	1	E-chr16R-1	E-chr14L-5	chr14L	140	5338	11671	beginning
6991_day0_TeloTag_with_selection	6991	chr16R	SRR33298434.64148	1	1	E-chr16R-1	E-chr14L-3	chr14L	5247	10427	10556	end
6991_day0_TeloTag_with_selection	6991	chr2L	SRR33298434.94939	1	1	E-chr2L-1	E-chr16L-1	chr16L	122	6710	16516	beginning
6991_day0_TeloTag_with_selection	6991	chr4R	SRR33298434.361799	1	7	E-chr4R-1	E-chr14L-2	chr14L	7630	54566	54864	end
6991_day0_TeloTag_with_selection	6991	chr4R	SRR33298434.361799	2	7	E-chr4R-2	E-chr14L-2	chr14L	7630	54566	54864	end
6991_day0_TeloTag_with_selection	6991	chr4R	SRR33298434.361799	3	7	E-chr4R-3	E-chr14L-2	chr14L	7630	54566	54864	end
6991_day0_TeloTag_with_selection	6991	chr4R	SRR33298434.361799	4	7	E-chr4R-4	E-chr14L-2	chr14L	7630	54566	54864	end
6991_day0_TeloTag_with_selection	6991	chr4R	SRR33298434.361799	6	7	E-chr4R-6	E-chr14L-2	chr14L	7630	54566	54864	end
6991_day0_TeloTag_with_selection	6991	chr4R	SRR33298434.361799	7	7	E-chr4R-7	E-chr14L-2	chr14L	7630	54566	54864	end
6991_day0_TeloTag_with_selection	6991	chr4R	SRR33298434.37816	3	7	E-chr4R-3	E-chr14L-2	chr14L	271	47182	55258	beginning
6991_day0_TeloTag_with_selection	6991	chr4R	SRR33298434.412901	6	7	E-chr4R-6	E-chr14L-2	chr14L	239	47128	53311	beginning
6991_day0_TeloTag_with_selection	6991	chr4R	SRR33298434.372589	1	7	E-chr4R-1	E-chr14L-2	chr14L	8052	54937	55241	end
6991_day0_TeloTag_with_selection	6991	chr4R	SRR33298434.372589	2	7	E-chr4R-2	E-chr14L-2	chr14L	8052	54937	55241	end
6991_day0_TeloTag_with_selection	6991	chr4R	SRR33298434.372589	3	7	E-chr4R-3	E-chr14L-2	chr14L	8052	54937	55241	end
6991_day0_TeloTag_with_selection	6991	chr4R	SRR33298434.372589	4	7	E-chr4R-4	E-chr14L-2	chr14L	8052	54937	55241	end
6991_day0_TeloTag_with_selection	6991	chr4R	SRR33298434.372589	6	7	E-chr4R-6	E-chr14L-2	chr14L	8052	54937	55241	end
6991_day0_TeloTag_with_selection	6991	chr4R	SRR33298434.372589	7	7	E-chr4R-7	E-chr14L-2	chr14L	8052	54937	55241	end
6991_day0_TeloTag_with_selection	6991	chr4R	SRR33298434.438191	1	7	E-chr4R-1	E-chr14L-2	chr14L	212	47170	55228	beginning
6991_day0_TeloTag_with_selection	6991	chr4R	SRR33298434.110288	1	7	E-chr4R-1	E-chr14L-2	chr14L	261	47170	55223	beginning
6991_day0_TeloTag_with_selection	6991	chr4R	SRR33298434.84696	1	7	E-chr4R-1	E-chr14L-2	chr14L	8056	54998	55222	end
6991_day0_TeloTag_with_selection	6991	chr4R	SRR33298434.84696	2	7	E-chr4R-2	E-chr14L-2	chr14L	8056	54998	55222	end
6991_day0_TeloTag_with_selection	6991	chr4R	SRR33298434.84696	3	7	E-chr4R-3	E-chr14L-2	chr14L	8056	54998	55222	end
6991_day0_TeloTag_with_selection	6991	chr4R	SRR33298434.84696	4	7	E-chr4R-4	E-chr14L-2	chr14L	8056	54998	55222	end
6991_day0_TeloTag_with_selection	6991	chr4R	SRR33298434.84696	6	7	E-chr4R-6	E-chr14L-2	chr14L	8056	54998	55222	end
6991_day0_TeloTag_with_selection	6991	chr4R	SRR33298434.84696	7	7	E-chr4R-7	E-chr14L-2	chr14L	8056	54998	55222	end
6991_day0_TeloTag_with_selection	6991	chr4R	SRR33298434.203764	1	7	E-chr4R-1	E-chr14L-2	chr14L	8064	54947	55210	end
6991_day0_TeloTag_with_selection	6991	chr4R	SRR33298434.203764	2	7	E-chr4R-2	E-chr14L-2	chr14L	8064	54947	55210	end
6991_day0_TeloTag_with_selection	6991	chr4R	SRR33298434.203764	3	7	E-chr4R-3	E-chr14L-2	chr14L	8064	54947	55210	end
6991_day0_TeloTag_with_selection	6991	chr4R	SRR33298434.203764	4	7	E-chr4R-4	E-chr14L-2	chr14L	8064	54947	55210	end
6991_day0_TeloTag_with_selection	6991	chr4R	SRR33298434.203764	6	7	E-chr4R-6	E-chr14L-2	chr14L	8064	54947	55210	end
6991_day0_TeloTag_with_selection	6991	chr4R	SRR33298434.282323	1	7	E-chr4R-1	E-chr14L-2	chr14L	8071	55004	55223	end
6991_day0_TeloTag_with_selection	6991	chr4R	SRR33298434.282323	2	7	E-chr4R-2	E-chr14L-2	chr14L	8071	55004	55223	end
6991_day0_TeloTag_with_selection	6991	chr4R	SRR33298434.282323	3	7	E-chr4R-3	E-chr14L-2	chr14L	8071	55004	55223	end
6991_day0_TeloTag_with_selection	6991	chr4R	SRR33298434.282323	4	7	E-chr4R-4	E-chr14L-2	chr14L	8071	55004	55223	end
6991_day0_TeloTag_with_selection	6991	chr4R	SRR33298434.282323	6	7	E-chr4R-6	E-chr14L-2	chr14L	8071	55004	55223	end
6991_day0_TeloTag_with_selection	6991	chr4R	SRR33298434.282323	7	7	E-chr4R-7	E-chr14L-2	chr14L	8071	55004	55223	end
6991_day0_TeloTag_with_selection	6991	chr4R	SRR33298434.372342	3	7	E-chr4R-3	E-chr14L-2	chr14L	165	47117	54999	beginning
6991_day0_TeloTag_with_selection	6991	chr4R	SRR33298434.7420	3	7	E-chr4R-3	E-chr14L-2	chr14L	227	47110	55170	beginning
6991_day0_TeloTag_with_selection	6991	chr4R	SRR33298434.561263	1	7	E-chr4R-1	E-chr14L-2	chr14L	6954	53851	54065	end
6991_day0_TeloTag_with_selection	6991	chr4R	SRR33298434.561263	2	7	E-chr4R-2	E-chr14L-2	chr14L	6954	53851	54065	end
6991_day0_TeloTag_with_selection	6991	chr4R	SRR33298434.561263	3	7	E-chr4R-3	E-chr14L-2	chr14L	6954	53851	54065	end
6991_day0_TeloTag_with_selection	6991	chr4R	SRR33298434.561263	4	7	E-chr4R-4	E-chr14L-2	chr14L	6954	53851	54065	end
6991_day0_TeloTag_with_selection	6991	chr4R	SRR33298434.561263	6	7	E-chr4R-6	E-chr14L-2	chr14L	6954	53851	54065	end
6991_day0_TeloTag_with_selection	6991	chr4R	SRR33298434.561263	7	7	E-chr4R-7	E-chr14L-2	chr14L	6954	53851	54065	end
6991_day0_TeloTag_with_selection	6991	chr4R	SRR33298434.203836	1	7	E-chr4R-1	E-chr14L-2	chr14L	8059	54941	55150	end
6991_day0_TeloTag_with_selection	6991	chr4R	SRR33298434.203836	2	7	E-chr4R-2	E-chr14L-2	chr14L	8059	54941	55150	end
6991_day0_TeloTag_with_selection	6991	chr4R	SRR33298434.203836	3	7	E-chr4R-3	E-chr14L-2	chr14L	8059	54941	55150	end
6991_day0_TeloTag_with_selection	6991	chr4R	SRR33298434.203836	4	7	E-chr4R-4	E-chr14L-2	chr14L	8059	54941	55150	end
6991_day0_TeloTag_with_selection	6991	chr4R	SRR33298434.203836	6	7	E-chr4R-6	E-chr14L-2	chr14L	8059	54941	55150	end
6991_day0_TeloTag_with_selection	6991	chr4R	SRR33298434.203836	7	7	E-chr4R-7	E-chr14L-2	chr14L	8059	54941	55150	end
6991_day0_TeloTag_with_selection	6991	chr4R	SRR33298434.85784	1	7	E-chr4R-1	E-chr14L-2	chr14L	195	47107	55138	beginning
6991_day0_TeloTag_with_selection	6991	chr4R	SRR33298434.86065	1	7	E-chr4R-1	E-chr14L-2	chr14L	8041	54944	55152	end
6991_day0_TeloTag_with_selection	6991	chr4R	SRR33298434.86065	2	7	E-chr4R-2	E-chr14L-2	chr14L	8041	54944	55152	end
6991_day0_TeloTag_with_selection	6991	chr4R	SRR33298434.86065	3	7	E-chr4R-3	E-chr14L-2	chr14L	8041	54944	55152	end
6991_day0_TeloTag_with_selection	6991	chr4R	SRR33298434.86065	4	7	E-chr4R-4	E-chr14L-2	chr14L	8041	54944	55152	end
6991_day0_TeloTag_with_selection	6991	chr4R	SRR33298434.86065	6	7	E-chr4R-6	E-chr14L-2	chr14L	8041	54944	55152	end
6991_day0_TeloTag_with_selection	6991	chr4R	SRR33298434.86065	7	7	E-chr4R-7	E-chr14L-2	chr14L	8041	54944	55152	end
6991_day0_TeloTag_with_selection	6991	chr4R	SRR33298434.518169	2	7	E-chr4R-2	E-chr14L-2	chr14L	202	47103	54209	beginning
6991_day0_TeloTag_with_selection	6991	chr4R	SRR33298434.518169	3	7	E-chr4R-3	E-chr14L-2	chr14L	202	47103	54209	beginning
6991_day0_TeloTag_with_selection	6991	chr4R	SRR33298434.162633	1	7	E-chr4R-1	E-chr14L-2	chr14L	7565	54470	54678	end
6991_day0_TeloTag_with_selection	6991	chr4R	SRR33298434.162633	2	7	E-chr4R-2	E-chr14L-2	chr14L	7565	54470	54678	end
6991_day0_TeloTag_with_selection	6991	chr4R	SRR33298434.162633	3	7	E-chr4R-3	E-chr14L-2	chr14L	7565	54470	54678	end
6991_day0_TeloTag_with_selection	6991	chr4R	SRR33298434.162633	4	7	E-chr4R-4	E-chr14L-2	chr14L	7565	54470	54678	end
6991_day0_TeloTag_with_selection	6991	chr4R	SRR33298434.162633	6	7	E-chr4R-6	E-chr14L-2	chr14L	7565	54470	54678	end
6991_day0_TeloTag_with_selection	6991	chr4R	SRR33298434.389820	7	7	E-chr4R-7	E-chr14L-2	chr14L	237	47085	55138	beginning
6991_day0_TeloTag_with_selection	6991	chr4R	SRR33298434.400223	1	7	E-chr4R-1	E-chr14L-2	chr14L	8058	54940	55121	end
6991_day0_TeloTag_with_selection	6991	chr4R	SRR33298434.400223	2	7	E-chr4R-2	E-chr14L-2	chr14L	8058	54940	55121	end
6991_day0_TeloTag_with_selection	6991	chr4R	SRR33298434.400223	3	7	E-chr4R-3	E-chr14L-2	chr14L	8058	54940	55121	end
6991_day0_TeloTag_with_selection	6991	chr4R	SRR33298434.400223	4	7	E-chr4R-4	E-chr14L-2	chr14L	8058	54940	55121	end
6991_day0_TeloTag_with_selection	6991	chr4R	SRR33298434.400223	6	7	E-chr4R-6	E-chr14L-2	chr14L	8058	54940	55121	end
6991_day0_TeloTag_with_selection	6991	chr4R	SRR33298434.400223	7	7	E-chr4R-7	E-chr14L-2	chr14L	8058	54940	55121	end
6991_day0_TeloTag_with_selection	6991	chr4R	SRR33298434.2237	1	7	E-chr4R-1	E-chr14L-2	chr14L	8037	54964	55103	end
6991_day0_TeloTag_with_selection	6991	chr4R	SRR33298434.2237	2	7	E-chr4R-2	E-chr14L-2	chr14L	8037	54964	55103	end
6991_day0_TeloTag_with_selection	6991	chr4R	SRR33298434.2237	3	7	E-chr4R-3	E-chr14L-2	chr14L	8037	54964	55103	end
6991_day0_TeloTag_with_selection	6991	chr4R	SRR33298434.2237	4	7	E-chr4R-4	E-chr14L-2	chr14L	8037	54964	55103	end
6991_day0_TeloTag_with_selection	6991	chr4R	SRR33298434.2237	6	7	E-chr4R-6	E-chr14L-2	chr14L	8037	54964	55103	end
6991_day0_TeloTag_with_selection	6991	chr4R	SRR33298434.2237	7	7	E-chr4R-7	E-chr14L-2	chr14L	8037	54964	55103	end
6991_day0_TeloTag_with_selection	6991	chr4R	SRR33298434.266898	1	7	E-chr4R-1	E-chr14L-2	chr14L	8059	54916	55087	end
6991_day0_TeloTag_with_selection	6991	chr4R	SRR33298434.266898	2	7	E-chr4R-2	E-chr14L-2	chr14L	8059	54916	55087	end
6991_day0_TeloTag_with_selection	6991	chr4R	SRR33298434.266898	3	7	E-chr4R-3	E-chr14L-2	chr14L	8059	54916	55087	end
6991_day0_TeloTag_with_selection	6991	chr4R	SRR33298434.266898	4	7	E-chr4R-4	E-chr14L-2	chr14L	8059	54916	55087	end
6991_day0_TeloTag_with_selection	6991	chr4R	SRR33298434.266898	6	7	E-chr4R-6	E-chr14L-2	chr14L	8059	54916	55087	end
6991_day0_TeloTag_with_selection	6991	chr4R	SRR33298434.266898	7	7	E-chr4R-7	E-chr14L-2	chr14L	8059	54916	55087	end
6991_day0_TeloTag_with_selection	6991	chr4R	SRR33298434.551832	1	7	E-chr4R-1	E-chr14L-2	chr14L	6717	53579	53728	end
6991_day0_TeloTag_with_selection	6991	chr4R	SRR33298434.551832	2	7	E-chr4R-2	E-chr14L-2	chr14L	6717	53579	53728	end
6991_day0_TeloTag_with_selection	6991	chr4R	SRR33298434.551832	3	7	E-chr4R-3	E-chr14L-2	chr14L	6717	53579	53728	end
6991_day0_TeloTag_with_selection	6991	chr4R	SRR33298434.551832	4	7	E-chr4R-4	E-chr14L-2	chr14L	6717	53579	53728	end
6991_day0_TeloTag_with_selection	6991	chr4R	SRR33298434.551832	6	7	E-chr4R-6	E-chr14L-2	chr14L	6717	53579	53728	end
6991_day0_TeloTag_with_selection	6991	chr4R	SRR33298434.551832	7	7	E-chr4R-7	E-chr14L-2	chr14L	6717	53579	53728	end
6991_day0_TeloTag_with_selection	6991	chr4R	SRR33298434.246907	1	7	E-chr4R-1	E-chr14L-2	chr14L	8018	54767	54978	end
6991_day0_TeloTag_with_selection	6991	chr4R	SRR33298434.246907	2	7	E-chr4R-2	E-chr14L-2	chr14L	8018	54767	54978	end
6991_day0_TeloTag_with_selection	6991	chr4R	SRR33298434.246907	3	7	E-chr4R-3	E-chr14L-2	chr14L	8018	54767	54978	end
6991_day0_TeloTag_with_selection	6991	chr4R	SRR33298434.246907	4	7	E-chr4R-4	E-chr14L-2	chr14L	8018	54767	54978	end
6991_day0_TeloTag_with_selection	6991	chr4R	SRR33298434.246907	7	7	E-chr4R-7	E-chr14L-2	chr14L	8018	54767	54978	end
6991_day0_TeloTag_with_selection	6991	chr4R	SRR33298434.68316	2	7	E-chr4R-2	E-chr14L-2	chr14L	8022	54672	54891	end
6991_day0_TeloTag_with_selection	6991	chr4R	SRR33298434.68316	3	7	E-chr4R-3	E-chr14L-2	chr14L	8022	54672	54891	end
6991_day0_TeloTag_with_selection	6991	chr4R	SRR33298434.68316	4	7	E-chr4R-4	E-chr14L-2	chr14L	8022	54672	54891	end
6991_day0_TeloTag_with_selection	6991	chr4R	SRR33298434.68316	6	7	E-chr4R-6	E-chr14L-2	chr14L	8022	54672	54891	end
6991_day0_TeloTag_with_selection	6991	chr4R	SRR33298434.68316	7	7	E-chr4R-7	E-chr14L-2	chr14L	8022	54672	54891	end
6991_day0_TeloTag_with_selection	6991	chr4R	SRR33298434.506571	4	7	E-chr4R-4	E-chr14L-2	chr14L	200	46648	52764	beginning
6991_day0_TeloTag_with_selection	6991	chr4R	SRR33298434.548281	2	7	E-chr4R-2	E-chr14L-2	chr14L	6269	52692	52842	end
6991_day0_TeloTag_with_selection	6991	chr4R	SRR33298434.548281	3	7	E-chr4R-3	E-chr14L-2	chr14L	6269	52692	52842	end
6991_day0_TeloTag_with_selection	6991	chr4R	SRR33298434.548281	4	7	E-chr4R-4	E-chr14L-2	chr14L	6269	52692	52842	end
6991_day0_TeloTag_with_selection	6991	chr4R	SRR33298434.548281	6	7	E-chr4R-6	E-chr14L-2	chr14L	6269	52692	52842	end
6991_day0_TeloTag_with_selection	6991	chr4R	SRR33298434.548281	7	7	E-chr4R-7	E-chr14L-2	chr14L	6269	52692	52842	end
6991_day0_TeloTag_with_selection	6991	chr4R	SRR33298434.8659	1	7	E-chr4R-1	E-chr14L-2	chr14L	175	46422	54483	beginning
6991_day0_TeloTag_with_selection	6991	chr4R	SRR33298434.8659	4	7	E-chr4R-4	E-chr14L-2	chr14L	175	46422	54483	beginning
6991_day0_TeloTag_with_selection	6991	chr4R	SRR33298434.333630	1	7	E-chr4R-1	E-chr14L-2	chr14L	199	45850	53130	beginning
6991_day0_TeloTag_with_selection	6991	chr4R	SRR33298434.333630	3	7	E-chr4R-3	E-chr14L-2	chr14L	199	45850	53130	beginning
6991_day0_TeloTag_with_selection	6991	chr5L	SRR33298434.226995	1	1	E-chr5L-1	E-chr12R-1	chr12R	256	6563	12361	beginning
6991_day0_TeloTag_with_selection	6991	chr5L	SRR33298434.116145	1	1	E-chr5L-1	E-chr12R-1	chr12R	5803	12114	12344	end
6991_day0_TeloTag_with_selection	6991	chr7R	SRR33298434.100501	1	1	E-chr7R-1	E-chr14L-1	chr14L	262	6920	20887	beginning
6991_day0_TeloTag_with_selection	6991	chr7R	SRR33298434.105747	1	1	E-chr7R-1	E-chr16L-1	chr16L	14027	20685	20918	end
6991_day0_TeloTag_with_selection	6991	chr7R	SRR33298434.349556	1	1	E-chr7R-1	E-chr16L-1	chr16L	13345	20001	20249	end
6991_day0_TeloTag_with_selection	6991	chr7R	SRR33298434.4008	1	1	E-chr7R-1	E-chr16L-1	chr16L	14024	20693	20883	end
6991_day0_TeloTag_with_selection	6991	chr7R	SRR33298434.164214	1	1	E-chr7R-1	E-chr14R-1	chr14R	258	6845	20884	beginning
6991_day0_TeloTag_with_selection	6991	chr7R	SRR33298434.539625	1	1	E-chr7R-1	E-chr16L-1	chr16L	13983	20621	20808	end
6991_day0_TeloTag_with_selection	6991	chr7R	SRR33298434.320712	1	1	E-chr7R-1	E-chr16L-1	chr16L	13999	20640	20825	end
6991_day0_TeloTag_with_selection	6991	chr7R	SRR33298434.137840	1	1	E-chr7R-1	E-chr16L-1	chr16L	14017	20667	20819	end
6991_day0_TeloTag_with_selection	6991	chr7R	SRR33298434.422063	1	1	E-chr7R-1	E-chr16L-1	chr16L	14016	20662	20797	end
6991_day0_TeloTag_with_selection	6991	chr7R	SRR33298434.337671	1	1	E-chr7R-1	E-chr16L-1	chr16L	13979	20641	20745	end
6991_day0_TeloTag_with_selection	6991	chr7R	SRR33298434.191129	1	1	E-chr7R-1	E-chr14L-1	chr14L	204	6848	20731	beginning
6991_day0_TeloTag_with_selection	6991	chr7R	SRR33298434.389542	1	1	E-chr7R-1	E-chr16L-1	chr16L	14014	20603	20741	end
6991_day0_TeloTag_with_selection	6991	chr7R	SRR33298434.281427	1	1	E-chr7R-1	E-chr16L-1	chr16L	13992	20593	20698	end
6991_day0_TeloTag_with_selection	6991	chr7R	SRR33298434.437634	1	1	E-chr7R-1	E-chr16L-1	chr16L	13927	20468	20649	end
6991_day0_TeloTag_with_selection	6991	chr7R	SRR33298434.79665	1	1	E-chr7R-1	E-chr16L-1	chr16L	13749	20147	20282	end
6991_day0_TeloTag_with_selection	6991	chr7R	SRR33298434.102731	1	1	E-chr7R-1	E-chr16L-1	chr16L	13978	19194	19330	end
6991_day0_TeloTag_with_selection	6991	chr7R	SRR33298434.477802	1	1	E-chr7R-1	E-chr16L-1	chr16L	13469	18402	18587	end
6991_day0_TeloTag_with_selection	6991	chr7R	SRR33298434.450740	1	1	E-chr7R-1	E-chr16L-1	chr16L	13148	18353	18497	end
6991_day0_TeloTag_with_selection	6991	chr8L	SRR33298434.497585	1	1	E-chr8L-1	E-chr2L-1	chr2L	235	5528	11295	beginning
6991_day0_TeloTag_with_selection	6991	chr8R	SRR33298434.515556	1	1	E-chr8R-1	E-chr14R-1	chr14R	35304	41823	42110	end
6991_day0	6991	chr10L	SRR33298461.57209	1	1	E-chr10L-1	E-chr7R-1	chr7R	119	6701	25597	beginning
6991_day0	6991	chr12R	SRR33298461.185643	2	7	E-chr12R-2	E-chr4R-7	chr4R	207	47610	58621	beginning
6991_day0	6991	chr12R	SRR33298461.185643	3	7	E-chr12R-3	E-chr4R-6	chr4R	207	47610	58621	beginning
6991_day0	6991	chr12R	SRR33298461.185643	4	7	E-chr12R-4	E-chr4R-6	chr4R	207	47610	58621	beginning
6991_day0	6991	chr12R	SRR33298461.185643	5	7	E-chr12R-5	E-chr4R-7	chr4R	207	47610	58621	beginning
6991_day0	6991	chr12R	SRR33298461.185643	6	7	E-chr12R-6	E-chr4R-6	chr4R	207	47610	58621	beginning
6991_day0	6991	chr12R	SRR33298461.185643	7	7	E-chr12R-7	E-chr4R-6	chr4R	207	47610	58621	beginning
6991_day0	6991	chr12R	SRR33298461.196613	2	7	E-chr12R-2	E-chr4R-7	chr4R	11006	58372	58604	end
6991_day0	6991	chr12R	SRR33298461.196613	3	7	E-chr12R-3	E-chr4R-7	chr4R	11006	58372	58604	end
6991_day0	6991	chr12R	SRR33298461.196613	4	7	E-chr12R-4	E-chr4R-7	chr4R	11006	58372	58604	end
6991_day0	6991	chr12R	SRR33298461.196613	5	7	E-chr12R-5	E-chr14L-2	chr14L	11006	58372	58604	end
6991_day0	6991	chr12R	SRR33298461.196613	6	7	E-chr12R-6	E-chr4R-7	chr4R	11006	58372	58604	end
6991_day0	6991	chr12R	SRR33298461.196613	7	7	E-chr12R-7	E-chr14L-2	chr14L	11006	58372	58604	end
6991_day0	6991	chr12R	SRR33298461.162174	2	7	E-chr12R-2	E-chr4R-6	chr4R	200	47559	58576	beginning
6991_day0	6991	chr12R	SRR33298461.162174	3	7	E-chr12R-3	E-chr4R-7	chr4R	200	47559	58576	beginning
6991_day0	6991	chr12R	SRR33298461.162174	4	7	E-chr12R-4	E-chr4R-7	chr4R	200	47559	58576	beginning
6991_day0	6991	chr12R	SRR33298461.162174	5	7	E-chr12R-5	E-chr4R-7	chr4R	200	47559	58576	beginning
6991_day0	6991	chr12R	SRR33298461.162174	6	7	E-chr12R-6	E-chr4R-6	chr4R	200	47559	58576	beginning
6991_day0	6991	chr12R	SRR33298461.162174	7	7	E-chr12R-7	E-chr4R-7	chr4R	200	47559	58576	beginning
6991_day0	6991	chr12R	SRR33298461.184616	2	7	E-chr12R-2	E-chr4R-7	chr4R	141	47574	58578	beginning
6991_day0	6991	chr12R	SRR33298461.184616	3	7	E-chr12R-3	E-chr4R-6	chr4R	141	47574	58578	beginning
6991_day0	6991	chr12R	SRR33298461.184616	4	7	E-chr12R-4	E-chr4R-7	chr4R	141	47574	58578	beginning
6991_day0	6991	chr12R	SRR33298461.184616	5	7	E-chr12R-5	E-chr4R-6	chr4R	141	47574	58578	beginning
6991_day0	6991	chr12R	SRR33298461.184616	6	7	E-chr12R-6	E-chr4R-7	chr4R	141	47574	58578	beginning
6991_day0	6991	chr12R	SRR33298461.184616	7	7	E-chr12R-7	E-chr4R-6	chr4R	141	47574	58578	beginning
6991_day0	6991	chr12R	SRR33298461.232487	2	7	E-chr12R-2	E-chr4R-7	chr4R	176	47565	58577	beginning
6991_day0	6991	chr12R	SRR33298461.232487	3	7	E-chr12R-3	E-chr4R-7	chr4R	176	47565	58577	beginning
6991_day0	6991	chr12R	SRR33298461.232487	4	7	E-chr12R-4	E-chr4R-6	chr4R	176	47565	58577	beginning
6991_day0	6991	chr12R	SRR33298461.232487	5	7	E-chr12R-5	E-chr4R-7	chr4R	176	47565	58577	beginning
6991_day0	6991	chr12R	SRR33298461.232487	6	7	E-chr12R-6	E-chr4R-6	chr4R	176	47565	58577	beginning
6991_day0	6991	chr12R	SRR33298461.232487	7	7	E-chr12R-7	E-chr4R-6	chr4R	176	47565	58577	beginning
6991_day0	6991	chr12R	SRR33298461.132465	2	7	E-chr12R-2	E-chr4R-7	chr4R	185	47569	58578	beginning
6991_day0	6991	chr12R	SRR33298461.132465	3	7	E-chr12R-3	E-chr4R-7	chr4R	185	47569	58578	beginning
6991_day0	6991	chr12R	SRR33298461.132465	4	7	E-chr12R-4	E-chr4R-6	chr4R	185	47569	58578	beginning
6991_day0	6991	chr12R	SRR33298461.132465	5	7	E-chr12R-5	E-chr4R-7	chr4R	185	47569	58578	beginning
6991_day0	6991	chr12R	SRR33298461.132465	6	7	E-chr12R-6	E-chr4R-7	chr4R	185	47569	58578	beginning
6991_day0	6991	chr12R	SRR33298461.132465	7	7	E-chr12R-7	E-chr4R-7	chr4R	185	47569	58578	beginning
6991_day0	6991	chr12R	SRR33298461.14461	2	7	E-chr12R-2	E-chr4R-7	chr4R	231	47567	56564	beginning
6991_day0	6991	chr12R	SRR33298461.14461	3	7	E-chr12R-3	E-chr4R-7	chr4R	231	47567	56564	beginning
6991_day0	6991	chr12R	SRR33298461.14461	4	7	E-chr12R-4	E-chr4R-7	chr4R	231	47567	56564	beginning
6991_day0	6991	chr12R	SRR33298461.14461	5	7	E-chr12R-5	E-chr4R-7	chr4R	231	47567	56564	beginning
6991_day0	6991	chr12R	SRR33298461.14461	6	7	E-chr12R-6	E-chr4R-6	chr4R	231	47567	56564	beginning
6991_day0	6991	chr12R	SRR33298461.14461	7	7	E-chr12R-7	E-chr4R-7	chr4R	231	47567	56564	beginning
6991_day0	6991	chr12R	SRR33298461.91381	2	7	E-chr12R-2	E-chr4R-7	chr4R	11021	58388	58570	end
6991_day0	6991	chr12R	SRR33298461.91381	3	7	E-chr12R-3	E-chr4R-7	chr4R	11021	58388	58570	end
6991_day0	6991	chr12R	SRR33298461.91381	4	7	E-chr12R-4	E-chr4R-7	chr4R	11021	58388	58570	end
6991_day0	6991	chr12R	SRR33298461.91381	5	7	E-chr12R-5	E-chr4R-7	chr4R	11021	58388	58570	end
6991_day0	6991	chr12R	SRR33298461.91381	6	7	E-chr12R-6	E-chr14L-2	chr14L	11021	58388	58570	end
6991_day0	6991	chr12R	SRR33298461.91381	7	7	E-chr12R-7	E-chr14L-2	chr14L	11021	58388	58570	end
6991_day0	6991	chr12R	SRR33298461.221627	2	7	E-chr12R-2	E-chr4R-6	chr4R	172	47548	58559	beginning
6991_day0	6991	chr12R	SRR33298461.221627	3	7	E-chr12R-3	E-chr4R-6	chr4R	172	47548	58559	beginning
6991_day0	6991	chr12R	SRR33298461.221627	4	7	E-chr12R-4	E-chr4R-6	chr4R	172	47548	58559	beginning
6991_day0	6991	chr12R	SRR33298461.221627	5	7	E-chr12R-5	E-chr4R-7	chr4R	172	47548	58559	beginning
6991_day0	6991	chr12R	SRR33298461.221627	6	7	E-chr12R-6	E-chr4R-7	chr4R	172	47548	58559	beginning
6991_day0	6991	chr12R	SRR33298461.221627	7	7	E-chr12R-7	E-chr4R-7	chr4R	172	47548	58559	beginning
6991_day0	6991	chr12R	SRR33298461.118203	2	7	E-chr12R-2	E-chr4R-7	chr4R	152	47550	58535	beginning
6991_day0	6991	chr12R	SRR33298461.118203	3	7	E-chr12R-3	E-chr4R-6	chr4R	152	47550	58535	beginning
6991_day0	6991	chr12R	SRR33298461.118203	4	7	E-chr12R-4	E-chr4R-7	chr4R	152	47550	58535	beginning
6991_day0	6991	chr12R	SRR33298461.118203	5	7	E-chr12R-5	E-chr4R-6	chr4R	152	47550	58535	beginning
6991_day0	6991	chr12R	SRR33298461.118203	6	7	E-chr12R-6	E-chr4R-7	chr4R	152	47550	58535	beginning
6991_day0	6991	chr12R	SRR33298461.118203	7	7	E-chr12R-7	E-chr4R-6	chr4R	152	47550	58535	beginning
6991_day0	6991	chr12R	SRR33298461.221608	2	7	E-chr12R-2	E-chr4R-6	chr4R	225	47545	58542	beginning
6991_day0	6991	chr12R	SRR33298461.221608	3	7	E-chr12R-3	E-chr4R-7	chr4R	225	47545	58542	beginning
6991_day0	6991	chr12R	SRR33298461.221608	4	7	E-chr12R-4	E-chr4R-6	chr4R	225	47545	58542	beginning
6991_day0	6991	chr12R	SRR33298461.221608	5	7	E-chr12R-5	E-chr4R-7	chr4R	225	47545	58542	beginning
6991_day0	6991	chr12R	SRR33298461.221608	6	7	E-chr12R-6	E-chr4R-6	chr4R	225	47545	58542	beginning
6991_day0	6991	chr12R	SRR33298461.221608	7	7	E-chr12R-7	E-chr4R-7	chr4R	225	47545	58542	beginning
6991_day0	6991	chr12R	SRR33298461.189372	2	7	E-chr12R-2	E-chr4R-7	chr4R	11020	58384	58541	end
6991_day0	6991	chr12R	SRR33298461.189372	3	7	E-chr12R-3	E-chr4R-7	chr4R	11020	58384	58541	end
6991_day0	6991	chr12R	SRR33298461.189372	4	7	E-chr12R-4	E-chr14L-2	chr14L	11020	58384	58541	end
6991_day0	6991	chr12R	SRR33298461.189372	5	7	E-chr12R-5	E-chr4R-7	chr4R	11020	58384	58541	end
6991_day0	6991	chr12R	SRR33298461.189372	6	7	E-chr12R-6	E-chr14L-2	chr14L	11020	58384	58541	end
6991_day0	6991	chr12R	SRR33298461.189372	7	7	E-chr12R-7	E-chr4R-7	chr4R	11020	58384	58541	end
6991_day0	6991	chr12R	SRR33298461.192742	2	7	E-chr12R-2	E-chr4R-7	chr4R	176	47522	58507	beginning
6991_day0	6991	chr12R	SRR33298461.192742	3	7	E-chr12R-3	E-chr4R-6	chr4R	176	47522	58507	beginning
6991_day0	6991	chr12R	SRR33298461.192742	4	7	E-chr12R-4	E-chr4R-6	chr4R	176	47522	58507	beginning
6991_day0	6991	chr12R	SRR33298461.192742	5	7	E-chr12R-5	E-chr4R-6	chr4R	176	47522	58507	beginning
6991_day0	6991	chr12R	SRR33298461.192742	6	7	E-chr12R-6	E-chr4R-6	chr4R	176	47522	58507	beginning
6991_day0	6991	chr12R	SRR33298461.192742	7	7	E-chr12R-7	E-chr4R-6	chr4R	176	47522	58507	beginning
6991_day0	6991	chr12R	SRR33298461.199372	2	7	E-chr12R-2	E-chr14L-2	chr14L	10988	58360	58512	end
6991_day0	6991	chr12R	SRR33298461.199372	3	7	E-chr12R-3	E-chr4R-7	chr4R	10988	58360	58512	end
6991_day0	6991	chr12R	SRR33298461.199372	4	7	E-chr12R-4	E-chr4R-7	chr4R	10988	58360	58512	end
6991_day0	6991	chr12R	SRR33298461.199372	5	7	E-chr12R-5	E-chr4R-7	chr4R	10988	58360	58512	end
6991_day0	6991	chr12R	SRR33298461.199372	6	7	E-chr12R-6	E-chr14L-2	chr14L	10988	58360	58512	end
6991_day0	6991	chr12R	SRR33298461.199372	7	7	E-chr12R-7	E-chr4R-7	chr4R	10988	58360	58512	end
6991_day0	6991	chr12R	SRR33298461.155200	2	7	E-chr12R-2	E-chr14L-2	chr14L	11000	58352	58504	end
6991_day0	6991	chr12R	SRR33298461.155200	3	7	E-chr12R-3	E-chr4R-7	chr4R	11000	58352	58504	end
6991_day0	6991	chr12R	SRR33298461.155200	4	7	E-chr12R-4	E-chr4R-7	chr4R	11000	58352	58504	end
6991_day0	6991	chr12R	SRR33298461.155200	5	7	E-chr12R-5	E-chr4R-7	chr4R	11000	58352	58504	end
6991_day0	6991	chr12R	SRR33298461.155200	6	7	E-chr12R-6	E-chr4R-7	chr4R	11000	58352	58504	end
6991_day0	6991	chr12R	SRR33298461.155200	7	7	E-chr12R-7	E-chr14L-2	chr14L	11000	58352	58504	end
6991_day0	6991	chr12R	SRR33298461.98623	2	7	E-chr12R-2	E-chr4R-7	chr4R	10998	58307	58489	end
6991_day0	6991	chr12R	SRR33298461.98623	3	7	E-chr12R-3	E-chr4R-7	chr4R	10998	58307	58489	end
6991_day0	6991	chr12R	SRR33298461.98623	4	7	E-chr12R-4	E-chr4R-7	chr4R	10998	58307	58489	end
6991_day0	6991	chr12R	SRR33298461.98623	5	7	E-chr12R-5	E-chr14L-2	chr14L	10998	58307	58489	end
6991_day0	6991	chr12R	SRR33298461.98623	6	7	E-chr12R-6	E-chr14L-2	chr14L	10998	58307	58489	end
6991_day0	6991	chr12R	SRR33298461.98623	7	7	E-chr12R-7	E-chr4R-7	chr4R	10998	58307	58489	end
6991_day0	6991	chr12R	SRR33298461.23076	2	7	E-chr12R-2	E-chr4R-7	chr4R	11025	58341	58493	end
6991_day0	6991	chr12R	SRR33298461.23076	3	7	E-chr12R-3	E-chr4R-7	chr4R	11025	58341	58493	end
6991_day0	6991	chr12R	SRR33298461.23076	4	7	E-chr12R-4	E-chr4R-7	chr4R	11025	58341	58493	end
6991_day0	6991	chr12R	SRR33298461.23076	5	7	E-chr12R-5	E-chr4R-7	chr4R	11025	58341	58493	end
6991_day0	6991	chr12R	SRR33298461.23076	6	7	E-chr12R-6	E-chr4R-7	chr4R	11025	58341	58493	end
6991_day0	6991	chr12R	SRR33298461.23076	7	7	E-chr12R-7	E-chr4R-7	chr4R	11025	58341	58493	end
6991_day0	6991	chr12R	SRR33298461.117039	2	7	E-chr12R-2	E-chr4R-7	chr4R	11018	58349	58483	end
6991_day0	6991	chr12R	SRR33298461.117039	3	7	E-chr12R-3	E-chr14L-2	chr14L	11018	58349	58483	end
6991_day0	6991	chr12R	SRR33298461.117039	4	7	E-chr12R-4	E-chr4R-7	chr4R	11018	58349	58483	end
6991_day0	6991	chr12R	SRR33298461.117039	5	7	E-chr12R-5	E-chr4R-7	chr4R	11018	58349	58483	end
6991_day0	6991	chr12R	SRR33298461.117039	6	7	E-chr12R-6	E-chr4R-7	chr4R	11018	58349	58483	end
6991_day0	6991	chr12R	SRR33298461.117039	7	7	E-chr12R-7	E-chr4R-7	chr4R	11018	58349	58483	end
6991_day0	6991	chr12R	SRR33298461.93736	2	7	E-chr12R-2	E-chr4R-6	chr4R	128	47483	58478	beginning
6991_day0	6991	chr12R	SRR33298461.93736	3	7	E-chr12R-3	E-chr4R-6	chr4R	128	47483	58478	beginning
6991_day0	6991	chr12R	SRR33298461.93736	4	7	E-chr12R-4	E-chr4R-6	chr4R	128	47483	58478	beginning
6991_day0	6991	chr12R	SRR33298461.93736	5	7	E-chr12R-5	E-chr4R-6	chr4R	128	47483	58478	beginning
6991_day0	6991	chr12R	SRR33298461.93736	6	7	E-chr12R-6	E-chr4R-6	chr4R	128	47483	58478	beginning
6991_day0	6991	chr12R	SRR33298461.93736	7	7	E-chr12R-7	E-chr14L-2	chr14L	128	47483	58478	beginning
6991_day0	6991	chr12R	SRR33298461.159961	2	7	E-chr12R-2	E-chr14L-2	chr14L	8850	56124	56279	end
6991_day0	6991	chr12R	SRR33298461.159961	3	7	E-chr12R-3	E-chr14L-2	chr14L	8850	56124	56279	end
6991_day0	6991	chr12R	SRR33298461.159961	4	7	E-chr12R-4	E-chr14L-2	chr14L	8850	56124	56279	end
6991_day0	6991	chr12R	SRR33298461.159961	5	7	E-chr12R-5	E-chr4R-7	chr4R	8850	56124	56279	end
6991_day0	6991	chr12R	SRR33298461.159961	6	7	E-chr12R-6	E-chr4R-7	chr4R	8850	56124	56279	end
6991_day0	6991	chr12R	SRR33298461.159961	7	7	E-chr12R-7	E-chr4R-7	chr4R	8850	56124	56279	end
6991_day0	6991	chr12R	SRR33298461.129910	2	7	E-chr12R-2	E-chr4R-7	chr4R	11025	58294	58433	end
6991_day0	6991	chr12R	SRR33298461.129910	3	7	E-chr12R-3	E-chr4R-7	chr4R	11025	58294	58433	end
6991_day0	6991	chr12R	SRR33298461.129910	4	7	E-chr12R-4	E-chr4R-7	chr4R	11025	58294	58433	end
6991_day0	6991	chr12R	SRR33298461.129910	5	7	E-chr12R-5	E-chr14L-2	chr14L	11025	58294	58433	end
6991_day0	6991	chr12R	SRR33298461.129910	6	7	E-chr12R-6	E-chr14L-2	chr14L	11025	58294	58433	end
6991_day0	6991	chr12R	SRR33298461.129910	7	7	E-chr12R-7	E-chr4R-7	chr4R	11025	58294	58433	end
6991_day0	6991	chr12R	SRR33298461.21659	2	7	E-chr12R-2	E-chr4R-6	chr4R	99	47382	58392	beginning
6991_day0	6991	chr12R	SRR33298461.21659	3	7	E-chr12R-3	E-chr4R-6	chr4R	99	47382	58392	beginning
6991_day0	6991	chr12R	SRR33298461.21659	4	7	E-chr12R-4	E-chr4R-6	chr4R	99	47382	58392	beginning
6991_day0	6991	chr12R	SRR33298461.21659	5	7	E-chr12R-5	E-chr14L-2	chr14L	99	47382	58392	beginning
6991_day0	6991	chr12R	SRR33298461.21659	6	7	E-chr12R-6	E-chr4R-7	chr4R	99	47382	58392	beginning
6991_day0	6991	chr12R	SRR33298461.21659	7	7	E-chr12R-7	E-chr4R-6	chr4R	99	47382	58392	beginning
6991_day0	6991	chr12R	SRR33298461.51843	2	7	E-chr12R-2	E-chr14L-2	chr14L	10904	58249	58382	end
6991_day0	6991	chr12R	SRR33298461.51843	3	7	E-chr12R-3	E-chr4R-7	chr4R	10904	58249	58382	end
6991_day0	6991	chr12R	SRR33298461.51843	4	7	E-chr12R-4	E-chr14L-2	chr14L	10904	58249	58382	end
6991_day0	6991	chr12R	SRR33298461.51843	5	7	E-chr12R-5	E-chr14L-2	chr14L	10904	58249	58382	end
6991_day0	6991	chr12R	SRR33298461.51843	6	7	E-chr12R-6	E-chr4R-7	chr4R	10904	58249	58382	end
6991_day0	6991	chr12R	SRR33298461.51843	7	7	E-chr12R-7	E-chr4R-6	chr4R	10904	58249	58382	end
6991_day0	6991	chr12R	SRR33298461.199761	2	7	E-chr12R-2	E-chr4R-6	chr4R	11008	58184	58342	end
6991_day0	6991	chr12R	SRR33298461.199761	3	7	E-chr12R-3	E-chr4R-5	chr4R	11008	58184	58342	end
6991_day0	6991	chr12R	SRR33298461.199761	4	7	E-chr12R-4	E-chr14L-2	chr14L	11008	58184	58342	end
6991_day0	6991	chr12R	SRR33298461.199761	5	7	E-chr12R-5	E-chr4R-7	chr4R	11008	58184	58342	end
6991_day0	6991	chr12R	SRR33298461.199761	6	7	E-chr12R-6	E-chr14L-2	chr14L	11008	58184	58342	end
6991_day0	6991	chr12R	SRR33298461.199761	7	7	E-chr12R-7	E-chr4R-7	chr4R	11008	58184	58342	end
6991_day0	6991	chr12R	SRR33298461.39192	2	7	E-chr12R-2	E-chr4R-7	chr4R	11013	58136	58328	end
6991_day0	6991	chr12R	SRR33298461.39192	3	7	E-chr12R-3	E-chr14L-2	chr14L	11013	58136	58328	end
6991_day0	6991	chr12R	SRR33298461.39192	4	7	E-chr12R-4	E-chr4R-7	chr4R	11013	58136	58328	end
6991_day0	6991	chr12R	SRR33298461.39192	5	7	E-chr12R-5	E-chr14L-2	chr14L	11013	58136	58328	end
6991_day0	6991	chr12R	SRR33298461.39192	6	7	E-chr12R-6	E-chr4R-7	chr4R	11013	58136	58328	end
6991_day0	6991	chr12R	SRR33298461.39192	7	7	E-chr12R-7	E-chr4R-7	chr4R	11013	58136	58328	end
6991_day0	6991	chr12R	SRR33298461.199436	2	7	E-chr12R-2	E-chr4R-7	chr4R	190	47290	58286	beginning
6991_day0	6991	chr12R	SRR33298461.199436	3	7	E-chr12R-3	E-chr4R-7	chr4R	190	47290	58286	beginning
6991_day0	6991	chr12R	SRR33298461.199436	4	7	E-chr12R-4	E-chr14L-2	chr14L	190	47290	58286	beginning
6991_day0	6991	chr12R	SRR33298461.199436	5	7	E-chr12R-5	E-chr4R-7	chr4R	190	47290	58286	beginning
6991_day0	6991	chr12R	SRR33298461.199436	6	7	E-chr12R-6	E-chr4R-7	chr4R	190	47290	58286	beginning
6991_day0	6991	chr12R	SRR33298461.199436	7	7	E-chr12R-7	E-chr4R-6	chr4R	190	47290	58286	beginning
6991_day0	6991	chr12R	SRR33298461.156782	2	7	E-chr12R-2	E-chr14L-2	chr14L	11043	58088	58272	end
6991_day0	6991	chr12R	SRR33298461.156782	3	7	E-chr12R-3	E-chr14L-2	chr14L	11043	58088	58272	end
6991_day0	6991	chr12R	SRR33298461.156782	4	7	E-chr12R-4	E-chr14L-2	chr14L	11043	58088	58272	end
6991_day0	6991	chr12R	SRR33298461.156782	5	7	E-chr12R-5	E-chr4R-7	chr4R	11043	58088	58272	end
6991_day0	6991	chr12R	SRR33298461.156782	6	7	E-chr12R-6	E-chr4R-7	chr4R	11043	58088	58272	end
6991_day0	6991	chr12R	SRR33298461.156782	7	7	E-chr12R-7	E-chr4R-7	chr4R	11043	58088	58272	end
6991_day0	6991	chr12R	SRR33298461.126363	2	7	E-chr12R-2	E-chr4R-7	chr4R	11014	58074	58145	end
6991_day0	6991	chr12R	SRR33298461.126363	3	7	E-chr12R-3	E-chr14L-2	chr14L	11014	58074	58145	end
6991_day0	6991	chr12R	SRR33298461.126363	4	7	E-chr12R-4	E-chr14L-2	chr14L	11014	58074	58145	end
6991_day0	6991	chr12R	SRR33298461.126363	5	7	E-chr12R-5	E-chr14L-2	chr14L	11014	58074	58145	end
6991_day0	6991	chr12R	SRR33298461.126363	6	7	E-chr12R-6	E-chr4R-7	chr4R	11014	58074	58145	end
6991_day0	6991	chr12R	SRR33298461.126363	7	7	E-chr12R-7	E-chr4R-7	chr4R	11014	58074	58145	end
6991_day0	6991	chr12R	SRR33298461.158587	2	7	E-chr12R-2	E-chr14L-2	chr14L	11022	57807	58105	end
6991_day0	6991	chr12R	SRR33298461.158587	3	7	E-chr12R-3	E-chr4R-7	chr4R	11022	57807	58105	end
6991_day0	6991	chr12R	SRR33298461.158587	4	7	E-chr12R-4	E-chr4R-7	chr4R	11022	57807	58105	end
6991_day0	6991	chr12R	SRR33298461.158587	5	7	E-chr12R-5	E-chr4R-5	chr4R	11022	57807	58105	end
6991_day0	6991	chr12R	SRR33298461.158587	6	7	E-chr12R-6	E-chr4R-7	chr4R	11022	57807	58105	end
6991_day0	6991	chr12R	SRR33298461.158587	7	7	E-chr12R-7	E-chr14L-2	chr14L	11022	57807	58105	end
6991_day0	6991	chr12R	SRR33298461.179218	2	7	E-chr12R-2	E-chr4R-6	chr4R	173	47003	58009	beginning
6991_day0	6991	chr12R	SRR33298461.179218	3	7	E-chr12R-3	E-chr4R-6	chr4R	173	47003	58009	beginning
6991_day0	6991	chr12R	SRR33298461.179218	4	7	E-chr12R-4	E-chr4R-7	chr4R	173	47003	58009	beginning
6991_day0	6991	chr12R	SRR33298461.179218	5	7	E-chr12R-5	E-chr4R-6	chr4R	173	47003	58009	beginning
6991_day0	6991	chr12R	SRR33298461.179218	6	7	E-chr12R-6	E-chr4R-7	chr4R	173	47003	58009	beginning
6991_day0	6991	chr12R	SRR33298461.179218	7	7	E-chr12R-7	E-chr4R-6	chr4R	173	47003	58009	beginning
6991_day0	6991	chr12R	SRR33298461.98565	2	7	E-chr12R-2	E-chr4R-7	chr4R	261	47005	57995	beginning
6991_day0	6991	chr12R	SRR33298461.98565	3	7	E-chr12R-3	E-chr4R-6	chr4R	261	47005	57995	beginning
6991_day0	6991	chr12R	SRR33298461.98565	4	7	E-chr12R-4	E-chr4R-7	chr4R	261	47005	57995	beginning
6991_day0	6991	chr12R	SRR33298461.98565	5	7	E-chr12R-5	E-chr14L-2	chr14L	261	47005	57995	beginning
6991_day0	6991	chr12R	SRR33298461.98565	6	7	E-chr12R-6	E-chr4R-7	chr4R	261	47005	57995	beginning
6991_day0	6991	chr12R	SRR33298461.98565	7	7	E-chr12R-7	E-chr4R-6	chr4R	261	47005	57995	beginning
6991_day0	6991	chr12R	SRR33298461.183091	2	7	E-chr12R-2	E-chr4R-6	chr4R	10989	57716	57901	end
6991_day0	6991	chr12R	SRR33298461.183091	3	7	E-chr12R-3	E-chr4R-6	chr4R	10989	57716	57901	end
6991_day0	6991	chr12R	SRR33298461.183091	4	7	E-chr12R-4	E-chr4R-7	chr4R	10989	57716	57901	end
6991_day0	6991	chr12R	SRR33298461.183091	5	7	E-chr12R-5	E-chr4R-7	chr4R	10989	57716	57901	end
6991_day0	6991	chr12R	SRR33298461.183091	6	7	E-chr12R-6	E-chr4R-7	chr4R	10989	57716	57901	end
6991_day0	6991	chr12R	SRR33298461.183091	7	7	E-chr12R-7	E-chr14L-2	chr14L	10989	57716	57901	end
6991_day0	6991	chr12R	SRR33298461.141049	2	7	E-chr12R-2	E-chr4R-6	chr4R	179	47051	57757	beginning
6991_day0	6991	chr12R	SRR33298461.141049	3	7	E-chr12R-3	E-chr4R-7	chr4R	179	47051	57757	beginning
6991_day0	6991	chr12R	SRR33298461.141049	4	7	E-chr12R-4	E-chr4R-6	chr4R	179	47051	57757	beginning
6991_day0	6991	chr12R	SRR33298461.141049	5	7	E-chr12R-5	E-chr4R-7	chr4R	179	47051	57757	beginning
6991_day0	6991	chr12R	SRR33298461.141049	6	7	E-chr12R-6	E-chr4R-7	chr4R	179	47051	57757	beginning
6991_day0	6991	chr12R	SRR33298461.141049	7	7	E-chr12R-7	E-chr4R-6	chr4R	179	47051	57757	beginning
6991_day0	6991	chr12R	SRR33298461.58468	2	7	E-chr12R-2	E-chr14L-2	chr14L	10841	57445	57594	end
6991_day0	6991	chr12R	SRR33298461.58468	3	7	E-chr12R-3	E-chr4R-7	chr4R	10841	57445	57594	end
6991_day0	6991	chr12R	SRR33298461.58468	4	7	E-chr12R-4	E-chr14L-2	chr14L	10841	57445	57594	end
6991_day0	6991	chr12R	SRR33298461.58468	5	7	E-chr12R-5	E-chr4R-7	chr4R	10841	57445	57594	end
6991_day0	6991	chr12R	SRR33298461.58468	6	7	E-chr12R-6	E-chr4R-7	chr4R	10841	57445	57594	end
6991_day0	6991	chr12R	SRR33298461.58468	7	7	E-chr12R-7	E-chr14L-2	chr14L	10841	57445	57594	end
6991_day0	6991	chr12R	SRR33298461.94598	2	7	E-chr12R-2	E-chr4R-7	chr4R	11013	57291	57425	end
6991_day0	6991	chr12R	SRR33298461.94598	3	7	E-chr12R-3	E-chr4R-7	chr4R	11013	57291	57425	end
6991_day0	6991	chr12R	SRR33298461.94598	4	7	E-chr12R-4	E-chr14L-2	chr14L	11013	57291	57425	end
6991_day0	6991	chr12R	SRR33298461.94598	5	7	E-chr12R-5	E-chr4R-7	chr4R	11013	57291	57425	end
6991_day0	6991	chr12R	SRR33298461.94598	6	7	E-chr12R-6	E-chr4R-7	chr4R	11013	57291	57425	end
6991_day0	6991	chr12R	SRR33298461.94598	7	7	E-chr12R-7	E-chr4R-7	chr4R	11013	57291	57425	end
6991_day0	6991	chr12R	SRR33298461.219915	2	7	E-chr12R-2	E-chr4R-6	chr4R	11015	56616	56836	end
6991_day0	6991	chr12R	SRR33298461.219915	3	7	E-chr12R-3	E-chr4R-7	chr4R	11015	56616	56836	end
6991_day0	6991	chr12R	SRR33298461.219915	4	7	E-chr12R-4	E-chr4R-6	chr4R	11015	56616	56836	end
6991_day0	6991	chr12R	SRR33298461.219915	5	7	E-chr12R-5	E-chr4R-7	chr4R	11015	56616	56836	end
6991_day0	6991	chr12R	SRR33298461.219915	6	7	E-chr12R-6	E-chr4R-7	chr4R	11015	56616	56836	end
6991_day0	6991	chr12R	SRR33298461.219915	7	7	E-chr12R-7	E-chr14L-2	chr14L	11015	56616	56836	end
6991_day0	6991	chr12R	SRR33298461.190519	2	7	E-chr12R-2	E-chr4R-7	chr4R	11007	56674	56810	end
6991_day0	6991	chr12R	SRR33298461.190519	3	7	E-chr12R-3	E-chr14L-2	chr14L	11007	56674	56810	end
6991_day0	6991	chr12R	SRR33298461.190519	4	7	E-chr12R-4	E-chr4R-7	chr4R	11007	56674	56810	end
6991_day0	6991	chr12R	SRR33298461.190519	5	7	E-chr12R-5	E-chr4R-7	chr4R	11007	56674	56810	end
6991_day0	6991	chr12R	SRR33298461.190519	6	7	E-chr12R-6	E-chr14L-2	chr14L	11007	56674	56810	end
6991_day0	6991	chr12R	SRR33298461.190519	7	7	E-chr12R-7	E-chr4R-7	chr4R	11007	56674	56810	end
6991_day0	6991	chr12R	SRR33298461.170936	2	7	E-chr12R-2	E-chr4R-7	chr4R	11000	56634	56814	end
6991_day0	6991	chr12R	SRR33298461.170936	3	7	E-chr12R-3	E-chr14L-2	chr14L	11000	56634	56814	end
6991_day0	6991	chr12R	SRR33298461.170936	4	7	E-chr12R-4	E-chr4R-7	chr4R	11000	56634	56814	end
6991_day0	6991	chr12R	SRR33298461.170936	5	7	E-chr12R-5	E-chr14L-2	chr14L	11000	56634	56814	end
6991_day0	6991	chr12R	SRR33298461.170936	6	7	E-chr12R-6	E-chr4R-6	chr4R	11000	56634	56814	end
6991_day0	6991	chr12R	SRR33298461.170936	7	7	E-chr12R-7	E-chr4R-7	chr4R	11000	56634	56814	end
6991_day0	6991	chr12R	SRR33298461.6628	2	7	E-chr12R-2	E-chr4R-7	chr4R	10558	56288	56394	end
6991_day0	6991	chr12R	SRR33298461.6628	3	7	E-chr12R-3	E-chr4R-7	chr4R	10558	56288	56394	end
6991_day0	6991	chr12R	SRR33298461.6628	4	7	E-chr12R-4	E-chr14L-2	chr14L	10558	56288	56394	end
6991_day0	6991	chr12R	SRR33298461.6628	5	7	E-chr12R-5	E-chr14L-2	chr14L	10558	56288	56394	end
6991_day0	6991	chr12R	SRR33298461.6628	6	7	E-chr12R-6	E-chr4R-7	chr4R	10558	56288	56394	end
6991_day0	6991	chr12R	SRR33298461.6628	7	7	E-chr12R-7	E-chr4R-7	chr4R	10558	56288	56394	end
6991_day0	6991	chr12R	SRR33298461.227170	2	7	E-chr12R-2	E-chr4R-7	chr4R	11008	56183	56268	end
6991_day0	6991	chr12R	SRR33298461.227170	3	7	E-chr12R-3	E-chr4R-7	chr4R	11008	56183	56268	end
6991_day0	6991	chr12R	SRR33298461.227170	4	7	E-chr12R-4	E-chr4R-7	chr4R	11008	56183	56268	end
6991_day0	6991	chr12R	SRR33298461.227170	5	7	E-chr12R-5	E-chr14L-2	chr14L	11008	56183	56268	end
6991_day0	6991	chr12R	SRR33298461.227170	6	7	E-chr12R-6	E-chr4R-6	chr4R	11008	56183	56268	end
6991_day0	6991	chr12R	SRR33298461.227170	7	7	E-chr12R-7	E-chr4R-6	chr4R	11008	56183	56268	end
6991_day0	6991	chr12R	SRR33298461.161995	2	7	E-chr12R-2	E-chr4R-6	chr4R	214	43163	54163	beginning
6991_day0	6991	chr12R	SRR33298461.161995	3	7	E-chr12R-3	E-chr4R-7	chr4R	214	43163	54163	beginning
6991_day0	6991	chr12R	SRR33298461.161995	4	7	E-chr12R-4	E-chr4R-7	chr4R	214	43163	54163	beginning
6991_day0	6991	chr12R	SRR33298461.161995	5	7	E-chr12R-5	E-chr4R-7	chr4R	214	43163	54163	beginning
6991_day0	6991	chr12R	SRR33298461.161995	6	7	E-chr12R-6	E-chr4R-6	chr4R	214	43163	54163	beginning
6991_day0	6991	chr12R	SRR33298461.161995	7	7	E-chr12R-7	E-chr4R-7	chr4R	214	43163	54163	beginning
6991_day0	6991	chr12R	SRR33298461.158882	2	7	E-chr12R-2	E-chr4R-7	chr4R	11001	48470	48684	end
6991_day0	6991	chr12R	SRR33298461.158882	3	7	E-chr12R-3	E-chr4R-6	chr4R	11001	48470	48684	end
6991_day0	6991	chr12R	SRR33298461.158882	4	7	E-chr12R-4	E-chr14L-2	chr14L	11001	48470	48684	end
6991_day0	6991	chr12R	SRR33298461.158882	5	7	E-chr12R-5	E-chr14L-2	chr14L	11001	48470	48684	end
6991_day0	6991	chr12R	SRR33298461.158882	6	7	E-chr12R-6	E-chr4R-7	chr4R	11001	48470	48684	end
6991_day0	6991	chr12R	SRR33298461.158882	7	7	E-chr12R-7	E-chr14L-2	chr14L	11001	48470	48684	end
6991_day0	6991	chr13L	SRR33298461.44252	1	1	E-chr13L-1	E-chr2L-1	chr2L	183	5933	16211	beginning
6991_day0	6991	chr13L	SRR33298461.74753	1	1	E-chr13L-1	E-chr14L-5	chr14L	129	5602	15893	beginning
6991_day0	6991	chr14L	SRR33298461.182033	1	5	E-chr14L-1	E-chr7R-1	chr7R	203	30675	46011	beginning
6991_day0	6991	chr14L	SRR33298461.182033	2	5	E-chr14L-2	E-chr4R-6	chr4R	203	30675	46011	beginning
6991_day0	6991	chr14L	SRR33298461.187648	1	5	E-chr14L-1	E-chr7R-1	chr7R	203	30645	45992	beginning
6991_day0	6991	chr14L	SRR33298461.187648	2	5	E-chr14L-2	E-chr4R-7	chr4R	203	30645	45992	beginning
6991_day0	6991	chr14L	SRR33298461.190040	1	5	E-chr14L-1	E-chr7R-1	chr7R	15327	45781	45980	end
6991_day0	6991	chr14L	SRR33298461.190040	2	5	E-chr14L-2	E-chr4R-7	chr4R	15327	45781	45980	end
6991_day0	6991	chr14L	SRR33298461.23233	2	5	E-chr14L-2	E-chr4R-7	chr4R	208	30646	45972	beginning
6991_day0	6991	chr14L	SRR33298461.74544	1	5	E-chr14L-1	E-chr7R-1	chr7R	15326	45779	45966	end
6991_day0	6991	chr14L	SRR33298461.74544	2	5	E-chr14L-2	E-chr4R-7	chr4R	15326	45779	45966	end
6991_day0	6991	chr14L	SRR33298461.16519	1	5	E-chr14L-1	E-chr7R-1	chr7R	15344	45745	45945	end
6991_day0	6991	chr14L	SRR33298461.38303	1	5	E-chr14L-1	E-chr7R-1	chr7R	15336	45794	45943	end
6991_day0	6991	chr14L	SRR33298461.38303	2	5	E-chr14L-2	E-chr4R-7	chr4R	15336	45794	45943	end
6991_day0	6991	chr14L	SRR33298461.139778	2	5	E-chr14L-2	E-chr4R-6	chr4R	191	30608	45929	beginning
6991_day0	6991	chr14L	SRR33298461.137680	1	5	E-chr14L-1	E-chr7R-1	chr7R	164	30599	45173	beginning
6991_day0	6991	chr14L	SRR33298461.137680	2	5	E-chr14L-2	E-chr4R-7	chr4R	164	30599	45173	beginning
6991_day0	6991	chr14L	SRR33298461.67422	1	5	E-chr14L-1	E-chr7R-1	chr7R	15337	45760	45932	end
6991_day0	6991	chr14L	SRR33298461.67422	2	5	E-chr14L-2	E-chr4R-7	chr4R	15337	45760	45932	end
6991_day0	6991	chr14L	SRR33298461.176632	1	5	E-chr14L-1	E-chr7R-1	chr7R	167	30596	45928	beginning
6991_day0	6991	chr14L	SRR33298461.176632	2	5	E-chr14L-2	E-chr4R-7	chr4R	167	30596	45928	beginning
6991_day0	6991	chr14L	SRR33298461.158366	1	5	E-chr14L-1	E-chr7R-1	chr7R	15311	45745	45913	end
6991_day0	6991	chr14L	SRR33298461.158366	2	5	E-chr14L-2	E-chr4R-7	chr4R	15311	45745	45913	end
6991_day0	6991	chr14L	SRR33298461.10014	2	5	E-chr14L-2	E-chr4R-6	chr4R	145	30598	45629	beginning
6991_day0	6991	chr14L	SRR33298461.130319	1	5	E-chr14L-1	E-chr7R-1	chr7R	180	30607	45923	beginning
6991_day0	6991	chr14L	SRR33298461.130319	2	5	E-chr14L-2	E-chr4R-7	chr4R	180	30607	45923	beginning
6991_day0	6991	chr14L	SRR33298461.100592	1	5	E-chr14L-1	E-chr7R-1	chr7R	15324	45718	45916	end
6991_day0	6991	chr14L	SRR33298461.59026	1	5	E-chr14L-1	E-chr7R-1	chr7R	15335	45785	45918	end
6991_day0	6991	chr14L	SRR33298461.64776	1	5	E-chr14L-1	E-chr7R-1	chr7R	15213	45617	45794	end
6991_day0	6991	chr14L	SRR33298461.66754	1	5	E-chr14L-1	E-chr7R-1	chr7R	136	30581	45901	beginning
6991_day0	6991	chr14L	SRR33298461.66754	2	5	E-chr14L-2	E-chr4R-7	chr4R	136	30581	45901	beginning
6991_day0	6991	chr14L	SRR33298461.104005	2	5	E-chr14L-2	E-chr4R-7	chr4R	168	30585	45898	beginning
6991_day0	6991	chr14L	SRR33298461.220514	1	5	E-chr14L-1	E-chr7R-1	chr7R	157	30578	45895	beginning
6991_day0	6991	chr14L	SRR33298461.220514	2	5	E-chr14L-2	E-chr4R-7	chr4R	157	30578	45895	beginning
6991_day0	6991	chr14L	SRR33298461.74945	1	5	E-chr14L-1	E-chr7R-1	chr7R	15139	45598	45695	end
6991_day0	6991	chr14L	SRR33298461.74945	2	5	E-chr14L-2	E-chr4R-7	chr4R	15139	45598	45695	end
6991_day0	6991	chr14L	SRR33298461.196744	2	5	E-chr14L-2	E-chr4R-6	chr4R	218	30568	45877	beginning
6991_day0	6991	chr14L	SRR33298461.183642	2	5	E-chr14L-2	E-chr4R-6	chr4R	163	30556	45880	beginning
6991_day0	6991	chr14L	SRR33298461.226974	1	5	E-chr14L-1	E-chr7R-1	chr7R	15320	45729	45871	end
6991_day0	6991	chr14L	SRR33298461.226974	2	5	E-chr14L-2	E-chr4R-7	chr4R	15320	45729	45871	end
6991_day0	6991	chr14L	SRR33298461.191000	2	5	E-chr14L-2	E-chr4R-6	chr4R	133	30565	45639	beginning
6991_day0	6991	chr14L	SRR33298461.103475	1	5	E-chr14L-1	E-chr7R-1	chr7R	113	30527	45846	beginning
6991_day0	6991	chr14L	SRR33298461.103475	2	5	E-chr14L-2	E-chr4R-6	chr4R	113	30527	45846	beginning
6991_day0	6991	chr14L	SRR33298461.126268	2	5	E-chr14L-2	E-chr4R-7	chr4R	15307	45712	45836	end
6991_day0	6991	chr14L	SRR33298461.34434	2	5	E-chr14L-2	E-chr4R-7	chr4R	15305	45739	45832	end
6991_day0	6991	chr14L	SRR33298461.225870	2	5	E-chr14L-2	E-chr4R-7	chr4R	15321	45717	45817	end
6991_day0	6991	chr14L	SRR33298461.208255	1	5	E-chr14L-1	E-chr7R-1	chr7R	256	30708	45798	beginning
6991_day0	6991	chr14L	SRR33298461.208255	2	5	E-chr14L-2	E-chr4R-7	chr4R	256	30708	45798	beginning
6991_day0	6991	chr14L	SRR33298461.148886	1	5	E-chr14L-1	E-chr7R-1	chr7R	67	30495	43429	beginning
6991_day0	6991	chr14L	SRR33298461.148886	2	5	E-chr14L-2	E-chr4R-7	chr4R	67	30495	43429	beginning
6991_day0	6991	chr14L	SRR33298461.128425	2	5	E-chr14L-2	E-chr4R-7	chr4R	12994	43375	43419	end
6991_day0	6991	chr14L	SRR33298461.132457	2	5	E-chr14L-2	E-chr4R-7	chr4R	185	30612	45711	beginning
6991_day0	6991	chr14L	SRR33298461.204426	2	5	E-chr14L-2	E-chr4R-7	chr4R	15348	45436	45536	end
6991_day0	6991	chr14L	SRR33298461.169772	2	5	E-chr14L-2	E-chr4R-7	chr4R	15001	45361	45423	end
6991_day0	6991	chr14L	SRR33298461.150363	1	5	E-chr14L-1	E-chr7R-1	chr7R	15332	45181	45262	end
6991_day0	6991	chr14L	SRR33298461.134509	1	5	E-chr14L-1	E-chr7R-1	chr7R	14387	44007	44153	end
6991_day0	6991	chr14L	SRR33298461.134509	2	5	E-chr14L-2	E-chr4R-7	chr4R	14387	44007	44153	end
6991_day0	6991	chr14L	SRR33298461.119254	1	5	E-chr14L-1	E-chr7R-1	chr7R	14567	44969	45102	end
6991_day0	6991	chr14L	SRR33298461.119254	2	5	E-chr14L-2	E-chr4R-7	chr4R	14567	44969	45102	end
6991_day0	6991	chr14L	SRR33298461.18656	1	5	E-chr14L-1	E-chr7R-1	chr7R	131	29710	45024	beginning
6991_day0	6991	chr14L	SRR33298461.18656	2	5	E-chr14L-2	E-chr4R-6	chr4R	131	29710	45024	beginning
6991_day0	6991	chr14L	SRR33298461.141894	2	5	E-chr14L-2	E-chr4R-6	chr4R	248	29615	44960	beginning
6991_day0	6991	chr14L	SRR33298461.106298	1	5	E-chr14L-1	E-chr7R-1	chr7R	15328	44093	44184	end
6991_day0	6991	chr14L	SRR33298461.169484	1	5	E-chr14L-1	E-chr7R-1	chr7R	15107	43829	43944	end
6991_day0	6991	chr14L	SRR33298461.169484	2	5	E-chr14L-2	E-chr4R-7	chr4R	15107	43829	43944	end
6991_day0	6991	chr14L	SRR33298461.67085	1	5	E-chr14L-1	E-chr7R-1	chr7R	15334	43886	43996	end
6991_day0	6991	chr14L	SRR33298461.215335	2	5	E-chr14L-2	E-chr4R-6	chr4R	168	28617	43936	beginning
6991_day0	6991	chr14L	SRR33298461.168665	1	5	E-chr14L-1	E-chr7R-1	chr7R	177	28468	43766	beginning
6991_day0	6991	chr14L	SRR33298461.168665	2	5	E-chr14L-2	E-chr4R-7	chr4R	177	28468	43766	beginning
6991_day0	6991	chr14L	SRR33298461.199250	2	5	E-chr14L-2	E-chr4R-7	chr4R	15142	43340	43509	end
6991_day0	6991	chr14L	SRR33298461.152272	1	5	E-chr14L-1	E-chr7R-1	chr7R	14880	41478	41629	end
6991_day0	6991	chr14L	SRR33298461.152272	2	5	E-chr14L-2	E-chr4R-6	chr4R	14880	41478	41629	end
6991_day0	6991	chr14L	SRR33298461.154176	2	5	E-chr14L-2	E-chr4R-7	chr4R	81	25026	40278	beginning
6991_day0	6991	chr14L	SRR33298461.72013	1	5	E-chr14L-1	E-chr7R-1	chr7R	14898	39971	40163	end
6991_day0	6991	chr14L	SRR33298461.72013	2	5	E-chr14L-2	E-chr4R-6	chr4R	14898	39971	40163	end
6991_day0	6991	chr14L	SRR33298461.148081	1	5	E-chr14L-1	E-chr7R-1	chr7R	15306	39950	40021	end
6991_day0	6991	chr14L	SRR33298461.126126	2	5	E-chr14L-2	E-chr4R-7	chr4R	124	23945	39236	beginning
6991_day0	6991	chr14L	SRR33298461.168936	2	5	E-chr14L-2	E-chr4R-6	chr4R	12741	38320	38536	end
6991_day0	6991	chr14L	SRR33298461.168936	5	5	E-chr14L-5	E-chr4R-6	chr4R	12741	38320	38536	end
6991_day0	6991	chr14L	SRR33298461.241694	2	5	E-chr14L-2	E-chr4R-6	chr4R	14573	36800	36921	end
6991_day0	6991	chr14L	SRR33298461.189688	2	5	E-chr14L-2	E-chr4R-6	chr4R	88	23154	36039	beginning
6991_day0	6991	chr16L	SRR33298461.118770	1	1	E-chr16L-1	E-chr7R-1	chr7R	19087	25731	25952	end
6991_day0	6991	chr16L	SRR33298461.10411	1	1	E-chr16L-1	E-chr14L-1	chr14L	19125	25774	25895	end
6991_day0	6991	chr16L	SRR33298461.15871	1	1	E-chr16L-1	E-chr7R-1	chr7R	19084	25723	25847	end
6991_day0	6991	chr16L	SRR33298461.136503	1	1	E-chr16L-1	E-chr14L-1	chr14L	18976	25591	25717	end
6991_day0	6991	chr16L	SRR33298461.68844	1	1	E-chr16L-1	E-chr7R-1	chr7R	18988	24750	24831	end
6991_day0	6991	chr16L	SRR33298461.22082	1	1	E-chr16L-1	E-chr7R-1	chr7R	18929	23600	23746	end
6991_day0	6991	chr16L	SRR33298461.50879	1	1	E-chr16L-1	E-chr7R-1	chr7R	136	5033	23604	beginning
6991_day0	6991	chr16L	SRR33298461.220454	1	1	E-chr16L-1	E-chr7R-1	chr7R	144	5135	23537	beginning
6991_day0	6991	chr16L	SRR33298461.3288	1	1	E-chr16L-1	E-chr7R-1	chr7R	180	5066	20140	beginning
6991_day0	6991	chr4R	SRR33298461.176988	1	7	E-chr4R-1	E-chr14L-2	chr14L	8035	54958	55179	end
6991_day0	6991	chr4R	SRR33298461.176988	2	7	E-chr4R-2	E-chr14L-2	chr14L	8035	54958	55179	end
6991_day0	6991	chr4R	SRR33298461.176988	4	7	E-chr4R-4	E-chr14L-2	chr14L	8035	54958	55179	end
6991_day0	6991	chr4R	SRR33298461.213010	1	7	E-chr4R-1	E-chr14L-2	chr14L	8058	54960	55181	end
6991_day0	6991	chr4R	SRR33298461.213010	2	7	E-chr4R-2	E-chr14L-2	chr14L	8058	54960	55181	end
6991_day0	6991	chr4R	SRR33298461.213010	4	7	E-chr4R-4	E-chr14L-2	chr14L	8058	54960	55181	end
6991_day0	6991	chr4R	SRR33298461.213010	7	7	E-chr4R-7	E-chr14L-2	chr14L	8058	54960	55181	end
6991_day0	6991	chr4R	SRR33298461.49658	2	7	E-chr4R-2	E-chr14L-2	chr14L	8058	54955	55179	end
6991_day0	6991	chr4R	SRR33298461.49658	5	7	E-chr4R-5	E-chr14L-2	chr14L	8058	54955	55179	end
6991_day0	6991	chr4R	SRR33298461.49658	6	7	E-chr4R-6	E-chr14L-2	chr14L	8058	54955	55179	end
6991_day0	6991	chr4R	SRR33298461.49658	7	7	E-chr4R-7	E-chr14L-2	chr14L	8058	54955	55179	end
6991_day0	6991	chr4R	SRR33298461.205416	2	7	E-chr4R-2	E-chr14L-2	chr14L	8052	54962	55183	end
6991_day0	6991	chr4R	SRR33298461.205416	3	7	E-chr4R-3	E-chr14L-2	chr14L	8052	54962	55183	end
6991_day0	6991	chr4R	SRR33298461.176638	2	7	E-chr4R-2	E-chr14L-2	chr14L	8004	54885	55158	end
6991_day0	6991	chr4R	SRR33298461.176638	6	7	E-chr4R-6	E-chr14L-2	chr14L	8004	54885	55158	end
6991_day0	6991	chr4R	SRR33298461.176638	7	7	E-chr4R-7	E-chr14L-2	chr14L	8004	54885	55158	end
6991_day0	6991	chr4R	SRR33298461.207748	1	7	E-chr4R-1	E-chr14L-2	chr14L	8052	54951	55156	end
6991_day0	6991	chr4R	SRR33298461.207748	5	7	E-chr4R-5	E-chr14L-2	chr14L	8052	54951	55156	end
6991_day0	6991	chr4R	SRR33298461.191135	1	7	E-chr4R-1	E-chr14L-2	chr14L	8061	54959	55161	end
6991_day0	6991	chr4R	SRR33298461.191135	2	7	E-chr4R-2	E-chr14L-2	chr14L	8061	54959	55161	end
6991_day0	6991	chr4R	SRR33298461.215463	5	7	E-chr4R-5	E-chr14L-2	chr14L	173	47093	55151	beginning
6991_day0	6991	chr4R	SRR33298461.69019	3	7	E-chr4R-3	E-chr14L-2	chr14L	8037	54922	55122	end
6991_day0	6991	chr4R	SRR33298461.69019	4	7	E-chr4R-4	E-chr14L-2	chr14L	8037	54922	55122	end
6991_day0	6991	chr4R	SRR33298461.69019	7	7	E-chr4R-7	E-chr14L-2	chr14L	8037	54922	55122	end
6991_day0	6991	chr4R	SRR33298461.210058	2	7	E-chr4R-2	E-chr14L-2	chr14L	8053	54940	55132	end
6991_day0	6991	chr4R	SRR33298461.89330	2	7	E-chr4R-2	E-chr14L-2	chr14L	8048	54941	55119	end
6991_day0	6991	chr4R	SRR33298461.89330	6	7	E-chr4R-6	E-chr14L-2	chr14L	8048	54941	55119	end
6991_day0	6991	chr4R	SRR33298461.89330	7	7	E-chr4R-7	E-chr14L-2	chr14L	8048	54941	55119	end
6991_day0	6991	chr4R	SRR33298461.181866	3	7	E-chr4R-3	E-chr14L-2	chr14L	8053	54977	55133	end
6991_day0	6991	chr4R	SRR33298461.181866	4	7	E-chr4R-4	E-chr14L-2	chr14L	8053	54977	55133	end
6991_day0	6991	chr4R	SRR33298461.181866	6	7	E-chr4R-6	E-chr14L-2	chr14L	8053	54977	55133	end
6991_day0	6991	chr4R	SRR33298461.199932	7	7	E-chr4R-7	E-chr14L-2	chr14L	8053	54853	55106	end
6991_day0	6991	chr4R	SRR33298461.123241	1	7	E-chr4R-1	E-chr14L-2	chr14L	8042	54963	55102	end
6991_day0	6991	chr4R	SRR33298461.123241	6	7	E-chr4R-6	E-chr14L-2	chr14L	8042	54963	55102	end
6991_day0	6991	chr4R	SRR33298461.223369	2	7	E-chr4R-2	E-chr14L-2	chr14L	8052	54916	55100	end
6991_day0	6991	chr4R	SRR33298461.223369	4	7	E-chr4R-4	E-chr14L-2	chr14L	8052	54916	55100	end
6991_day0	6991	chr4R	SRR33298461.223369	5	7	E-chr4R-5	E-chr14L-2	chr14L	8052	54916	55100	end
6991_day0	6991	chr4R	SRR33298461.223369	6	7	E-chr4R-6	E-chr14L-2	chr14L	8052	54916	55100	end
6991_day0	6991	chr4R	SRR33298461.223369	7	7	E-chr4R-7	E-chr14L-2	chr14L	8052	54916	55100	end
6991_day0	6991	chr4R	SRR33298461.231607	2	7	E-chr4R-2	E-chr14L-2	chr14L	8074	54927	55103	end
6991_day0	6991	chr4R	SRR33298461.231607	5	7	E-chr4R-5	E-chr14L-2	chr14L	8074	54927	55103	end
6991_day0	6991	chr4R	SRR33298461.231607	6	7	E-chr4R-6	E-chr14L-2	chr14L	8074	54927	55103	end
6991_day0	6991	chr4R	SRR33298461.231607	7	7	E-chr4R-7	E-chr14L-2	chr14L	8074	54927	55103	end
6991_day0	6991	chr4R	SRR33298461.29793	1	7	E-chr4R-1	E-chr14L-2	chr14L	8087	54977	55082	end
6991_day0	6991	chr4R	SRR33298461.29793	2	7	E-chr4R-2	E-chr14L-2	chr14L	8087	54977	55082	end
6991_day0	6991	chr4R	SRR33298461.29793	6	7	E-chr4R-6	E-chr14L-2	chr14L	8087	54977	55082	end
6991_day0	6991	chr4R	SRR33298461.187485	2	7	E-chr4R-2	E-chr14L-2	chr14L	6425	53164	53376	end
6991_day0	6991	chr4R	SRR33298461.187485	3	7	E-chr4R-3	E-chr14L-2	chr14L	6425	53164	53376	end
6991_day0	6991	chr4R	SRR33298461.187485	4	7	E-chr4R-4	E-chr14L-2	chr14L	6425	53164	53376	end
6991_day0	6991	chr4R	SRR33298461.187485	5	7	E-chr4R-5	E-chr14L-2	chr14L	6425	53164	53376	end
6991_day0	6991	chr4R	SRR33298461.114432	2	7	E-chr4R-2	E-chr14L-2	chr14L	8054	54707	54992	end
6991_day0	6991	chr4R	SRR33298461.114432	4	7	E-chr4R-4	E-chr14L-2	chr14L	8054	54707	54992	end
6991_day0	6991	chr4R	SRR33298461.210209	5	7	E-chr4R-5	E-chr14L-2	chr14L	220	46927	53611	beginning
6991_day0	6991	chr4R	SRR33298461.232398	7	7	E-chr4R-7	E-chr14L-2	chr14L	159	46900	52640	beginning
6991_day0	6991	chr4R	SRR33298461.74145	1	7	E-chr4R-1	E-chr14L-2	chr14L	279	46880	54901	beginning
6991_day0	6991	chr4R	SRR33298461.115962	1	7	E-chr4R-1	E-chr14L-2	chr14L	8063	54792	54909	end
6991_day0	6991	chr4R	SRR33298461.115962	2	7	E-chr4R-2	E-chr14L-2	chr14L	8063	54792	54909	end
6991_day0	6991	chr4R	SRR33298461.115962	6	7	E-chr4R-6	E-chr14L-2	chr14L	8063	54792	54909	end
6991_day0	6991	chr4R	SRR33298461.215684	3	7	E-chr4R-3	E-chr14L-2	chr14L	8018	54723	54840	end
6991_day0	6991	chr4R	SRR33298461.215684	7	7	E-chr4R-7	E-chr14L-2	chr14L	8018	54723	54840	end
6991_day0	6991	chr4R	SRR33298461.135936	1	7	E-chr4R-1	E-chr14L-2	chr14L	8023	54688	54808	end
6991_day0	6991	chr4R	SRR33298461.135936	3	7	E-chr4R-3	E-chr14L-2	chr14L	8023	54688	54808	end
6991_day0	6991	chr4R	SRR33298461.135936	4	7	E-chr4R-4	E-chr14L-2	chr14L	8023	54688	54808	end
6991_day0	6991	chr4R	SRR33298461.135936	6	7	E-chr4R-6	E-chr14L-2	chr14L	8023	54688	54808	end
6991_day0	6991	chr4R	SRR33298461.135936	7	7	E-chr4R-7	E-chr14L-2	chr14L	8023	54688	54808	end
6991_day0	6991	chr4R	SRR33298461.130976	1	7	E-chr4R-1	E-chr14L-2	chr14L	8055	54639	54815	end
6991_day0	6991	chr4R	SRR33298461.130976	3	7	E-chr4R-3	E-chr14L-2	chr14L	8055	54639	54815	end
6991_day0	6991	chr4R	SRR33298461.130976	6	7	E-chr4R-6	E-chr14L-2	chr14L	8055	54639	54815	end
6991_day0	6991	chr4R	SRR33298461.192022	1	7	E-chr4R-1	E-chr14L-2	chr14L	8024	54668	54766	end
6991_day0	6991	chr4R	SRR33298461.192022	3	7	E-chr4R-3	E-chr14L-2	chr14L	8024	54668	54766	end
6991_day0	6991	chr4R	SRR33298461.192022	6	7	E-chr4R-6	E-chr14L-2	chr14L	8024	54668	54766	end
6991_day0	6991	chr4R	SRR33298461.192022	7	7	E-chr4R-7	E-chr14L-2	chr14L	8024	54668	54766	end
6991_day0	6991	chr4R	SRR33298461.185348	1	7	E-chr4R-1	E-chr14L-2	chr14L	8056	54618	54761	end
6991_day0	6991	chr4R	SRR33298461.185348	6	7	E-chr4R-6	E-chr14L-2	chr14L	8056	54618	54761	end
6991_day0	6991	chr4R	SRR33298461.185348	7	7	E-chr4R-7	E-chr14L-2	chr14L	8056	54618	54761	end
6991_day0	6991	chr4R	SRR33298461.232894	2	7	E-chr4R-2	E-chr14L-2	chr14L	8036	54574	54743	end
6991_day0	6991	chr4R	SRR33298461.232894	3	7	E-chr4R-3	E-chr14L-2	chr14L	8036	54574	54743	end
6991_day0	6991	chr4R	SRR33298461.232894	4	7	E-chr4R-4	E-chr14L-2	chr14L	8036	54574	54743	end
6991_day0	6991	chr4R	SRR33298461.232894	5	7	E-chr4R-5	E-chr14L-2	chr14L	8036	54574	54743	end
6991_day0	6991	chr4R	SRR33298461.232894	7	7	E-chr4R-7	E-chr14L-2	chr14L	8036	54574	54743	end
6991_day0	6991	chr4R	SRR33298461.72396	2	7	E-chr4R-2	E-chr14L-2	chr14L	8069	54519	54652	end
6991_day0	6991	chr4R	SRR33298461.72396	3	7	E-chr4R-3	E-chr14L-2	chr14L	8069	54519	54652	end
6991_day0	6991	chr4R	SRR33298461.72396	7	7	E-chr4R-7	E-chr14L-2	chr14L	8069	54519	54652	end
6991_day0	6991	chr4R	SRR33298461.208381	1	7	E-chr4R-1	E-chr14L-2	chr14L	8062	54447	54585	end
6991_day0	6991	chr4R	SRR33298461.208381	6	7	E-chr4R-6	E-chr14L-2	chr14L	8062	54447	54585	end
6991_day0	6991	chr4R	SRR33298461.208381	7	7	E-chr4R-7	E-chr14L-2	chr14L	8062	54447	54585	end
6991_day0	6991	chr4R	SRR33298461.221190	3	7	E-chr4R-3	E-chr14L-2	chr14L	8038	54049	54362	end
6991_day0	6991	chr4R	SRR33298461.221190	4	7	E-chr4R-4	E-chr14L-2	chr14L	8038	54049	54362	end
6991_day0	6991	chr4R	SRR33298461.221190	6	7	E-chr4R-6	E-chr14L-2	chr14L	8038	54049	54362	end
6991_day0	6991	chr4R	SRR33298461.221190	7	7	E-chr4R-7	E-chr14L-2	chr14L	8038	54049	54362	end
6991_day0	6991	chr4R	SRR33298461.148768	2	7	E-chr4R-2	E-chr14L-2	chr14L	8026	53920	54052	end
6991_day0	6991	chr4R	SRR33298461.148768	5	7	E-chr4R-5	E-chr14L-2	chr14L	8026	53920	54052	end
6991_day0	6991	chr4R	SRR33298461.148768	6	7	E-chr4R-6	E-chr14L-2	chr14L	8026	53920	54052	end
6991_day0	6991	chr4R	SRR33298461.214275	1	7	E-chr4R-1	E-chr14L-2	chr14L	8054	53694	53796	end
6991_day0	6991	chr4R	SRR33298461.214275	2	7	E-chr4R-2	E-chr14L-2	chr14L	8054	53694	53796	end
6991_day0	6991	chr4R	SRR33298461.214275	5	7	E-chr4R-5	E-chr14L-2	chr14L	8054	53694	53796	end
6991_day0	6991	chr4R	SRR33298461.214275	7	7	E-chr4R-7	E-chr14L-2	chr14L	8054	53694	53796	end
6991_day0	6991	chr4R	SRR33298461.9074	1	7	E-chr4R-1	E-chr14L-2	chr14L	8051	53157	53352	end
6991_day0	6991	chr4R	SRR33298461.9074	2	7	E-chr4R-2	E-chr14L-2	chr14L	8051	53157	53352	end
6991_day0	6991	chr4R	SRR33298461.9074	7	7	E-chr4R-7	E-chr14L-2	chr14L	8051	53157	53352	end
6991_day0	6991	chr4R	SRR33298461.132272	3	7	E-chr4R-3	E-chr14L-2	chr14L	119	45166	53225	beginning
6991_day0	6991	chr4R	SRR33298461.32594	1	7	E-chr4R-1	E-chr14L-2	chr14L	8027	51917	51973	end
6991_day0	6991	chr4R	SRR33298461.32594	3	7	E-chr4R-3	E-chr14L-2	chr14L	8027	51917	51973	end
6991_day0	6991	chr4R	SRR33298461.32594	5	7	E-chr4R-5	E-chr14L-2	chr14L	8027	51917	51973	end
6991_day0	6991	chr4R	SRR33298461.32594	6	7	E-chr4R-6	E-chr14L-2	chr14L	8027	51917	51973	end
6991_day0	6991	chr4R	SRR33298461.22333	1	7	E-chr4R-1	E-chr14L-2	chr14L	8048	51212	51377	end
6991_day0	6991	chr4R	SRR33298461.22333	4	7	E-chr4R-4	E-chr14L-2	chr14L	8048	51212	51377	end
6991_day0	6991	chr4R	SRR33298461.22333	6	7	E-chr4R-6	E-chr14L-2	chr14L	8048	51212	51377	end
6991_day0	6991	chr4R	SRR33298461.134493	1	7	E-chr4R-1	E-chr14L-2	chr14L	5756	48442	48661	end
6991_day0	6991	chr4R	SRR33298461.134493	2	7	E-chr4R-2	E-chr14L-2	chr14L	5756	48442	48661	end
6991_day0	6991	chr4R	SRR33298461.134493	7	7	E-chr4R-7	E-chr14L-2	chr14L	5756	48442	48661	end
6991_day0	6991	chr4R	SRR33298461.235305	5	7	E-chr4R-5	E-chr14L-2	chr14L	149	42821	50882	beginning
6991_day0	6991	chr4R	SRR33298461.35757	6	7	E-chr4R-6	E-chr14L-2	chr14L	142	42791	50842	beginning
6991_day0	6991	chr4R	SRR33298461.141793	2	7	E-chr4R-2	E-chr14L-2	chr14L	264	42928	50588	beginning
6991_day0	6991	chr4R	SRR33298461.141793	5	7	E-chr4R-5	E-chr15R-1	chr15R	264	42928	50588	beginning
6991_day0	6991	chr4R	SRR33298461.173223	1	7	E-chr4R-1	E-chr14L-2	chr14L	106	41990	50018	beginning
6991_day0	6991	chr4R	SRR33298461.173223	4	7	E-chr4R-4	E-chr14L-2	chr14L	106	41990	50018	beginning
6991_day0	6991	chr4R	SRR33298461.97594	1	7	E-chr4R-1	E-chr14L-2	chr14L	6960	45519	45676	end
6991_day0	6991	chr4R	SRR33298461.97594	2	7	E-chr4R-2	E-chr14L-2	chr14L	6960	45519	45676	end
6991_day0	6991	chr4R	SRR33298461.97594	3	7	E-chr4R-3	E-chr14L-2	chr14L	6960	45519	45676	end
6991_day0	6991	chr4R	SRR33298461.116212	2	7	E-chr4R-2	E-chr14L-2	chr14L	8022	45776	45909	end
6991_day0	6991	chr4R	SRR33298461.23185	1	7	E-chr4R-1	E-chr14L-2	chr14L	8042	45680	45873	end
6991_day0	6991	chr4R	SRR33298461.158601	2	7	E-chr4R-2	E-chr14L-2	chr14L	8028	43461	43565	end
6991_day0	6991	chr4R	SRR33298461.158601	3	7	E-chr4R-3	E-chr14L-2	chr14L	8028	43461	43565	end
6991_day0	6991	chr4R	SRR33298461.158601	4	7	E-chr4R-4	E-chr14L-2	chr14L	8028	43461	43565	end
6991_day0	6991	chr4R	SRR33298461.158601	7	7	E-chr4R-7	E-chr14L-2	chr14L	8028	43461	43565	end
6991_day0	6991	chr6L	SRR33298461.181020	1	1	E-chr6L-1	E-chr13L-1	chr13L	218	5636	23796	beginning
6991_day0	6991	chr7R	SRR33298461.95205	1	1	E-chr7R-1	E-chr16L-1	chr16L	14049	20701	20980	end
6991_day0	6991	chr7R	SRR33298461.203570	1	1	E-chr7R-1	E-chr16L-1	chr16L	14030	20678	20841	end
6991_day0	6991	chr7R	SRR33298461.147954	1	1	E-chr7R-1	E-chr16L-1	chr16L	14059	20715	20807	end
6991_day0	6991	chr7R	SRR33298461.51767	1	1	E-chr7R-1	E-chr16L-1	chr16L	13802	20452	20617	end
6991_day0	6991	chr7R	SRR33298461.46612	1	1	E-chr7R-1	E-chr14L-1	chr14L	206	6464	18564	beginning
6991_day0	6991	chr7R	SRR33298461.201899	1	1	E-chr7R-1	E-chr14L-1	chr14L	13222	18103	18241	end
6991_day0	6991	chr7R	SRR33298461.210763	1	1	E-chr7R-1	E-chr16L-1	chr16L	13028	18002	18105	end
6991_day0	6991	chr9L	SRR33298461.132437	1	1	E-chr9L-1	E-chr10L-1	chr10L	23895	29146	29332	end
6991_day0_reference	6991	chr12L	SRR33298378.151832	1	1	E-chr12L-1	E-chr2L-1	chr2L	5614	11056	11173	end
6991_day0_reference	6991	chr12L	SRR33298378.55891	1	1	E-chr12L-1	E-chr16R-1	chr16R	5609	10881	10993	end
6991_day0_reference	6991	chr12L	SRR33298378.479559	1	1	E-chr12L-1	E-chr13L-1	chr13L	5611	10809	10983	end
6991_day0_reference	6991	chr12R	SRR33298378.542618	2	6	E-chr12R-2	E-chr14L-2	chr14L	11046	51710	51819	end
6991_day0_reference	6991	chr12R	SRR33298378.542618	3	6	E-chr12R-3	E-chr4R-3	chr4R	11046	51710	51819	end
6991_day0_reference	6991	chr12R	SRR33298378.542618	4	6	E-chr12R-4	E-chr4R-7	chr4R	11046	51710	51819	end
6991_day0_reference	6991	chr12R	SRR33298378.542618	5	6	E-chr12R-5	E-chr14L-2	chr14L	11046	51710	51819	end
6991_day0_reference	6991	chr12R	SRR33298378.542618	6	6	E-chr12R-6	E-chr14L-2	chr14L	11046	51710	51819	end
6991_day0_reference	6991	chr12R	SRR33298378.718417	2	6	E-chr12R-2	E-chr14L-2	chr14L	11000	51562	51786	end
6991_day0_reference	6991	chr12R	SRR33298378.718417	3	6	E-chr12R-3	E-chr14L-2	chr14L	11000	51562	51786	end
6991_day0_reference	6991	chr12R	SRR33298378.718417	4	6	E-chr12R-4	E-chr14L-2	chr14L	11000	51562	51786	end
6991_day0_reference	6991	chr12R	SRR33298378.718417	5	6	E-chr12R-5	E-chr14L-2	chr14L	11000	51562	51786	end
6991_day0_reference	6991	chr12R	SRR33298378.718417	6	6	E-chr12R-6	E-chr4R-3	chr4R	11000	51562	51786	end
6991_day0_reference	6991	chr12R	SRR33298378.430484	2	6	E-chr12R-2	E-chr4R-3	chr4R	126	40755	51762	beginning
6991_day0_reference	6991	chr12R	SRR33298378.430484	3	6	E-chr12R-3	E-chr4R-3	chr4R	126	40755	51762	beginning
6991_day0_reference	6991	chr12R	SRR33298378.430484	4	6	E-chr12R-4	E-chr4R-7	chr4R	126	40755	51762	beginning
6991_day0_reference	6991	chr12R	SRR33298378.430484	5	6	E-chr12R-5	E-chr4R-3	chr4R	126	40755	51762	beginning
6991_day0_reference	6991	chr12R	SRR33298378.430484	6	6	E-chr12R-6	E-chr4R-7	chr4R	126	40755	51762	beginning
6991_day0_reference	6991	chr12R	SRR33298378.163128	2	6	E-chr12R-2	E-chr4R-3	chr4R	10992	51502	51759	end
6991_day0_reference	6991	chr12R	SRR33298378.163128	3	6	E-chr12R-3	E-chr14L-2	chr14L	10992	51502	51759	end
6991_day0_reference	6991	chr12R	SRR33298378.163128	4	6	E-chr12R-4	E-chr14L-2	chr14L	10992	51502	51759	end
6991_day0_reference	6991	chr12R	SRR33298378.163128	5	6	E-chr12R-5	E-chr4R-3	chr4R	10992	51502	51759	end
6991_day0_reference	6991	chr12R	SRR33298378.163128	6	6	E-chr12R-6	E-chr14L-2	chr14L	10992	51502	51759	end
6991_day0_reference	6991	chr12R	SRR33298378.649656	2	6	E-chr12R-2	E-chr4R-7	chr4R	182	40773	51754	beginning
6991_day0_reference	6991	chr12R	SRR33298378.649656	3	6	E-chr12R-3	E-chr4R-7	chr4R	182	40773	51754	beginning
6991_day0_reference	6991	chr12R	SRR33298378.649656	4	6	E-chr12R-4	E-chr4R-7	chr4R	182	40773	51754	beginning
6991_day0_reference	6991	chr12R	SRR33298378.649656	5	6	E-chr12R-5	E-chr4R-7	chr4R	182	40773	51754	beginning
6991_day0_reference	6991	chr12R	SRR33298378.649656	6	6	E-chr12R-6	E-chr4R-3	chr4R	182	40773	51754	beginning
6991_day0_reference	6991	chr12R	SRR33298378.355141	2	6	E-chr12R-2	E-chr4R-7	chr4R	185	40738	51763	beginning
6991_day0_reference	6991	chr12R	SRR33298378.355141	3	6	E-chr12R-3	E-chr4R-3	chr4R	185	40738	51763	beginning
6991_day0_reference	6991	chr12R	SRR33298378.355141	4	6	E-chr12R-4	E-chr14L-2	chr14L	185	40738	51763	beginning
6991_day0_reference	6991	chr12R	SRR33298378.355141	5	6	E-chr12R-5	E-chr4R-3	chr4R	185	40738	51763	beginning
6991_day0_reference	6991	chr12R	SRR33298378.355141	6	6	E-chr12R-6	E-chr4R-7	chr4R	185	40738	51763	beginning
6991_day0_reference	6991	chr12R	SRR33298378.330584	2	6	E-chr12R-2	E-chr4R-7	chr4R	165	40729	50514	beginning
6991_day0_reference	6991	chr12R	SRR33298378.330584	3	6	E-chr12R-3	E-chr4R-7	chr4R	165	40729	50514	beginning
6991_day0_reference	6991	chr12R	SRR33298378.330584	4	6	E-chr12R-4	E-chr4R-7	chr4R	165	40729	50514	beginning
6991_day0_reference	6991	chr12R	SRR33298378.330584	5	6	E-chr12R-5	E-chr4R-3	chr4R	165	40729	50514	beginning
6991_day0_reference	6991	chr12R	SRR33298378.330584	6	6	E-chr12R-6	E-chr4R-3	chr4R	165	40729	50514	beginning
6991_day0_reference	6991	chr12R	SRR33298378.326451	2	6	E-chr12R-2	E-chr4R-3	chr4R	9188	49735	49906	end
6991_day0_reference	6991	chr12R	SRR33298378.326451	3	6	E-chr12R-3	E-chr4R-3	chr4R	9188	49735	49906	end
6991_day0_reference	6991	chr12R	SRR33298378.326451	4	6	E-chr12R-4	E-chr14L-2	chr14L	9188	49735	49906	end
6991_day0_reference	6991	chr12R	SRR33298378.326451	5	6	E-chr12R-5	E-chr4R-3	chr4R	9188	49735	49906	end
6991_day0_reference	6991	chr12R	SRR33298378.326451	6	6	E-chr12R-6	E-chr14L-2	chr14L	9188	49735	49906	end
6991_day0_reference	6991	chr12R	SRR33298378.490872	2	6	E-chr12R-2	E-chr4R-3	chr4R	11003	51513	51731	end
6991_day0_reference	6991	chr12R	SRR33298378.490872	3	6	E-chr12R-3	E-chr14L-2	chr14L	11003	51513	51731	end
6991_day0_reference	6991	chr12R	SRR33298378.490872	4	6	E-chr12R-4	E-chr4R-3	chr4R	11003	51513	51731	end
6991_day0_reference	6991	chr12R	SRR33298378.490872	5	6	E-chr12R-5	E-chr4R-3	chr4R	11003	51513	51731	end
6991_day0_reference	6991	chr12R	SRR33298378.490872	6	6	E-chr12R-6	E-chr14L-2	chr14L	11003	51513	51731	end
6991_day0_reference	6991	chr12R	SRR33298378.531361	2	6	E-chr12R-2	E-chr4R-7	chr4R	135	40705	51725	beginning
6991_day0_reference	6991	chr12R	SRR33298378.531361	3	6	E-chr12R-3	E-chr4R-7	chr4R	135	40705	51725	beginning
6991_day0_reference	6991	chr12R	SRR33298378.531361	4	6	E-chr12R-4	E-chr4R-3	chr4R	135	40705	51725	beginning
6991_day0_reference	6991	chr12R	SRR33298378.531361	5	6	E-chr12R-5	E-chr4R-3	chr4R	135	40705	51725	beginning
6991_day0_reference	6991	chr12R	SRR33298378.531361	6	6	E-chr12R-6	E-chr4R-7	chr4R	135	40705	51725	beginning
6991_day0_reference	6991	chr12R	SRR33298378.429878	2	6	E-chr12R-2	E-chr4R-3	chr4R	169	40719	51718	beginning
6991_day0_reference	6991	chr12R	SRR33298378.429878	3	6	E-chr12R-3	E-chr4R-7	chr4R	169	40719	51718	beginning
6991_day0_reference	6991	chr12R	SRR33298378.429878	4	6	E-chr12R-4	E-chr4R-3	chr4R	169	40719	51718	beginning
6991_day0_reference	6991	chr12R	SRR33298378.429878	5	6	E-chr12R-5	E-chr4R-7	chr4R	169	40719	51718	beginning
6991_day0_reference	6991	chr12R	SRR33298378.429878	6	6	E-chr12R-6	E-chr4R-7	chr4R	169	40719	51718	beginning
6991_day0_reference	6991	chr12R	SRR33298378.361625	2	6	E-chr12R-2	E-chr4R-7	chr4R	101	40701	51716	beginning
6991_day0_reference	6991	chr12R	SRR33298378.361625	3	6	E-chr12R-3	E-chr4R-3	chr4R	101	40701	51716	beginning
6991_day0_reference	6991	chr12R	SRR33298378.361625	4	6	E-chr12R-4	E-chr4R-7	chr4R	101	40701	51716	beginning
6991_day0_reference	6991	chr12R	SRR33298378.361625	5	6	E-chr12R-5	E-chr4R-7	chr4R	101	40701	51716	beginning
6991_day0_reference	6991	chr12R	SRR33298378.361625	6	6	E-chr12R-6	E-chr4R-7	chr4R	101	40701	51716	beginning
6991_day0_reference	6991	chr12R	SRR33298378.585713	2	6	E-chr12R-2	E-chr4R-3	chr4R	149	40698	51702	beginning
6991_day0_reference	6991	chr12R	SRR33298378.585713	3	6	E-chr12R-3	E-chr4R-3	chr4R	149	40698	51702	beginning
6991_day0_reference	6991	chr12R	SRR33298378.585713	4	6	E-chr12R-4	E-chr4R-3	chr4R	149	40698	51702	beginning
6991_day0_reference	6991	chr12R	SRR33298378.585713	5	6	E-chr12R-5	E-chr4R-7	chr4R	149	40698	51702	beginning
6991_day0_reference	6991	chr12R	SRR33298378.585713	6	6	E-chr12R-6	E-chr4R-3	chr4R	149	40698	51702	beginning
6991_day0_reference	6991	chr12R	SRR33298378.668851	2	6	E-chr12R-2	E-chr4R-7	chr4R	213	40684	51715	beginning
6991_day0_reference	6991	chr12R	SRR33298378.668851	3	6	E-chr12R-3	E-chr4R-7	chr4R	213	40684	51715	beginning
6991_day0_reference	6991	chr12R	SRR33298378.668851	4	6	E-chr12R-4	E-chr4R-3	chr4R	213	40684	51715	beginning
6991_day0_reference	6991	chr12R	SRR33298378.668851	5	6	E-chr12R-5	E-chr4R-7	chr4R	213	40684	51715	beginning
6991_day0_reference	6991	chr12R	SRR33298378.668851	6	6	E-chr12R-6	E-chr4R-3	chr4R	213	40684	51715	beginning
6991_day0_reference	6991	chr12R	SRR33298378.510121	2	6	E-chr12R-2	E-chr14L-2	chr14L	11015	51499	51697	end
6991_day0_reference	6991	chr12R	SRR33298378.510121	3	6	E-chr12R-3	E-chr4R-3	chr4R	11015	51499	51697	end
6991_day0_reference	6991	chr12R	SRR33298378.510121	4	6	E-chr12R-4	E-chr4R-7	chr4R	11015	51499	51697	end
6991_day0_reference	6991	chr12R	SRR33298378.510121	5	6	E-chr12R-5	E-chr14L-2	chr14L	11015	51499	51697	end
6991_day0_reference	6991	chr12R	SRR33298378.510121	6	6	E-chr12R-6	E-chr14L-2	chr14L	11015	51499	51697	end
6991_day0_reference	6991	chr12R	SRR33298378.485893	2	6	E-chr12R-2	E-chr4R-3	chr4R	10315	50856	51005	end
6991_day0_reference	6991	chr12R	SRR33298378.485893	3	6	E-chr12R-3	E-chr14L-2	chr14L	10315	50856	51005	end
6991_day0_reference	6991	chr12R	SRR33298378.485893	4	6	E-chr12R-4	E-chr14L-2	chr14L	10315	50856	51005	end
6991_day0_reference	6991	chr12R	SRR33298378.485893	5	6	E-chr12R-5	E-chr14L-2	chr14L	10315	50856	51005	end
6991_day0_reference	6991	chr12R	SRR33298378.485893	6	6	E-chr12R-6	E-chr4R-3	chr4R	10315	50856	51005	end
6991_day0_reference	6991	chr12R	SRR33298378.48481	2	6	E-chr12R-2	E-chr4R-3	chr4R	167	40686	51653	beginning
6991_day0_reference	6991	chr12R	SRR33298378.48481	3	6	E-chr12R-3	E-chr4R-7	chr4R	167	40686	51653	beginning
6991_day0_reference	6991	chr12R	SRR33298378.48481	4	6	E-chr12R-4	E-chr4R-7	chr4R	167	40686	51653	beginning
6991_day0_reference	6991	chr12R	SRR33298378.48481	5	6	E-chr12R-5	E-chr4R-3	chr4R	167	40686	51653	beginning
6991_day0_reference	6991	chr12R	SRR33298378.48481	6	6	E-chr12R-6	E-chr4R-7	chr4R	167	40686	51653	beginning
6991_day0_reference	6991	chr12R	SRR33298378.489297	2	6	E-chr12R-2	E-chr4R-3	chr4R	11026	51571	51692	end
6991_day0_reference	6991	chr12R	SRR33298378.489297	3	6	E-chr12R-3	E-chr14L-2	chr14L	11026	51571	51692	end
6991_day0_reference	6991	chr12R	SRR33298378.489297	4	6	E-chr12R-4	E-chr14L-2	chr14L	11026	51571	51692	end
6991_day0_reference	6991	chr12R	SRR33298378.489297	5	6	E-chr12R-5	E-chr14L-2	chr14L	11026	51571	51692	end
6991_day0_reference	6991	chr12R	SRR33298378.489297	6	6	E-chr12R-6	E-chr14L-2	chr14L	11026	51571	51692	end
6991_day0_reference	6991	chr12R	SRR33298378.162270	2	6	E-chr12R-2	E-chr4R-3	chr4R	125	40654	51650	beginning
6991_day0_reference	6991	chr12R	SRR33298378.162270	3	6	E-chr12R-3	E-chr4R-3	chr4R	125	40654	51650	beginning
6991_day0_reference	6991	chr12R	SRR33298378.162270	4	6	E-chr12R-4	E-chr4R-7	chr4R	125	40654	51650	beginning
6991_day0_reference	6991	chr12R	SRR33298378.162270	5	6	E-chr12R-5	E-chr4R-3	chr4R	125	40654	51650	beginning
6991_day0_reference	6991	chr12R	SRR33298378.162270	6	6	E-chr12R-6	E-chr4R-7	chr4R	125	40654	51650	beginning
6991_day0_reference	6991	chr12R	SRR33298378.578988	2	6	E-chr12R-2	E-chr4R-3	chr4R	11001	51487	51618	end
6991_day0_reference	6991	chr12R	SRR33298378.578988	3	6	E-chr12R-3	E-chr14L-2	chr14L	11001	51487	51618	end
6991_day0_reference	6991	chr12R	SRR33298378.578988	4	6	E-chr12R-4	E-chr14L-2	chr14L	11001	51487	51618	end
6991_day0_reference	6991	chr12R	SRR33298378.578988	5	6	E-chr12R-5	E-chr4R-3	chr4R	11001	51487	51618	end
6991_day0_reference	6991	chr12R	SRR33298378.578988	6	6	E-chr12R-6	E-chr4R-3	chr4R	11001	51487	51618	end
6991_day0_reference	6991	chr12R	SRR33298378.34041	2	6	E-chr12R-2	E-chr14L-2	chr14L	11018	51547	51622	end
6991_day0_reference	6991	chr12R	SRR33298378.34041	3	6	E-chr12R-3	E-chr4R-3	chr4R	11018	51547	51622	end
6991_day0_reference	6991	chr12R	SRR33298378.34041	4	6	E-chr12R-4	E-chr14L-2	chr14L	11018	51547	51622	end
6991_day0_reference	6991	chr12R	SRR33298378.34041	5	6	E-chr12R-5	E-chr4R-3	chr4R	11018	51547	51622	end
6991_day0_reference	6991	chr12R	SRR33298378.34041	6	6	E-chr12R-6	E-chr14L-2	chr14L	11018	51547	51622	end
6991_day0_reference	6991	chr12R	SRR33298378.102541	2	6	E-chr12R-2	E-chr4R-3	chr4R	172	40635	51607	beginning
6991_day0_reference	6991	chr12R	SRR33298378.102541	3	6	E-chr12R-3	E-chr4R-7	chr4R	172	40635	51607	beginning
6991_day0_reference	6991	chr12R	SRR33298378.102541	4	6	E-chr12R-4	E-chr4R-7	chr4R	172	40635	51607	beginning
6991_day0_reference	6991	chr12R	SRR33298378.102541	5	6	E-chr12R-5	E-chr4R-7	chr4R	172	40635	51607	beginning
6991_day0_reference	6991	chr12R	SRR33298378.102541	6	6	E-chr12R-6	E-chr4R-7	chr4R	172	40635	51607	beginning
6991_day0_reference	6991	chr12R	SRR33298378.227626	2	6	E-chr12R-2	E-chr14L-2	chr14L	11019	51477	51594	end
6991_day0_reference	6991	chr12R	SRR33298378.227626	3	6	E-chr12R-3	E-chr14L-2	chr14L	11019	51477	51594	end
6991_day0_reference	6991	chr12R	SRR33298378.227626	4	6	E-chr12R-4	E-chr14L-2	chr14L	11019	51477	51594	end
6991_day0_reference	6991	chr12R	SRR33298378.227626	5	6	E-chr12R-5	E-chr14L-2	chr14L	11019	51477	51594	end
6991_day0_reference	6991	chr12R	SRR33298378.227626	6	6	E-chr12R-6	E-chr14L-2	chr14L	11019	51477	51594	end
6991_day0_reference	6991	chr12R	SRR33298378.262304	2	6	E-chr12R-2	E-chr4R-3	chr4R	11006	51435	51556	end
6991_day0_reference	6991	chr12R	SRR33298378.262304	3	6	E-chr12R-3	E-chr4R-3	chr4R	11006	51435	51556	end
6991_day0_reference	6991	chr12R	SRR33298378.262304	4	6	E-chr12R-4	E-chr14L-2	chr14L	11006	51435	51556	end
6991_day0_reference	6991	chr12R	SRR33298378.262304	5	6	E-chr12R-5	E-chr14L-2	chr14L	11006	51435	51556	end
6991_day0_reference	6991	chr12R	SRR33298378.262304	6	6	E-chr12R-6	E-chr4R-7	chr4R	11006	51435	51556	end
6991_day0_reference	6991	chr12R	SRR33298378.270112	2	6	E-chr12R-2	E-chr14L-2	chr14L	10964	51365	51526	end
6991_day0_reference	6991	chr12R	SRR33298378.270112	3	6	E-chr12R-3	E-chr14L-2	chr14L	10964	51365	51526	end
6991_day0_reference	6991	chr12R	SRR33298378.270112	4	6	E-chr12R-4	E-chr4R-3	chr4R	10964	51365	51526	end
6991_day0_reference	6991	chr12R	SRR33298378.270112	5	6	E-chr12R-5	E-chr14L-2	chr14L	10964	51365	51526	end
6991_day0_reference	6991	chr12R	SRR33298378.270112	6	6	E-chr12R-6	E-chr14L-2	chr14L	10964	51365	51526	end
6991_day0_reference	6991	chr12R	SRR33298378.228392	2	6	E-chr12R-2	E-chr4R-3	chr4R	10998	51376	51522	end
6991_day0_reference	6991	chr12R	SRR33298378.228392	3	6	E-chr12R-3	E-chr14L-2	chr14L	10998	51376	51522	end
6991_day0_reference	6991	chr12R	SRR33298378.228392	4	6	E-chr12R-4	E-chr14L-2	chr14L	10998	51376	51522	end
6991_day0_reference	6991	chr12R	SRR33298378.228392	5	6	E-chr12R-5	E-chr4R-3	chr4R	10998	51376	51522	end
6991_day0_reference	6991	chr12R	SRR33298378.228392	6	6	E-chr12R-6	E-chr14L-2	chr14L	10998	51376	51522	end
6991_day0_reference	6991	chr12R	SRR33298378.534157	2	6	E-chr12R-2	E-chr14L-2	chr14L	10978	51415	51487	end
6991_day0_reference	6991	chr12R	SRR33298378.534157	3	6	E-chr12R-3	E-chr14L-2	chr14L	10978	51415	51487	end
6991_day0_reference	6991	chr12R	SRR33298378.534157	4	6	E-chr12R-4	E-chr4R-3	chr4R	10978	51415	51487	end
6991_day0_reference	6991	chr12R	SRR33298378.534157	5	6	E-chr12R-5	E-chr4R-3	chr4R	10978	51415	51487	end
6991_day0_reference	6991	chr12R	SRR33298378.534157	6	6	E-chr12R-6	E-chr4R-3	chr4R	10978	51415	51487	end
6991_day0_reference	6991	chr12R	SRR33298378.220352	2	6	E-chr12R-2	E-chr4R-3	chr4R	10971	51328	51480	end
6991_day0_reference	6991	chr12R	SRR33298378.220352	3	6	E-chr12R-3	E-chr4R-7	chr4R	10971	51328	51480	end
6991_day0_reference	6991	chr12R	SRR33298378.220352	4	6	E-chr12R-4	E-chr4R-3	chr4R	10971	51328	51480	end
6991_day0_reference	6991	chr12R	SRR33298378.220352	5	6	E-chr12R-5	E-chr4R-3	chr4R	10971	51328	51480	end
6991_day0_reference	6991	chr12R	SRR33298378.220352	6	6	E-chr12R-6	E-chr14L-2	chr14L	10971	51328	51480	end
6991_day0_reference	6991	chr12R	SRR33298378.155586	2	6	E-chr12R-2	E-chr14L-2	chr14L	10981	51337	51441	end
6991_day0_reference	6991	chr12R	SRR33298378.155586	3	6	E-chr12R-3	E-chr14L-2	chr14L	10981	51337	51441	end
6991_day0_reference	6991	chr12R	SRR33298378.155586	4	6	E-chr12R-4	E-chr4R-3	chr4R	10981	51337	51441	end
6991_day0_reference	6991	chr12R	SRR33298378.155586	5	6	E-chr12R-5	E-chr4R-3	chr4R	10981	51337	51441	end
6991_day0_reference	6991	chr12R	SRR33298378.155586	6	6	E-chr12R-6	E-chr4R-3	chr4R	10981	51337	51441	end
6991_day0_reference	6991	chr12R	SRR33298378.610009	2	6	E-chr12R-2	E-chr4R-7	chr4R	192	40793	49926	beginning
6991_day0_reference	6991	chr12R	SRR33298378.610009	3	6	E-chr12R-3	E-chr4R-7	chr4R	192	40793	49926	beginning
6991_day0_reference	6991	chr12R	SRR33298378.610009	4	6	E-chr12R-4	E-chr4R-7	chr4R	192	40793	49926	beginning
6991_day0_reference	6991	chr12R	SRR33298378.610009	5	6	E-chr12R-5	E-chr4R-3	chr4R	192	40793	49926	beginning
6991_day0_reference	6991	chr12R	SRR33298378.610009	6	6	E-chr12R-6	E-chr4R-3	chr4R	192	40793	49926	beginning
6991_day0_reference	6991	chr13L	SRR33298378.275479	1	1	E-chr13L-1	E-chr9L-1	chr9L	260	6969	17357	beginning
6991_day0_reference	6991	chr13L	SRR33298378.42439	1	1	E-chr13L-1	E-chr10L-1	chr10L	10350	17224	17358	end
6991_day0_reference	6991	chr13L	SRR33298378.265251	1	1	E-chr13L-1	E-chr2L-1	chr2L	10309	16312	16398	end
6991_day0_reference	6991	chr13L	SRR33298378.159765	1	1	E-chr13L-1	E-chr2L-1	chr2L	110	6092	16365	beginning
6991_day0_reference	6991	chr13L	SRR33298378.87133	1	1	E-chr13L-1	E-chr14L-5	chr14L	10280	15854	15964	end
6991_day0_reference	6991	chr13L	SRR33298378.580792	1	1	E-chr13L-1	E-chr14L-5	chr14L	10312	15788	15873	end
6991_day0_reference	6991	chr14L	SRR33298378.433915	2	5	E-chr14L-2	E-chr4R-5	chr4R	15311	45640	47428	end
6991_day0_reference	6991	chr14L	SRR33298378.621939	2	5	E-chr14L-2	E-chr4R-3	chr4R	327	30756	46074	beginning
6991_day0_reference	6991	chr14L	SRR33298378.102970	2	5	E-chr14L-2	E-chr4R-3	chr4R	323	30735	46063	beginning
6991_day0_reference	6991	chr14L	SRR33298378.532997	2	5	E-chr14L-2	E-chr4R-7	chr4R	248	30709	46053	beginning
6991_day0_reference	6991	chr14L	SRR33298378.422717	2	5	E-chr14L-2	E-chr4R-3	chr4R	256	30745	46012	beginning
6991_day0_reference	6991	chr14L	SRR33298378.327215	2	5	E-chr14L-2	E-chr4R-3	chr4R	258	30706	45602	beginning
6991_day0_reference	6991	chr14L	SRR33298378.656970	2	5	E-chr14L-2	E-chr4R-3	chr4R	234	30715	46011	beginning
6991_day0_reference	6991	chr14L	SRR33298378.308176	2	5	E-chr14L-2	E-chr4R-3	chr4R	254	30679	46003	beginning
6991_day0_reference	6991	chr14L	SRR33298378.553680	2	5	E-chr14L-2	E-chr4R-7	chr4R	160	30671	46000	beginning
6991_day0_reference	6991	chr14L	SRR33298378.200034	2	5	E-chr14L-2	E-chr4R-3	chr4R	15325	45753	45999	end
6991_day0_reference	6991	chr14L	SRR33298378.404742	2	5	E-chr14L-2	E-chr4R-7	chr4R	232	30669	45994	beginning
6991_day0_reference	6991	chr14L	SRR33298378.462699	2	5	E-chr14L-2	E-chr4R-3	chr4R	15309	45725	45966	end
6991_day0_reference	6991	chr14L	SRR33298378.689817	2	5	E-chr14L-2	E-chr4R-3	chr4R	219	30661	45970	beginning
6991_day0_reference	6991	chr14L	SRR33298378.585839	2	5	E-chr14L-2	E-chr4R-7	chr4R	253	30650	45975	beginning
6991_day0_reference	6991	chr14L	SRR33298378.602178	2	5	E-chr14L-2	E-chr4R-7	chr4R	243	30676	45977	beginning
6991_day0_reference	6991	chr14L	SRR33298378.672244	2	5	E-chr14L-2	E-chr4R-3	chr4R	214	30651	45966	beginning
6991_day0_reference	6991	chr14L	SRR33298378.398617	2	5	E-chr14L-2	E-chr4R-7	chr4R	186	30645	45965	beginning
6991_day0_reference	6991	chr14L	SRR33298378.400766	2	5	E-chr14L-2	E-chr4R-3	chr4R	196	30631	45962	beginning
6991_day0_reference	6991	chr14L	SRR33298378.77293	2	5	E-chr14L-2	E-chr4R-7	chr4R	208	30628	45648	beginning
6991_day0_reference	6991	chr14L	SRR33298378.572141	2	5	E-chr14L-2	E-chr4R-3	chr4R	272	30629	45946	beginning
6991_day0_reference	6991	chr14L	SRR33298378.401138	2	5	E-chr14L-2	E-chr4R-3	chr4R	186	30624	45938	beginning
6991_day0_reference	6991	chr14L	SRR33298378.423115	2	5	E-chr14L-2	E-chr4R-3	chr4R	15321	45739	45947	end
6991_day0_reference	6991	chr14L	SRR33298378.271318	2	5	E-chr14L-2	E-chr4R-7	chr4R	258	30627	45930	beginning
6991_day0_reference	6991	chr14L	SRR33298378.521657	2	5	E-chr14L-2	E-chr4R-7	chr4R	183	30613	45905	beginning
6991_day0_reference	6991	chr14L	SRR33298378.182117	2	5	E-chr14L-2	E-chr4R-7	chr4R	215	30598	45930	beginning
6991_day0_reference	6991	chr14L	SRR33298378.404085	2	5	E-chr14L-2	E-chr4R-7	chr4R	172	30600	45921	beginning
6991_day0_reference	6991	chr14L	SRR33298378.713833	2	5	E-chr14L-2	E-chr4R-7	chr4R	220	30622	45899	beginning
6991_day0_reference	6991	chr14L	SRR33298378.214332	2	5	E-chr14L-2	E-chr4R-3	chr4R	197	30587	45909	beginning
6991_day0_reference	6991	chr14L	SRR33298378.99583	2	5	E-chr14L-2	E-chr4R-3	chr4R	187	30601	45903	beginning
6991_day0_reference	6991	chr14L	SRR33298378.207521	2	5	E-chr14L-2	E-chr4R-3	chr4R	179	30587	45910	beginning
6991_day0_reference	6991	chr14L	SRR33298378.639672	2	5	E-chr14L-2	E-chr4R-3	chr4R	134	30553	45896	beginning
6991_day0_reference	6991	chr14L	SRR33298378.230634	2	5	E-chr14L-2	E-chr4R-3	chr4R	157	30595	45907	beginning
6991_day0_reference	6991	chr14L	SRR33298378.270558	2	5	E-chr14L-2	E-chr4R-7	chr4R	168	30589	45905	beginning
6991_day0_reference	6991	chr14L	SRR33298378.19627	2	5	E-chr14L-2	E-chr4R-3	chr4R	15296	45720	45914	end
6991_day0_reference	6991	chr14L	SRR33298378.230849	2	5	E-chr14L-2	E-chr4R-3	chr4R	15364	45750	45939	end
6991_day0_reference	6991	chr14L	SRR33298378.570872	2	5	E-chr14L-2	E-chr4R-3	chr4R	15313	45709	45892	end
6991_day0_reference	6991	chr14L	SRR33298378.359886	2	5	E-chr14L-2	E-chr4R-3	chr4R	15325	45759	45897	end
6991_day0_reference	6991	chr14L	SRR33298378.676804	2	5	E-chr14L-2	E-chr4R-3	chr4R	15330	45740	45900	end
6991_day0_reference	6991	chr14L	SRR33298378.196787	2	5	E-chr14L-2	E-chr4R-7	chr4R	150	30593	45884	beginning
6991_day0_reference	6991	chr14L	SRR33298378.238074	2	5	E-chr14L-2	E-chr4R-7	chr4R	145	30573	45905	beginning
6991_day0_reference	6991	chr14L	SRR33298378.86801	2	5	E-chr14L-2	E-chr4R-7	chr4R	167	30583	45902	beginning
6991_day0_reference	6991	chr14L	SRR33298378.91916	1	5	E-chr14L-1	E-chr7R-1	chr7R	15321	45719	45900	end
6991_day0_reference	6991	chr14L	SRR33298378.270657	2	5	E-chr14L-2	E-chr4R-7	chr4R	127	30570	45894	beginning
6991_day0_reference	6991	chr14L	SRR33298378.361819	2	5	E-chr14L-2	E-chr4R-3	chr4R	157	30557	45905	beginning
6991_day0_reference	6991	chr14L	SRR33298378.520572	2	5	E-chr14L-2	E-chr4R-3	chr4R	15330	45746	45886	end
6991_day0_reference	6991	chr14L	SRR33298378.572581	2	5	E-chr14L-2	E-chr4R-7	chr4R	141	30571	45887	beginning
6991_day0_reference	6991	chr14L	SRR33298378.666611	2	5	E-chr14L-2	E-chr4R-3	chr4R	15312	45737	45890	end
6991_day0_reference	6991	chr14L	SRR33298378.513122	2	5	E-chr14L-2	E-chr4R-3	chr4R	158	30572	44313	beginning
6991_day0_reference	6991	chr14L	SRR33298378.215197	2	5	E-chr14L-2	E-chr4R-3	chr4R	15297	45708	45864	end
6991_day0_reference	6991	chr14L	SRR33298378.430229	2	5	E-chr14L-2	E-chr4R-3	chr4R	149	30569	45882	beginning
6991_day0_reference	6991	chr14L	SRR33298378.381065	2	5	E-chr14L-2	E-chr4R-3	chr4R	150	30554	45860	beginning
6991_day0_reference	6991	chr14L	SRR33298378.709055	2	5	E-chr14L-2	E-chr4R-3	chr4R	15332	45702	45879	end
6991_day0_reference	6991	chr14L	SRR33298378.273645	2	5	E-chr14L-2	E-chr4R-3	chr4R	138	30551	45850	beginning
6991_day0_reference	6991	chr14L	SRR33298378.109903	2	5	E-chr14L-2	E-chr4R-3	chr4R	15303	45722	45868	end
6991_day0_reference	6991	chr14L	SRR33298378.310924	2	5	E-chr14L-2	E-chr4R-3	chr4R	101	30534	45859	beginning
6991_day0_reference	6991	chr14L	SRR33298378.237033	2	5	E-chr14L-2	E-chr4R-7	chr4R	164	30531	45862	beginning
6991_day0_reference	6991	chr14L	SRR33298378.325286	2	5	E-chr14L-2	E-chr4R-3	chr4R	15346	45708	45874	end
6991_day0_reference	6991	chr14L	SRR33298378.514928	2	5	E-chr14L-2	E-chr4R-3	chr4R	95	30532	45847	beginning
6991_day0_reference	6991	chr14L	SRR33298378.628250	2	5	E-chr14L-2	E-chr4R-7	chr4R	125	30533	45856	beginning
6991_day0_reference	6991	chr14L	SRR33298378.661457	2	5	E-chr14L-2	E-chr4R-3	chr4R	15269	45665	45823	end
6991_day0_reference	6991	chr14L	SRR33298378.207659	2	5	E-chr14L-2	E-chr4R-3	chr4R	178	30515	45850	beginning
6991_day0_reference	6991	chr14L	SRR33298378.99154	2	5	E-chr14L-2	E-chr4R-3	chr4R	15319	45588	45835	end
6991_day0_reference	6991	chr14L	SRR33298378.310504	2	5	E-chr14L-2	E-chr4R-7	chr4R	15267	45625	45783	end
6991_day0_reference	6991	chr14L	SRR33298378.236269	2	5	E-chr14L-2	E-chr4R-3	chr4R	15316	45720	45806	end
6991_day0_reference	6991	chr14L	SRR33298378.259794	2	5	E-chr14L-2	E-chr4R-3	chr4R	15310	45645	45795	end
6991_day0_reference	6991	chr14L	SRR33298378.371602	2	5	E-chr14L-2	E-chr4R-3	chr4R	15300	45594	45763	end
6991_day0_reference	6991	chr14L	SRR33298378.343638	2	5	E-chr14L-2	E-chr4R-3	chr4R	15312	45685	45788	end
6991_day0_reference	6991	chr14L	SRR33298378.730234	2	5	E-chr14L-2	E-chr4R-3	chr4R	15338	45741	45806	end
6991_day0_reference	6991	chr14L	SRR33298378.43589	2	5	E-chr14L-2	E-chr4R-3	chr4R	15264	45555	45760	end
6991_day0_reference	6991	chr14L	SRR33298378.188045	2	5	E-chr14L-2	E-chr4R-3	chr4R	15300	45688	45786	end
6991_day0_reference	6991	chr14L	SRR33298378.429542	2	5	E-chr14L-2	E-chr4R-3	chr4R	15315	45637	45781	end
6991_day0_reference	6991	chr14L	SRR33298378.21965	2	5	E-chr14L-2	E-chr4R-3	chr4R	15326	45612	45759	end
6991_day0_reference	6991	chr14L	SRR33298378.376883	2	5	E-chr14L-2	E-chr4R-3	chr4R	15317	45700	45739	end
6991_day0_reference	6991	chr14L	SRR33298378.96623	2	5	E-chr14L-2	E-chr4R-3	chr4R	15106	45544	45749	end
6991_day0_reference	6991	chr14L	SRR33298378.129499	2	5	E-chr14L-2	E-chr15R-1	chr15R	15293	45427	45634	end
6991_day0_reference	6991	chr14L	SRR33298378.68761	2	5	E-chr14L-2	E-chr4R-3	chr4R	15318	45403	45569	end
6991_day0_reference	6991	chr14L	SRR33298378.602533	2	5	E-chr14L-2	E-chr4R-3	chr4R	15359	45236	45482	end
6991_day0_reference	6991	chr14R	SRR33298378.714719	1	1	E-chr14R-1	E-chr9L-1	chr9L	9234	16311	16417	end
6991_day0_reference	6991	chr14R	SRR33298378.9482	1	1	E-chr14R-1	E-chr9L-1	chr9L	9211	16042	16302	end
6991_day0_reference	6991	chr14R	SRR33298378.566178	1	1	E-chr14R-1	E-chr9L-1	chr9L	9051	15727	15886	end
6991_day0_reference	6991	chr14R	SRR33298378.240117	1	1	E-chr14R-1	E-chr5L-1	chr5L	9346	15905	16047	end
6991_day0_reference	6991	chr14R	SRR33298378.306956	1	1	E-chr14R-1	E-chr15R-1	chr15R	134	6780	15938	beginning
6991_day0_reference	6991	chr15R	SRR33298378.502106	1	1	E-chr15R-1	E-chr7R-1	chr7R	19156	25798	26067	end
6991_day0_reference	6991	chr15R	SRR33298378.539692	1	1	E-chr15R-1	E-chr14L-2	chr14L	19208	25880	26022	end
6991_day0_reference	6991	chr15R	SRR33298378.520865	1	1	E-chr15R-1	E-chr4R-7	chr4R	144	6815	26016	beginning
6991_day0_reference	6991	chr15R	SRR33298378.405224	1	1	E-chr15R-1	E-chr4R-3	chr4R	19156	25814	25996	end
6991_day0_reference	6991	chr15R	SRR33298378.433511	1	1	E-chr15R-1	E-chr4R-3	chr4R	19196	25853	25987	end
6991_day0_reference	6991	chr15R	SRR33298378.379792	1	1	E-chr15R-1	E-chr14L-2	chr14L	155	6774	25922	beginning
6991_day0_reference	6991	chr15R	SRR33298378.168918	1	1	E-chr15R-1	E-chr4R-7	chr4R	136	6788	25916	beginning
6991_day0_reference	6991	chr15R	SRR33298378.651427	1	1	E-chr15R-1	E-chr13L-1	chr13L	19204	24689	24901	end
6991_day0_reference	6991	chr16L	SRR33298378.290053	1	1	E-chr16L-1	E-chr10L-1	chr10L	19131	26245	26442	end
6991_day0_reference	6991	chr16L	SRR33298378.104559	1	1	E-chr16L-1	E-chr7R-1	chr7R	19116	25766	26085	end
6991_day0_reference	6991	chr16L	SRR33298378.168291	1	1	E-chr16L-1	E-chr7R-1	chr7R	19102	25754	26057	end
6991_day0_reference	6991	chr16L	SRR33298378.717502	1	1	E-chr16L-1	E-chr7R-1	chr7R	18995	25644	25971	end
6991_day0_reference	6991	chr16L	SRR33298378.258663	1	1	E-chr16L-1	E-chr7R-1	chr7R	250	6911	26008	beginning
6991_day0_reference	6991	chr16L	SRR33298378.123880	1	1	E-chr16L-1	E-chr7R-1	chr7R	265	6913	25995	beginning
6991_day0_reference	6991	chr16L	SRR33298378.277311	1	1	E-chr16L-1	E-chr7R-1	chr7R	19102	25749	25992	end
6991_day0_reference	6991	chr16L	SRR33298378.169356	1	1	E-chr16L-1	E-chr7R-1	chr7R	19166	25805	25995	end
6991_day0_reference	6991	chr16L	SRR33298378.21402	1	1	E-chr16L-1	E-chr7R-1	chr7R	18256	24915	25142	end
6991_day0_reference	6991	chr16L	SRR33298378.388895	1	1	E-chr16L-1	E-chr7R-1	chr7R	246	6888	25985	beginning
6991_day0_reference	6991	chr16L	SRR33298378.695622	1	1	E-chr16L-1	E-chr7R-1	chr7R	265	6894	25973	beginning
6991_day0_reference	6991	chr16L	SRR33298378.228232	1	1	E-chr16L-1	E-chr7R-1	chr7R	19065	25716	25959	end
6991_day0_reference	6991	chr16L	SRR33298378.582279	1	1	E-chr16L-1	E-chr7R-1	chr7R	19066	25734	25925	end
6991_day0_reference	6991	chr16L	SRR33298378.656344	1	1	E-chr16L-1	E-chr7R-1	chr7R	19082	25730	25962	end
6991_day0_reference	6991	chr16L	SRR33298378.738538	1	1	E-chr16L-1	E-chr14L-1	chr14L	201	6859	25973	beginning
6991_day0_reference	6991	chr16L	SRR33298378.376154	1	1	E-chr16L-1	E-chr7R-1	chr7R	252	6882	25982	beginning
6991_day0_reference	6991	chr16L	SRR33298378.634360	1	1	E-chr16L-1	E-chr7R-1	chr7R	19097	25748	25961	end
6991_day0_reference	6991	chr16L	SRR33298378.408255	1	1	E-chr16L-1	E-chr7R-1	chr7R	19097	25738	25952	end
6991_day0_reference	6991	chr16L	SRR33298378.565494	1	1	E-chr16L-1	E-chr7R-1	chr7R	19080	25736	25952	end
6991_day0_reference	6991	chr16L	SRR33298378.205672	1	1	E-chr16L-1	E-chr7R-1	chr7R	220	6857	25961	beginning
6991_day0_reference	6991	chr16L	SRR33298378.127847	1	1	E-chr16L-1	E-chr7R-1	chr7R	209	6878	25851	beginning
6991_day0_reference	6991	chr16L	SRR33298378.386870	1	1	E-chr16L-1	E-chr7R-1	chr7R	19056	25690	25939	end
6991_day0_reference	6991	chr16L	SRR33298378.568923	1	1	E-chr16L-1	E-chr7R-1	chr7R	19099	25724	25936	end
6991_day0_reference	6991	chr16L	SRR33298378.483904	1	1	E-chr16L-1	E-chr7R-1	chr7R	19057	25716	25945	end
6991_day0_reference	6991	chr16L	SRR33298378.305547	1	1	E-chr16L-1	E-chr5L-1	chr5L	19298	25829	25943	end
6991_day0_reference	6991	chr16L	SRR33298378.91972	1	1	E-chr16L-1	E-chr7R-1	chr7R	232	6879	25790	beginning
6991_day0_reference	6991	chr16L	SRR33298378.35783	1	1	E-chr16L-1	E-chr7R-1	chr7R	19057	25712	25911	end
6991_day0_reference	6991	chr16L	SRR33298378.543815	1	1	E-chr16L-1	E-chr7R-1	chr7R	17439	24083	24295	end
6991_day0_reference	6991	chr16L	SRR33298378.519981	1	1	E-chr16L-1	E-chr7R-1	chr7R	202	6858	25934	beginning
6991_day0_reference	6991	chr16L	SRR33298378.731561	1	1	E-chr16L-1	E-chr7R-1	chr7R	239	6880	25886	beginning
6991_day0_reference	6991	chr16L	SRR33298378.734155	1	1	E-chr16L-1	E-chr7R-1	chr7R	197	6844	25912	beginning
6991_day0_reference	6991	chr16L	SRR33298378.656809	1	1	E-chr16L-1	E-chr7R-1	chr7R	193	6856	25929	beginning
6991_day0_reference	6991	chr16L	SRR33298378.718500	1	1	E-chr16L-1	E-chr7R-1	chr7R	19093	25736	25915	end
6991_day0_reference	6991	chr16L	SRR33298378.230633	1	1	E-chr16L-1	E-chr7R-1	chr7R	186	6850	25929	beginning
6991_day0_reference	6991	chr16L	SRR33298378.559657	1	1	E-chr16L-1	E-chr7R-1	chr7R	19126	25744	25928	end
6991_day0_reference	6991	chr16L	SRR33298378.705300	1	1	E-chr16L-1	E-chr7R-1	chr7R	19095	25753	25929	end
6991_day0_reference	6991	chr16L	SRR33298378.466714	1	1	E-chr16L-1	E-chr7R-1	chr7R	215	6860	25913	beginning
6991_day0_reference	6991	chr16L	SRR33298378.317194	1	1	E-chr16L-1	E-chr7R-1	chr7R	170	6824	25916	beginning
6991_day0_reference	6991	chr16L	SRR33298378.158280	1	1	E-chr16L-1	E-chr7R-1	chr7R	149	6818	25934	beginning
6991_day0_reference	6991	chr16L	SRR33298378.658033	1	1	E-chr16L-1	E-chr7R-1	chr7R	172	6819	25917	beginning
6991_day0_reference	6991	chr16L	SRR33298378.547553	1	1	E-chr16L-1	E-chr7R-1	chr7R	219	6865	25922	beginning
6991_day0_reference	6991	chr16L	SRR33298378.669457	1	1	E-chr16L-1	E-chr7R-1	chr7R	196	6834	25918	beginning
6991_day0_reference	6991	chr16L	SRR33298378.179806	1	1	E-chr16L-1	E-chr14L-1	chr14L	186	6827	25924	beginning
6991_day0_reference	6991	chr16L	SRR33298378.298896	1	1	E-chr16L-1	E-chr7R-1	chr7R	19073	25719	25918	end
6991_day0_reference	6991	chr16L	SRR33298378.482141	1	1	E-chr16L-1	E-chr7R-1	chr7R	176	6812	25873	beginning
6991_day0_reference	6991	chr16L	SRR33298378.98054	1	1	E-chr16L-1	E-chr7R-1	chr7R	190	6859	25908	beginning
6991_day0_reference	6991	chr16L	SRR33298378.509958	1	1	E-chr16L-1	E-chr7R-1	chr7R	19081	25716	25897	end
6991_day0_reference	6991	chr16L	SRR33298378.180686	1	1	E-chr16L-1	E-chr7R-1	chr7R	19089	25719	25921	end
6991_day0_reference	6991	chr16L	SRR33298378.271814	1	1	E-chr16L-1	E-chr7R-1	chr7R	19094	25743	25906	end
6991_day0_reference	6991	chr16L	SRR33298378.215209	1	1	E-chr16L-1	E-chr7R-1	chr7R	18348	24992	25180	end
6991_day0_reference	6991	chr16L	SRR33298378.177129	1	1	E-chr16L-1	E-chr7R-1	chr7R	19075	25718	25896	end
6991_day0_reference	6991	chr16L	SRR33298378.276586	1	1	E-chr16L-1	E-chr7R-1	chr7R	185	6832	25904	beginning
6991_day0_reference	6991	chr16L	SRR33298378.619384	1	1	E-chr16L-1	E-chr7R-1	chr7R	182	6831	25846	beginning
6991_day0_reference	6991	chr16L	SRR33298378.599570	1	1	E-chr16L-1	E-chr7R-1	chr7R	158	6819	25901	beginning
6991_day0_reference	6991	chr16L	SRR33298378.486240	1	1	E-chr16L-1	E-chr7R-1	chr7R	169	6809	25871	beginning
6991_day0_reference	6991	chr16L	SRR33298378.613129	1	1	E-chr16L-1	E-chr7R-1	chr7R	19102	25746	25894	end
6991_day0_reference	6991	chr16L	SRR33298378.232552	1	1	E-chr16L-1	E-chr7R-1	chr7R	19096	25751	25896	end
6991_day0_reference	6991	chr16L	SRR33298378.134444	1	1	E-chr16L-1	E-chr7R-1	chr7R	19133	25781	25915	end
6991_day0_reference	6991	chr16L	SRR33298378.432096	1	1	E-chr16L-1	E-chr7R-1	chr7R	19078	25714	25896	end
6991_day0_reference	6991	chr16L	SRR33298378.14100	1	1	E-chr16L-1	E-chr7R-1	chr7R	19116	25771	25912	end
6991_day0_reference	6991	chr16L	SRR33298378.535162	1	1	E-chr16L-1	E-chr7R-1	chr7R	19088	25743	25896	end
6991_day0_reference	6991	chr16L	SRR33298378.590332	1	1	E-chr16L-1	E-chr7R-1	chr7R	18452	25085	25244	end
6991_day0_reference	6991	chr16L	SRR33298378.100675	1	1	E-chr16L-1	E-chr7R-1	chr7R	144	6772	25866	beginning
6991_day0_reference	6991	chr16L	SRR33298378.502509	1	1	E-chr16L-1	E-chr7R-1	chr7R	19067	25703	25877	end
6991_day0_reference	6991	chr16L	SRR33298378.158714	1	1	E-chr16L-1	E-chr7R-1	chr7R	19094	25733	25873	end
6991_day0_reference	6991	chr16L	SRR33298378.342775	1	1	E-chr16L-1	E-chr7R-1	chr7R	132	6786	25898	beginning
6991_day0_reference	6991	chr16L	SRR33298378.184392	1	1	E-chr16L-1	E-chr7R-1	chr7R	19084	25721	25876	end
6991_day0_reference	6991	chr16L	SRR33298378.393762	1	1	E-chr16L-1	E-chr7R-1	chr7R	179	6825	25909	beginning
6991_day0_reference	6991	chr16L	SRR33298378.151530	1	1	E-chr16L-1	E-chr7R-1	chr7R	19093	25740	25879	end
6991_day0_reference	6991	chr16L	SRR33298378.357763	1	1	E-chr16L-1	E-chr7R-1	chr7R	19124	25778	25887	end
6991_day0_reference	6991	chr16L	SRR33298378.218417	1	1	E-chr16L-1	E-chr7R-1	chr7R	19084	25719	25867	end
6991_day0_reference	6991	chr16L	SRR33298378.114085	1	1	E-chr16L-1	E-chr14L-1	chr14L	19102	25743	25871	end
6991_day0_reference	6991	chr16L	SRR33298378.5283	1	1	E-chr16L-1	E-chr7R-1	chr7R	19085	25720	25866	end
6991_day0_reference	6991	chr16L	SRR33298378.462544	1	1	E-chr16L-1	E-chr7R-1	chr7R	19092	25743	25869	end
6991_day0_reference	6991	chr16L	SRR33298378.451155	1	1	E-chr16L-1	E-chr7R-1	chr7R	19112	25745	25886	end
6991_day0_reference	6991	chr16L	SRR33298378.475324	1	1	E-chr16L-1	E-chr7R-1	chr7R	19074	25729	25869	end
6991_day0_reference	6991	chr16L	SRR33298378.12535	1	1	E-chr16L-1	E-chr7R-1	chr7R	127	6770	25870	beginning
6991_day0_reference	6991	chr16L	SRR33298378.610910	1	1	E-chr16L-1	E-chr7R-1	chr7R	19084	25720	25856	end
6991_day0_reference	6991	chr16L	SRR33298378.656564	1	1	E-chr16L-1	E-chr7R-1	chr7R	19102	25747	25852	end
6991_day0_reference	6991	chr16L	SRR33298378.86586	1	1	E-chr16L-1	E-chr7R-1	chr7R	122	6760	25861	beginning
6991_day0_reference	6991	chr16L	SRR33298378.592021	1	1	E-chr16L-1	E-chr7R-1	chr7R	19099	25733	25862	end
6991_day0_reference	6991	chr16L	SRR33298378.179906	1	1	E-chr16L-1	E-chr7R-1	chr7R	124	6767	25139	beginning
6991_day0_reference	6991	chr16L	SRR33298378.601534	1	1	E-chr16L-1	E-chr7R-1	chr7R	115	6762	25120	beginning
6991_day0_reference	6991	chr16L	SRR33298378.150373	1	1	E-chr16L-1	E-chr7R-1	chr7R	19092	25748	25852	end
6991_day0_reference	6991	chr16L	SRR33298378.328433	1	1	E-chr16L-1	E-chr7R-1	chr7R	19121	25762	25869	end
6991_day0_reference	6991	chr16L	SRR33298378.657238	1	1	E-chr16L-1	E-chr7R-1	chr7R	124	6775	25851	beginning
6991_day0_reference	6991	chr16L	SRR33298378.509900	1	1	E-chr16L-1	E-chr7R-1	chr7R	128	6794	25845	beginning
6991_day0_reference	6991	chr16L	SRR33298378.489735	1	1	E-chr16L-1	E-chr7R-1	chr7R	122	6760	25840	beginning
6991_day0_reference	6991	chr16L	SRR33298378.443644	1	1	E-chr16L-1	E-chr7R-1	chr7R	19086	25736	25838	end
6991_day0_reference	6991	chr16L	SRR33298378.76037	1	1	E-chr16L-1	E-chr7R-1	chr7R	19100	25723	25825	end
6991_day0_reference	6991	chr16L	SRR33298378.269914	1	1	E-chr16L-1	E-chr7R-1	chr7R	17647	24210	24455	end
6991_day0_reference	6991	chr16L	SRR33298378.491099	1	1	E-chr16L-1	E-chr7R-1	chr7R	19100	25746	25827	end
6991_day0_reference	6991	chr16L	SRR33298378.117405	1	1	E-chr16L-1	E-chr7R-1	chr7R	19067	25708	25827	end
6991_day0_reference	6991	chr16L	SRR33298378.667336	1	1	E-chr16L-1	E-chr7R-1	chr7R	19095	25746	25843	end
6991_day0_reference	6991	chr16L	SRR33298378.89503	1	1	E-chr16L-1	E-chr7R-1	chr7R	18927	25552	25736	end
6991_day0_reference	6991	chr16L	SRR33298378.61611	1	1	E-chr16L-1	E-chr7R-1	chr7R	107	6759	25825	beginning
6991_day0_reference	6991	chr16L	SRR33298378.219428	1	1	E-chr16L-1	E-chr7R-1	chr7R	19076	25735	25838	end
6991_day0_reference	6991	chr16L	SRR33298378.716444	1	1	E-chr16L-1	E-chr7R-1	chr7R	93	6737	25827	beginning
6991_day0_reference	6991	chr16L	SRR33298378.390064	1	1	E-chr16L-1	E-chr7R-1	chr7R	19012	25669	25779	end
6991_day0_reference	6991	chr16L	SRR33298378.286169	1	1	E-chr16L-1	E-chr7R-1	chr7R	19105	25749	25827	end
6991_day0_reference	6991	chr16L	SRR33298378.549349	1	1	E-chr16L-1	E-chr7R-1	chr7R	19042	25672	25818	end
6991_day0_reference	6991	chr16L	SRR33298378.535863	1	1	E-chr16L-1	E-chr7R-1	chr7R	122	6769	25839	beginning
6991_day0_reference	6991	chr16L	SRR33298378.471142	1	1	E-chr16L-1	E-chr7R-1	chr7R	19071	25702	25813	end
6991_day0_reference	6991	chr16L	SRR33298378.622391	1	1	E-chr16L-1	E-chr7R-1	chr7R	19075	25692	25812	end
6991_day0_reference	6991	chr16L	SRR33298378.111826	1	1	E-chr16L-1	E-chr7R-1	chr7R	110	6749	25807	beginning
6991_day0_reference	6991	chr16L	SRR33298378.601840	1	1	E-chr16L-1	E-chr7R-1	chr7R	93	6752	25799	beginning
6991_day0_reference	6991	chr16L	SRR33298378.212489	1	1	E-chr16L-1	E-chr7R-1	chr7R	19079	25721	25807	end
6991_day0_reference	6991	chr16L	SRR33298378.479387	1	1	E-chr16L-1	E-chr7R-1	chr7R	19086	25734	25804	end
6991_day0_reference	6991	chr16L	SRR33298378.111245	1	1	E-chr16L-1	E-chr7R-1	chr7R	145	6779	25818	beginning
6991_day0_reference	6991	chr16L	SRR33298378.382842	1	1	E-chr16L-1	E-chr7R-1	chr7R	19043	25682	25799	end
6991_day0_reference	6991	chr16L	SRR33298378.355980	1	1	E-chr16L-1	E-chr7R-1	chr7R	132	6757	25781	beginning
6991_day0_reference	6991	chr16L	SRR33298378.630795	1	1	E-chr16L-1	E-chr7R-1	chr7R	19050	25692	25783	end
6991_day0_reference	6991	chr16L	SRR33298378.696836	1	1	E-chr16L-1	E-chr7R-1	chr7R	19102	25714	25813	end
6991_day0_reference	6991	chr16L	SRR33298378.440562	1	1	E-chr16L-1	E-chr7R-1	chr7R	19082	25715	25792	end
6991_day0_reference	6991	chr16L	SRR33298378.559369	1	1	E-chr16L-1	E-chr7R-1	chr7R	19047	25699	25780	end
6991_day0_reference	6991	chr16L	SRR33298378.136091	1	1	E-chr16L-1	E-chr7R-1	chr7R	19070	25723	25784	end
6991_day0_reference	6991	chr16L	SRR33298378.269993	1	1	E-chr16L-1	E-chr7R-1	chr7R	19110	25747	25809	end
6991_day0_reference	6991	chr16L	SRR33298378.453914	1	1	E-chr16L-1	E-chr14L-1	chr14L	19072	25673	25774	end
6991_day0_reference	6991	chr16L	SRR33298378.497285	1	1	E-chr16L-1	E-chr7R-1	chr7R	69	6698	25769	beginning
6991_day0_reference	6991	chr16L	SRR33298378.35738	1	1	E-chr16L-1	E-chr7R-1	chr7R	19046	25696	25770	end
6991_day0_reference	6991	chr16L	SRR33298378.654994	1	1	E-chr16L-1	E-chr7R-1	chr7R	19091	25739	25784	end
6991_day0_reference	6991	chr16L	SRR33298378.659974	1	1	E-chr16L-1	E-chr7R-1	chr7R	239	6841	25749	beginning
6991_day0_reference	6991	chr16L	SRR33298378.499873	1	1	E-chr16L-1	E-chr7R-1	chr7R	19072	25709	25766	end
6991_day0_reference	6991	chr16L	SRR33298378.11892	1	1	E-chr16L-1	E-chr7R-1	chr7R	187	6822	25704	beginning
6991_day0_reference	6991	chr16L	SRR33298378.131279	1	1	E-chr16L-1	E-chr7R-1	chr7R	18993	25615	25692	end
6991_day0_reference	6991	chr16L	SRR33298378.312324	1	1	E-chr16L-1	E-chr7R-1	chr7R	18953	25609	25715	end
6991_day0_reference	6991	chr16L	SRR33298378.414696	1	1	E-chr16L-1	E-chr7R-1	chr7R	19058	25614	25725	end
6991_day0_reference	6991	chr16L	SRR33298378.155631	1	1	E-chr16L-1	E-chr7R-1	chr7R	85	6693	24136	beginning
6991_day0_reference	6991	chr16R	SRR33298378.400808	1	1	E-chr16R-1	E-chr14L-5	chr14L	6340	11519	11675	end
6991_day0_reference	6991	chr2L	SRR33298378.69401	1	1	E-chr2L-1	E-chr14L-5	chr14L	188	5767	15548	beginning
6991_day0_reference	6991	chr2L	SRR33298378.722027	1	1	E-chr2L-1	E-chr8R-1	chr8R	9784	15259	15419	end
6991_day0_reference	6991	chr2L	SRR33298378.427420	1	1	E-chr2L-1	E-chr8R-1	chr8R	120	5585	15364	beginning
6991_day0_reference	6991	chr4R	SRR33298378.613462	2	7	E-chr4R-2	E-chr14L-2	chr14L	108	47185	55234	beginning
6991_day0_reference	6991	chr4R	SRR33298378.544379	1	7	E-chr4R-1	E-chr14L-2	chr14L	8061	55001	55230	end
6991_day0_reference	6991	chr4R	SRR33298378.544379	2	7	E-chr4R-2	E-chr14L-2	chr14L	8061	55001	55230	end
6991_day0_reference	6991	chr4R	SRR33298378.544379	3	7	E-chr4R-3	E-chr14L-2	chr14L	8061	55001	55230	end
6991_day0_reference	6991	chr4R	SRR33298378.544379	4	7	E-chr4R-4	E-chr14L-2	chr14L	8061	55001	55230	end
6991_day0_reference	6991	chr4R	SRR33298378.544379	6	7	E-chr4R-6	E-chr14L-2	chr14L	8061	55001	55230	end
6991_day0_reference	6991	chr4R	SRR33298378.544379	7	7	E-chr4R-7	E-chr14L-2	chr14L	8061	55001	55230	end
6991_day0_reference	6991	chr4R	SRR33298378.275453	2	7	E-chr4R-2	E-chr14L-2	chr14L	8068	54968	55221	end
6991_day0_reference	6991	chr4R	SRR33298378.275453	3	7	E-chr4R-3	E-chr14L-2	chr14L	8068	54968	55221	end
6991_day0_reference	6991	chr4R	SRR33298378.275453	7	7	E-chr4R-7	E-chr14L-2	chr14L	8068	54968	55221	end
6991_day0_reference	6991	chr4R	SRR33298378.397478	1	7	E-chr4R-1	E-chr14L-2	chr14L	265	47169	55223	beginning
6991_day0_reference	6991	chr4R	SRR33298378.548972	1	7	E-chr4R-1	E-chr14L-2	chr14L	8085	55036	55218	end
6991_day0_reference	6991	chr4R	SRR33298378.548972	4	7	E-chr4R-4	E-chr14L-2	chr14L	8085	55036	55218	end
6991_day0_reference	6991	chr4R	SRR33298378.548972	6	7	E-chr4R-6	E-chr14L-2	chr14L	8085	55036	55218	end
6991_day0_reference	6991	chr4R	SRR33298378.226398	6	7	E-chr4R-6	E-chr14L-2	chr14L	211	47124	55198	beginning
6991_day0_reference	6991	chr4R	SRR33298378.108665	1	7	E-chr4R-1	E-chr14L-2	chr14L	196	47124	55167	beginning
6991_day0_reference	6991	chr4R	SRR33298378.383593	1	7	E-chr4R-1	E-chr14L-2	chr14L	8054	54945	55173	end
6991_day0_reference	6991	chr4R	SRR33298378.383593	2	7	E-chr4R-2	E-chr14L-2	chr14L	8054	54945	55173	end
6991_day0_reference	6991	chr4R	SRR33298378.383593	3	7	E-chr4R-3	E-chr14L-2	chr14L	8054	54945	55173	end
6991_day0_reference	6991	chr4R	SRR33298378.383593	4	7	E-chr4R-4	E-chr14L-2	chr14L	8054	54945	55173	end
6991_day0_reference	6991	chr4R	SRR33298378.383593	7	7	E-chr4R-7	E-chr14L-2	chr14L	8054	54945	55173	end
6991_day0_reference	6991	chr4R	SRR33298378.372390	2	7	E-chr4R-2	E-chr14L-2	chr14L	7732	54649	54856	end
6991_day0_reference	6991	chr4R	SRR33298378.372390	3	7	E-chr4R-3	E-chr14L-2	chr14L	7732	54649	54856	end
6991_day0_reference	6991	chr4R	SRR33298378.372390	6	7	E-chr4R-6	E-chr14L-2	chr14L	7732	54649	54856	end
6991_day0_reference	6991	chr4R	SRR33298378.372390	7	7	E-chr4R-7	E-chr14L-2	chr14L	7732	54649	54856	end
6991_day0_reference	6991	chr4R	SRR33298378.568841	7	7	E-chr4R-7	E-chr14L-2	chr14L	227	47137	55157	beginning
6991_day0_reference	6991	chr4R	SRR33298378.275633	1	7	E-chr4R-1	E-chr14L-2	chr14L	178	47099	55164	beginning
6991_day0_reference	6991	chr4R	SRR33298378.545526	2	7	E-chr4R-2	E-chr14L-2	chr14L	8067	54967	55152	end
6991_day0_reference	6991	chr4R	SRR33298378.545526	4	7	E-chr4R-4	E-chr14L-2	chr14L	8067	54967	55152	end
6991_day0_reference	6991	chr4R	SRR33298378.238144	1	7	E-chr4R-1	E-chr14L-2	chr14L	8049	54923	55128	end
6991_day0_reference	6991	chr4R	SRR33298378.238144	2	7	E-chr4R-2	E-chr14L-2	chr14L	8049	54923	55128	end
6991_day0_reference	6991	chr4R	SRR33298378.238144	4	7	E-chr4R-4	E-chr14L-2	chr14L	8049	54923	55128	end
6991_day0_reference	6991	chr4R	SRR33298378.238144	6	7	E-chr4R-6	E-chr14L-2	chr14L	8049	54923	55128	end
6991_day0_reference	6991	chr4R	SRR33298378.238144	7	7	E-chr4R-7	E-chr14L-2	chr14L	8049	54923	55128	end
6991_day0_reference	6991	chr4R	SRR33298378.228165	2	7	E-chr4R-2	E-chr14L-2	chr14L	6571	53459	53654	end
6991_day0_reference	6991	chr4R	SRR33298378.228165	3	7	E-chr4R-3	E-chr14L-2	chr14L	6571	53459	53654	end
6991_day0_reference	6991	chr4R	SRR33298378.228165	6	7	E-chr4R-6	E-chr14L-2	chr14L	6571	53459	53654	end
6991_day0_reference	6991	chr4R	SRR33298378.570946	4	7	E-chr4R-4	E-chr14L-2	chr14L	8047	54986	55137	end
6991_day0_reference	6991	chr4R	SRR33298378.570946	6	7	E-chr4R-6	E-chr14L-2	chr14L	8047	54986	55137	end
6991_day0_reference	6991	chr4R	SRR33298378.693838	1	7	E-chr4R-1	E-chr14L-2	chr14L	8041	54947	55141	end
6991_day0_reference	6991	chr4R	SRR33298378.693838	4	7	E-chr4R-4	E-chr14L-2	chr14L	8041	54947	55141	end
6991_day0_reference	6991	chr4R	SRR33298378.693838	6	7	E-chr4R-6	E-chr14L-2	chr14L	8041	54947	55141	end
6991_day0_reference	6991	chr4R	SRR33298378.693838	7	7	E-chr4R-7	E-chr14L-2	chr14L	8041	54947	55141	end
6991_day0_reference	6991	chr4R	SRR33298378.698858	3	7	E-chr4R-3	E-chr14L-2	chr14L	8064	54941	55122	end
6991_day0_reference	6991	chr4R	SRR33298378.698858	4	7	E-chr4R-4	E-chr14L-2	chr14L	8064	54941	55122	end
6991_day0_reference	6991	chr4R	SRR33298378.698858	7	7	E-chr4R-7	E-chr14L-2	chr14L	8064	54941	55122	end
6991_day0_reference	6991	chr4R	SRR33298378.35511	1	7	E-chr4R-1	E-chr14L-2	chr14L	8022	54929	55093	end
6991_day0_reference	6991	chr4R	SRR33298378.35511	3	7	E-chr4R-3	E-chr14L-2	chr14L	8022	54929	55093	end
6991_day0_reference	6991	chr4R	SRR33298378.35511	4	7	E-chr4R-4	E-chr14L-2	chr14L	8022	54929	55093	end
6991_day0_reference	6991	chr4R	SRR33298378.35511	6	7	E-chr4R-6	E-chr14L-2	chr14L	8022	54929	55093	end
6991_day0_reference	6991	chr4R	SRR33298378.35511	7	7	E-chr4R-7	E-chr14L-2	chr14L	8022	54929	55093	end
6991_day0_reference	6991	chr4R	SRR33298378.614341	1	7	E-chr4R-1	E-chr14L-2	chr14L	8024	54920	55101	end
6991_day0_reference	6991	chr4R	SRR33298378.614341	7	7	E-chr4R-7	E-chr14L-2	chr14L	8024	54920	55101	end
6991_day0_reference	6991	chr4R	SRR33298378.225591	1	7	E-chr4R-1	E-chr14L-2	chr14L	8047	54923	55104	end
6991_day0_reference	6991	chr4R	SRR33298378.225591	2	7	E-chr4R-2	E-chr14L-2	chr14L	8047	54923	55104	end
6991_day0_reference	6991	chr4R	SRR33298378.225591	6	7	E-chr4R-6	E-chr14L-2	chr14L	8047	54923	55104	end
6991_day0_reference	6991	chr4R	SRR33298378.118474	1	7	E-chr4R-1	E-chr14L-2	chr14L	8061	54915	55098	end
6991_day0_reference	6991	chr4R	SRR33298378.118474	2	7	E-chr4R-2	E-chr14L-2	chr14L	8061	54915	55098	end
6991_day0_reference	6991	chr4R	SRR33298378.118474	4	7	E-chr4R-4	E-chr14L-2	chr14L	8061	54915	55098	end
6991_day0_reference	6991	chr4R	SRR33298378.118474	7	7	E-chr4R-7	E-chr14L-2	chr14L	8061	54915	55098	end
6991_day0_reference	6991	chr4R	SRR33298378.198520	1	7	E-chr4R-1	E-chr14L-2	chr14L	8058	54947	55120	end
6991_day0_reference	6991	chr4R	SRR33298378.198520	3	7	E-chr4R-3	E-chr14L-2	chr14L	8058	54947	55120	end
6991_day0_reference	6991	chr4R	SRR33298378.12813	1	7	E-chr4R-1	E-chr14L-2	chr14L	8043	54969	55112	end
6991_day0_reference	6991	chr4R	SRR33298378.12813	7	7	E-chr4R-7	E-chr14L-2	chr14L	8043	54969	55112	end
6991_day0_reference	6991	chr4R	SRR33298378.679563	1	7	E-chr4R-1	E-chr14L-2	chr14L	8058	54947	55102	end
6991_day0_reference	6991	chr4R	SRR33298378.679563	3	7	E-chr4R-3	E-chr14L-2	chr14L	8058	54947	55102	end
6991_day0_reference	6991	chr4R	SRR33298378.679563	4	7	E-chr4R-4	E-chr14L-2	chr14L	8058	54947	55102	end
6991_day0_reference	6991	chr4R	SRR33298378.679563	6	7	E-chr4R-6	E-chr14L-2	chr14L	8058	54947	55102	end
6991_day0_reference	6991	chr4R	SRR33298378.679563	7	7	E-chr4R-7	E-chr14L-2	chr14L	8058	54947	55102	end
6991_day0_reference	6991	chr4R	SRR33298378.442651	2	7	E-chr4R-2	E-chr14L-2	chr14L	6602	53460	53639	end
6991_day0_reference	6991	chr4R	SRR33298378.442651	3	7	E-chr4R-3	E-chr14L-2	chr14L	6602	53460	53639	end
6991_day0_reference	6991	chr4R	SRR33298378.442651	7	7	E-chr4R-7	E-chr14L-2	chr14L	6602	53460	53639	end
6991_day0_reference	6991	chr4R	SRR33298378.273494	1	7	E-chr4R-1	E-chr14L-2	chr14L	8048	54981	55096	end
6991_day0_reference	6991	chr4R	SRR33298378.273494	6	7	E-chr4R-6	E-chr14L-2	chr14L	8048	54981	55096	end
6991_day0_reference	6991	chr4R	SRR33298378.273494	7	7	E-chr4R-7	E-chr14L-2	chr14L	8048	54981	55096	end
6991_day0_reference	6991	chr4R	SRR33298378.425811	1	7	E-chr4R-1	E-chr14L-2	chr14L	8032	54912	55089	end
6991_day0_reference	6991	chr4R	SRR33298378.425811	3	7	E-chr4R-3	E-chr14L-2	chr14L	8032	54912	55089	end
6991_day0_reference	6991	chr4R	SRR33298378.425811	7	7	E-chr4R-7	E-chr14L-2	chr14L	8032	54912	55089	end
6991_day0_reference	6991	chr4R	SRR33298378.427920	2	7	E-chr4R-2	E-chr14L-2	chr14L	8045	54973	55086	end
6991_day0_reference	6991	chr4R	SRR33298378.427920	3	7	E-chr4R-3	E-chr14L-2	chr14L	8045	54973	55086	end
6991_day0_reference	6991	chr4R	SRR33298378.427920	4	7	E-chr4R-4	E-chr14L-2	chr14L	8045	54973	55086	end
6991_day0_reference	6991	chr4R	SRR33298378.427920	6	7	E-chr4R-6	E-chr14L-2	chr14L	8045	54973	55086	end
6991_day0_reference	6991	chr4R	SRR33298378.427920	7	7	E-chr4R-7	E-chr14L-2	chr14L	8045	54973	55086	end
6991_day0_reference	6991	chr4R	SRR33298378.389751	2	7	E-chr4R-2	E-chr14L-2	chr14L	8063	54939	55096	end
6991_day0_reference	6991	chr4R	SRR33298378.389751	3	7	E-chr4R-3	E-chr14L-2	chr14L	8063	54939	55096	end
6991_day0_reference	6991	chr4R	SRR33298378.389751	7	7	E-chr4R-7	E-chr14L-2	chr14L	8063	54939	55096	end
6991_day0_reference	6991	chr4R	SRR33298378.139438	3	7	E-chr4R-3	E-chr14L-2	chr14L	8027	54888	55067	end
6991_day0_reference	6991	chr4R	SRR33298378.139438	6	7	E-chr4R-6	E-chr14L-2	chr14L	8027	54888	55067	end
6991_day0_reference	6991	chr4R	SRR33298378.222379	3	7	E-chr4R-3	E-chr14L-2	chr14L	8048	54945	55076	end
6991_day0_reference	6991	chr4R	SRR33298378.222379	6	7	E-chr4R-6	E-chr14L-2	chr14L	8048	54945	55076	end
6991_day0_reference	6991	chr4R	SRR33298378.222379	7	7	E-chr4R-7	E-chr14L-2	chr14L	8048	54945	55076	end
6991_day0_reference	6991	chr4R	SRR33298378.259118	2	7	E-chr4R-2	E-chr14L-2	chr14L	8059	54937	55077	end
6991_day0_reference	6991	chr4R	SRR33298378.259118	4	7	E-chr4R-4	E-chr14L-2	chr14L	8059	54937	55077	end
6991_day0_reference	6991	chr4R	SRR33298378.259118	6	7	E-chr4R-6	E-chr14L-2	chr14L	8059	54937	55077	end
6991_day0_reference	6991	chr4R	SRR33298378.419482	3	7	E-chr4R-3	E-chr14L-2	chr14L	7248	54113	54264	end
6991_day0_reference	6991	chr4R	SRR33298378.419482	4	7	E-chr4R-4	E-chr14L-2	chr14L	7248	54113	54264	end
6991_day0_reference	6991	chr4R	SRR33298378.67376	1	7	E-chr4R-1	E-chr14L-2	chr14L	8045	54871	55061	end
6991_day0_reference	6991	chr4R	SRR33298378.67376	4	7	E-chr4R-4	E-chr14L-2	chr14L	8045	54871	55061	end
6991_day0_reference	6991	chr4R	SRR33298378.590151	6	7	E-chr4R-6	E-chr14L-2	chr14L	7298	54124	54308	end
6991_day0_reference	6991	chr4R	SRR33298378.628631	3	7	E-chr4R-3	E-chr14L-2	chr14L	8042	54954	55060	end
6991_day0_reference	6991	chr4R	SRR33298378.628631	4	7	E-chr4R-4	E-chr14L-2	chr14L	8042	54954	55060	end
6991_day0_reference	6991	chr4R	SRR33298378.628631	6	7	E-chr4R-6	E-chr14L-2	chr14L	8042	54954	55060	end
6991_day0_reference	6991	chr4R	SRR33298378.441138	2	7	E-chr4R-2	E-chr14L-2	chr14L	8063	54907	55065	end
6991_day0_reference	6991	chr4R	SRR33298378.441138	4	7	E-chr4R-4	E-chr14L-2	chr14L	8063	54907	55065	end
6991_day0_reference	6991	chr4R	SRR33298378.441138	6	7	E-chr4R-6	E-chr14L-2	chr14L	8063	54907	55065	end
6991_day0_reference	6991	chr4R	SRR33298378.441138	7	7	E-chr4R-7	E-chr14L-2	chr14L	8063	54907	55065	end
6991_day0_reference	6991	chr4R	SRR33298378.708557	7	7	E-chr4R-7	E-chr14L-2	chr14L	8035	54938	55035	end
6991_day0_reference	6991	chr4R	SRR33298378.708974	6	7	E-chr4R-6	E-chr14L-2	chr14L	8021	54840	55010	end
6991_day0_reference	6991	chr4R	SRR33298378.708974	7	7	E-chr4R-7	E-chr14L-2	chr14L	8021	54840	55010	end
6991_day0_reference	6991	chr4R	SRR33298378.407713	2	7	E-chr4R-2	E-chr14L-2	chr14L	8012	54885	55042	end
6991_day0_reference	6991	chr4R	SRR33298378.407713	3	7	E-chr4R-3	E-chr14L-2	chr14L	8012	54885	55042	end
6991_day0_reference	6991	chr4R	SRR33298378.407713	6	7	E-chr4R-6	E-chr14L-2	chr14L	8012	54885	55042	end
6991_day0_reference	6991	chr4R	SRR33298378.407713	7	7	E-chr4R-7	E-chr14L-2	chr14L	8012	54885	55042	end
6991_day0_reference	6991	chr4R	SRR33298378.94371	1	7	E-chr4R-1	E-chr14L-2	chr14L	7998	54882	55026	end
6991_day0_reference	6991	chr4R	SRR33298378.94371	2	7	E-chr4R-2	E-chr14L-2	chr14L	7998	54882	55026	end
6991_day0_reference	6991	chr4R	SRR33298378.62452	1	7	E-chr4R-1	E-chr14L-2	chr14L	8046	54778	55002	end
6991_day0_reference	6991	chr4R	SRR33298378.62452	3	7	E-chr4R-3	E-chr14L-2	chr14L	8046	54778	55002	end
6991_day0_reference	6991	chr4R	SRR33298378.62452	6	7	E-chr4R-6	E-chr14L-2	chr14L	8046	54778	55002	end
6991_day0_reference	6991	chr4R	SRR33298378.96312	6	7	E-chr4R-6	E-chr14L-2	chr14L	177	46945	55000	beginning
6991_day0_reference	6991	chr4R	SRR33298378.607352	7	7	E-chr4R-7	E-chr14L-2	chr14L	185	46926	54982	beginning
6991_day0_reference	6991	chr4R	SRR33298378.127140	1	7	E-chr4R-1	E-chr14L-2	chr14L	8035	54806	54986	end
6991_day0_reference	6991	chr4R	SRR33298378.127140	7	7	E-chr4R-7	E-chr14L-2	chr14L	8035	54806	54986	end
6991_day0_reference	6991	chr4R	SRR33298378.158178	3	7	E-chr4R-3	E-chr14L-2	chr14L	8019	54767	54959	end
6991_day0_reference	6991	chr4R	SRR33298378.158178	4	7	E-chr4R-4	E-chr14L-2	chr14L	8019	54767	54959	end
6991_day0_reference	6991	chr4R	SRR33298378.716045	3	7	E-chr4R-3	E-chr14L-2	chr14L	8036	54838	54932	end
6991_day0_reference	6991	chr4R	SRR33298378.716045	6	7	E-chr4R-6	E-chr14L-2	chr14L	8036	54838	54932	end
6991_day0_reference	6991	chr4R	SRR33298378.716045	7	7	E-chr4R-7	E-chr14L-2	chr14L	8036	54838	54932	end
6991_day0_reference	6991	chr4R	SRR33298378.704718	1	7	E-chr4R-1	E-chr14L-2	chr14L	8062	54851	54940	end
6991_day0_reference	6991	chr4R	SRR33298378.704718	2	7	E-chr4R-2	E-chr14L-2	chr14L	8062	54851	54940	end
6991_day0_reference	6991	chr4R	SRR33298378.704718	3	7	E-chr4R-3	E-chr14L-2	chr14L	8062	54851	54940	end
6991_day0_reference	6991	chr4R	SRR33298378.704718	4	7	E-chr4R-4	E-chr14L-2	chr14L	8062	54851	54940	end
6991_day0_reference	6991	chr4R	SRR33298378.60617	2	7	E-chr4R-2	E-chr14L-2	chr14L	7141	53920	54021	end
6991_day0_reference	6991	chr4R	SRR33298378.60617	6	7	E-chr4R-6	E-chr14L-2	chr14L	7141	53920	54021	end
6991_day0_reference	6991	chr4R	SRR33298378.60617	7	7	E-chr4R-7	E-chr14L-2	chr14L	7141	53920	54021	end
6991_day0_reference	6991	chr4R	SRR33298378.664680	1	7	E-chr4R-1	E-chr14L-2	chr14L	8047	54747	54912	end
6991_day0_reference	6991	chr4R	SRR33298378.664680	2	7	E-chr4R-2	E-chr14L-2	chr14L	8047	54747	54912	end
6991_day0_reference	6991	chr4R	SRR33298378.664680	3	7	E-chr4R-3	E-chr14L-2	chr14L	8047	54747	54912	end
6991_day0_reference	6991	chr4R	SRR33298378.664680	4	7	E-chr4R-4	E-chr14L-2	chr14L	8047	54747	54912	end
6991_day0_reference	6991	chr4R	SRR33298378.738306	2	7	E-chr4R-2	E-chr14L-2	chr14L	7997	54512	54728	end
6991_day0_reference	6991	chr4R	SRR33298378.738306	3	7	E-chr4R-3	E-chr14L-2	chr14L	7997	54512	54728	end
6991_day0_reference	6991	chr4R	SRR33298378.738306	4	7	E-chr4R-4	E-chr14L-2	chr14L	7997	54512	54728	end
6991_day0_reference	6991	chr4R	SRR33298378.61064	2	7	E-chr4R-2	E-chr14L-2	chr14L	8065	54705	54787	end
6991_day0_reference	6991	chr4R	SRR33298378.61064	3	7	E-chr4R-3	E-chr14L-2	chr14L	8065	54705	54787	end
6991_day0_reference	6991	chr4R	SRR33298378.61064	4	7	E-chr4R-4	E-chr14L-2	chr14L	8065	54705	54787	end
6991_day0_reference	6991	chr4R	SRR33298378.61064	7	7	E-chr4R-7	E-chr14L-2	chr14L	8065	54705	54787	end
6991_day0_reference	6991	chr5L	SRR33298378.334381	1	1	E-chr5L-1	E-chr5R-1	chr5R	181	6533	12325	beginning
6991_day0_reference	6991	chr5L	SRR33298378.381146	1	1	E-chr5L-1	E-chr12R-1	chr12R	143	6455	12273	beginning
6991_day0_reference	6991	chr6L	SRR33298378.151924	1	1	E-chr6L-1	E-chr14L-5	chr14L	192	5652	23838	beginning
6991_day0_reference	6991	chr6L	SRR33298378.95349	1	1	E-chr6L-1	E-chr13L-1	chr13L	18173	23632	23792	end
6991_day0_reference	6991	chr6L	SRR33298378.180346	1	1	E-chr6L-1	E-chr14L-5	chr14L	18198	23643	23774	end
6991_day0_reference	6991	chr6L	SRR33298378.296817	1	1	E-chr6L-1	E-chr14L-5	chr14L	105	5569	23738	beginning
6991_day0_reference	6991	chr7R	SRR33298378.103526	1	1	E-chr7R-1	E-chr16L-1	chr16L	13985	20605	21197	end
6991_day0_reference	6991	chr7R	SRR33298378.671497	1	1	E-chr7R-1	E-chr16L-1	chr16L	240	6897	19519	beginning
6991_day0_reference	6991	chr7R	SRR33298378.499790	1	1	E-chr7R-1	E-chr16L-1	chr16L	285	6926	20982	beginning
6991_day0_reference	6991	chr7R	SRR33298378.355891	1	1	E-chr7R-1	E-chr16L-1	chr16L	304	6939	20992	beginning
6991_day0_reference	6991	chr7R	SRR33298378.249049	1	1	E-chr7R-1	E-chr16L-1	chr16L	282	6927	20969	beginning
6991_day0_reference	6991	chr7R	SRR33298378.396639	1	1	E-chr7R-1	E-chr16L-1	chr16L	246	6906	20945	beginning
6991_day0_reference	6991	chr7R	SRR33298378.231268	1	1	E-chr7R-1	E-chr16L-1	chr16L	14050	20710	20961	end
6991_day0_reference	6991	chr7R	SRR33298378.85743	1	1	E-chr7R-1	E-chr16L-1	chr16L	269	6926	20923	beginning
6991_day0_reference	6991	chr7R	SRR33298378.219916	1	1	E-chr7R-1	E-chr16L-1	chr16L	263	6935	20947	beginning
6991_day0_reference	6991	chr7R	SRR33298378.225215	1	1	E-chr7R-1	E-chr16L-1	chr16L	256	6907	20948	beginning
6991_day0_reference	6991	chr7R	SRR33298378.245657	1	1	E-chr7R-1	E-chr16L-1	chr16L	14047	20689	20954	end
6991_day0_reference	6991	chr7R	SRR33298378.469763	1	1	E-chr7R-1	E-chr16L-1	chr16L	296	6941	20935	beginning
6991_day0_reference	6991	chr7R	SRR33298378.223203	1	1	E-chr7R-1	E-chr16L-1	chr16L	268	6907	20945	beginning
6991_day0_reference	6991	chr7R	SRR33298378.387913	1	1	E-chr7R-1	E-chr16L-1	chr16L	263	6909	20919	beginning
6991_day0_reference	6991	chr7R	SRR33298378.42284	1	1	E-chr7R-1	E-chr16L-1	chr16L	14048	20686	20928	end
6991_day0_reference	6991	chr7R	SRR33298378.311201	1	1	E-chr7R-1	E-chr16L-1	chr16L	12909	19559	19795	end
6991_day0_reference	6991	chr7R	SRR33298378.101645	1	1	E-chr7R-1	E-chr16L-1	chr16L	14040	20691	20932	end
6991_day0_reference	6991	chr7R	SRR33298378.620014	1	1	E-chr7R-1	E-chr16L-1	chr16L	253	6905	20917	beginning
6991_day0_reference	6991	chr7R	SRR33298378.412859	1	1	E-chr7R-1	E-chr16L-1	chr16L	14027	20682	20913	end
6991_day0_reference	6991	chr7R	SRR33298378.569931	1	1	E-chr7R-1	E-chr16L-1	chr16L	14008	20626	20896	end
6991_day0_reference	6991	chr7R	SRR33298378.209381	1	1	E-chr7R-1	E-chr16L-1	chr16L	253	6914	20909	beginning
6991_day0_reference	6991	chr7R	SRR33298378.36213	1	1	E-chr7R-1	E-chr16L-1	chr16L	13997	20638	20903	end
6991_day0_reference	6991	chr7R	SRR33298378.670401	1	1	E-chr7R-1	E-chr16L-1	chr16L	233	6876	20915	beginning
6991_day0_reference	6991	chr7R	SRR33298378.305119	1	1	E-chr7R-1	E-chr16L-1	chr16L	14046	20709	20924	end
6991_day0_reference	6991	chr7R	SRR33298378.354257	1	1	E-chr7R-1	E-chr16L-1	chr16L	14047	20702	20921	end
6991_day0_reference	6991	chr7R	SRR33298378.600056	1	1	E-chr7R-1	E-chr16L-1	chr16L	14015	20664	20918	end
6991_day0_reference	6991	chr7R	SRR33298378.16633	1	1	E-chr7R-1	E-chr16L-1	chr16L	14031	20664	20907	end
6991_day0_reference	6991	chr7R	SRR33298378.715928	1	1	E-chr7R-1	E-chr16L-1	chr16L	14003	20627	20897	end
6991_day0_reference	6991	chr7R	SRR33298378.8773	1	1	E-chr7R-1	E-chr16L-1	chr16L	231	6877	20902	beginning
6991_day0_reference	6991	chr7R	SRR33298378.171043	1	1	E-chr7R-1	E-chr16L-1	chr16L	13925	20565	20876	end
6991_day0_reference	6991	chr7R	SRR33298378.697810	1	1	E-chr7R-1	E-chr16L-1	chr16L	268	6914	20895	beginning
6991_day0_reference	6991	chr7R	SRR33298378.188426	1	1	E-chr7R-1	E-chr16L-1	chr16L	224	6871	20910	beginning
6991_day0_reference	6991	chr7R	SRR33298378.382630	1	1	E-chr7R-1	E-chr16L-1	chr16L	223	6871	20932	beginning
6991_day0_reference	6991	chr7R	SRR33298378.351291	1	1	E-chr7R-1	E-chr16L-1	chr16L	14026	20684	20894	end
6991_day0_reference	6991	chr7R	SRR33298378.565022	1	1	E-chr7R-1	E-chr16L-1	chr16L	222	6884	20906	beginning
6991_day0_reference	6991	chr7R	SRR33298378.289614	1	1	E-chr7R-1	E-chr16L-1	chr16L	219	6867	20891	beginning
6991_day0_reference	6991	chr7R	SRR33298378.419213	1	1	E-chr7R-1	E-chr16L-1	chr16L	14012	20651	20881	end
6991_day0_reference	6991	chr7R	SRR33298378.689608	1	1	E-chr7R-1	E-chr16L-1	chr16L	14020	20665	20896	end
6991_day0_reference	6991	chr7R	SRR33298378.179753	1	1	E-chr7R-1	E-chr16L-1	chr16L	205	6858	20894	beginning
6991_day0_reference	6991	chr7R	SRR33298378.194688	1	1	E-chr7R-1	E-chr16L-1	chr16L	285	6916	20878	beginning
6991_day0_reference	6991	chr7R	SRR33298378.710507	1	1	E-chr7R-1	E-chr16L-1	chr16L	14037	20682	20896	end
6991_day0_reference	6991	chr7R	SRR33298378.571542	1	1	E-chr7R-1	E-chr16L-1	chr16L	237	6876	20892	beginning
6991_day0_reference	6991	chr7R	SRR33298378.292658	1	1	E-chr7R-1	E-chr16L-1	chr16L	223	6871	20875	beginning
6991_day0_reference	6991	chr7R	SRR33298378.64519	1	1	E-chr7R-1	E-chr16L-1	chr16L	12469	19110	19322	end
6991_day0_reference	6991	chr7R	SRR33298378.162937	1	1	E-chr7R-1	E-chr16L-1	chr16L	238	6886	20872	beginning
6991_day0_reference	6991	chr7R	SRR33298378.642158	1	1	E-chr7R-1	E-chr16L-1	chr16L	237	6878	20890	beginning
6991_day0_reference	6991	chr7R	SRR33298378.737760	1	1	E-chr7R-1	E-chr16L-1	chr16L	227	6856	20864	beginning
6991_day0_reference	6991	chr7R	SRR33298378.244550	1	1	E-chr7R-1	E-chr16L-1	chr16L	221	6869	20869	beginning
6991_day0_reference	6991	chr7R	SRR33298378.306901	1	1	E-chr7R-1	E-chr16L-1	chr16L	13985	20611	20871	end
6991_day0_reference	6991	chr7R	SRR33298378.408824	1	1	E-chr7R-1	E-chr16L-1	chr16L	240	6883	20883	beginning
6991_day0_reference	6991	chr7R	SRR33298378.95320	1	1	E-chr7R-1	E-chr16L-1	chr16L	14027	20658	20882	end
6991_day0_reference	6991	chr7R	SRR33298378.491444	1	1	E-chr7R-1	E-chr16L-1	chr16L	14052	20697	20875	end
6991_day0_reference	6991	chr7R	SRR33298378.369569	1	1	E-chr7R-1	E-chr16L-1	chr16L	206	6866	20552	beginning
6991_day0_reference	6991	chr7R	SRR33298378.279154	1	1	E-chr7R-1	E-chr16L-1	chr16L	14010	20662	20884	end
6991_day0_reference	6991	chr7R	SRR33298378.305831	1	1	E-chr7R-1	E-chr16L-1	chr16L	12512	19133	19361	end
6991_day0_reference	6991	chr7R	SRR33298378.249547	1	1	E-chr7R-1	E-chr16L-1	chr16L	14017	20654	20867	end
6991_day0_reference	6991	chr7R	SRR33298378.304737	1	1	E-chr7R-1	E-chr16L-1	chr16L	223	6869	20870	beginning
6991_day0_reference	6991	chr7R	SRR33298378.62599	1	1	E-chr7R-1	E-chr16L-1	chr16L	230	6857	20865	beginning
6991_day0_reference	6991	chr7R	SRR33298378.683787	1	1	E-chr7R-1	E-chr16L-1	chr16L	14022	20645	20881	end
6991_day0_reference	6991	chr7R	SRR33298378.197371	1	1	E-chr7R-1	E-chr16L-1	chr16L	14003	20643	20866	end
6991_day0_reference	6991	chr7R	SRR33298378.498655	1	1	E-chr7R-1	E-chr16L-1	chr16L	224	6861	20445	beginning
6991_day0_reference	6991	chr7R	SRR33298378.366506	1	1	E-chr7R-1	E-chr16L-1	chr16L	203	6851	20860	beginning
6991_day0_reference	6991	chr7R	SRR33298378.210705	1	1	E-chr7R-1	E-chr16L-1	chr16L	14011	20682	20869	end
6991_day0_reference	6991	chr7R	SRR33298378.17990	1	1	E-chr7R-1	E-chr16L-1	chr16L	13965	20631	20820	end
6991_day0_reference	6991	chr7R	SRR33298378.292467	1	1	E-chr7R-1	E-chr16L-1	chr16L	245	6881	20861	beginning
6991_day0_reference	6991	chr7R	SRR33298378.112507	1	1	E-chr7R-1	E-chr16L-1	chr16L	14019	20661	20855	end
6991_day0_reference	6991	chr7R	SRR33298378.228457	1	1	E-chr7R-1	E-chr16L-1	chr16L	205	6830	20850	beginning
6991_day0_reference	6991	chr7R	SRR33298378.256528	1	1	E-chr7R-1	E-chr16L-1	chr16L	14025	20683	20857	end
6991_day0_reference	6991	chr7R	SRR33298378.129700	1	1	E-chr7R-1	E-chr16L-1	chr16L	197	6846	20855	beginning
6991_day0_reference	6991	chr7R	SRR33298378.165837	1	1	E-chr7R-1	E-chr16L-1	chr16L	202	6827	20869	beginning
6991_day0_reference	6991	chr7R	SRR33298378.712847	1	1	E-chr7R-1	E-chr16L-1	chr16L	219	6860	20862	beginning
6991_day0_reference	6991	chr7R	SRR33298378.678600	1	1	E-chr7R-1	E-chr16L-1	chr16L	196	6843	20869	beginning
6991_day0_reference	6991	chr7R	SRR33298378.657269	1	1	E-chr7R-1	E-chr16L-1	chr16L	161	6820	20856	beginning
6991_day0_reference	6991	chr7R	SRR33298378.237996	1	1	E-chr7R-1	E-chr16L-1	chr16L	14010	20645	20850	end
6991_day0_reference	6991	chr7R	SRR33298378.390284	1	1	E-chr7R-1	E-chr16L-1	chr16L	213	6866	20848	beginning
6991_day0_reference	6991	chr7R	SRR33298378.344612	1	1	E-chr7R-1	E-chr16L-1	chr16L	14014	20646	20858	end
6991_day0_reference	6991	chr7R	SRR33298378.456792	1	1	E-chr7R-1	E-chr16L-1	chr16L	14022	20666	20859	end
6991_day0_reference	6991	chr7R	SRR33298378.686671	1	1	E-chr7R-1	E-chr16L-1	chr16L	184	6833	20844	beginning
6991_day0_reference	6991	chr7R	SRR33298378.683781	1	1	E-chr7R-1	E-chr16L-1	chr16L	14027	20681	20849	end
6991_day0_reference	6991	chr7R	SRR33298378.267923	1	1	E-chr7R-1	E-chr16L-1	chr16L	14017	20682	20854	end
6991_day0_reference	6991	chr7R	SRR33298378.726758	1	1	E-chr7R-1	E-chr16L-1	chr16L	14039	20681	20854	end
6991_day0_reference	6991	chr7R	SRR33298378.714509	1	1	E-chr7R-1	E-chr16L-1	chr16L	13981	20620	20828	end
6991_day0_reference	6991	chr7R	SRR33298378.537052	1	1	E-chr7R-1	E-chr16L-1	chr16L	13965	20593	20827	end
6991_day0_reference	6991	chr7R	SRR33298378.314296	1	1	E-chr7R-1	E-chr16L-1	chr16L	225	6881	20849	beginning
6991_day0_reference	6991	chr7R	SRR33298378.454052	1	1	E-chr7R-1	E-chr16L-1	chr16L	14033	20685	20854	end
6991_day0_reference	6991	chr7R	SRR33298378.34210	1	1	E-chr7R-1	E-chr16L-1	chr16L	14022	20673	20865	end
6991_day0_reference	6991	chr7R	SRR33298378.740350	1	1	E-chr7R-1	E-chr16L-1	chr16L	13993	20628	20829	end
6991_day0_reference	6991	chr7R	SRR33298378.338397	1	1	E-chr7R-1	E-chr16L-1	chr16L	12028	18680	18846	end
6991_day0_reference	6991	chr7R	SRR33298378.124897	1	1	E-chr7R-1	E-chr16L-1	chr16L	14029	20671	20846	end
6991_day0_reference	6991	chr7R	SRR33298378.589327	1	1	E-chr7R-1	E-chr16L-1	chr16L	166	6815	20844	beginning
6991_day0_reference	6991	chr7R	SRR33298378.595686	1	1	E-chr7R-1	E-chr16L-1	chr16L	14002	20651	20819	end
6991_day0_reference	6991	chr7R	SRR33298378.454636	1	1	E-chr7R-1	E-chr16L-1	chr16L	14035	20659	20861	end
6991_day0_reference	6991	chr7R	SRR33298378.163576	1	1	E-chr7R-1	E-chr16L-1	chr16L	174	6830	20826	beginning
6991_day0_reference	6991	chr7R	SRR33298378.435646	1	1	E-chr7R-1	E-chr16L-1	chr16L	163	6816	20838	beginning
6991_day0_reference	6991	chr7R	SRR33298378.556644	1	1	E-chr7R-1	E-chr16L-1	chr16L	210	6835	20834	beginning
6991_day0_reference	6991	chr7R	SRR33298378.329168	1	1	E-chr7R-1	E-chr16L-1	chr16L	14012	20651	20835	end
6991_day0_reference	6991	chr7R	SRR33298378.150469	1	1	E-chr7R-1	E-chr16L-1	chr16L	183	6825	20822	beginning
6991_day0_reference	6991	chr7R	SRR33298378.29740	1	1	E-chr7R-1	E-chr16L-1	chr16L	156	6803	20828	beginning
6991_day0_reference	6991	chr7R	SRR33298378.467074	1	1	E-chr7R-1	E-chr16L-1	chr16L	13940	20573	20804	end
6991_day0_reference	6991	chr7R	SRR33298378.538309	1	1	E-chr7R-1	E-chr16L-1	chr16L	192	6830	20820	beginning
6991_day0_reference	6991	chr7R	SRR33298378.490600	1	1	E-chr7R-1	E-chr16L-1	chr16L	148	6806	20839	beginning
6991_day0_reference	6991	chr7R	SRR33298378.135310	1	1	E-chr7R-1	E-chr16L-1	chr16L	165	6812	20837	beginning
6991_day0_reference	6991	chr7R	SRR33298378.693623	1	1	E-chr7R-1	E-chr16L-1	chr16L	14013	20674	20827	end
6991_day0_reference	6991	chr7R	SRR33298378.601669	1	1	E-chr7R-1	E-chr16L-1	chr16L	191	6848	20820	beginning
6991_day0_reference	6991	chr7R	SRR33298378.306842	1	1	E-chr7R-1	E-chr16L-1	chr16L	14033	20664	20834	end
6991_day0_reference	6991	chr7R	SRR33298378.416064	1	1	E-chr7R-1	E-chr16L-1	chr16L	13986	20600	20826	end
6991_day0_reference	6991	chr7R	SRR33298378.431308	1	1	E-chr7R-1	E-chr16L-1	chr16L	156	6806	20822	beginning
6991_day0_reference	6991	chr7R	SRR33298378.187128	1	1	E-chr7R-1	E-chr16L-1	chr16L	14010	20663	20832	end
6991_day0_reference	6991	chr7R	SRR33298378.218797	1	1	E-chr7R-1	E-chr16L-1	chr16L	14033	20666	20837	end
6991_day0_reference	6991	chr7R	SRR33298378.395568	1	1	E-chr7R-1	E-chr16L-1	chr16L	14037	20686	20844	end
6991_day0_reference	6991	chr7R	SRR33298378.492808	1	1	E-chr7R-1	E-chr16L-1	chr16L	14000	20657	20807	end
6991_day0_reference	6991	chr7R	SRR33298378.682991	1	1	E-chr7R-1	E-chr16L-1	chr16L	14008	20645	20821	end
6991_day0_reference	6991	chr7R	SRR33298378.714268	1	1	E-chr7R-1	E-chr16L-1	chr16L	13961	20594	20805	end
6991_day0_reference	6991	chr7R	SRR33298378.569567	1	1	E-chr7R-1	E-chr16L-1	chr16L	14046	20687	20825	end
6991_day0_reference	6991	chr7R	SRR33298378.206253	1	1	E-chr7R-1	E-chr16L-1	chr16L	13170	19803	19963	end
6991_day0_reference	6991	chr7R	SRR33298378.585018	1	1	E-chr7R-1	E-chr16L-1	chr16L	190	6819	20828	beginning
6991_day0_reference	6991	chr7R	SRR33298378.485663	1	1	E-chr7R-1	E-chr16L-1	chr16L	140	6795	20810	beginning
6991_day0_reference	6991	chr7R	SRR33298378.582727	1	1	E-chr7R-1	E-chr16L-1	chr16L	14015	20651	20819	end
6991_day0_reference	6991	chr7R	SRR33298378.186690	1	1	E-chr7R-1	E-chr16L-1	chr16L	14012	20664	20808	end
6991_day0_reference	6991	chr7R	SRR33298378.362332	1	1	E-chr7R-1	E-chr16L-1	chr16L	14017	20652	20804	end
6991_day0_reference	6991	chr7R	SRR33298378.605664	1	1	E-chr7R-1	E-chr16L-1	chr16L	14004	20619	20799	end
6991_day0_reference	6991	chr7R	SRR33298378.393804	1	1	E-chr7R-1	E-chr16L-1	chr16L	192	6821	20802	beginning
6991_day0_reference	6991	chr7R	SRR33298378.434856	1	1	E-chr7R-1	E-chr16L-1	chr16L	190	6826	20811	beginning
6991_day0_reference	6991	chr7R	SRR33298378.3162	1	1	E-chr7R-1	E-chr16L-1	chr16L	12394	19038	19161	end
6991_day0_reference	6991	chr7R	SRR33298378.655112	1	1	E-chr7R-1	E-chr16L-1	chr16L	14022	20650	20798	end
6991_day0_reference	6991	chr7R	SRR33298378.58184	1	1	E-chr7R-1	E-chr16L-1	chr16L	143	6774	20799	beginning
6991_day0_reference	6991	chr7R	SRR33298378.696964	1	1	E-chr7R-1	E-chr16L-1	chr16L	160	6785	20797	beginning
6991_day0_reference	6991	chr7R	SRR33298378.301786	1	1	E-chr7R-1	E-chr16L-1	chr16L	14007	20647	20801	end
6991_day0_reference	6991	chr7R	SRR33298378.344575	1	1	E-chr7R-1	E-chr16L-1	chr16L	14014	20622	20784	end
6991_day0_reference	6991	chr7R	SRR33298378.555065	1	1	E-chr7R-1	E-chr16L-1	chr16L	13973	20599	20789	end
6991_day0_reference	6991	chr7R	SRR33298378.195557	1	1	E-chr7R-1	E-chr16L-1	chr16L	14010	20614	20787	end
6991_day0_reference	6991	chr7R	SRR33298378.246633	1	1	E-chr7R-1	E-chr16L-1	chr16L	12152	18808	18919	end
6991_day0_reference	6991	chr7R	SRR33298378.152138	1	1	E-chr7R-1	E-chr16L-1	chr16L	14023	20669	20799	end
6991_day0_reference	6991	chr7R	SRR33298378.501385	1	1	E-chr7R-1	E-chr16L-1	chr16L	14036	20685	20802	end
6991_day0_reference	6991	chr7R	SRR33298378.585691	1	1	E-chr7R-1	E-chr16L-1	chr16L	13978	20600	20764	end
6991_day0_reference	6991	chr7R	SRR33298378.304107	1	1	E-chr7R-1	E-chr16L-1	chr16L	146	6781	20774	beginning
6991_day0_reference	6991	chr7R	SRR33298378.233249	1	1	E-chr7R-1	E-chr16L-1	chr16L	136	6796	18544	beginning
6991_day0_reference	6991	chr7R	SRR33298378.552079	1	1	E-chr7R-1	E-chr16L-1	chr16L	11568	18214	18318	end
6991_day0_reference	6991	chr7R	SRR33298378.364702	1	1	E-chr7R-1	E-chr16L-1	chr16L	179	6806	20796	beginning
6991_day0_reference	6991	chr7R	SRR33298378.289882	1	1	E-chr7R-1	E-chr16L-1	chr16L	12564	19199	19322	end
6991_day0_reference	6991	chr7R	SRR33298378.607291	1	1	E-chr7R-1	E-chr16L-1	chr16L	12291	18935	19080	end
6991_day0_reference	6991	chr7R	SRR33298378.88405	1	1	E-chr7R-1	E-chr16L-1	chr16L	13875	20511	20678	end
6991_day0_reference	6991	chr7R	SRR33298378.419742	1	1	E-chr7R-1	E-chr16L-1	chr16L	14016	20648	20770	end
6991_day0_reference	6991	chr7R	SRR33298378.549953	1	1	E-chr7R-1	E-chr16L-1	chr16L	14020	20656	20769	end
6991_day0_reference	6991	chr7R	SRR33298378.270539	1	1	E-chr7R-1	E-chr16L-1	chr16L	13993	20626	20760	end
6991_day0_reference	6991	chr7R	SRR33298378.573079	1	1	E-chr7R-1	E-chr16L-1	chr16L	13978	20613	20745	end
6991_day0_reference	6991	chr7R	SRR33298378.641410	1	1	E-chr7R-1	E-chr16L-1	chr16L	13987	20634	20760	end
6991_day0_reference	6991	chr7R	SRR33298378.648295	1	1	E-chr7R-1	E-chr16L-1	chr16L	14011	20655	20763	end
6991_day0_reference	6991	chr7R	SRR33298378.19768	1	1	E-chr7R-1	E-chr16L-1	chr16L	13224	19804	19984	end
6991_day0_reference	6991	chr7R	SRR33298378.162294	1	1	E-chr7R-1	E-chr16L-1	chr16L	14025	20634	20721	end
6991_day0_reference	6991	chr7R	SRR33298378.250353	1	1	E-chr7R-1	E-chr16L-1	chr16L	121	6779	20646	beginning
6991_day0_reference	6991	chr8L	SRR33298378.142793	1	1	E-chr8L-1	E-chr2L-1	chr2L	142	5693	11487	beginning
6991_day0_reference	6991	chr8R	SRR33298378.56289	1	1	E-chr8R-1	E-chr2L-1	chr2L	35213	41202	41281	end
6991_day0_reference_promethion	6991	chr10L	SRR33298377.515263	1	1	E-chr10L-1	E-chr9L-1	chr9L	250	7121	25840	beginning
6991_day0_reference_promethion	6991	chr10L	SRR33298377.59230	1	1	E-chr10L-1	E-chr9L-1	chr9L	18867	19660	19890	end
6991_day0_reference_promethion	6991	chr12R	SRR33298377.638694	2	7	E-chr12R-2	E-chr14L-2	chr14L	201	47651	58669	beginning
6991_day0_reference_promethion	6991	chr12R	SRR33298377.638694	3	7	E-chr12R-3	E-chr4R-2	chr4R	201	47651	58669	beginning
6991_day0_reference_promethion	6991	chr12R	SRR33298377.638694	4	7	E-chr12R-4	E-chr4R-2	chr4R	201	47651	58669	beginning
6991_day0_reference_promethion	6991	chr12R	SRR33298377.638694	5	7	E-chr12R-5	E-chr4R-2	chr4R	201	47651	58669	beginning
6991_day0_reference_promethion	6991	chr12R	SRR33298377.638694	6	7	E-chr12R-6	E-chr4R-2	chr4R	201	47651	58669	beginning
6991_day0_reference_promethion	6991	chr12R	SRR33298377.638694	7	7	E-chr12R-7	E-chr4R-2	chr4R	201	47651	58669	beginning
6991_day0_reference_promethion	6991	chr12R	SRR33298377.260788	2	7	E-chr12R-2	E-chr14L-2	chr14L	11008	58375	58662	end
6991_day0_reference_promethion	6991	chr12R	SRR33298377.260788	3	7	E-chr12R-3	E-chr14L-2	chr14L	11008	58375	58662	end
6991_day0_reference_promethion	6991	chr12R	SRR33298377.260788	4	7	E-chr12R-4	E-chr4R-2	chr4R	11008	58375	58662	end
6991_day0_reference_promethion	6991	chr12R	SRR33298377.260788	5	7	E-chr12R-5	E-chr14L-2	chr14L	11008	58375	58662	end
6991_day0_reference_promethion	6991	chr12R	SRR33298377.260788	6	7	E-chr12R-6	E-chr4R-2	chr4R	11008	58375	58662	end
6991_day0_reference_promethion	6991	chr12R	SRR33298377.260788	7	7	E-chr12R-7	E-chr4R-2	chr4R	11008	58375	58662	end
6991_day0_reference_promethion	6991	chr12R	SRR33298377.548369	2	7	E-chr12R-2	E-chr14L-2	chr14L	11009	58349	58627	end
6991_day0_reference_promethion	6991	chr12R	SRR33298377.548369	3	7	E-chr12R-3	E-chr14L-2	chr14L	11009	58349	58627	end
6991_day0_reference_promethion	6991	chr12R	SRR33298377.548369	4	7	E-chr12R-4	E-chr4R-7	chr4R	11009	58349	58627	end
6991_day0_reference_promethion	6991	chr12R	SRR33298377.548369	5	7	E-chr12R-5	E-chr14L-2	chr14L	11009	58349	58627	end
6991_day0_reference_promethion	6991	chr12R	SRR33298377.548369	6	7	E-chr12R-6	E-chr14L-2	chr14L	11009	58349	58627	end
6991_day0_reference_promethion	6991	chr12R	SRR33298377.548369	7	7	E-chr12R-7	E-chr14L-2	chr14L	11009	58349	58627	end
6991_day0_reference_promethion	6991	chr12R	SRR33298377.417145	2	7	E-chr12R-2	E-chr4R-7	chr4R	201	47621	58622	beginning
6991_day0_reference_promethion	6991	chr12R	SRR33298377.417145	3	7	E-chr12R-3	E-chr4R-2	chr4R	201	47621	58622	beginning
6991_day0_reference_promethion	6991	chr12R	SRR33298377.417145	4	7	E-chr12R-4	E-chr4R-7	chr4R	201	47621	58622	beginning
6991_day0_reference_promethion	6991	chr12R	SRR33298377.417145	5	7	E-chr12R-5	E-chr4R-2	chr4R	201	47621	58622	beginning
6991_day0_reference_promethion	6991	chr12R	SRR33298377.417145	6	7	E-chr12R-6	E-chr4R-7	chr4R	201	47621	58622	beginning
6991_day0_reference_promethion	6991	chr12R	SRR33298377.417145	7	7	E-chr12R-7	E-chr4R-7	chr4R	201	47621	58622	beginning
6991_day0_reference_promethion	6991	chr12R	SRR33298377.34822	2	7	E-chr12R-2	E-chr4R-2	chr4R	205	47582	58593	beginning
6991_day0_reference_promethion	6991	chr12R	SRR33298377.34822	3	7	E-chr12R-3	E-chr4R-2	chr4R	205	47582	58593	beginning
6991_day0_reference_promethion	6991	chr12R	SRR33298377.34822	4	7	E-chr12R-4	E-chr4R-2	chr4R	205	47582	58593	beginning
6991_day0_reference_promethion	6991	chr12R	SRR33298377.34822	5	7	E-chr12R-5	E-chr4R-7	chr4R	205	47582	58593	beginning
6991_day0_reference_promethion	6991	chr12R	SRR33298377.34822	6	7	E-chr12R-6	E-chr4R-2	chr4R	205	47582	58593	beginning
6991_day0_reference_promethion	6991	chr12R	SRR33298377.34822	7	7	E-chr12R-7	E-chr4R-7	chr4R	205	47582	58593	beginning
6991_day0_reference_promethion	6991	chr12R	SRR33298377.739973	2	7	E-chr12R-2	E-chr4R-2	chr4R	257	47579	56402	beginning
6991_day0_reference_promethion	6991	chr12R	SRR33298377.739973	3	7	E-chr12R-3	E-chr4R-2	chr4R	257	47579	56402	beginning
6991_day0_reference_promethion	6991	chr12R	SRR33298377.739973	4	7	E-chr12R-4	E-chr4R-7	chr4R	257	47579	56402	beginning
6991_day0_reference_promethion	6991	chr12R	SRR33298377.739973	5	7	E-chr12R-5	E-chr4R-7	chr4R	257	47579	56402	beginning
6991_day0_reference_promethion	6991	chr12R	SRR33298377.739973	6	7	E-chr12R-6	E-chr14L-2	chr14L	257	47579	56402	beginning
6991_day0_reference_promethion	6991	chr12R	SRR33298377.739973	7	7	E-chr12R-7	E-chr4R-2	chr4R	257	47579	56402	beginning
6991_day0_reference_promethion	6991	chr12R	SRR33298377.756806	2	7	E-chr12R-2	E-chr4R-7	chr4R	186	47562	58585	beginning
6991_day0_reference_promethion	6991	chr12R	SRR33298377.756806	3	7	E-chr12R-3	E-chr4R-7	chr4R	186	47562	58585	beginning
6991_day0_reference_promethion	6991	chr12R	SRR33298377.756806	4	7	E-chr12R-4	E-chr4R-7	chr4R	186	47562	58585	beginning
6991_day0_reference_promethion	6991	chr12R	SRR33298377.756806	5	7	E-chr12R-5	E-chr4R-7	chr4R	186	47562	58585	beginning
6991_day0_reference_promethion	6991	chr12R	SRR33298377.756806	6	7	E-chr12R-6	E-chr4R-7	chr4R	186	47562	58585	beginning
6991_day0_reference_promethion	6991	chr12R	SRR33298377.756806	7	7	E-chr12R-7	E-chr4R-2	chr4R	186	47562	58585	beginning
6991_day0_reference_promethion	6991	chr12R	SRR33298377.106184	2	7	E-chr12R-2	E-chr14L-2	chr14L	151	47556	58568	beginning
6991_day0_reference_promethion	6991	chr12R	SRR33298377.106184	3	7	E-chr12R-3	E-chr4R-2	chr4R	151	47556	58568	beginning
6991_day0_reference_promethion	6991	chr12R	SRR33298377.106184	4	7	E-chr12R-4	E-chr4R-2	chr4R	151	47556	58568	beginning
6991_day0_reference_promethion	6991	chr12R	SRR33298377.106184	5	7	E-chr12R-5	E-chr4R-2	chr4R	151	47556	58568	beginning
6991_day0_reference_promethion	6991	chr12R	SRR33298377.106184	6	7	E-chr12R-6	E-chr4R-2	chr4R	151	47556	58568	beginning
6991_day0_reference_promethion	6991	chr12R	SRR33298377.106184	7	7	E-chr12R-7	E-chr4R-2	chr4R	151	47556	58568	beginning
6991_day0_reference_promethion	6991	chr12R	SRR33298377.673744	2	7	E-chr12R-2	E-chr4R-7	chr4R	11011	58379	58552	end
6991_day0_reference_promethion	6991	chr12R	SRR33298377.673744	3	7	E-chr12R-3	E-chr4R-2	chr4R	11011	58379	58552	end
6991_day0_reference_promethion	6991	chr12R	SRR33298377.673744	4	7	E-chr12R-4	E-chr14L-2	chr14L	11011	58379	58552	end
6991_day0_reference_promethion	6991	chr12R	SRR33298377.673744	5	7	E-chr12R-5	E-chr14L-2	chr14L	11011	58379	58552	end
6991_day0_reference_promethion	6991	chr12R	SRR33298377.673744	6	7	E-chr12R-6	E-chr14L-2	chr14L	11011	58379	58552	end
6991_day0_reference_promethion	6991	chr12R	SRR33298377.673744	7	7	E-chr12R-7	E-chr14L-2	chr14L	11011	58379	58552	end
6991_day0_reference_promethion	6991	chr12R	SRR33298377.82494	2	7	E-chr12R-2	E-chr4R-2	chr4R	205	47547	58532	beginning
6991_day0_reference_promethion	6991	chr12R	SRR33298377.82494	3	7	E-chr12R-3	E-chr4R-7	chr4R	205	47547	58532	beginning
6991_day0_reference_promethion	6991	chr12R	SRR33298377.82494	4	7	E-chr12R-4	E-chr4R-2	chr4R	205	47547	58532	beginning
6991_day0_reference_promethion	6991	chr12R	SRR33298377.82494	5	7	E-chr12R-5	E-chr4R-7	chr4R	205	47547	58532	beginning
6991_day0_reference_promethion	6991	chr12R	SRR33298377.82494	6	7	E-chr12R-6	E-chr4R-2	chr4R	205	47547	58532	beginning
6991_day0_reference_promethion	6991	chr12R	SRR33298377.82494	7	7	E-chr12R-7	E-chr4R-7	chr4R	205	47547	58532	beginning
6991_day0_reference_promethion	6991	chr12R	SRR33298377.494309	2	7	E-chr12R-2	E-chr14L-2	chr14L	11007	58372	58541	end
6991_day0_reference_promethion	6991	chr12R	SRR33298377.494309	3	7	E-chr12R-3	E-chr14L-2	chr14L	11007	58372	58541	end
6991_day0_reference_promethion	6991	chr12R	SRR33298377.494309	4	7	E-chr12R-4	E-chr14L-2	chr14L	11007	58372	58541	end
6991_day0_reference_promethion	6991	chr12R	SRR33298377.494309	5	7	E-chr12R-5	E-chr14L-2	chr14L	11007	58372	58541	end
6991_day0_reference_promethion	6991	chr12R	SRR33298377.494309	6	7	E-chr12R-6	E-chr4R-2	chr4R	11007	58372	58541	end
6991_day0_reference_promethion	6991	chr12R	SRR33298377.494309	7	7	E-chr12R-7	E-chr14L-2	chr14L	11007	58372	58541	end
6991_day0_reference_promethion	6991	chr12R	SRR33298377.567828	2	7	E-chr12R-2	E-chr4R-2	chr4R	132	47543	58542	beginning
6991_day0_reference_promethion	6991	chr12R	SRR33298377.567828	3	7	E-chr12R-3	E-chr4R-2	chr4R	132	47543	58542	beginning
6991_day0_reference_promethion	6991	chr12R	SRR33298377.567828	4	7	E-chr12R-4	E-chr4R-7	chr4R	132	47543	58542	beginning
6991_day0_reference_promethion	6991	chr12R	SRR33298377.567828	5	7	E-chr12R-5	E-chr4R-7	chr4R	132	47543	58542	beginning
6991_day0_reference_promethion	6991	chr12R	SRR33298377.567828	6	7	E-chr12R-6	E-chr4R-7	chr4R	132	47543	58542	beginning
6991_day0_reference_promethion	6991	chr12R	SRR33298377.567828	7	7	E-chr12R-7	E-chr4R-7	chr4R	132	47543	58542	beginning
6991_day0_reference_promethion	6991	chr12R	SRR33298377.618261	2	7	E-chr12R-2	E-chr14L-2	chr14L	11025	58392	58549	end
6991_day0_reference_promethion	6991	chr12R	SRR33298377.618261	3	7	E-chr12R-3	E-chr4R-2	chr4R	11025	58392	58549	end
6991_day0_reference_promethion	6991	chr12R	SRR33298377.618261	4	7	E-chr12R-4	E-chr14L-2	chr14L	11025	58392	58549	end
6991_day0_reference_promethion	6991	chr12R	SRR33298377.618261	5	7	E-chr12R-5	E-chr14L-2	chr14L	11025	58392	58549	end
6991_day0_reference_promethion	6991	chr12R	SRR33298377.618261	6	7	E-chr12R-6	E-chr14L-2	chr14L	11025	58392	58549	end
6991_day0_reference_promethion	6991	chr12R	SRR33298377.618261	7	7	E-chr12R-7	E-chr14L-2	chr14L	11025	58392	58549	end
6991_day0_reference_promethion	6991	chr12R	SRR33298377.344425	2	7	E-chr12R-2	E-chr4R-2	chr4R	10998	58318	58536	end
6991_day0_reference_promethion	6991	chr12R	SRR33298377.344425	3	7	E-chr12R-3	E-chr4R-2	chr4R	10998	58318	58536	end
6991_day0_reference_promethion	6991	chr12R	SRR33298377.344425	4	7	E-chr12R-4	E-chr14L-2	chr14L	10998	58318	58536	end
6991_day0_reference_promethion	6991	chr12R	SRR33298377.344425	5	7	E-chr12R-5	E-chr14L-2	chr14L	10998	58318	58536	end
6991_day0_reference_promethion	6991	chr12R	SRR33298377.344425	6	7	E-chr12R-6	E-chr14L-2	chr14L	10998	58318	58536	end
6991_day0_reference_promethion	6991	chr12R	SRR33298377.344425	7	7	E-chr12R-7	E-chr14L-2	chr14L	10998	58318	58536	end
6991_day0_reference_promethion	6991	chr12R	SRR33298377.131136	2	7	E-chr12R-2	E-chr4R-2	chr4R	11015	58362	58536	end
6991_day0_reference_promethion	6991	chr12R	SRR33298377.131136	3	7	E-chr12R-3	E-chr14L-2	chr14L	11015	58362	58536	end
6991_day0_reference_promethion	6991	chr12R	SRR33298377.131136	4	7	E-chr12R-4	E-chr4R-2	chr4R	11015	58362	58536	end
6991_day0_reference_promethion	6991	chr12R	SRR33298377.131136	5	7	E-chr12R-5	E-chr4R-2	chr4R	11015	58362	58536	end
6991_day0_reference_promethion	6991	chr12R	SRR33298377.131136	6	7	E-chr12R-6	E-chr14L-2	chr14L	11015	58362	58536	end
6991_day0_reference_promethion	6991	chr12R	SRR33298377.131136	7	7	E-chr12R-7	E-chr14L-2	chr14L	11015	58362	58536	end
6991_day0_reference_promethion	6991	chr12R	SRR33298377.661362	2	7	E-chr12R-2	E-chr4R-7	chr4R	191	47548	58538	beginning
6991_day0_reference_promethion	6991	chr12R	SRR33298377.661362	3	7	E-chr12R-3	E-chr4R-2	chr4R	191	47548	58538	beginning
6991_day0_reference_promethion	6991	chr12R	SRR33298377.661362	4	7	E-chr12R-4	E-chr4R-7	chr4R	191	47548	58538	beginning
6991_day0_reference_promethion	6991	chr12R	SRR33298377.661362	5	7	E-chr12R-5	E-chr4R-2	chr4R	191	47548	58538	beginning
6991_day0_reference_promethion	6991	chr12R	SRR33298377.661362	6	7	E-chr12R-6	E-chr4R-7	chr4R	191	47548	58538	beginning
6991_day0_reference_promethion	6991	chr12R	SRR33298377.661362	7	7	E-chr12R-7	E-chr4R-7	chr4R	191	47548	58538	beginning
6991_day0_reference_promethion	6991	chr12R	SRR33298377.405317	2	7	E-chr12R-2	E-chr14L-2	chr14L	10997	58279	58517	end
6991_day0_reference_promethion	6991	chr12R	SRR33298377.405317	3	7	E-chr12R-3	E-chr4R-2	chr4R	10997	58279	58517	end
6991_day0_reference_promethion	6991	chr12R	SRR33298377.405317	4	7	E-chr12R-4	E-chr4R-2	chr4R	10997	58279	58517	end
6991_day0_reference_promethion	6991	chr12R	SRR33298377.405317	5	7	E-chr12R-5	E-chr14L-2	chr14L	10997	58279	58517	end
6991_day0_reference_promethion	6991	chr12R	SRR33298377.405317	6	7	E-chr12R-6	E-chr4R-2	chr4R	10997	58279	58517	end
6991_day0_reference_promethion	6991	chr12R	SRR33298377.405317	7	7	E-chr12R-7	E-chr4R-2	chr4R	10997	58279	58517	end
6991_day0_reference_promethion	6991	chr12R	SRR33298377.655322	2	7	E-chr12R-2	E-chr4R-7	chr4R	148	47526	58517	beginning
6991_day0_reference_promethion	6991	chr12R	SRR33298377.655322	3	7	E-chr12R-3	E-chr4R-2	chr4R	148	47526	58517	beginning
6991_day0_reference_promethion	6991	chr12R	SRR33298377.655322	4	7	E-chr12R-4	E-chr4R-2	chr4R	148	47526	58517	beginning
6991_day0_reference_promethion	6991	chr12R	SRR33298377.655322	5	7	E-chr12R-5	E-chr4R-7	chr4R	148	47526	58517	beginning
6991_day0_reference_promethion	6991	chr12R	SRR33298377.655322	6	7	E-chr12R-6	E-chr4R-2	chr4R	148	47526	58517	beginning
6991_day0_reference_promethion	6991	chr12R	SRR33298377.655322	7	7	E-chr12R-7	E-chr4R-2	chr4R	148	47526	58517	beginning
6991_day0_reference_promethion	6991	chr12R	SRR33298377.545792	2	7	E-chr12R-2	E-chr4R-7	chr4R	135	47518	58525	beginning
6991_day0_reference_promethion	6991	chr12R	SRR33298377.545792	3	7	E-chr12R-3	E-chr4R-2	chr4R	135	47518	58525	beginning
6991_day0_reference_promethion	6991	chr12R	SRR33298377.545792	4	7	E-chr12R-4	E-chr4R-2	chr4R	135	47518	58525	beginning
6991_day0_reference_promethion	6991	chr12R	SRR33298377.545792	5	7	E-chr12R-5	E-chr4R-2	chr4R	135	47518	58525	beginning
6991_day0_reference_promethion	6991	chr12R	SRR33298377.545792	6	7	E-chr12R-6	E-chr4R-7	chr4R	135	47518	58525	beginning
6991_day0_reference_promethion	6991	chr12R	SRR33298377.545792	7	7	E-chr12R-7	E-chr14L-2	chr14L	135	47518	58525	beginning
6991_day0_reference_promethion	6991	chr12R	SRR33298377.294334	2	7	E-chr12R-2	E-chr4R-2	chr4R	220	47515	58517	beginning
6991_day0_reference_promethion	6991	chr12R	SRR33298377.294334	3	7	E-chr12R-3	E-chr14L-2	chr14L	220	47515	58517	beginning
6991_day0_reference_promethion	6991	chr12R	SRR33298377.294334	4	7	E-chr12R-4	E-chr4R-2	chr4R	220	47515	58517	beginning
6991_day0_reference_promethion	6991	chr12R	SRR33298377.294334	5	7	E-chr12R-5	E-chr4R-7	chr4R	220	47515	58517	beginning
6991_day0_reference_promethion	6991	chr12R	SRR33298377.294334	6	7	E-chr12R-6	E-chr4R-7	chr4R	220	47515	58517	beginning
6991_day0_reference_promethion	6991	chr12R	SRR33298377.294334	7	7	E-chr12R-7	E-chr4R-2	chr4R	220	47515	58517	beginning
6991_day0_reference_promethion	6991	chr12R	SRR33298377.415634	2	7	E-chr12R-2	E-chr14L-2	chr14L	10994	58376	58499	end
6991_day0_reference_promethion	6991	chr12R	SRR33298377.415634	3	7	E-chr12R-3	E-chr14L-2	chr14L	10994	58376	58499	end
6991_day0_reference_promethion	6991	chr12R	SRR33298377.415634	4	7	E-chr12R-4	E-chr4R-2	chr4R	10994	58376	58499	end
6991_day0_reference_promethion	6991	chr12R	SRR33298377.415634	5	7	E-chr12R-5	E-chr14L-2	chr14L	10994	58376	58499	end
6991_day0_reference_promethion	6991	chr12R	SRR33298377.415634	6	7	E-chr12R-6	E-chr14L-2	chr14L	10994	58376	58499	end
6991_day0_reference_promethion	6991	chr12R	SRR33298377.415634	7	7	E-chr12R-7	E-chr4R-2	chr4R	10994	58376	58499	end
6991_day0_reference_promethion	6991	chr12R	SRR33298377.103218	2	7	E-chr12R-2	E-chr14L-2	chr14L	11006	58338	58519	end
6991_day0_reference_promethion	6991	chr12R	SRR33298377.103218	3	7	E-chr12R-3	E-chr4R-2	chr4R	11006	58338	58519	end
6991_day0_reference_promethion	6991	chr12R	SRR33298377.103218	4	7	E-chr12R-4	E-chr4R-2	chr4R	11006	58338	58519	end
6991_day0_reference_promethion	6991	chr12R	SRR33298377.103218	5	7	E-chr12R-5	E-chr4R-2	chr4R	11006	58338	58519	end
6991_day0_reference_promethion	6991	chr12R	SRR33298377.103218	6	7	E-chr12R-6	E-chr14L-2	chr14L	11006	58338	58519	end
6991_day0_reference_promethion	6991	chr12R	SRR33298377.103218	7	7	E-chr12R-7	E-chr14L-2	chr14L	11006	58338	58519	end
6991_day0_reference_promethion	6991	chr12R	SRR33298377.193024	2	7	E-chr12R-2	E-chr14L-2	chr14L	11025	58374	58522	end
6991_day0_reference_promethion	6991	chr12R	SRR33298377.193024	3	7	E-chr12R-3	E-chr4R-2	chr4R	11025	58374	58522	end
6991_day0_reference_promethion	6991	chr12R	SRR33298377.193024	4	7	E-chr12R-4	E-chr4R-2	chr4R	11025	58374	58522	end
6991_day0_reference_promethion	6991	chr12R	SRR33298377.193024	5	7	E-chr12R-5	E-chr4R-2	chr4R	11025	58374	58522	end
6991_day0_reference_promethion	6991	chr12R	SRR33298377.193024	6	7	E-chr12R-6	E-chr4R-2	chr4R	11025	58374	58522	end
6991_day0_reference_promethion	6991	chr12R	SRR33298377.193024	7	7	E-chr12R-7	E-chr14L-2	chr14L	11025	58374	58522	end
6991_day0_reference_promethion	6991	chr12R	SRR33298377.473192	2	7	E-chr12R-2	E-chr4R-7	chr4R	172	47497	58508	beginning
6991_day0_reference_promethion	6991	chr12R	SRR33298377.473192	3	7	E-chr12R-3	E-chr4R-2	chr4R	172	47497	58508	beginning
6991_day0_reference_promethion	6991	chr12R	SRR33298377.473192	4	7	E-chr12R-4	E-chr4R-7	chr4R	172	47497	58508	beginning
6991_day0_reference_promethion	6991	chr12R	SRR33298377.473192	5	7	E-chr12R-5	E-chr4R-2	chr4R	172	47497	58508	beginning
6991_day0_reference_promethion	6991	chr12R	SRR33298377.473192	6	7	E-chr12R-6	E-chr4R-2	chr4R	172	47497	58508	beginning
6991_day0_reference_promethion	6991	chr12R	SRR33298377.473192	7	7	E-chr12R-7	E-chr4R-2	chr4R	172	47497	58508	beginning
6991_day0_reference_promethion	6991	chr12R	SRR33298377.526457	2	7	E-chr12R-2	E-chr4R-2	chr4R	11017	58358	58517	end
6991_day0_reference_promethion	6991	chr12R	SRR33298377.526457	3	7	E-chr12R-3	E-chr4R-2	chr4R	11017	58358	58517	end
6991_day0_reference_promethion	6991	chr12R	SRR33298377.526457	4	7	E-chr12R-4	E-chr4R-2	chr4R	11017	58358	58517	end
6991_day0_reference_promethion	6991	chr12R	SRR33298377.526457	5	7	E-chr12R-5	E-chr14L-2	chr14L	11017	58358	58517	end
6991_day0_reference_promethion	6991	chr12R	SRR33298377.526457	6	7	E-chr12R-6	E-chr4R-2	chr4R	11017	58358	58517	end
6991_day0_reference_promethion	6991	chr12R	SRR33298377.526457	7	7	E-chr12R-7	E-chr4R-2	chr4R	11017	58358	58517	end
6991_day0_reference_promethion	6991	chr12R	SRR33298377.768515	2	7	E-chr12R-2	E-chr4R-2	chr4R	124	47502	58508	beginning
6991_day0_reference_promethion	6991	chr12R	SRR33298377.768515	3	7	E-chr12R-3	E-chr4R-7	chr4R	124	47502	58508	beginning
6991_day0_reference_promethion	6991	chr12R	SRR33298377.768515	4	7	E-chr12R-4	E-chr4R-7	chr4R	124	47502	58508	beginning
6991_day0_reference_promethion	6991	chr12R	SRR33298377.768515	5	7	E-chr12R-5	E-chr4R-7	chr4R	124	47502	58508	beginning
6991_day0_reference_promethion	6991	chr12R	SRR33298377.768515	6	7	E-chr12R-6	E-chr4R-7	chr4R	124	47502	58508	beginning
6991_day0_reference_promethion	6991	chr12R	SRR33298377.768515	7	7	E-chr12R-7	E-chr4R-2	chr4R	124	47502	58508	beginning
6991_day0_reference_promethion	6991	chr12R	SRR33298377.364060	2	7	E-chr12R-2	E-chr4R-2	chr4R	11006	58349	58516	end
6991_day0_reference_promethion	6991	chr12R	SRR33298377.364060	3	7	E-chr12R-3	E-chr4R-2	chr4R	11006	58349	58516	end
6991_day0_reference_promethion	6991	chr12R	SRR33298377.364060	4	7	E-chr12R-4	E-chr4R-2	chr4R	11006	58349	58516	end
6991_day0_reference_promethion	6991	chr12R	SRR33298377.364060	5	7	E-chr12R-5	E-chr4R-2	chr4R	11006	58349	58516	end
6991_day0_reference_promethion	6991	chr12R	SRR33298377.364060	6	7	E-chr12R-6	E-chr14L-2	chr14L	11006	58349	58516	end
6991_day0_reference_promethion	6991	chr12R	SRR33298377.364060	7	7	E-chr12R-7	E-chr14L-2	chr14L	11006	58349	58516	end
6991_day0_reference_promethion	6991	chr12R	SRR33298377.344988	2	7	E-chr12R-2	E-chr4R-2	chr4R	214	47502	58497	beginning
6991_day0_reference_promethion	6991	chr12R	SRR33298377.344988	3	7	E-chr12R-3	E-chr4R-2	chr4R	214	47502	58497	beginning
6991_day0_reference_promethion	6991	chr12R	SRR33298377.344988	4	7	E-chr12R-4	E-chr4R-2	chr4R	214	47502	58497	beginning
6991_day0_reference_promethion	6991	chr12R	SRR33298377.344988	5	7	E-chr12R-5	E-chr4R-2	chr4R	214	47502	58497	beginning
6991_day0_reference_promethion	6991	chr12R	SRR33298377.344988	6	7	E-chr12R-6	E-chr4R-7	chr4R	214	47502	58497	beginning
6991_day0_reference_promethion	6991	chr12R	SRR33298377.344988	7	7	E-chr12R-7	E-chr4R-2	chr4R	214	47502	58497	beginning
6991_day0_reference_promethion	6991	chr12R	SRR33298377.567284	2	7	E-chr12R-2	E-chr14L-2	chr14L	11041	58383	58498	end
6991_day0_reference_promethion	6991	chr12R	SRR33298377.567284	3	7	E-chr12R-3	E-chr14L-2	chr14L	11041	58383	58498	end
6991_day0_reference_promethion	6991	chr12R	SRR33298377.567284	4	7	E-chr12R-4	E-chr14L-2	chr14L	11041	58383	58498	end
6991_day0_reference_promethion	6991	chr12R	SRR33298377.567284	5	7	E-chr12R-5	E-chr14L-2	chr14L	11041	58383	58498	end
6991_day0_reference_promethion	6991	chr12R	SRR33298377.567284	6	7	E-chr12R-6	E-chr4R-2	chr4R	11041	58383	58498	end
6991_day0_reference_promethion	6991	chr12R	SRR33298377.567284	7	7	E-chr12R-7	E-chr14L-2	chr14L	11041	58383	58498	end
6991_day0_reference_promethion	6991	chr12R	SRR33298377.93115	2	7	E-chr12R-2	E-chr4R-2	chr4R	11015	58362	58496	end
6991_day0_reference_promethion	6991	chr12R	SRR33298377.93115	3	7	E-chr12R-3	E-chr4R-2	chr4R	11015	58362	58496	end
6991_day0_reference_promethion	6991	chr12R	SRR33298377.93115	4	7	E-chr12R-4	E-chr4R-2	chr4R	11015	58362	58496	end
6991_day0_reference_promethion	6991	chr12R	SRR33298377.93115	5	7	E-chr12R-5	E-chr4R-2	chr4R	11015	58362	58496	end
6991_day0_reference_promethion	6991	chr12R	SRR33298377.93115	6	7	E-chr12R-6	E-chr14L-2	chr14L	11015	58362	58496	end
6991_day0_reference_promethion	6991	chr12R	SRR33298377.93115	7	7	E-chr12R-7	E-chr4R-2	chr4R	11015	58362	58496	end
6991_day0_reference_promethion	6991	chr12R	SRR33298377.594363	2	7	E-chr12R-2	E-chr4R-2	chr4R	141	47492	57929	beginning
6991_day0_reference_promethion	6991	chr12R	SRR33298377.594363	3	7	E-chr12R-3	E-chr4R-2	chr4R	141	47492	57929	beginning
6991_day0_reference_promethion	6991	chr12R	SRR33298377.594363	4	7	E-chr12R-4	E-chr4R-2	chr4R	141	47492	57929	beginning
6991_day0_reference_promethion	6991	chr12R	SRR33298377.594363	5	7	E-chr12R-5	E-chr4R-2	chr4R	141	47492	57929	beginning
6991_day0_reference_promethion	6991	chr12R	SRR33298377.594363	6	7	E-chr12R-6	E-chr4R-2	chr4R	141	47492	57929	beginning
6991_day0_reference_promethion	6991	chr12R	SRR33298377.594363	7	7	E-chr12R-7	E-chr4R-7	chr4R	141	47492	57929	beginning
6991_day0_reference_promethion	6991	chr12R	SRR33298377.412813	2	7	E-chr12R-2	E-chr4R-2	chr4R	11021	58349	58509	end
6991_day0_reference_promethion	6991	chr12R	SRR33298377.412813	3	7	E-chr12R-3	E-chr4R-7	chr4R	11021	58349	58509	end
6991_day0_reference_promethion	6991	chr12R	SRR33298377.412813	4	7	E-chr12R-4	E-chr4R-2	chr4R	11021	58349	58509	end
6991_day0_reference_promethion	6991	chr12R	SRR33298377.412813	5	7	E-chr12R-5	E-chr4R-2	chr4R	11021	58349	58509	end
6991_day0_reference_promethion	6991	chr12R	SRR33298377.412813	6	7	E-chr12R-6	E-chr4R-2	chr4R	11021	58349	58509	end
6991_day0_reference_promethion	6991	chr12R	SRR33298377.412813	7	7	E-chr12R-7	E-chr14L-2	chr14L	11021	58349	58509	end
6991_day0_reference_promethion	6991	chr12R	SRR33298377.50665	2	7	E-chr12R-2	E-chr4R-7	chr4R	195	47479	58478	beginning
6991_day0_reference_promethion	6991	chr12R	SRR33298377.50665	3	7	E-chr12R-3	E-chr4R-7	chr4R	195	47479	58478	beginning
6991_day0_reference_promethion	6991	chr12R	SRR33298377.50665	4	7	E-chr12R-4	E-chr4R-2	chr4R	195	47479	58478	beginning
6991_day0_reference_promethion	6991	chr12R	SRR33298377.50665	5	7	E-chr12R-5	E-chr4R-2	chr4R	195	47479	58478	beginning
6991_day0_reference_promethion	6991	chr12R	SRR33298377.50665	6	7	E-chr12R-6	E-chr4R-2	chr4R	195	47479	58478	beginning
6991_day0_reference_promethion	6991	chr12R	SRR33298377.50665	7	7	E-chr12R-7	E-chr4R-7	chr4R	195	47479	58478	beginning
6991_day0_reference_promethion	6991	chr12R	SRR33298377.590250	2	7	E-chr12R-2	E-chr4R-2	chr4R	10977	58286	58466	end
6991_day0_reference_promethion	6991	chr12R	SRR33298377.590250	3	7	E-chr12R-3	E-chr4R-2	chr4R	10977	58286	58466	end
6991_day0_reference_promethion	6991	chr12R	SRR33298377.590250	4	7	E-chr12R-4	E-chr14L-2	chr14L	10977	58286	58466	end
6991_day0_reference_promethion	6991	chr12R	SRR33298377.590250	5	7	E-chr12R-5	E-chr14L-2	chr14L	10977	58286	58466	end
6991_day0_reference_promethion	6991	chr12R	SRR33298377.590250	6	7	E-chr12R-6	E-chr14L-2	chr14L	10977	58286	58466	end
6991_day0_reference_promethion	6991	chr12R	SRR33298377.590250	7	7	E-chr12R-7	E-chr14L-2	chr14L	10977	58286	58466	end
6991_day0_reference_promethion	6991	chr12R	SRR33298377.574953	2	7	E-chr12R-2	E-chr4R-7	chr4R	124	47483	58495	beginning
6991_day0_reference_promethion	6991	chr12R	SRR33298377.574953	3	7	E-chr12R-3	E-chr4R-2	chr4R	124	47483	58495	beginning
6991_day0_reference_promethion	6991	chr12R	SRR33298377.574953	4	7	E-chr12R-4	E-chr4R-2	chr4R	124	47483	58495	beginning
6991_day0_reference_promethion	6991	chr12R	SRR33298377.574953	5	7	E-chr12R-5	E-chr4R-7	chr4R	124	47483	58495	beginning
6991_day0_reference_promethion	6991	chr12R	SRR33298377.574953	6	7	E-chr12R-6	E-chr4R-2	chr4R	124	47483	58495	beginning
6991_day0_reference_promethion	6991	chr12R	SRR33298377.574953	7	7	E-chr12R-7	E-chr4R-2	chr4R	124	47483	58495	beginning
6991_day0_reference_promethion	6991	chr12R	SRR33298377.110749	2	7	E-chr12R-2	E-chr4R-7	chr4R	155	47480	58021	beginning
6991_day0_reference_promethion	6991	chr12R	SRR33298377.110749	3	7	E-chr12R-3	E-chr4R-7	chr4R	155	47480	58021	beginning
6991_day0_reference_promethion	6991	chr12R	SRR33298377.110749	4	7	E-chr12R-4	E-chr4R-7	chr4R	155	47480	58021	beginning
6991_day0_reference_promethion	6991	chr12R	SRR33298377.110749	5	7	E-chr12R-5	E-chr4R-2	chr4R	155	47480	58021	beginning
6991_day0_reference_promethion	6991	chr12R	SRR33298377.110749	6	7	E-chr12R-6	E-chr4R-2	chr4R	155	47480	58021	beginning
6991_day0_reference_promethion	6991	chr12R	SRR33298377.110749	7	7	E-chr12R-7	E-chr4R-7	chr4R	155	47480	58021	beginning
6991_day0_reference_promethion	6991	chr12R	SRR33298377.641133	2	7	E-chr12R-2	E-chr4R-2	chr4R	123	47476	58481	beginning
6991_day0_reference_promethion	6991	chr12R	SRR33298377.641133	3	7	E-chr12R-3	E-chr4R-2	chr4R	123	47476	58481	beginning
6991_day0_reference_promethion	6991	chr12R	SRR33298377.641133	4	7	E-chr12R-4	E-chr4R-2	chr4R	123	47476	58481	beginning
6991_day0_reference_promethion	6991	chr12R	SRR33298377.641133	5	7	E-chr12R-5	E-chr4R-2	chr4R	123	47476	58481	beginning
6991_day0_reference_promethion	6991	chr12R	SRR33298377.641133	6	7	E-chr12R-6	E-chr4R-7	chr4R	123	47476	58481	beginning
6991_day0_reference_promethion	6991	chr12R	SRR33298377.641133	7	7	E-chr12R-7	E-chr4R-2	chr4R	123	47476	58481	beginning
6991_day0_reference_promethion	6991	chr12R	SRR33298377.631470	2	7	E-chr12R-2	E-chr14L-2	chr14L	10999	58343	58470	end
6991_day0_reference_promethion	6991	chr12R	SRR33298377.631470	3	7	E-chr12R-3	E-chr14L-2	chr14L	10999	58343	58470	end
6991_day0_reference_promethion	6991	chr12R	SRR33298377.631470	4	7	E-chr12R-4	E-chr14L-2	chr14L	10999	58343	58470	end
6991_day0_reference_promethion	6991	chr12R	SRR33298377.631470	5	7	E-chr12R-5	E-chr4R-7	chr4R	10999	58343	58470	end
6991_day0_reference_promethion	6991	chr12R	SRR33298377.631470	6	7	E-chr12R-6	E-chr4R-2	chr4R	10999	58343	58470	end
6991_day0_reference_promethion	6991	chr12R	SRR33298377.631470	7	7	E-chr12R-7	E-chr14L-2	chr14L	10999	58343	58470	end
6991_day0_reference_promethion	6991	chr12R	SRR33298377.712182	2	7	E-chr12R-2	E-chr4R-2	chr4R	135	47467	58454	beginning
6991_day0_reference_promethion	6991	chr12R	SRR33298377.712182	3	7	E-chr12R-3	E-chr4R-2	chr4R	135	47467	58454	beginning
6991_day0_reference_promethion	6991	chr12R	SRR33298377.712182	4	7	E-chr12R-4	E-chr4R-2	chr4R	135	47467	58454	beginning
6991_day0_reference_promethion	6991	chr12R	SRR33298377.712182	5	7	E-chr12R-5	E-chr4R-7	chr4R	135	47467	58454	beginning
6991_day0_reference_promethion	6991	chr12R	SRR33298377.712182	6	7	E-chr12R-6	E-chr4R-2	chr4R	135	47467	58454	beginning
6991_day0_reference_promethion	6991	chr12R	SRR33298377.712182	7	7	E-chr12R-7	E-chr4R-2	chr4R	135	47467	58454	beginning
6991_day0_reference_promethion	6991	chr12R	SRR33298377.663925	2	7	E-chr12R-2	E-chr4R-7	chr4R	143	47460	58466	beginning
6991_day0_reference_promethion	6991	chr12R	SRR33298377.663925	3	7	E-chr12R-3	E-chr4R-7	chr4R	143	47460	58466	beginning
6991_day0_reference_promethion	6991	chr12R	SRR33298377.663925	4	7	E-chr12R-4	E-chr4R-2	chr4R	143	47460	58466	beginning
6991_day0_reference_promethion	6991	chr12R	SRR33298377.663925	5	7	E-chr12R-5	E-chr4R-2	chr4R	143	47460	58466	beginning
6991_day0_reference_promethion	6991	chr12R	SRR33298377.663925	6	7	E-chr12R-6	E-chr4R-2	chr4R	143	47460	58466	beginning
6991_day0_reference_promethion	6991	chr12R	SRR33298377.663925	7	7	E-chr12R-7	E-chr4R-7	chr4R	143	47460	58466	beginning
6991_day0_reference_promethion	6991	chr12R	SRR33298377.450785	2	7	E-chr12R-2	E-chr4R-2	chr4R	11003	58346	58468	end
6991_day0_reference_promethion	6991	chr12R	SRR33298377.450785	3	7	E-chr12R-3	E-chr14L-2	chr14L	11003	58346	58468	end
6991_day0_reference_promethion	6991	chr12R	SRR33298377.450785	4	7	E-chr12R-4	E-chr14L-2	chr14L	11003	58346	58468	end
6991_day0_reference_promethion	6991	chr12R	SRR33298377.450785	5	7	E-chr12R-5	E-chr4R-2	chr4R	11003	58346	58468	end
6991_day0_reference_promethion	6991	chr12R	SRR33298377.450785	6	7	E-chr12R-6	E-chr14L-2	chr14L	11003	58346	58468	end
6991_day0_reference_promethion	6991	chr12R	SRR33298377.450785	7	7	E-chr12R-7	E-chr14L-2	chr14L	11003	58346	58468	end
6991_day0_reference_promethion	6991	chr12R	SRR33298377.650708	2	7	E-chr12R-2	E-chr14L-2	chr14L	11007	58303	58460	end
6991_day0_reference_promethion	6991	chr12R	SRR33298377.650708	3	7	E-chr12R-3	E-chr4R-2	chr4R	11007	58303	58460	end
6991_day0_reference_promethion	6991	chr12R	SRR33298377.650708	4	7	E-chr12R-4	E-chr14L-2	chr14L	11007	58303	58460	end
6991_day0_reference_promethion	6991	chr12R	SRR33298377.650708	5	7	E-chr12R-5	E-chr14L-2	chr14L	11007	58303	58460	end
6991_day0_reference_promethion	6991	chr12R	SRR33298377.650708	6	7	E-chr12R-6	E-chr4R-2	chr4R	11007	58303	58460	end
6991_day0_reference_promethion	6991	chr12R	SRR33298377.650708	7	7	E-chr12R-7	E-chr4R-2	chr4R	11007	58303	58460	end
6991_day0_reference_promethion	6991	chr12R	SRR33298377.295371	2	7	E-chr12R-2	E-chr4R-2	chr4R	10035	57369	57494	end
6991_day0_reference_promethion	6991	chr12R	SRR33298377.295371	3	7	E-chr12R-3	E-chr4R-2	chr4R	10035	57369	57494	end
6991_day0_reference_promethion	6991	chr12R	SRR33298377.295371	4	7	E-chr12R-4	E-chr14L-2	chr14L	10035	57369	57494	end
6991_day0_reference_promethion	6991	chr12R	SRR33298377.295371	5	7	E-chr12R-5	E-chr4R-2	chr4R	10035	57369	57494	end
6991_day0_reference_promethion	6991	chr12R	SRR33298377.295371	6	7	E-chr12R-6	E-chr14L-2	chr14L	10035	57369	57494	end
6991_day0_reference_promethion	6991	chr12R	SRR33298377.295371	7	7	E-chr12R-7	E-chr14L-2	chr14L	10035	57369	57494	end
6991_day0_reference_promethion	6991	chr12R	SRR33298377.667242	2	7	E-chr12R-2	E-chr4R-2	chr4R	10953	58295	58436	end
6991_day0_reference_promethion	6991	chr12R	SRR33298377.667242	3	7	E-chr12R-3	E-chr14L-2	chr14L	10953	58295	58436	end
6991_day0_reference_promethion	6991	chr12R	SRR33298377.667242	4	7	E-chr12R-4	E-chr4R-7	chr4R	10953	58295	58436	end
6991_day0_reference_promethion	6991	chr12R	SRR33298377.667242	5	7	E-chr12R-5	E-chr4R-2	chr4R	10953	58295	58436	end
6991_day0_reference_promethion	6991	chr12R	SRR33298377.667242	6	7	E-chr12R-6	E-chr14L-2	chr14L	10953	58295	58436	end
6991_day0_reference_promethion	6991	chr12R	SRR33298377.667242	7	7	E-chr12R-7	E-chr4R-2	chr4R	10953	58295	58436	end
6991_day0_reference_promethion	6991	chr12R	SRR33298377.150674	2	7	E-chr12R-2	E-chr4R-2	chr4R	173	47443	58429	beginning
6991_day0_reference_promethion	6991	chr12R	SRR33298377.150674	3	7	E-chr12R-3	E-chr4R-7	chr4R	173	47443	58429	beginning
6991_day0_reference_promethion	6991	chr12R	SRR33298377.150674	4	7	E-chr12R-4	E-chr4R-2	chr4R	173	47443	58429	beginning
6991_day0_reference_promethion	6991	chr12R	SRR33298377.150674	5	7	E-chr12R-5	E-chr4R-7	chr4R	173	47443	58429	beginning
6991_day0_reference_promethion	6991	chr12R	SRR33298377.150674	6	7	E-chr12R-6	E-chr4R-2	chr4R	173	47443	58429	beginning
6991_day0_reference_promethion	6991	chr12R	SRR33298377.150674	7	7	E-chr12R-7	E-chr4R-7	chr4R	173	47443	58429	beginning
6991_day0_reference_promethion	6991	chr12R	SRR33298377.291336	2	7	E-chr12R-2	E-chr4R-2	chr4R	148	47416	58396	beginning
6991_day0_reference_promethion	6991	chr12R	SRR33298377.291336	3	7	E-chr12R-3	E-chr4R-2	chr4R	148	47416	58396	beginning
6991_day0_reference_promethion	6991	chr12R	SRR33298377.291336	4	7	E-chr12R-4	E-chr4R-7	chr4R	148	47416	58396	beginning
6991_day0_reference_promethion	6991	chr12R	SRR33298377.291336	5	7	E-chr12R-5	E-chr4R-2	chr4R	148	47416	58396	beginning
6991_day0_reference_promethion	6991	chr12R	SRR33298377.291336	6	7	E-chr12R-6	E-chr4R-2	chr4R	148	47416	58396	beginning
6991_day0_reference_promethion	6991	chr12R	SRR33298377.291336	7	7	E-chr12R-7	E-chr4R-2	chr4R	148	47416	58396	beginning
6991_day0_reference_promethion	6991	chr12R	SRR33298377.27962	2	7	E-chr12R-2	E-chr14L-2	chr14L	11018	58317	58403	end
6991_day0_reference_promethion	6991	chr12R	SRR33298377.27962	3	7	E-chr12R-3	E-chr4R-2	chr4R	11018	58317	58403	end
6991_day0_reference_promethion	6991	chr12R	SRR33298377.27962	4	7	E-chr12R-4	E-chr4R-2	chr4R	11018	58317	58403	end
6991_day0_reference_promethion	6991	chr12R	SRR33298377.27962	5	7	E-chr12R-5	E-chr14L-2	chr14L	11018	58317	58403	end
6991_day0_reference_promethion	6991	chr12R	SRR33298377.27962	6	7	E-chr12R-6	E-chr14L-2	chr14L	11018	58317	58403	end
6991_day0_reference_promethion	6991	chr12R	SRR33298377.27962	7	7	E-chr12R-7	E-chr4R-2	chr4R	11018	58317	58403	end
6991_day0_reference_promethion	6991	chr12R	SRR33298377.769596	2	7	E-chr12R-2	E-chr4R-2	chr4R	11028	58284	58380	end
6991_day0_reference_promethion	6991	chr12R	SRR33298377.769596	3	7	E-chr12R-3	E-chr14L-2	chr14L	11028	58284	58380	end
6991_day0_reference_promethion	6991	chr12R	SRR33298377.769596	4	7	E-chr12R-4	E-chr4R-2	chr4R	11028	58284	58380	end
6991_day0_reference_promethion	6991	chr12R	SRR33298377.769596	5	7	E-chr12R-5	E-chr14L-2	chr14L	11028	58284	58380	end
6991_day0_reference_promethion	6991	chr12R	SRR33298377.769596	6	7	E-chr12R-6	E-chr4R-7	chr4R	11028	58284	58380	end
6991_day0_reference_promethion	6991	chr12R	SRR33298377.769596	7	7	E-chr12R-7	E-chr4R-2	chr4R	11028	58284	58380	end
6991_day0_reference_promethion	6991	chr12R	SRR33298377.335930	2	7	E-chr12R-2	E-chr4R-2	chr4R	10980	58182	58289	end
6991_day0_reference_promethion	6991	chr12R	SRR33298377.335930	3	7	E-chr12R-3	E-chr14L-2	chr14L	10980	58182	58289	end
6991_day0_reference_promethion	6991	chr12R	SRR33298377.335930	4	7	E-chr12R-4	E-chr14L-2	chr14L	10980	58182	58289	end
6991_day0_reference_promethion	6991	chr12R	SRR33298377.335930	5	7	E-chr12R-5	E-chr4R-5	chr4R	10980	58182	58289	end
6991_day0_reference_promethion	6991	chr12R	SRR33298377.335930	6	7	E-chr12R-6	E-chr4R-2	chr4R	10980	58182	58289	end
6991_day0_reference_promethion	6991	chr12R	SRR33298377.335930	7	7	E-chr12R-7	E-chr4R-2	chr4R	10980	58182	58289	end
6991_day0_reference_promethion	6991	chr12R	SRR33298377.208663	2	7	E-chr12R-2	E-chr4R-7	chr4R	170	47110	58135	beginning
6991_day0_reference_promethion	6991	chr12R	SRR33298377.208663	3	7	E-chr12R-3	E-chr4R-2	chr4R	170	47110	58135	beginning
6991_day0_reference_promethion	6991	chr12R	SRR33298377.208663	4	7	E-chr12R-4	E-chr4R-2	chr4R	170	47110	58135	beginning
6991_day0_reference_promethion	6991	chr12R	SRR33298377.208663	5	7	E-chr12R-5	E-chr4R-7	chr4R	170	47110	58135	beginning
6991_day0_reference_promethion	6991	chr12R	SRR33298377.208663	6	7	E-chr12R-6	E-chr4R-2	chr4R	170	47110	58135	beginning
6991_day0_reference_promethion	6991	chr12R	SRR33298377.208663	7	7	E-chr12R-7	E-chr4R-2	chr4R	170	47110	58135	beginning
6991_day0_reference_promethion	6991	chr12R	SRR33298377.724420	2	7	E-chr12R-2	E-chr4R-2	chr4R	130	46919	57794	beginning
6991_day0_reference_promethion	6991	chr12R	SRR33298377.724420	3	7	E-chr12R-3	E-chr4R-2	chr4R	130	46919	57794	beginning
6991_day0_reference_promethion	6991	chr12R	SRR33298377.724420	4	7	E-chr12R-4	E-chr4R-2	chr4R	130	46919	57794	beginning
6991_day0_reference_promethion	6991	chr12R	SRR33298377.724420	5	7	E-chr12R-5	E-chr4R-2	chr4R	130	46919	57794	beginning
6991_day0_reference_promethion	6991	chr12R	SRR33298377.724420	6	7	E-chr12R-6	E-chr4R-2	chr4R	130	46919	57794	beginning
6991_day0_reference_promethion	6991	chr12R	SRR33298377.724420	7	7	E-chr12R-7	E-chr4R-2	chr4R	130	46919	57794	beginning
6991_day0_reference_promethion	6991	chr12R	SRR33298377.342468	2	7	E-chr12R-2	E-chr14L-2	chr14L	10797	57371	57543	end
6991_day0_reference_promethion	6991	chr12R	SRR33298377.342468	3	7	E-chr12R-3	E-chr14L-2	chr14L	10797	57371	57543	end
6991_day0_reference_promethion	6991	chr12R	SRR33298377.342468	4	7	E-chr12R-4	E-chr4R-2	chr4R	10797	57371	57543	end
6991_day0_reference_promethion	6991	chr12R	SRR33298377.342468	5	7	E-chr12R-5	E-chr4R-2	chr4R	10797	57371	57543	end
6991_day0_reference_promethion	6991	chr12R	SRR33298377.342468	6	7	E-chr12R-6	E-chr14L-2	chr14L	10797	57371	57543	end
6991_day0_reference_promethion	6991	chr12R	SRR33298377.342468	7	7	E-chr12R-7	E-chr14L-2	chr14L	10797	57371	57543	end
6991_day0_reference_promethion	6991	chr12R	SRR33298377.38549	2	7	E-chr12R-2	E-chr14L-2	chr14L	11006	57493	57619	end
6991_day0_reference_promethion	6991	chr12R	SRR33298377.38549	3	7	E-chr12R-3	E-chr14L-2	chr14L	11006	57493	57619	end
6991_day0_reference_promethion	6991	chr12R	SRR33298377.38549	4	7	E-chr12R-4	E-chr14L-2	chr14L	11006	57493	57619	end
6991_day0_reference_promethion	6991	chr12R	SRR33298377.38549	5	7	E-chr12R-5	E-chr14L-2	chr14L	11006	57493	57619	end
6991_day0_reference_promethion	6991	chr12R	SRR33298377.38549	6	7	E-chr12R-6	E-chr14L-2	chr14L	11006	57493	57619	end
6991_day0_reference_promethion	6991	chr12R	SRR33298377.38549	7	7	E-chr12R-7	E-chr4R-2	chr4R	11006	57493	57619	end
6991_day0_reference_promethion	6991	chr12R	SRR33298377.689366	2	7	E-chr12R-2	E-chr4R-2	chr4R	10106	57103	57252	end
6991_day0_reference_promethion	6991	chr12R	SRR33298377.689366	3	7	E-chr12R-3	E-chr14L-2	chr14L	10106	57103	57252	end
6991_day0_reference_promethion	6991	chr12R	SRR33298377.689366	4	7	E-chr12R-4	E-chr4R-2	chr4R	10106	57103	57252	end
6991_day0_reference_promethion	6991	chr12R	SRR33298377.689366	5	7	E-chr12R-5	E-chr4R-2	chr4R	10106	57103	57252	end
6991_day0_reference_promethion	6991	chr12R	SRR33298377.689366	6	7	E-chr12R-6	E-chr14L-2	chr14L	10106	57103	57252	end
6991_day0_reference_promethion	6991	chr12R	SRR33298377.689366	7	7	E-chr12R-7	E-chr4R-2	chr4R	10106	57103	57252	end
6991_day0_reference_promethion	6991	chr12R	SRR33298377.571385	2	7	E-chr12R-2	E-chr4R-2	chr4R	169	45146	56139	beginning
6991_day0_reference_promethion	6991	chr12R	SRR33298377.571385	3	7	E-chr12R-3	E-chr4R-2	chr4R	169	45146	56139	beginning
6991_day0_reference_promethion	6991	chr12R	SRR33298377.571385	4	7	E-chr12R-4	E-chr4R-7	chr4R	169	45146	56139	beginning
6991_day0_reference_promethion	6991	chr12R	SRR33298377.571385	5	7	E-chr12R-5	E-chr4R-2	chr4R	169	45146	56139	beginning
6991_day0_reference_promethion	6991	chr12R	SRR33298377.571385	6	7	E-chr12R-6	E-chr4R-2	chr4R	169	45146	56139	beginning
6991_day0_reference_promethion	6991	chr12R	SRR33298377.571385	7	7	E-chr12R-7	E-chr4R-7	chr4R	169	45146	56139	beginning
6991_day0_reference_promethion	6991	chr12R	SRR33298377.280256	2	7	E-chr12R-2	E-chr4R-2	chr4R	148	45063	56065	beginning
6991_day0_reference_promethion	6991	chr12R	SRR33298377.280256	3	7	E-chr12R-3	E-chr4R-7	chr4R	148	45063	56065	beginning
6991_day0_reference_promethion	6991	chr12R	SRR33298377.280256	4	7	E-chr12R-4	E-chr4R-7	chr4R	148	45063	56065	beginning
6991_day0_reference_promethion	6991	chr12R	SRR33298377.280256	5	7	E-chr12R-5	E-chr4R-7	chr4R	148	45063	56065	beginning
6991_day0_reference_promethion	6991	chr12R	SRR33298377.280256	6	7	E-chr12R-6	E-chr14L-2	chr14L	148	45063	56065	beginning
6991_day0_reference_promethion	6991	chr12R	SRR33298377.280256	7	7	E-chr12R-7	E-chr4R-2	chr4R	148	45063	56065	beginning
6991_day0_reference_promethion	6991	chr12R	SRR33298377.409588	2	7	E-chr12R-2	E-chr4R-2	chr4R	10998	54724	54878	end
6991_day0_reference_promethion	6991	chr12R	SRR33298377.409588	3	7	E-chr12R-3	E-chr4R-2	chr4R	10998	54724	54878	end
6991_day0_reference_promethion	6991	chr12R	SRR33298377.409588	4	7	E-chr12R-4	E-chr4R-2	chr4R	10998	54724	54878	end
6991_day0_reference_promethion	6991	chr12R	SRR33298377.409588	5	7	E-chr12R-5	E-chr14L-2	chr14L	10998	54724	54878	end
6991_day0_reference_promethion	6991	chr12R	SRR33298377.409588	6	7	E-chr12R-6	E-chr4R-2	chr4R	10998	54724	54878	end
6991_day0_reference_promethion	6991	chr12R	SRR33298377.409588	7	7	E-chr12R-7	E-chr4R-2	chr4R	10998	54724	54878	end
6991_day0_reference_promethion	6991	chr12R	SRR33298377.769005	2	7	E-chr12R-2	E-chr4R-7	chr4R	249	41099	52111	beginning
6991_day0_reference_promethion	6991	chr12R	SRR33298377.769005	3	7	E-chr12R-3	E-chr4R-7	chr4R	249	41099	52111	beginning
6991_day0_reference_promethion	6991	chr12R	SRR33298377.769005	4	7	E-chr12R-4	E-chr14L-2	chr14L	249	41099	52111	beginning
6991_day0_reference_promethion	6991	chr12R	SRR33298377.769005	5	7	E-chr12R-5	E-chr14L-2	chr14L	249	41099	52111	beginning
6991_day0_reference_promethion	6991	chr12R	SRR33298377.769005	6	7	E-chr12R-6	E-chr4R-2	chr4R	249	41099	52111	beginning
6991_day0_reference_promethion	6991	chr12R	SRR33298377.769005	7	7	E-chr12R-7	E-chr4R-7	chr4R	249	41099	52111	beginning
6991_day0_reference_promethion	6991	chr12R	SRR33298377.760478	2	7	E-chr12R-2	E-chr4R-7	chr4R	82	39421	49965	beginning
6991_day0_reference_promethion	6991	chr12R	SRR33298377.760478	3	7	E-chr12R-3	E-chr4R-2	chr4R	82	39421	49965	beginning
6991_day0_reference_promethion	6991	chr12R	SRR33298377.760478	4	7	E-chr12R-4	E-chr4R-2	chr4R	82	39421	49965	beginning
6991_day0_reference_promethion	6991	chr12R	SRR33298377.760478	5	7	E-chr12R-5	E-chr4R-2	chr4R	82	39421	49965	beginning
6991_day0_reference_promethion	6991	chr12R	SRR33298377.760478	6	7	E-chr12R-6	E-chr4R-7	chr4R	82	39421	49965	beginning
6991_day0_reference_promethion	6991	chr12R	SRR33298377.760478	7	7	E-chr12R-7	E-chr4R-2	chr4R	82	39421	49965	beginning
6991_day0_reference_promethion	6991	chr12R	SRR33298377.379373	2	7	E-chr12R-2	E-chr14L-2	chr14L	11036	48623	48755	end
6991_day0_reference_promethion	6991	chr12R	SRR33298377.379373	3	7	E-chr12R-3	E-chr4R-2	chr4R	11036	48623	48755	end
6991_day0_reference_promethion	6991	chr12R	SRR33298377.379373	4	7	E-chr12R-4	E-chr4R-2	chr4R	11036	48623	48755	end
6991_day0_reference_promethion	6991	chr12R	SRR33298377.379373	5	7	E-chr12R-5	E-chr4R-2	chr4R	11036	48623	48755	end
6991_day0_reference_promethion	6991	chr12R	SRR33298377.379373	6	7	E-chr12R-6	E-chr4R-2	chr4R	11036	48623	48755	end
6991_day0_reference_promethion	6991	chr12R	SRR33298377.379373	7	7	E-chr12R-7	E-chr4R-2	chr4R	11036	48623	48755	end
6991_day0_reference_promethion	6991	chr13L	SRR33298377.260642	1	1	E-chr13L-1	E-chr6L-1	chr6L	199	6163	16495	beginning
6991_day0_reference_promethion	6991	chr13L	SRR33298377.267122	1	1	E-chr13L-1	E-chr2L-1	chr2L	162	6158	16422	beginning
6991_day0_reference_promethion	6991	chr13L	SRR33298377.272313	1	1	E-chr13L-1	E-chr6L-1	chr6L	10312	16278	16414	end
6991_day0_reference_promethion	6991	chr13L	SRR33298377.125819	1	1	E-chr13L-1	E-chr2L-1	chr2L	10300	16265	16408	end
6991_day0_reference_promethion	6991	chr13L	SRR33298377.253779	1	1	E-chr13L-1	E-chr14L-5	chr14L	192	5675	15965	beginning
6991_day0_reference_promethion	6991	chr13L	SRR33298377.477195	1	1	E-chr13L-1	E-chr14L-3	chr14L	8970	12975	13004	end
6991_day0_reference_promethion	6991	chr14L	SRR33298377.304439	2	5	E-chr14L-2	E-chr4R-2	chr4R	241	30700	46061	beginning
6991_day0_reference_promethion	6991	chr14L	SRR33298377.275965	2	5	E-chr14L-2	E-chr4R-7	chr4R	209	30735	46022	beginning
6991_day0_reference_promethion	6991	chr14L	SRR33298377.539000	2	5	E-chr14L-2	E-chr4R-2	chr4R	15361	45802	46035	end
6991_day0_reference_promethion	6991	chr14L	SRR33298377.309023	2	5	E-chr14L-2	E-chr4R-7	chr4R	273	30686	46009	beginning
6991_day0_reference_promethion	6991	chr14L	SRR33298377.564693	2	5	E-chr14L-2	E-chr4R-7	chr4R	216	30657	45983	beginning
6991_day0_reference_promethion	6991	chr14L	SRR33298377.655408	2	5	E-chr14L-2	E-chr4R-2	chr4R	206	30648	45931	beginning
6991_day0_reference_promethion	6991	chr14L	SRR33298377.738373	2	5	E-chr14L-2	E-chr4R-7	chr4R	241	30670	45985	beginning
6991_day0_reference_promethion	6991	chr14L	SRR33298377.315531	2	5	E-chr14L-2	E-chr4R-7	chr4R	216	30662	45984	beginning
6991_day0_reference_promethion	6991	chr14L	SRR33298377.169351	2	5	E-chr14L-2	E-chr4R-2	chr4R	226	30669	45964	beginning
6991_day0_reference_promethion	6991	chr14L	SRR33298377.374537	2	5	E-chr14L-2	E-chr4R-2	chr4R	203	30633	45963	beginning
6991_day0_reference_promethion	6991	chr14L	SRR33298377.514019	2	5	E-chr14L-2	E-chr4R-7	chr4R	201	30649	45957	beginning
6991_day0_reference_promethion	6991	chr14L	SRR33298377.181100	2	5	E-chr14L-2	E-chr4R-2	chr4R	15317	45736	45952	end
6991_day0_reference_promethion	6991	chr14L	SRR33298377.769633	2	5	E-chr14L-2	E-chr4R-2	chr4R	15319	45732	45945	end
6991_day0_reference_promethion	6991	chr14L	SRR33298377.423214	2	5	E-chr14L-2	E-chr4R-7	chr4R	152	30637	45939	beginning
6991_day0_reference_promethion	6991	chr14L	SRR33298377.694594	2	5	E-chr14L-2	E-chr4R-2	chr4R	199	30613	45953	beginning
6991_day0_reference_promethion	6991	chr14L	SRR33298377.536723	2	5	E-chr14L-2	E-chr4R-2	chr4R	15325	45744	45962	end
6991_day0_reference_promethion	6991	chr14L	SRR33298377.616033	2	5	E-chr14L-2	E-chr4R-2	chr4R	15288	45703	45926	end
6991_day0_reference_promethion	6991	chr14L	SRR33298377.342692	2	5	E-chr14L-2	E-chr4R-7	chr4R	177	30612	45945	beginning
6991_day0_reference_promethion	6991	chr14L	SRR33298377.471047	2	5	E-chr14L-2	E-chr4R-2	chr4R	152	30603	45917	beginning
6991_day0_reference_promethion	6991	chr14L	SRR33298377.497242	2	5	E-chr14L-2	E-chr4R-2	chr4R	215	30615	45932	beginning
6991_day0_reference_promethion	6991	chr14L	SRR33298377.328572	2	5	E-chr14L-2	E-chr4R-2	chr4R	123	30608	45932	beginning
6991_day0_reference_promethion	6991	chr14L	SRR33298377.64994	2	5	E-chr14L-2	E-chr4R-7	chr4R	174	30610	44052	beginning
6991_day0_reference_promethion	6991	chr14L	SRR33298377.148756	2	5	E-chr14L-2	E-chr4R-2	chr4R	153	30601	45941	beginning
6991_day0_reference_promethion	6991	chr14L	SRR33298377.82013	2	5	E-chr14L-2	E-chr4R-7	chr4R	174	30593	45922	beginning
6991_day0_reference_promethion	6991	chr14L	SRR33298377.180179	2	5	E-chr14L-2	E-chr4R-2	chr4R	217	30608	45910	beginning
6991_day0_reference_promethion	6991	chr14L	SRR33298377.730014	2	5	E-chr14L-2	E-chr4R-2	chr4R	175	30601	45925	beginning
6991_day0_reference_promethion	6991	chr14L	SRR33298377.518884	2	5	E-chr14L-2	E-chr4R-2	chr4R	15338	45739	45928	end
6991_day0_reference_promethion	6991	chr14L	SRR33298377.763911	2	5	E-chr14L-2	E-chr4R-2	chr4R	154	30587	45912	beginning
6991_day0_reference_promethion	6991	chr14L	SRR33298377.597386	2	5	E-chr14L-2	E-chr4R-7	chr4R	131	30568	45907	beginning
6991_day0_reference_promethion	6991	chr14L	SRR33298377.560482	2	5	E-chr14L-2	E-chr4R-7	chr4R	177	30614	45898	beginning
6991_day0_reference_promethion	6991	chr14L	SRR33298377.246632	2	5	E-chr14L-2	E-chr4R-2	chr4R	171	30588	45895	beginning
6991_day0_reference_promethion	6991	chr14L	SRR33298377.490251	2	5	E-chr14L-2	E-chr4R-7	chr4R	157	30584	45906	beginning
6991_day0_reference_promethion	6991	chr14L	SRR33298377.100011	2	5	E-chr14L-2	E-chr4R-2	chr4R	15319	45721	45900	end
6991_day0_reference_promethion	6991	chr14L	SRR33298377.337360	2	5	E-chr14L-2	E-chr4R-2	chr4R	177	30599	45903	beginning
6991_day0_reference_promethion	6991	chr14L	SRR33298377.137006	2	5	E-chr14L-2	E-chr4R-2	chr4R	15351	45682	45905	end
6991_day0_reference_promethion	6991	chr14L	SRR33298377.598568	2	5	E-chr14L-2	E-chr4R-2	chr4R	120	30563	45897	beginning
6991_day0_reference_promethion	6991	chr14L	SRR33298377.721721	2	5	E-chr14L-2	E-chr4R-2	chr4R	149	30568	45894	beginning
6991_day0_reference_promethion	6991	chr14L	SRR33298377.295993	2	5	E-chr14L-2	E-chr4R-2	chr4R	14325	44730	44890	end
6991_day0_reference_promethion	6991	chr14L	SRR33298377.608859	2	5	E-chr14L-2	E-chr4R-2	chr4R	188	30615	45890	beginning
6991_day0_reference_promethion	6991	chr14L	SRR33298377.648792	2	5	E-chr14L-2	E-chr4R-2	chr4R	15332	45746	45881	end
6991_day0_reference_promethion	6991	chr14L	SRR33298377.478975	2	5	E-chr14L-2	E-chr4R-7	chr4R	169	30579	45877	beginning
6991_day0_reference_promethion	6991	chr14L	SRR33298377.378135	2	5	E-chr14L-2	E-chr4R-7	chr4R	245	30646	45868	beginning
6991_day0_reference_promethion	6991	chr14L	SRR33298377.615088	2	5	E-chr14L-2	E-chr4R-7	chr4R	166	30558	45879	beginning
6991_day0_reference_promethion	6991	chr14L	SRR33298377.74231	2	5	E-chr14L-2	E-chr4R-2	chr4R	15310	45718	45873	end
6991_day0_reference_promethion	6991	chr14L	SRR33298377.680022	2	5	E-chr14L-2	E-chr4R-2	chr4R	15320	45712	45875	end
6991_day0_reference_promethion	6991	chr14L	SRR33298377.247156	2	5	E-chr14L-2	E-chr4R-2	chr4R	15322	45742	45864	end
6991_day0_reference_promethion	6991	chr14L	SRR33298377.663745	2	5	E-chr14L-2	E-chr4R-2	chr4R	15320	45714	45873	end
6991_day0_reference_promethion	6991	chr14L	SRR33298377.305978	2	5	E-chr14L-2	E-chr4R-2	chr4R	15323	45737	45866	end
6991_day0_reference_promethion	6991	chr14L	SRR33298377.260777	2	5	E-chr14L-2	E-chr4R-2	chr4R	15325	45771	45860	end
6991_day0_reference_promethion	6991	chr14L	SRR33298377.298150	2	5	E-chr14L-2	E-chr4R-2	chr4R	15291	45733	45835	end
6991_day0_reference_promethion	6991	chr14L	SRR33298377.144085	2	5	E-chr14L-2	E-chr4R-2	chr4R	15330	45687	45844	end
6991_day0_reference_promethion	6991	chr14L	SRR33298377.352200	2	5	E-chr14L-2	E-chr4R-2	chr4R	117	30526	45851	beginning
6991_day0_reference_promethion	6991	chr14L	SRR33298377.30828	2	5	E-chr14L-2	E-chr4R-7	chr4R	167	30535	45805	beginning
6991_day0_reference_promethion	6991	chr14L	SRR33298377.227469	2	5	E-chr14L-2	E-chr4R-7	chr4R	87	30501	44261	beginning
6991_day0_reference_promethion	6991	chr14L	SRR33298377.681084	2	5	E-chr14L-2	E-chr4R-7	chr4R	291	30484	45790	beginning
6991_day0_reference_promethion	6991	chr14L	SRR33298377.172732	2	5	E-chr14L-2	E-chr4R-7	chr4R	131	30463	45785	beginning
6991_day0_reference_promethion	6991	chr14L	SRR33298377.211044	2	5	E-chr14L-2	E-chr4R-2	chr4R	15289	45669	45772	end
6991_day0_reference_promethion	6991	chr14L	SRR33298377.311557	2	5	E-chr14L-2	E-chr4R-2	chr4R	15318	45695	45770	end
6991_day0_reference_promethion	6991	chr14L	SRR33298377.272502	1	5	E-chr14L-1	E-chr7R-1	chr7R	15282	45628	45751	end
6991_day0_reference_promethion	6991	chr14L	SRR33298377.180666	2	5	E-chr14L-2	E-chr4R-7	chr4R	115	30435	43577	beginning
6991_day0_reference_promethion	6991	chr14L	SRR33298377.183343	2	5	E-chr14L-2	E-chr4R-2	chr4R	15252	45596	45703	end
6991_day0_reference_promethion	6991	chr14L	SRR33298377.557579	2	5	E-chr14L-2	E-chr4R-7	chr4R	15134	45554	45669	end
6991_day0_reference_promethion	6991	chr14L	SRR33298377.706298	2	5	E-chr14L-2	E-chr4R-7	chr4R	89	30447	44076	beginning
6991_day0_reference_promethion	6991	chr14L	SRR33298377.171904	1	5	E-chr14L-1	E-chr7R-1	chr7R	15280	45398	45583	end
6991_day0_reference_promethion	6991	chr14L	SRR33298377.479457	2	5	E-chr14L-2	E-chr4R-2	chr4R	145	30335	45558	beginning
6991_day0_reference_promethion	6991	chr14L	SRR33298377.23820	2	5	E-chr14L-2	E-chr4R-2	chr4R	15269	45429	45536	end
6991_day0_reference_promethion	6991	chr14L	SRR33298377.210846	2	5	E-chr14L-2	E-chr4R-2	chr4R	15192	45131	45227	end
6991_day0_reference_promethion	6991	chr14L	SRR33298377.737075	2	5	E-chr14L-2	E-chr4R-7	chr4R	198	29826	45158	beginning
6991_day0_reference_promethion	6991	chr14L	SRR33298377.624944	2	5	E-chr14L-2	E-chr4R-2	chr4R	91	29579	44897	beginning
6991_day0_reference_promethion	6991	chr14L	SRR33298377.569113	2	5	E-chr14L-2	E-chr4R-2	chr4R	15231	44624	44814	end
6991_day0_reference_promethion	6991	chr14L	SRR33298377.168762	2	5	E-chr14L-2	E-chr4R-2	chr4R	92	29466	44805	beginning
6991_day0_reference_promethion	6991	chr14L	SRR33298377.762664	2	5	E-chr14L-2	E-chr4R-2	chr4R	14672	44628	44738	end
6991_day0_reference_promethion	6991	chr14L	SRR33298377.753894	2	5	E-chr14L-2	E-chr4R-2	chr4R	69	28405	43798	beginning
6991_day0_reference_promethion	6991	chr14L	SRR33298377.603983	2	5	E-chr14L-2	E-chr4R-2	chr4R	74	30024	43430	beginning
6991_day0_reference_promethion	6991	chr14L	SRR33298377.189655	2	5	E-chr14L-2	E-chr4R-2	chr4R	142	27441	42748	beginning
6991_day0_reference_promethion	6991	chr14L	SRR33298377.122371	2	5	E-chr14L-2	E-chr4R-7	chr4R	12235	39667	39914	end
6991_day0_reference_promethion	6991	chr14L	SRR33298377.57418	2	5	E-chr14L-2	E-chr4R-7	chr4R	177	24493	39818	beginning
6991_day0_reference_promethion	6991	chr14L	SRR33298377.659153	1	5	E-chr14L-1	E-chr7R-1	chr7R	94	23207	38495	beginning
6991_day0_reference_promethion	6991	chr14L	SRR33298377.659153	2	5	E-chr14L-2	E-chr4R-2	chr4R	94	23207	38495	beginning
6991_day0_reference_promethion	6991	chr14L	SRR33298377.719787	2	5	E-chr14L-2	E-chr4R-2	chr4R	299	23385	37501	beginning
6991_day0_reference_promethion	6991	chr14L	SRR33298377.760199	2	5	E-chr14L-2	E-chr4R-5	chr4R	177	22991	36326	beginning
6991_day0_reference_promethion	6991	chr14R	SRR33298377.726683	1	1	E-chr14R-1	E-chr9L-1	chr9L	9210	15799	15917	end
6991_day0_reference_promethion	6991	chr14R	SRR33298377.93825	1	1	E-chr14R-1	E-chr2L-1	chr2L	6418	12382	12497	end
6991_day0_reference_promethion	6991	chr16L	SRR33298377.293633	1	1	E-chr16L-1	E-chr7R-1	chr7R	199	6846	25883	beginning
6991_day0_reference_promethion	6991	chr16L	SRR33298377.617278	1	1	E-chr16L-1	E-chr14L-1	chr14L	135	6783	25782	beginning
6991_day0_reference_promethion	6991	chr16L	SRR33298377.573170	1	1	E-chr16L-1	E-chr7R-1	chr7R	176	6086	25166	beginning
6991_day0_reference_promethion	6991	chr16L	SRR33298377.162682	1	1	E-chr16L-1	E-chr7R-1	chr7R	18860	24880	25121	end
6991_day0_reference_promethion	6991	chr16L	SRR33298377.50702	1	1	E-chr16L-1	E-chr7R-1	chr7R	96	5047	22447	beginning
6991_day0_reference_promethion	6991	chr16L	SRR33298377.768014	1	1	E-chr16L-1	E-chr7R-1	chr7R	66	5037	23112	beginning
6991_day0_reference_promethion	6991	chr16L	SRR33298377.224181	1	1	E-chr16L-1	E-chr7R-1	chr7R	77	5111	21413	beginning
6991_day0_reference_promethion	6991	chr16R	SRR33298377.644709	1	1	E-chr16R-1	E-chr13L-1	chr13L	195	5378	11736	beginning
6991_day0_reference_promethion	6991	chr16R	SRR33298377.534605	1	1	E-chr16R-1	E-chr13L-1	chr13L	6351	11527	11702	end
6991_day0_reference_promethion	6991	chr2L	SRR33298377.541858	1	1	E-chr2L-1	E-chr8R-1	chr8R	9744	15272	15385	end
6991_day0_reference_promethion	6991	chr4R	SRR33298377.23800	7	7	E-chr4R-7	E-chr14L-2	chr14L	328	47215	55282	beginning
6991_day0_reference_promethion	6991	chr4R	SRR33298377.549742	6	7	E-chr4R-6	E-chr14L-2	chr14L	258	47191	53157	beginning
6991_day0_reference_promethion	6991	chr4R	SRR33298377.427810	3	7	E-chr4R-3	E-chr14L-2	chr14L	8058	54958	55222	end
6991_day0_reference_promethion	6991	chr4R	SRR33298377.427810	4	7	E-chr4R-4	E-chr14L-2	chr14L	8058	54958	55222	end
6991_day0_reference_promethion	6991	chr4R	SRR33298377.427810	7	7	E-chr4R-7	E-chr14L-2	chr14L	8058	54958	55222	end
6991_day0_reference_promethion	6991	chr4R	SRR33298377.739774	2	7	E-chr4R-2	E-chr14L-2	chr14L	8056	54910	55231	end
6991_day0_reference_promethion	6991	chr4R	SRR33298377.739774	3	7	E-chr4R-3	E-chr14L-2	chr14L	8056	54910	55231	end
6991_day0_reference_promethion	6991	chr4R	SRR33298377.739774	6	7	E-chr4R-6	E-chr14L-2	chr14L	8056	54910	55231	end
6991_day0_reference_promethion	6991	chr4R	SRR33298377.666959	4	7	E-chr4R-4	E-chr14L-2	chr14L	255	47155	53821	beginning
6991_day0_reference_promethion	6991	chr4R	SRR33298377.747499	1	7	E-chr4R-1	E-chr14L-2	chr14L	8039	54918	55195	end
6991_day0_reference_promethion	6991	chr4R	SRR33298377.747499	2	7	E-chr4R-2	E-chr14L-2	chr14L	8039	54918	55195	end
6991_day0_reference_promethion	6991	chr4R	SRR33298377.747499	4	7	E-chr4R-4	E-chr14L-2	chr14L	8039	54918	55195	end
6991_day0_reference_promethion	6991	chr4R	SRR33298377.368140	3	7	E-chr4R-3	E-chr14L-2	chr14L	8056	54966	55194	end
6991_day0_reference_promethion	6991	chr4R	SRR33298377.368140	6	7	E-chr4R-6	E-chr14L-2	chr14L	8056	54966	55194	end
6991_day0_reference_promethion	6991	chr4R	SRR33298377.368140	7	7	E-chr4R-7	E-chr14L-2	chr14L	8056	54966	55194	end
6991_day0_reference_promethion	6991	chr4R	SRR33298377.769698	1	7	E-chr4R-1	E-chr14L-2	chr14L	8053	54931	55192	end
6991_day0_reference_promethion	6991	chr4R	SRR33298377.769698	2	7	E-chr4R-2	E-chr14L-2	chr14L	8053	54931	55192	end
6991_day0_reference_promethion	6991	chr4R	SRR33298377.385198	1	7	E-chr4R-1	E-chr14L-2	chr14L	8063	54994	55204	end
6991_day0_reference_promethion	6991	chr4R	SRR33298377.385198	3	7	E-chr4R-3	E-chr14L-2	chr14L	8063	54994	55204	end
6991_day0_reference_promethion	6991	chr4R	SRR33298377.385198	4	7	E-chr4R-4	E-chr14L-2	chr14L	8063	54994	55204	end
6991_day0_reference_promethion	6991	chr4R	SRR33298377.385198	7	7	E-chr4R-7	E-chr14L-2	chr14L	8063	54994	55204	end
6991_day0_reference_promethion	6991	chr4R	SRR33298377.24753	2	7	E-chr4R-2	E-chr14L-2	chr14L	8052	54935	55197	end
6991_day0_reference_promethion	6991	chr4R	SRR33298377.24753	4	7	E-chr4R-4	E-chr14L-2	chr14L	8052	54935	55197	end
6991_day0_reference_promethion	6991	chr4R	SRR33298377.24753	6	7	E-chr4R-6	E-chr14L-2	chr14L	8052	54935	55197	end
6991_day0_reference_promethion	6991	chr4R	SRR33298377.319671	1	7	E-chr4R-1	E-chr14L-2	chr14L	8049	54960	55195	end
6991_day0_reference_promethion	6991	chr4R	SRR33298377.319671	2	7	E-chr4R-2	E-chr14L-2	chr14L	8049	54960	55195	end
6991_day0_reference_promethion	6991	chr4R	SRR33298377.319671	4	7	E-chr4R-4	E-chr14L-2	chr14L	8049	54960	55195	end
6991_day0_reference_promethion	6991	chr4R	SRR33298377.560443	2	7	E-chr4R-2	E-chr14L-2	chr14L	8044	54930	55195	end
6991_day0_reference_promethion	6991	chr4R	SRR33298377.560443	3	7	E-chr4R-3	E-chr14L-2	chr14L	8044	54930	55195	end
6991_day0_reference_promethion	6991	chr4R	SRR33298377.560443	6	7	E-chr4R-6	E-chr14L-2	chr14L	8044	54930	55195	end
6991_day0_reference_promethion	6991	chr4R	SRR33298377.560443	7	7	E-chr4R-7	E-chr14L-2	chr14L	8044	54930	55195	end
6991_day0_reference_promethion	6991	chr4R	SRR33298377.573177	1	7	E-chr4R-1	E-chr14L-2	chr14L	8045	54974	55180	end
6991_day0_reference_promethion	6991	chr4R	SRR33298377.573177	2	7	E-chr4R-2	E-chr14L-2	chr14L	8045	54974	55180	end
6991_day0_reference_promethion	6991	chr4R	SRR33298377.573177	3	7	E-chr4R-3	E-chr14L-2	chr14L	8045	54974	55180	end
6991_day0_reference_promethion	6991	chr4R	SRR33298377.573177	6	7	E-chr4R-6	E-chr14L-2	chr14L	8045	54974	55180	end
6991_day0_reference_promethion	6991	chr4R	SRR33298377.573177	7	7	E-chr4R-7	E-chr14L-2	chr14L	8045	54974	55180	end
6991_day0_reference_promethion	6991	chr4R	SRR33298377.608196	3	7	E-chr4R-3	E-chr14L-2	chr14L	8057	54909	55177	end
6991_day0_reference_promethion	6991	chr4R	SRR33298377.608196	4	7	E-chr4R-4	E-chr14L-2	chr14L	8057	54909	55177	end
6991_day0_reference_promethion	6991	chr4R	SRR33298377.608196	7	7	E-chr4R-7	E-chr14L-2	chr14L	8057	54909	55177	end
6991_day0_reference_promethion	6991	chr4R	SRR33298377.192634	7	7	E-chr4R-7	E-chr14L-2	chr14L	225	47124	54824	beginning
6991_day0_reference_promethion	6991	chr4R	SRR33298377.667731	1	7	E-chr4R-1	E-chr14L-2	chr14L	8048	54995	55148	end
6991_day0_reference_promethion	6991	chr4R	SRR33298377.667731	2	7	E-chr4R-2	E-chr14L-2	chr14L	8048	54995	55148	end
6991_day0_reference_promethion	6991	chr4R	SRR33298377.667731	4	7	E-chr4R-4	E-chr14L-2	chr14L	8048	54995	55148	end
6991_day0_reference_promethion	6991	chr4R	SRR33298377.574923	4	7	E-chr4R-4	E-chr14L-2	chr14L	310	47114	55149	beginning
6991_day0_reference_promethion	6991	chr4R	SRR33298377.471040	1	7	E-chr4R-1	E-chr14L-2	chr14L	8032	54961	55148	end
6991_day0_reference_promethion	6991	chr4R	SRR33298377.471040	2	7	E-chr4R-2	E-chr14L-2	chr14L	8032	54961	55148	end
6991_day0_reference_promethion	6991	chr4R	SRR33298377.471040	4	7	E-chr4R-4	E-chr14L-2	chr14L	8032	54961	55148	end
6991_day0_reference_promethion	6991	chr4R	SRR33298377.471040	6	7	E-chr4R-6	E-chr14L-2	chr14L	8032	54961	55148	end
6991_day0_reference_promethion	6991	chr4R	SRR33298377.471040	7	7	E-chr4R-7	E-chr14L-2	chr14L	8032	54961	55148	end
6991_day0_reference_promethion	6991	chr4R	SRR33298377.703930	2	7	E-chr4R-2	E-chr14L-2	chr14L	7883	54760	54986	end
6991_day0_reference_promethion	6991	chr4R	SRR33298377.703930	3	7	E-chr4R-3	E-chr14L-2	chr14L	7883	54760	54986	end
6991_day0_reference_promethion	6991	chr4R	SRR33298377.703930	4	7	E-chr4R-4	E-chr14L-2	chr14L	7883	54760	54986	end
6991_day0_reference_promethion	6991	chr4R	SRR33298377.703416	1	7	E-chr4R-1	E-chr14L-2	chr14L	8065	54976	55156	end
6991_day0_reference_promethion	6991	chr4R	SRR33298377.703416	3	7	E-chr4R-3	E-chr14L-2	chr14L	8065	54976	55156	end
6991_day0_reference_promethion	6991	chr4R	SRR33298377.703416	4	7	E-chr4R-4	E-chr14L-2	chr14L	8065	54976	55156	end
6991_day0_reference_promethion	6991	chr4R	SRR33298377.703416	7	7	E-chr4R-7	E-chr14L-2	chr14L	8065	54976	55156	end
6991_day0_reference_promethion	6991	chr4R	SRR33298377.719459	2	7	E-chr4R-2	E-chr14L-2	chr14L	8016	54894	55132	end
6991_day0_reference_promethion	6991	chr4R	SRR33298377.719459	3	7	E-chr4R-3	E-chr14L-2	chr14L	8016	54894	55132	end
6991_day0_reference_promethion	6991	chr4R	SRR33298377.719459	4	7	E-chr4R-4	E-chr14L-2	chr14L	8016	54894	55132	end
6991_day0_reference_promethion	6991	chr4R	SRR33298377.719459	7	7	E-chr4R-7	E-chr14L-2	chr14L	8016	54894	55132	end
6991_day0_reference_promethion	6991	chr4R	SRR33298377.545039	2	7	E-chr4R-2	E-chr14L-2	chr14L	8054	54958	55138	end
6991_day0_reference_promethion	6991	chr4R	SRR33298377.545039	4	7	E-chr4R-4	E-chr14L-2	chr14L	8054	54958	55138	end
6991_day0_reference_promethion	6991	chr4R	SRR33298377.545039	6	7	E-chr4R-6	E-chr14L-2	chr14L	8054	54958	55138	end
6991_day0_reference_promethion	6991	chr4R	SRR33298377.545039	7	7	E-chr4R-7	E-chr14L-2	chr14L	8054	54958	55138	end
6991_day0_reference_promethion	6991	chr4R	SRR33298377.371461	2	7	E-chr4R-2	E-chr14L-2	chr14L	8052	54940	55122	end
6991_day0_reference_promethion	6991	chr4R	SRR33298377.371461	4	7	E-chr4R-4	E-chr14L-2	chr14L	8052	54940	55122	end
6991_day0_reference_promethion	6991	chr4R	SRR33298377.740459	1	7	E-chr4R-1	E-chr14L-2	chr14L	8064	54905	55129	end
6991_day0_reference_promethion	6991	chr4R	SRR33298377.740459	3	7	E-chr4R-3	E-chr14L-2	chr14L	8064	54905	55129	end
6991_day0_reference_promethion	6991	chr4R	SRR33298377.740459	4	7	E-chr4R-4	E-chr14L-2	chr14L	8064	54905	55129	end
6991_day0_reference_promethion	6991	chr4R	SRR33298377.740459	6	7	E-chr4R-6	E-chr14L-2	chr14L	8064	54905	55129	end
6991_day0_reference_promethion	6991	chr4R	SRR33298377.286219	1	7	E-chr4R-1	E-chr14L-2	chr14L	8053	54998	55141	end
6991_day0_reference_promethion	6991	chr4R	SRR33298377.286219	2	7	E-chr4R-2	E-chr14L-2	chr14L	8053	54998	55141	end
6991_day0_reference_promethion	6991	chr4R	SRR33298377.286219	3	7	E-chr4R-3	E-chr14L-2	chr14L	8053	54998	55141	end
6991_day0_reference_promethion	6991	chr4R	SRR33298377.286219	4	7	E-chr4R-4	E-chr14L-2	chr14L	8053	54998	55141	end
6991_day0_reference_promethion	6991	chr4R	SRR33298377.286219	6	7	E-chr4R-6	E-chr14L-2	chr14L	8053	54998	55141	end
6991_day0_reference_promethion	6991	chr4R	SRR33298377.316263	2	7	E-chr4R-2	E-chr14L-2	chr14L	8053	54958	55119	end
6991_day0_reference_promethion	6991	chr4R	SRR33298377.316263	3	7	E-chr4R-3	E-chr14L-2	chr14L	8053	54958	55119	end
6991_day0_reference_promethion	6991	chr4R	SRR33298377.316263	7	7	E-chr4R-7	E-chr14L-2	chr14L	8053	54958	55119	end
6991_day0_reference_promethion	6991	chr4R	SRR33298377.622117	1	7	E-chr4R-1	E-chr14L-2	chr14L	8059	54941	55112	end
6991_day0_reference_promethion	6991	chr4R	SRR33298377.622117	3	7	E-chr4R-3	E-chr14L-2	chr14L	8059	54941	55112	end
6991_day0_reference_promethion	6991	chr4R	SRR33298377.622117	4	7	E-chr4R-4	E-chr14L-2	chr14L	8059	54941	55112	end
6991_day0_reference_promethion	6991	chr4R	SRR33298377.526062	1	7	E-chr4R-1	E-chr14L-2	chr14L	8055	54895	55111	end
6991_day0_reference_promethion	6991	chr4R	SRR33298377.526062	3	7	E-chr4R-3	E-chr14L-2	chr14L	8055	54895	55111	end
6991_day0_reference_promethion	6991	chr4R	SRR33298377.526062	4	7	E-chr4R-4	E-chr14L-2	chr14L	8055	54895	55111	end
6991_day0_reference_promethion	6991	chr4R	SRR33298377.526062	6	7	E-chr4R-6	E-chr14L-2	chr14L	8055	54895	55111	end
6991_day0_reference_promethion	6991	chr4R	SRR33298377.703838	1	7	E-chr4R-1	E-chr14L-2	chr14L	8044	54873	55107	end
6991_day0_reference_promethion	6991	chr4R	SRR33298377.703838	2	7	E-chr4R-2	E-chr14L-2	chr14L	8044	54873	55107	end
6991_day0_reference_promethion	6991	chr4R	SRR33298377.703838	3	7	E-chr4R-3	E-chr14L-2	chr14L	8044	54873	55107	end
6991_day0_reference_promethion	6991	chr4R	SRR33298377.703838	4	7	E-chr4R-4	E-chr14L-2	chr14L	8044	54873	55107	end
6991_day0_reference_promethion	6991	chr4R	SRR33298377.703838	6	7	E-chr4R-6	E-chr14L-2	chr14L	8044	54873	55107	end
6991_day0_reference_promethion	6991	chr4R	SRR33298377.408590	1	7	E-chr4R-1	E-chr14L-2	chr14L	8059	54894	55110	end
6991_day0_reference_promethion	6991	chr4R	SRR33298377.408590	6	7	E-chr4R-6	E-chr14L-2	chr14L	8059	54894	55110	end
6991_day0_reference_promethion	6991	chr4R	SRR33298377.757263	1	7	E-chr4R-1	E-chr14L-2	chr14L	194	47053	55102	beginning
6991_day0_reference_promethion	6991	chr4R	SRR33298377.369073	2	7	E-chr4R-2	E-chr14L-2	chr14L	8012	54869	55085	end
6991_day0_reference_promethion	6991	chr4R	SRR33298377.369073	3	7	E-chr4R-3	E-chr14L-2	chr14L	8012	54869	55085	end
6991_day0_reference_promethion	6991	chr4R	SRR33298377.369073	7	7	E-chr4R-7	E-chr14L-2	chr14L	8012	54869	55085	end
6991_day0_reference_promethion	6991	chr4R	SRR33298377.342691	1	7	E-chr4R-1	E-chr14L-2	chr14L	8063	54960	55102	end
6991_day0_reference_promethion	6991	chr4R	SRR33298377.342691	2	7	E-chr4R-2	E-chr14L-2	chr14L	8063	54960	55102	end
6991_day0_reference_promethion	6991	chr4R	SRR33298377.342691	3	7	E-chr4R-3	E-chr14L-2	chr14L	8063	54960	55102	end
6991_day0_reference_promethion	6991	chr4R	SRR33298377.342691	4	7	E-chr4R-4	E-chr14L-2	chr14L	8063	54960	55102	end
6991_day0_reference_promethion	6991	chr4R	SRR33298377.342691	6	7	E-chr4R-6	E-chr14L-2	chr14L	8063	54960	55102	end
6991_day0_reference_promethion	6991	chr4R	SRR33298377.342691	7	7	E-chr4R-7	E-chr14L-2	chr14L	8063	54960	55102	end
6991_day0_reference_promethion	6991	chr4R	SRR33298377.570595	1	7	E-chr4R-1	E-chr14L-2	chr14L	8040	54864	55081	end
6991_day0_reference_promethion	6991	chr4R	SRR33298377.570595	2	7	E-chr4R-2	E-chr14L-2	chr14L	8040	54864	55081	end
6991_day0_reference_promethion	6991	chr4R	SRR33298377.570595	3	7	E-chr4R-3	E-chr14L-2	chr14L	8040	54864	55081	end
6991_day0_reference_promethion	6991	chr4R	SRR33298377.570595	4	7	E-chr4R-4	E-chr14L-2	chr14L	8040	54864	55081	end
6991_day0_reference_promethion	6991	chr4R	SRR33298377.570595	6	7	E-chr4R-6	E-chr14L-2	chr14L	8040	54864	55081	end
6991_day0_reference_promethion	6991	chr4R	SRR33298377.574131	3	7	E-chr4R-3	E-chr14L-2	chr14L	8062	54976	55105	end
6991_day0_reference_promethion	6991	chr4R	SRR33298377.574131	6	7	E-chr4R-6	E-chr14L-2	chr14L	8062	54976	55105	end
6991_day0_reference_promethion	6991	chr4R	SRR33298377.49595	1	7	E-chr4R-1	E-chr14L-2	chr14L	8056	54950	55086	end
6991_day0_reference_promethion	6991	chr4R	SRR33298377.49595	3	7	E-chr4R-3	E-chr14L-2	chr14L	8056	54950	55086	end
6991_day0_reference_promethion	6991	chr4R	SRR33298377.49595	4	7	E-chr4R-4	E-chr14L-2	chr14L	8056	54950	55086	end
6991_day0_reference_promethion	6991	chr4R	SRR33298377.49595	6	7	E-chr4R-6	E-chr14L-2	chr14L	8056	54950	55086	end
6991_day0_reference_promethion	6991	chr4R	SRR33298377.354081	3	7	E-chr4R-3	E-chr14L-2	chr14L	8048	54944	55095	end
6991_day0_reference_promethion	6991	chr4R	SRR33298377.354081	4	7	E-chr4R-4	E-chr14L-2	chr14L	8048	54944	55095	end
6991_day0_reference_promethion	6991	chr4R	SRR33298377.354081	6	7	E-chr4R-6	E-chr14L-2	chr14L	8048	54944	55095	end
6991_day0_reference_promethion	6991	chr4R	SRR33298377.354081	7	7	E-chr4R-7	E-chr14L-2	chr14L	8048	54944	55095	end
6991_day0_reference_promethion	6991	chr4R	SRR33298377.752387	4	7	E-chr4R-4	E-chr14L-2	chr14L	192	47025	55084	beginning
6991_day0_reference_promethion	6991	chr4R	SRR33298377.379916	4	7	E-chr4R-4	E-chr14L-2	chr14L	198	47024	55084	beginning
6991_day0_reference_promethion	6991	chr4R	SRR33298377.35675	1	7	E-chr4R-1	E-chr14L-2	chr14L	209	47050	55039	beginning
6991_day0_reference_promethion	6991	chr4R	SRR33298377.34716	4	7	E-chr4R-4	E-chr14L-2	chr14L	162	47033	55069	beginning
6991_day0_reference_promethion	6991	chr4R	SRR33298377.148789	4	7	E-chr4R-4	E-chr14L-2	chr14L	8059	54832	55070	end
6991_day0_reference_promethion	6991	chr4R	SRR33298377.148789	7	7	E-chr4R-7	E-chr14L-2	chr14L	8059	54832	55070	end
6991_day0_reference_promethion	6991	chr4R	SRR33298377.221233	6	7	E-chr4R-6	E-chr14L-2	chr14L	8038	54919	55057	end
6991_day0_reference_promethion	6991	chr4R	SRR33298377.53233	1	7	E-chr4R-1	E-chr14L-2	chr14L	8061	54974	55067	end
6991_day0_reference_promethion	6991	chr4R	SRR33298377.53233	3	7	E-chr4R-3	E-chr14L-2	chr14L	8061	54974	55067	end
6991_day0_reference_promethion	6991	chr4R	SRR33298377.53233	4	7	E-chr4R-4	E-chr14L-2	chr14L	8061	54974	55067	end
6991_day0_reference_promethion	6991	chr4R	SRR33298377.53233	6	7	E-chr4R-6	E-chr14L-2	chr14L	8061	54974	55067	end
6991_day0_reference_promethion	6991	chr4R	SRR33298377.53233	7	7	E-chr4R-7	E-chr14L-2	chr14L	8061	54974	55067	end
6991_day0_reference_promethion	6991	chr4R	SRR33298377.445548	2	7	E-chr4R-2	E-chr14L-2	chr14L	8040	54847	54996	end
6991_day0_reference_promethion	6991	chr4R	SRR33298377.445548	7	7	E-chr4R-7	E-chr14L-2	chr14L	8040	54847	54996	end
6991_day0_reference_promethion	6991	chr4R	SRR33298377.609055	2	7	E-chr4R-2	E-chr14L-2	chr14L	8035	54833	55006	end
6991_day0_reference_promethion	6991	chr4R	SRR33298377.609055	4	7	E-chr4R-4	E-chr14L-2	chr14L	8035	54833	55006	end
6991_day0_reference_promethion	6991	chr4R	SRR33298377.609055	6	7	E-chr4R-6	E-chr14L-2	chr14L	8035	54833	55006	end
6991_day0_reference_promethion	6991	chr4R	SRR33298377.452772	1	7	E-chr4R-1	E-chr14L-2	chr14L	6837	53581	53786	end
6991_day0_reference_promethion	6991	chr4R	SRR33298377.452772	6	7	E-chr4R-6	E-chr14L-2	chr14L	6837	53581	53786	end
6991_day0_reference_promethion	6991	chr4R	SRR33298377.452772	7	7	E-chr4R-7	E-chr14L-2	chr14L	6837	53581	53786	end
6991_day0_reference_promethion	6991	chr4R	SRR33298377.548564	1	7	E-chr4R-1	E-chr14L-2	chr14L	8046	54747	54925	end
6991_day0_reference_promethion	6991	chr4R	SRR33298377.548564	2	7	E-chr4R-2	E-chr14L-2	chr14L	8046	54747	54925	end
6991_day0_reference_promethion	6991	chr4R	SRR33298377.548564	4	7	E-chr4R-4	E-chr14L-2	chr14L	8046	54747	54925	end
6991_day0_reference_promethion	6991	chr4R	SRR33298377.548564	7	7	E-chr4R-7	E-chr14L-2	chr14L	8046	54747	54925	end
6991_day0_reference_promethion	6991	chr4R	SRR33298377.761540	3	7	E-chr4R-3	E-chr14L-2	chr14L	146	46887	54941	beginning
6991_day0_reference_promethion	6991	chr4R	SRR33298377.536779	2	7	E-chr4R-2	E-chr14L-2	chr14L	204	46795	54850	beginning
6991_day0_reference_promethion	6991	chr4R	SRR33298377.564778	6	7	E-chr4R-6	E-chr14L-2	chr14L	259	46746	54798	beginning
6991_day0_reference_promethion	6991	chr4R	SRR33298377.642385	3	7	E-chr4R-3	E-chr14L-2	chr14L	288	46729	54756	beginning
6991_day0_reference_promethion	6991	chr4R	SRR33298377.642385	7	7	E-chr4R-7	E-chr14L-2	chr14L	288	46729	54756	beginning
6991_day0_reference_promethion	6991	chr4R	SRR33298377.539671	7	7	E-chr4R-7	E-chr15R-1	chr15R	80	46631	54685	beginning
6991_day0_reference_promethion	6991	chr4R	SRR33298377.365138	1	7	E-chr4R-1	E-chr14L-2	chr14L	8053	54367	54576	end
6991_day0_reference_promethion	6991	chr4R	SRR33298377.365138	2	7	E-chr4R-2	E-chr14L-2	chr14L	8053	54367	54576	end
6991_day0_reference_promethion	6991	chr4R	SRR33298377.365138	3	7	E-chr4R-3	E-chr14L-2	chr14L	8053	54367	54576	end
6991_day0_reference_promethion	6991	chr4R	SRR33298377.365138	7	7	E-chr4R-7	E-chr14L-2	chr14L	8053	54367	54576	end
6991_day0_reference_promethion	6991	chr4R	SRR33298377.723424	1	7	E-chr4R-1	E-chr14L-2	chr14L	294	45063	53122	beginning
6991_day0_reference_promethion	6991	chr4R	SRR33298377.749115	1	7	E-chr4R-1	E-chr14L-2	chr14L	179	44977	53027	beginning
6991_day0_reference_promethion	6991	chr4R	SRR33298377.749115	6	7	E-chr4R-6	E-chr14L-2	chr14L	179	44977	53027	beginning
6991_day0_reference_promethion	6991	chr4R	SRR33298377.390232	2	7	E-chr4R-2	E-chr14L-2	chr14L	6407	50560	50794	end
6991_day0_reference_promethion	6991	chr4R	SRR33298377.390232	6	7	E-chr4R-6	E-chr14L-2	chr14L	6407	50560	50794	end
6991_day0_reference_promethion	6991	chr4R	SRR33298377.390232	7	7	E-chr4R-7	E-chr14L-2	chr14L	6407	50560	50794	end
6991_day0_reference_promethion	6991	chr4R	SRR33298377.192254	1	7	E-chr4R-1	E-chr14L-2	chr14L	8041	52053	52183	end
6991_day0_reference_promethion	6991	chr4R	SRR33298377.192254	2	7	E-chr4R-2	E-chr14L-2	chr14L	8041	52053	52183	end
6991_day0_reference_promethion	6991	chr4R	SRR33298377.192254	3	7	E-chr4R-3	E-chr14L-2	chr14L	8041	52053	52183	end
6991_day0_reference_promethion	6991	chr4R	SRR33298377.192254	4	7	E-chr4R-4	E-chr14L-2	chr14L	8041	52053	52183	end
6991_day0_reference_promethion	6991	chr4R	SRR33298377.192254	7	7	E-chr4R-7	E-chr14L-2	chr14L	8041	52053	52183	end
6991_day0_reference_promethion	6991	chr4R	SRR33298377.299883	1	7	E-chr4R-1	E-chr14L-2	chr14L	218	44061	52122	beginning
6991_day0_reference_promethion	6991	chr4R	SRR33298377.590982	2	7	E-chr4R-2	E-chr15R-1	chr15R	120	37153	45170	beginning
6991_day0_reference_promethion	6991	chr5R	SRR33298377.75463	1	1	E-chr5R-1	E-chr9L-1	chr9L	7278	14117	14277	end
6991_day0_reference_promethion	6991	chr7R	SRR33298377.165464	1	1	E-chr7R-1	E-chr16L-1	chr16L	14037	20687	20964	end
6991_day0_reference_promethion	6991	chr7R	SRR33298377.630565	1	1	E-chr7R-1	E-chr16L-1	chr16L	14041	20682	20825	end
6991_day0_reference_promethion	6991	chr7R	SRR33298377.21179	1	1	E-chr7R-1	E-chr16L-1	chr16L	14033	20680	20791	end
6991_day0_reference_promethion	6991	chr7R	SRR33298377.728197	1	1	E-chr7R-1	E-chr16L-1	chr16L	12682	19305	19481	end
6991_day0_reference_promethion	6991	chr7R	SRR33298377.358471	1	1	E-chr7R-1	E-chr16L-1	chr16L	14024	20601	20721	end
6991_day0_reference_promethion	6991	chr7R	SRR33298377.498488	1	1	E-chr7R-1	E-chr16L-1	chr16L	13979	20558	20703	end
6991_day0_reference_promethion	6991	chr7R	SRR33298377.475793	1	1	E-chr7R-1	E-chr14L-1	chr14L	13969	20454	20684	end
6991_day0_reference_promethion	6991	chr7R	SRR33298377.146637	1	1	E-chr7R-1	E-chr16L-1	chr16L	11226	16122	16178	end
6991_day0_reference_promethion	6991	chr8L	SRR33298377.763070	1	1	E-chr8L-1	E-chr13L-1	chr13L	229	5257	11049	beginning
6991_day0_reference_promethion	6991	chr8R	SRR33298377.221175	1	1	E-chr8R-1	E-chr14L-5	chr14L	35255	40707	40813	end
6991_day0_with_selection	6991	chr10L	SRR33298395.56951	1	1	E-chr10L-1	E-chr9L-1	chr9L	233	7106	25723	beginning
6991_day0_with_selection	6991	chr10L	SRR33298395.1154314	1	1	E-chr10L-1	E-chr16L-1	chr16L	249	6856	25652	beginning
6991_day0_with_selection	6991	chr10L	SRR33298395.850311	1	1	E-chr10L-1	E-chr16L-1	chr16L	236	6821	25688	beginning
6991_day0_with_selection	6991	chr10L	SRR33298395.1509441	1	1	E-chr10L-1	E-chr7R-1	chr7R	18883	25479	25591	end
6991_day0_with_selection	6991	chr10L	SRR33298395.1158890	1	1	E-chr10L-1	E-chr13L-1	chr13L	109	5536	24418	beginning
6991_day0_with_selection	6991	chr10L	SRR33298395.1286062	1	1	E-chr10L-1	E-chr5R-1	chr5R	16214	21037	21096	end
6991_day0_with_selection	6991	chr12L	SRR33298395.790631	1	1	E-chr12L-1	E-chr2L-1	chr2L	5937	11908	12000	end
6991_day0_with_selection	6991	chr12L	SRR33298395.198323	1	1	E-chr12L-1	E-chr8L-1	chr8L	5751	10803	11039	end
6991_day0_with_selection	6991	chr12R	SRR33298395.1014335	2	7	E-chr12R-2	E-chr4R-3	chr4R	241	47765	58746	beginning
6991_day0_with_selection	6991	chr12R	SRR33298395.1014335	3	7	E-chr12R-3	E-chr4R-3	chr4R	241	47765	58746	beginning
6991_day0_with_selection	6991	chr12R	SRR33298395.1014335	4	7	E-chr12R-4	E-chr4R-7	chr4R	241	47765	58746	beginning
6991_day0_with_selection	6991	chr12R	SRR33298395.1014335	5	7	E-chr12R-5	E-chr4R-7	chr4R	241	47765	58746	beginning
6991_day0_with_selection	6991	chr12R	SRR33298395.1014335	6	7	E-chr12R-6	E-chr4R-7	chr4R	241	47765	58746	beginning
6991_day0_with_selection	6991	chr12R	SRR33298395.1014335	7	7	E-chr12R-7	E-chr4R-7	chr4R	241	47765	58746	beginning
6991_day0_with_selection	6991	chr12R	SRR33298395.1313403	2	7	E-chr12R-2	E-chr4R-7	chr4R	288	47715	58733	beginning
6991_day0_with_selection	6991	chr12R	SRR33298395.1313403	3	7	E-chr12R-3	E-chr4R-3	chr4R	288	47715	58733	beginning
6991_day0_with_selection	6991	chr12R	SRR33298395.1313403	4	7	E-chr12R-4	E-chr4R-7	chr4R	288	47715	58733	beginning
6991_day0_with_selection	6991	chr12R	SRR33298395.1313403	5	7	E-chr12R-5	E-chr4R-7	chr4R	288	47715	58733	beginning
6991_day0_with_selection	6991	chr12R	SRR33298395.1313403	6	7	E-chr12R-6	E-chr4R-3	chr4R	288	47715	58733	beginning
6991_day0_with_selection	6991	chr12R	SRR33298395.1313403	7	7	E-chr12R-7	E-chr4R-3	chr4R	288	47715	58733	beginning
6991_day0_with_selection	6991	chr12R	SRR33298395.1728708	2	7	E-chr12R-2	E-chr4R-3	chr4R	281	47699	58696	beginning
6991_day0_with_selection	6991	chr12R	SRR33298395.1728708	3	7	E-chr12R-3	E-chr4R-3	chr4R	281	47699	58696	beginning
6991_day0_with_selection	6991	chr12R	SRR33298395.1728708	4	7	E-chr12R-4	E-chr4R-7	chr4R	281	47699	58696	beginning
6991_day0_with_selection	6991	chr12R	SRR33298395.1728708	5	7	E-chr12R-5	E-chr4R-7	chr4R	281	47699	58696	beginning
6991_day0_with_selection	6991	chr12R	SRR33298395.1728708	6	7	E-chr12R-6	E-chr4R-3	chr4R	281	47699	58696	beginning
6991_day0_with_selection	6991	chr12R	SRR33298395.1728708	7	7	E-chr12R-7	E-chr4R-7	chr4R	281	47699	58696	beginning
6991_day0_with_selection	6991	chr12R	SRR33298395.692968	2	7	E-chr12R-2	E-chr4R-7	chr4R	285	47695	58675	beginning
6991_day0_with_selection	6991	chr12R	SRR33298395.692968	3	7	E-chr12R-3	E-chr4R-7	chr4R	285	47695	58675	beginning
6991_day0_with_selection	6991	chr12R	SRR33298395.692968	4	7	E-chr12R-4	E-chr4R-7	chr4R	285	47695	58675	beginning
6991_day0_with_selection	6991	chr12R	SRR33298395.692968	5	7	E-chr12R-5	E-chr4R-3	chr4R	285	47695	58675	beginning
6991_day0_with_selection	6991	chr12R	SRR33298395.692968	6	7	E-chr12R-6	E-chr4R-3	chr4R	285	47695	58675	beginning
6991_day0_with_selection	6991	chr12R	SRR33298395.692968	7	7	E-chr12R-7	E-chr4R-3	chr4R	285	47695	58675	beginning
6991_day0_with_selection	6991	chr12R	SRR33298395.753824	2	7	E-chr12R-2	E-chr14L-2	chr14L	9718	57090	57392	end
6991_day0_with_selection	6991	chr12R	SRR33298395.753824	3	7	E-chr12R-3	E-chr4R-3	chr4R	9718	57090	57392	end
6991_day0_with_selection	6991	chr12R	SRR33298395.753824	4	7	E-chr12R-4	E-chr14L-2	chr14L	9718	57090	57392	end
6991_day0_with_selection	6991	chr12R	SRR33298395.753824	5	7	E-chr12R-5	E-chr14L-2	chr14L	9718	57090	57392	end
6991_day0_with_selection	6991	chr12R	SRR33298395.753824	6	7	E-chr12R-6	E-chr4R-3	chr4R	9718	57090	57392	end
6991_day0_with_selection	6991	chr12R	SRR33298395.753824	7	7	E-chr12R-7	E-chr4R-3	chr4R	9718	57090	57392	end
6991_day0_with_selection	6991	chr12R	SRR33298395.958110	2	7	E-chr12R-2	E-chr14L-2	chr14L	147	47669	57110	beginning
6991_day0_with_selection	6991	chr12R	SRR33298395.958110	3	7	E-chr12R-3	E-chr4R-7	chr4R	147	47669	57110	beginning
6991_day0_with_selection	6991	chr12R	SRR33298395.958110	4	7	E-chr12R-4	E-chr4R-7	chr4R	147	47669	57110	beginning
6991_day0_with_selection	6991	chr12R	SRR33298395.958110	5	7	E-chr12R-5	E-chr4R-7	chr4R	147	47669	57110	beginning
6991_day0_with_selection	6991	chr12R	SRR33298395.958110	6	7	E-chr12R-6	E-chr4R-3	chr4R	147	47669	57110	beginning
6991_day0_with_selection	6991	chr12R	SRR33298395.958110	7	7	E-chr12R-7	E-chr4R-3	chr4R	147	47669	57110	beginning
6991_day0_with_selection	6991	chr12R	SRR33298395.1415440	2	7	E-chr12R-2	E-chr4R-7	chr4R	255	47679	58686	beginning
6991_day0_with_selection	6991	chr12R	SRR33298395.1415440	3	7	E-chr12R-3	E-chr4R-3	chr4R	255	47679	58686	beginning
6991_day0_with_selection	6991	chr12R	SRR33298395.1415440	4	7	E-chr12R-4	E-chr4R-3	chr4R	255	47679	58686	beginning
6991_day0_with_selection	6991	chr12R	SRR33298395.1415440	5	7	E-chr12R-5	E-chr4R-3	chr4R	255	47679	58686	beginning
6991_day0_with_selection	6991	chr12R	SRR33298395.1415440	6	7	E-chr12R-6	E-chr4R-7	chr4R	255	47679	58686	beginning
6991_day0_with_selection	6991	chr12R	SRR33298395.1415440	7	7	E-chr12R-7	E-chr4R-3	chr4R	255	47679	58686	beginning
6991_day0_with_selection	6991	chr12R	SRR33298395.1812134	2	7	E-chr12R-2	E-chr4R-7	chr4R	228	47650	58665	beginning
6991_day0_with_selection	6991	chr12R	SRR33298395.1812134	3	7	E-chr12R-3	E-chr4R-7	chr4R	228	47650	58665	beginning
6991_day0_with_selection	6991	chr12R	SRR33298395.1812134	4	7	E-chr12R-4	E-chr4R-3	chr4R	228	47650	58665	beginning
6991_day0_with_selection	6991	chr12R	SRR33298395.1812134	5	7	E-chr12R-5	E-chr4R-3	chr4R	228	47650	58665	beginning
6991_day0_with_selection	6991	chr12R	SRR33298395.1812134	6	7	E-chr12R-6	E-chr4R-7	chr4R	228	47650	58665	beginning
6991_day0_with_selection	6991	chr12R	SRR33298395.1812134	7	7	E-chr12R-7	E-chr4R-7	chr4R	228	47650	58665	beginning
6991_day0_with_selection	6991	chr12R	SRR33298395.907147	2	7	E-chr12R-2	E-chr4R-7	chr4R	266	47658	58668	beginning
6991_day0_with_selection	6991	chr12R	SRR33298395.907147	3	7	E-chr12R-3	E-chr4R-7	chr4R	266	47658	58668	beginning
6991_day0_with_selection	6991	chr12R	SRR33298395.907147	4	7	E-chr12R-4	E-chr4R-3	chr4R	266	47658	58668	beginning
6991_day0_with_selection	6991	chr12R	SRR33298395.907147	5	7	E-chr12R-5	E-chr4R-7	chr4R	266	47658	58668	beginning
6991_day0_with_selection	6991	chr12R	SRR33298395.907147	6	7	E-chr12R-6	E-chr4R-3	chr4R	266	47658	58668	beginning
6991_day0_with_selection	6991	chr12R	SRR33298395.907147	7	7	E-chr12R-7	E-chr4R-3	chr4R	266	47658	58668	beginning
6991_day0_with_selection	6991	chr12R	SRR33298395.1351508	2	7	E-chr12R-2	E-chr4R-3	chr4R	11037	58416	58660	end
6991_day0_with_selection	6991	chr12R	SRR33298395.1351508	3	7	E-chr12R-3	E-chr4R-3	chr4R	11037	58416	58660	end
6991_day0_with_selection	6991	chr12R	SRR33298395.1351508	4	7	E-chr12R-4	E-chr14L-2	chr14L	11037	58416	58660	end
6991_day0_with_selection	6991	chr12R	SRR33298395.1351508	5	7	E-chr12R-5	E-chr4R-3	chr4R	11037	58416	58660	end
6991_day0_with_selection	6991	chr12R	SRR33298395.1351508	6	7	E-chr12R-6	E-chr14L-2	chr14L	11037	58416	58660	end
6991_day0_with_selection	6991	chr12R	SRR33298395.1351508	7	7	E-chr12R-7	E-chr14L-2	chr14L	11037	58416	58660	end
6991_day0_with_selection	6991	chr12R	SRR33298395.891365	2	7	E-chr12R-2	E-chr4R-7	chr4R	211	47648	58648	beginning
6991_day0_with_selection	6991	chr12R	SRR33298395.891365	3	7	E-chr12R-3	E-chr4R-7	chr4R	211	47648	58648	beginning
6991_day0_with_selection	6991	chr12R	SRR33298395.891365	4	7	E-chr12R-4	E-chr4R-5	chr4R	211	47648	58648	beginning
6991_day0_with_selection	6991	chr12R	SRR33298395.891365	5	7	E-chr12R-5	E-chr14L-2	chr14L	211	47648	58648	beginning
6991_day0_with_selection	6991	chr12R	SRR33298395.891365	6	7	E-chr12R-6	E-chr4R-3	chr4R	211	47648	58648	beginning
6991_day0_with_selection	6991	chr12R	SRR33298395.891365	7	7	E-chr12R-7	E-chr4R-7	chr4R	211	47648	58648	beginning
6991_day0_with_selection	6991	chr12R	SRR33298395.867456	2	7	E-chr12R-2	E-chr4R-7	chr4R	211	47644	58657	beginning
6991_day0_with_selection	6991	chr12R	SRR33298395.867456	3	7	E-chr12R-3	E-chr4R-7	chr4R	211	47644	58657	beginning
6991_day0_with_selection	6991	chr12R	SRR33298395.867456	4	7	E-chr12R-4	E-chr4R-7	chr4R	211	47644	58657	beginning
6991_day0_with_selection	6991	chr12R	SRR33298395.867456	5	7	E-chr12R-5	E-chr4R-3	chr4R	211	47644	58657	beginning
6991_day0_with_selection	6991	chr12R	SRR33298395.867456	6	7	E-chr12R-6	E-chr4R-7	chr4R	211	47644	58657	beginning
6991_day0_with_selection	6991	chr12R	SRR33298395.867456	7	7	E-chr12R-7	E-chr4R-3	chr4R	211	47644	58657	beginning
6991_day0_with_selection	6991	chr12R	SRR33298395.826407	2	7	E-chr12R-2	E-chr4R-7	chr4R	211	47637	58662	beginning
6991_day0_with_selection	6991	chr12R	SRR33298395.826407	3	7	E-chr12R-3	E-chr4R-7	chr4R	211	47637	58662	beginning
6991_day0_with_selection	6991	chr12R	SRR33298395.826407	4	7	E-chr12R-4	E-chr4R-3	chr4R	211	47637	58662	beginning
6991_day0_with_selection	6991	chr12R	SRR33298395.826407	5	7	E-chr12R-5	E-chr4R-3	chr4R	211	47637	58662	beginning
6991_day0_with_selection	6991	chr12R	SRR33298395.826407	6	7	E-chr12R-6	E-chr4R-7	chr4R	211	47637	58662	beginning
6991_day0_with_selection	6991	chr12R	SRR33298395.826407	7	7	E-chr12R-7	E-chr4R-7	chr4R	211	47637	58662	beginning
6991_day0_with_selection	6991	chr12R	SRR33298395.1003205	2	7	E-chr12R-2	E-chr4R-7	chr4R	199	47634	58644	beginning
6991_day0_with_selection	6991	chr12R	SRR33298395.1003205	3	7	E-chr12R-3	E-chr4R-7	chr4R	199	47634	58644	beginning
6991_day0_with_selection	6991	chr12R	SRR33298395.1003205	4	7	E-chr12R-4	E-chr4R-7	chr4R	199	47634	58644	beginning
6991_day0_with_selection	6991	chr12R	SRR33298395.1003205	5	7	E-chr12R-5	E-chr4R-3	chr4R	199	47634	58644	beginning
6991_day0_with_selection	6991	chr12R	SRR33298395.1003205	6	7	E-chr12R-6	E-chr4R-7	chr4R	199	47634	58644	beginning
6991_day0_with_selection	6991	chr12R	SRR33298395.1003205	7	7	E-chr12R-7	E-chr4R-7	chr4R	199	47634	58644	beginning
6991_day0_with_selection	6991	chr12R	SRR33298395.44778	2	7	E-chr12R-2	E-chr4R-3	chr4R	230	47634	58405	beginning
6991_day0_with_selection	6991	chr12R	SRR33298395.44778	3	7	E-chr12R-3	E-chr4R-7	chr4R	230	47634	58405	beginning
6991_day0_with_selection	6991	chr12R	SRR33298395.44778	4	7	E-chr12R-4	E-chr4R-7	chr4R	230	47634	58405	beginning
6991_day0_with_selection	6991	chr12R	SRR33298395.44778	5	7	E-chr12R-5	E-chr4R-3	chr4R	230	47634	58405	beginning
6991_day0_with_selection	6991	chr12R	SRR33298395.44778	6	7	E-chr12R-6	E-chr4R-3	chr4R	230	47634	58405	beginning
6991_day0_with_selection	6991	chr12R	SRR33298395.44778	7	7	E-chr12R-7	E-chr4R-7	chr4R	230	47634	58405	beginning
6991_day0_with_selection	6991	chr12R	SRR33298395.1169231	2	7	E-chr12R-2	E-chr4R-3	chr4R	10991	58408	58642	end
6991_day0_with_selection	6991	chr12R	SRR33298395.1169231	3	7	E-chr12R-3	E-chr14L-2	chr14L	10991	58408	58642	end
6991_day0_with_selection	6991	chr12R	SRR33298395.1169231	4	7	E-chr12R-4	E-chr4R-3	chr4R	10991	58408	58642	end
6991_day0_with_selection	6991	chr12R	SRR33298395.1169231	5	7	E-chr12R-5	E-chr14L-2	chr14L	10991	58408	58642	end
6991_day0_with_selection	6991	chr12R	SRR33298395.1169231	6	7	E-chr12R-6	E-chr14L-2	chr14L	10991	58408	58642	end
6991_day0_with_selection	6991	chr12R	SRR33298395.1169231	7	7	E-chr12R-7	E-chr4R-3	chr4R	10991	58408	58642	end
6991_day0_with_selection	6991	chr12R	SRR33298395.474009	2	7	E-chr12R-2	E-chr4R-7	chr4R	198	47637	58658	beginning
6991_day0_with_selection	6991	chr12R	SRR33298395.474009	3	7	E-chr12R-3	E-chr4R-7	chr4R	198	47637	58658	beginning
6991_day0_with_selection	6991	chr12R	SRR33298395.474009	4	7	E-chr12R-4	E-chr4R-7	chr4R	198	47637	58658	beginning
6991_day0_with_selection	6991	chr12R	SRR33298395.474009	5	7	E-chr12R-5	E-chr4R-7	chr4R	198	47637	58658	beginning
6991_day0_with_selection	6991	chr12R	SRR33298395.474009	6	7	E-chr12R-6	E-chr4R-3	chr4R	198	47637	58658	beginning
6991_day0_with_selection	6991	chr12R	SRR33298395.474009	7	7	E-chr12R-7	E-chr4R-7	chr4R	198	47637	58658	beginning
6991_day0_with_selection	6991	chr12R	SRR33298395.422991	2	7	E-chr12R-2	E-chr4R-3	chr4R	206	47633	58632	beginning
6991_day0_with_selection	6991	chr12R	SRR33298395.422991	3	7	E-chr12R-3	E-chr4R-3	chr4R	206	47633	58632	beginning
6991_day0_with_selection	6991	chr12R	SRR33298395.422991	4	7	E-chr12R-4	E-chr4R-7	chr4R	206	47633	58632	beginning
6991_day0_with_selection	6991	chr12R	SRR33298395.422991	5	7	E-chr12R-5	E-chr4R-3	chr4R	206	47633	58632	beginning
6991_day0_with_selection	6991	chr12R	SRR33298395.422991	6	7	E-chr12R-6	E-chr4R-3	chr4R	206	47633	58632	beginning
6991_day0_with_selection	6991	chr12R	SRR33298395.422991	7	7	E-chr12R-7	E-chr4R-3	chr4R	206	47633	58632	beginning
6991_day0_with_selection	6991	chr12R	SRR33298395.1732616	2	7	E-chr12R-2	E-chr14L-2	chr14L	11017	58363	58642	end
6991_day0_with_selection	6991	chr12R	SRR33298395.1732616	3	7	E-chr12R-3	E-chr14L-2	chr14L	11017	58363	58642	end
6991_day0_with_selection	6991	chr12R	SRR33298395.1732616	4	7	E-chr12R-4	E-chr4R-3	chr4R	11017	58363	58642	end
6991_day0_with_selection	6991	chr12R	SRR33298395.1732616	5	7	E-chr12R-5	E-chr4R-3	chr4R	11017	58363	58642	end
6991_day0_with_selection	6991	chr12R	SRR33298395.1732616	6	7	E-chr12R-6	E-chr14L-2	chr14L	11017	58363	58642	end
6991_day0_with_selection	6991	chr12R	SRR33298395.1732616	7	7	E-chr12R-7	E-chr14L-2	chr14L	11017	58363	58642	end
6991_day0_with_selection	6991	chr12R	SRR33298395.87584	2	7	E-chr12R-2	E-chr4R-7	chr4R	223	47623	58623	beginning
6991_day0_with_selection	6991	chr12R	SRR33298395.87584	3	7	E-chr12R-3	E-chr4R-3	chr4R	223	47623	58623	beginning
6991_day0_with_selection	6991	chr12R	SRR33298395.87584	4	7	E-chr12R-4	E-chr4R-7	chr4R	223	47623	58623	beginning
6991_day0_with_selection	6991	chr12R	SRR33298395.87584	5	7	E-chr12R-5	E-chr4R-3	chr4R	223	47623	58623	beginning
6991_day0_with_selection	6991	chr12R	SRR33298395.87584	6	7	E-chr12R-6	E-chr4R-3	chr4R	223	47623	58623	beginning
6991_day0_with_selection	6991	chr12R	SRR33298395.87584	7	7	E-chr12R-7	E-chr4R-3	chr4R	223	47623	58623	beginning
6991_day0_with_selection	6991	chr12R	SRR33298395.750165	2	7	E-chr12R-2	E-chr4R-3	chr4R	249	47635	58629	beginning
6991_day0_with_selection	6991	chr12R	SRR33298395.750165	3	7	E-chr12R-3	E-chr4R-3	chr4R	249	47635	58629	beginning
6991_day0_with_selection	6991	chr12R	SRR33298395.750165	4	7	E-chr12R-4	E-chr4R-7	chr4R	249	47635	58629	beginning
6991_day0_with_selection	6991	chr12R	SRR33298395.750165	5	7	E-chr12R-5	E-chr4R-7	chr4R	249	47635	58629	beginning
6991_day0_with_selection	6991	chr12R	SRR33298395.750165	6	7	E-chr12R-6	E-chr4R-7	chr4R	249	47635	58629	beginning
6991_day0_with_selection	6991	chr12R	SRR33298395.750165	7	7	E-chr12R-7	E-chr4R-3	chr4R	249	47635	58629	beginning
6991_day0_with_selection	6991	chr12R	SRR33298395.1099104	2	7	E-chr12R-2	E-chr4R-3	chr4R	232	47622	58631	beginning
6991_day0_with_selection	6991	chr12R	SRR33298395.1099104	3	7	E-chr12R-3	E-chr4R-7	chr4R	232	47622	58631	beginning
6991_day0_with_selection	6991	chr12R	SRR33298395.1099104	4	7	E-chr12R-4	E-chr4R-7	chr4R	232	47622	58631	beginning
6991_day0_with_selection	6991	chr12R	SRR33298395.1099104	5	7	E-chr12R-5	E-chr4R-7	chr4R	232	47622	58631	beginning
6991_day0_with_selection	6991	chr12R	SRR33298395.1099104	6	7	E-chr12R-6	E-chr4R-7	chr4R	232	47622	58631	beginning
6991_day0_with_selection	6991	chr12R	SRR33298395.1099104	7	7	E-chr12R-7	E-chr4R-3	chr4R	232	47622	58631	beginning
6991_day0_with_selection	6991	chr12R	SRR33298395.1388907	2	7	E-chr12R-2	E-chr4R-7	chr4R	194	47613	58626	beginning
6991_day0_with_selection	6991	chr12R	SRR33298395.1388907	3	7	E-chr12R-3	E-chr4R-7	chr4R	194	47613	58626	beginning
6991_day0_with_selection	6991	chr12R	SRR33298395.1388907	4	7	E-chr12R-4	E-chr4R-3	chr4R	194	47613	58626	beginning
6991_day0_with_selection	6991	chr12R	SRR33298395.1388907	5	7	E-chr12R-5	E-chr4R-3	chr4R	194	47613	58626	beginning
6991_day0_with_selection	6991	chr12R	SRR33298395.1388907	6	7	E-chr12R-6	E-chr4R-3	chr4R	194	47613	58626	beginning
6991_day0_with_selection	6991	chr12R	SRR33298395.1388907	7	7	E-chr12R-7	E-chr4R-7	chr4R	194	47613	58626	beginning
6991_day0_with_selection	6991	chr12R	SRR33298395.1730002	2	7	E-chr12R-2	E-chr4R-7	chr4R	228	47623	58626	beginning
6991_day0_with_selection	6991	chr12R	SRR33298395.1730002	3	7	E-chr12R-3	E-chr4R-3	chr4R	228	47623	58626	beginning
6991_day0_with_selection	6991	chr12R	SRR33298395.1730002	4	7	E-chr12R-4	E-chr4R-7	chr4R	228	47623	58626	beginning
6991_day0_with_selection	6991	chr12R	SRR33298395.1730002	5	7	E-chr12R-5	E-chr4R-3	chr4R	228	47623	58626	beginning
6991_day0_with_selection	6991	chr12R	SRR33298395.1730002	6	7	E-chr12R-6	E-chr4R-7	chr4R	228	47623	58626	beginning
6991_day0_with_selection	6991	chr12R	SRR33298395.1730002	7	7	E-chr12R-7	E-chr4R-3	chr4R	228	47623	58626	beginning
6991_day0_with_selection	6991	chr12R	SRR33298395.1379762	2	7	E-chr12R-2	E-chr4R-7	chr4R	181	47614	58630	beginning
6991_day0_with_selection	6991	chr12R	SRR33298395.1379762	3	7	E-chr12R-3	E-chr4R-7	chr4R	181	47614	58630	beginning
6991_day0_with_selection	6991	chr12R	SRR33298395.1379762	4	7	E-chr12R-4	E-chr4R-7	chr4R	181	47614	58630	beginning
6991_day0_with_selection	6991	chr12R	SRR33298395.1379762	5	7	E-chr12R-5	E-chr4R-7	chr4R	181	47614	58630	beginning
6991_day0_with_selection	6991	chr12R	SRR33298395.1379762	6	7	E-chr12R-6	E-chr4R-7	chr4R	181	47614	58630	beginning
6991_day0_with_selection	6991	chr12R	SRR33298395.1379762	7	7	E-chr12R-7	E-chr4R-3	chr4R	181	47614	58630	beginning
6991_day0_with_selection	6991	chr12R	SRR33298395.775199	2	7	E-chr12R-2	E-chr4R-3	chr4R	209	47615	58624	beginning
6991_day0_with_selection	6991	chr12R	SRR33298395.775199	3	7	E-chr12R-3	E-chr4R-3	chr4R	209	47615	58624	beginning
6991_day0_with_selection	6991	chr12R	SRR33298395.775199	4	7	E-chr12R-4	E-chr4R-7	chr4R	209	47615	58624	beginning
6991_day0_with_selection	6991	chr12R	SRR33298395.775199	5	7	E-chr12R-5	E-chr4R-7	chr4R	209	47615	58624	beginning
6991_day0_with_selection	6991	chr12R	SRR33298395.775199	6	7	E-chr12R-6	E-chr4R-3	chr4R	209	47615	58624	beginning
6991_day0_with_selection	6991	chr12R	SRR33298395.775199	7	7	E-chr12R-7	E-chr4R-7	chr4R	209	47615	58624	beginning
6991_day0_with_selection	6991	chr12R	SRR33298395.274803	2	7	E-chr12R-2	E-chr4R-7	chr4R	210	47614	58614	beginning
6991_day0_with_selection	6991	chr12R	SRR33298395.274803	3	7	E-chr12R-3	E-chr4R-3	chr4R	210	47614	58614	beginning
6991_day0_with_selection	6991	chr12R	SRR33298395.274803	4	7	E-chr12R-4	E-chr4R-7	chr4R	210	47614	58614	beginning
6991_day0_with_selection	6991	chr12R	SRR33298395.274803	5	7	E-chr12R-5	E-chr4R-7	chr4R	210	47614	58614	beginning
6991_day0_with_selection	6991	chr12R	SRR33298395.274803	6	7	E-chr12R-6	E-chr4R-3	chr4R	210	47614	58614	beginning
6991_day0_with_selection	6991	chr12R	SRR33298395.274803	7	7	E-chr12R-7	E-chr4R-3	chr4R	210	47614	58614	beginning
6991_day0_with_selection	6991	chr12R	SRR33298395.327564	2	7	E-chr12R-2	E-chr14L-2	chr14L	11018	58471	58622	end
6991_day0_with_selection	6991	chr12R	SRR33298395.327564	3	7	E-chr12R-3	E-chr14L-2	chr14L	11018	58471	58622	end
6991_day0_with_selection	6991	chr12R	SRR33298395.327564	4	7	E-chr12R-4	E-chr14L-2	chr14L	11018	58471	58622	end
6991_day0_with_selection	6991	chr12R	SRR33298395.327564	5	7	E-chr12R-5	E-chr14L-2	chr14L	11018	58471	58622	end
6991_day0_with_selection	6991	chr12R	SRR33298395.327564	6	7	E-chr12R-6	E-chr14L-2	chr14L	11018	58471	58622	end
6991_day0_with_selection	6991	chr12R	SRR33298395.327564	7	7	E-chr12R-7	E-chr4R-3	chr4R	11018	58471	58622	end
6991_day0_with_selection	6991	chr12R	SRR33298395.1493518	2	7	E-chr12R-2	E-chr4R-3	chr4R	169	47579	58598	beginning
6991_day0_with_selection	6991	chr12R	SRR33298395.1493518	3	7	E-chr12R-3	E-chr4R-7	chr4R	169	47579	58598	beginning
6991_day0_with_selection	6991	chr12R	SRR33298395.1493518	4	7	E-chr12R-4	E-chr4R-3	chr4R	169	47579	58598	beginning
6991_day0_with_selection	6991	chr12R	SRR33298395.1493518	5	7	E-chr12R-5	E-chr4R-7	chr4R	169	47579	58598	beginning
6991_day0_with_selection	6991	chr12R	SRR33298395.1493518	6	7	E-chr12R-6	E-chr4R-3	chr4R	169	47579	58598	beginning
6991_day0_with_selection	6991	chr12R	SRR33298395.1493518	7	7	E-chr12R-7	E-chr4R-7	chr4R	169	47579	58598	beginning
6991_day0_with_selection	6991	chr12R	SRR33298395.219963	2	7	E-chr12R-2	E-chr14L-2	chr14L	10984	58358	58596	end
6991_day0_with_selection	6991	chr12R	SRR33298395.219963	3	7	E-chr12R-3	E-chr14L-2	chr14L	10984	58358	58596	end
6991_day0_with_selection	6991	chr12R	SRR33298395.219963	4	7	E-chr12R-4	E-chr4R-3	chr4R	10984	58358	58596	end
6991_day0_with_selection	6991	chr12R	SRR33298395.219963	5	7	E-chr12R-5	E-chr14L-2	chr14L	10984	58358	58596	end
6991_day0_with_selection	6991	chr12R	SRR33298395.219963	6	7	E-chr12R-6	E-chr14L-2	chr14L	10984	58358	58596	end
6991_day0_with_selection	6991	chr12R	SRR33298395.219963	7	7	E-chr12R-7	E-chr14L-2	chr14L	10984	58358	58596	end
6991_day0_with_selection	6991	chr12R	SRR33298395.742653	2	7	E-chr12R-2	E-chr4R-7	chr4R	166	47609	58610	beginning
6991_day0_with_selection	6991	chr12R	SRR33298395.742653	3	7	E-chr12R-3	E-chr4R-7	chr4R	166	47609	58610	beginning
6991_day0_with_selection	6991	chr12R	SRR33298395.742653	4	7	E-chr12R-4	E-chr4R-7	chr4R	166	47609	58610	beginning
6991_day0_with_selection	6991	chr12R	SRR33298395.742653	5	7	E-chr12R-5	E-chr4R-3	chr4R	166	47609	58610	beginning
6991_day0_with_selection	6991	chr12R	SRR33298395.742653	6	7	E-chr12R-6	E-chr4R-7	chr4R	166	47609	58610	beginning
6991_day0_with_selection	6991	chr12R	SRR33298395.742653	7	7	E-chr12R-7	E-chr4R-7	chr4R	166	47609	58610	beginning
6991_day0_with_selection	6991	chr12R	SRR33298395.95514	2	7	E-chr12R-2	E-chr4R-3	chr4R	223	47599	58610	beginning
6991_day0_with_selection	6991	chr12R	SRR33298395.95514	3	7	E-chr12R-3	E-chr4R-3	chr4R	223	47599	58610	beginning
6991_day0_with_selection	6991	chr12R	SRR33298395.95514	4	7	E-chr12R-4	E-chr4R-7	chr4R	223	47599	58610	beginning
6991_day0_with_selection	6991	chr12R	SRR33298395.95514	5	7	E-chr12R-5	E-chr14L-2	chr14L	223	47599	58610	beginning
6991_day0_with_selection	6991	chr12R	SRR33298395.95514	6	7	E-chr12R-6	E-chr4R-3	chr4R	223	47599	58610	beginning
6991_day0_with_selection	6991	chr12R	SRR33298395.95514	7	7	E-chr12R-7	E-chr4R-3	chr4R	223	47599	58610	beginning
6991_day0_with_selection	6991	chr12R	SRR33298395.1234788	2	7	E-chr12R-2	E-chr4R-3	chr4R	222	47595	58609	beginning
6991_day0_with_selection	6991	chr12R	SRR33298395.1234788	3	7	E-chr12R-3	E-chr4R-3	chr4R	222	47595	58609	beginning
6991_day0_with_selection	6991	chr12R	SRR33298395.1234788	4	7	E-chr12R-4	E-chr4R-3	chr4R	222	47595	58609	beginning
6991_day0_with_selection	6991	chr12R	SRR33298395.1234788	5	7	E-chr12R-5	E-chr4R-3	chr4R	222	47595	58609	beginning
6991_day0_with_selection	6991	chr12R	SRR33298395.1234788	6	7	E-chr12R-6	E-chr4R-3	chr4R	222	47595	58609	beginning
6991_day0_with_selection	6991	chr12R	SRR33298395.1234788	7	7	E-chr12R-7	E-chr4R-7	chr4R	222	47595	58609	beginning
6991_day0_with_selection	6991	chr12R	SRR33298395.1224903	2	7	E-chr12R-2	E-chr4R-7	chr4R	195	47608	58607	beginning
6991_day0_with_selection	6991	chr12R	SRR33298395.1224903	3	7	E-chr12R-3	E-chr4R-3	chr4R	195	47608	58607	beginning
6991_day0_with_selection	6991	chr12R	SRR33298395.1224903	4	7	E-chr12R-4	E-chr4R-3	chr4R	195	47608	58607	beginning
6991_day0_with_selection	6991	chr12R	SRR33298395.1224903	5	7	E-chr12R-5	E-chr4R-3	chr4R	195	47608	58607	beginning
6991_day0_with_selection	6991	chr12R	SRR33298395.1224903	6	7	E-chr12R-6	E-chr4R-7	chr4R	195	47608	58607	beginning
6991_day0_with_selection	6991	chr12R	SRR33298395.1224903	7	7	E-chr12R-7	E-chr4R-3	chr4R	195	47608	58607	beginning
6991_day0_with_selection	6991	chr12R	SRR33298395.1485196	2	7	E-chr12R-2	E-chr4R-3	chr4R	204	47611	58596	beginning
6991_day0_with_selection	6991	chr12R	SRR33298395.1485196	3	7	E-chr12R-3	E-chr4R-3	chr4R	204	47611	58596	beginning
6991_day0_with_selection	6991	chr12R	SRR33298395.1485196	4	7	E-chr12R-4	E-chr4R-3	chr4R	204	47611	58596	beginning
6991_day0_with_selection	6991	chr12R	SRR33298395.1485196	5	7	E-chr12R-5	E-chr4R-3	chr4R	204	47611	58596	beginning
6991_day0_with_selection	6991	chr12R	SRR33298395.1485196	6	7	E-chr12R-6	E-chr4R-3	chr4R	204	47611	58596	beginning
6991_day0_with_selection	6991	chr12R	SRR33298395.1485196	7	7	E-chr12R-7	E-chr4R-7	chr4R	204	47611	58596	beginning
6991_day0_with_selection	6991	chr12R	SRR33298395.1792068	2	7	E-chr12R-2	E-chr4R-3	chr4R	201	47599	58600	beginning
6991_day0_with_selection	6991	chr12R	SRR33298395.1792068	3	7	E-chr12R-3	E-chr4R-3	chr4R	201	47599	58600	beginning
6991_day0_with_selection	6991	chr12R	SRR33298395.1792068	4	7	E-chr12R-4	E-chr4R-7	chr4R	201	47599	58600	beginning
6991_day0_with_selection	6991	chr12R	SRR33298395.1792068	5	7	E-chr12R-5	E-chr4R-7	chr4R	201	47599	58600	beginning
6991_day0_with_selection	6991	chr12R	SRR33298395.1792068	6	7	E-chr12R-6	E-chr4R-7	chr4R	201	47599	58600	beginning
6991_day0_with_selection	6991	chr12R	SRR33298395.1792068	7	7	E-chr12R-7	E-chr4R-7	chr4R	201	47599	58600	beginning
6991_day0_with_selection	6991	chr12R	SRR33298395.1587601	2	7	E-chr12R-2	E-chr4R-7	chr4R	222	47593	58586	beginning
6991_day0_with_selection	6991	chr12R	SRR33298395.1587601	3	7	E-chr12R-3	E-chr4R-3	chr4R	222	47593	58586	beginning
6991_day0_with_selection	6991	chr12R	SRR33298395.1587601	4	7	E-chr12R-4	E-chr4R-3	chr4R	222	47593	58586	beginning
6991_day0_with_selection	6991	chr12R	SRR33298395.1587601	5	7	E-chr12R-5	E-chr4R-7	chr4R	222	47593	58586	beginning
6991_day0_with_selection	6991	chr12R	SRR33298395.1587601	6	7	E-chr12R-6	E-chr4R-3	chr4R	222	47593	58586	beginning
6991_day0_with_selection	6991	chr12R	SRR33298395.1587601	7	7	E-chr12R-7	E-chr4R-3	chr4R	222	47593	58586	beginning
6991_day0_with_selection	6991	chr12R	SRR33298395.1784662	2	7	E-chr12R-2	E-chr4R-3	chr4R	194	47606	58569	beginning
6991_day0_with_selection	6991	chr12R	SRR33298395.1784662	3	7	E-chr12R-3	E-chr4R-7	chr4R	194	47606	58569	beginning
6991_day0_with_selection	6991	chr12R	SRR33298395.1784662	4	7	E-chr12R-4	E-chr4R-7	chr4R	194	47606	58569	beginning
6991_day0_with_selection	6991	chr12R	SRR33298395.1784662	5	7	E-chr12R-5	E-chr4R-7	chr4R	194	47606	58569	beginning
6991_day0_with_selection	6991	chr12R	SRR33298395.1784662	6	7	E-chr12R-6	E-chr4R-7	chr4R	194	47606	58569	beginning
6991_day0_with_selection	6991	chr12R	SRR33298395.1784662	7	7	E-chr12R-7	E-chr4R-7	chr4R	194	47606	58569	beginning
6991_day0_with_selection	6991	chr12R	SRR33298395.1313070	2	7	E-chr12R-2	E-chr4R-3	chr4R	203	47596	58613	beginning
6991_day0_with_selection	6991	chr12R	SRR33298395.1313070	3	7	E-chr12R-3	E-chr4R-3	chr4R	203	47596	58613	beginning
6991_day0_with_selection	6991	chr12R	SRR33298395.1313070	4	7	E-chr12R-4	E-chr4R-7	chr4R	203	47596	58613	beginning
6991_day0_with_selection	6991	chr12R	SRR33298395.1313070	5	7	E-chr12R-5	E-chr4R-7	chr4R	203	47596	58613	beginning
6991_day0_with_selection	6991	chr12R	SRR33298395.1313070	6	7	E-chr12R-6	E-chr4R-7	chr4R	203	47596	58613	beginning
6991_day0_with_selection	6991	chr12R	SRR33298395.1313070	7	7	E-chr12R-7	E-chr4R-3	chr4R	203	47596	58613	beginning
6991_day0_with_selection	6991	chr12R	SRR33298395.557317	2	7	E-chr12R-2	E-chr4R-7	chr4R	214	47577	56422	beginning
6991_day0_with_selection	6991	chr12R	SRR33298395.557317	3	7	E-chr12R-3	E-chr4R-7	chr4R	214	47577	56422	beginning
6991_day0_with_selection	6991	chr12R	SRR33298395.557317	4	7	E-chr12R-4	E-chr4R-7	chr4R	214	47577	56422	beginning
6991_day0_with_selection	6991	chr12R	SRR33298395.557317	5	7	E-chr12R-5	E-chr4R-3	chr4R	214	47577	56422	beginning
6991_day0_with_selection	6991	chr12R	SRR33298395.557317	6	7	E-chr12R-6	E-chr4R-3	chr4R	214	47577	56422	beginning
6991_day0_with_selection	6991	chr12R	SRR33298395.557317	7	7	E-chr12R-7	E-chr4R-3	chr4R	214	47577	56422	beginning
6991_day0_with_selection	6991	chr12R	SRR33298395.1216708	2	7	E-chr12R-2	E-chr4R-7	chr4R	170	47605	58594	beginning
6991_day0_with_selection	6991	chr12R	SRR33298395.1216708	3	7	E-chr12R-3	E-chr4R-7	chr4R	170	47605	58594	beginning
6991_day0_with_selection	6991	chr12R	SRR33298395.1216708	4	7	E-chr12R-4	E-chr4R-3	chr4R	170	47605	58594	beginning
6991_day0_with_selection	6991	chr12R	SRR33298395.1216708	5	7	E-chr12R-5	E-chr4R-3	chr4R	170	47605	58594	beginning
6991_day0_with_selection	6991	chr12R	SRR33298395.1216708	6	7	E-chr12R-6	E-chr4R-7	chr4R	170	47605	58594	beginning
6991_day0_with_selection	6991	chr12R	SRR33298395.1216708	7	7	E-chr12R-7	E-chr4R-7	chr4R	170	47605	58594	beginning
6991_day0_with_selection	6991	chr12R	SRR33298395.1754966	2	7	E-chr12R-2	E-chr4R-3	chr4R	258	47593	58567	beginning
6991_day0_with_selection	6991	chr12R	SRR33298395.1754966	3	7	E-chr12R-3	E-chr4R-7	chr4R	258	47593	58567	beginning
6991_day0_with_selection	6991	chr12R	SRR33298395.1754966	4	7	E-chr12R-4	E-chr4R-3	chr4R	258	47593	58567	beginning
6991_day0_with_selection	6991	chr12R	SRR33298395.1754966	5	7	E-chr12R-5	E-chr4R-7	chr4R	258	47593	58567	beginning
6991_day0_with_selection	6991	chr12R	SRR33298395.1754966	6	7	E-chr12R-6	E-chr4R-3	chr4R	258	47593	58567	beginning
6991_day0_with_selection	6991	chr12R	SRR33298395.1754966	7	7	E-chr12R-7	E-chr4R-3	chr4R	258	47593	58567	beginning
6991_day0_with_selection	6991	chr12R	SRR33298395.1085978	2	7	E-chr12R-2	E-chr4R-7	chr4R	211	47602	58600	beginning
6991_day0_with_selection	6991	chr12R	SRR33298395.1085978	3	7	E-chr12R-3	E-chr4R-3	chr4R	211	47602	58600	beginning
6991_day0_with_selection	6991	chr12R	SRR33298395.1085978	4	7	E-chr12R-4	E-chr4R-7	chr4R	211	47602	58600	beginning
6991_day0_with_selection	6991	chr12R	SRR33298395.1085978	5	7	E-chr12R-5	E-chr4R-7	chr4R	211	47602	58600	beginning
6991_day0_with_selection	6991	chr12R	SRR33298395.1085978	6	7	E-chr12R-6	E-chr4R-3	chr4R	211	47602	58600	beginning
6991_day0_with_selection	6991	chr12R	SRR33298395.1085978	7	7	E-chr12R-7	E-chr4R-3	chr4R	211	47602	58600	beginning
6991_day0_with_selection	6991	chr12R	SRR33298395.863578	2	7	E-chr12R-2	E-chr4R-3	chr4R	206	47578	58604	beginning
6991_day0_with_selection	6991	chr12R	SRR33298395.863578	3	7	E-chr12R-3	E-chr4R-7	chr4R	206	47578	58604	beginning
6991_day0_with_selection	6991	chr12R	SRR33298395.863578	4	7	E-chr12R-4	E-chr4R-7	chr4R	206	47578	58604	beginning
6991_day0_with_selection	6991	chr12R	SRR33298395.863578	5	7	E-chr12R-5	E-chr4R-7	chr4R	206	47578	58604	beginning
6991_day0_with_selection	6991	chr12R	SRR33298395.863578	6	7	E-chr12R-6	E-chr4R-7	chr4R	206	47578	58604	beginning
6991_day0_with_selection	6991	chr12R	SRR33298395.863578	7	7	E-chr12R-7	E-chr4R-7	chr4R	206	47578	58604	beginning
6991_day0_with_selection	6991	chr12R	SRR33298395.775012	2	7	E-chr12R-2	E-chr4R-7	chr4R	180	47587	58573	beginning
6991_day0_with_selection	6991	chr12R	SRR33298395.775012	3	7	E-chr12R-3	E-chr4R-7	chr4R	180	47587	58573	beginning
6991_day0_with_selection	6991	chr12R	SRR33298395.775012	4	7	E-chr12R-4	E-chr4R-7	chr4R	180	47587	58573	beginning
6991_day0_with_selection	6991	chr12R	SRR33298395.775012	5	7	E-chr12R-5	E-chr4R-7	chr4R	180	47587	58573	beginning
6991_day0_with_selection	6991	chr12R	SRR33298395.775012	6	7	E-chr12R-6	E-chr4R-3	chr4R	180	47587	58573	beginning
6991_day0_with_selection	6991	chr12R	SRR33298395.775012	7	7	E-chr12R-7	E-chr4R-3	chr4R	180	47587	58573	beginning
6991_day0_with_selection	6991	chr12R	SRR33298395.394098	2	7	E-chr12R-2	E-chr4R-3	chr4R	11007	58374	58592	end
6991_day0_with_selection	6991	chr12R	SRR33298395.394098	3	7	E-chr12R-3	E-chr4R-3	chr4R	11007	58374	58592	end
6991_day0_with_selection	6991	chr12R	SRR33298395.394098	4	7	E-chr12R-4	E-chr14L-2	chr14L	11007	58374	58592	end
6991_day0_with_selection	6991	chr12R	SRR33298395.394098	5	7	E-chr12R-5	E-chr14L-2	chr14L	11007	58374	58592	end
6991_day0_with_selection	6991	chr12R	SRR33298395.394098	6	7	E-chr12R-6	E-chr4R-3	chr4R	11007	58374	58592	end
6991_day0_with_selection	6991	chr12R	SRR33298395.394098	7	7	E-chr12R-7	E-chr4R-3	chr4R	11007	58374	58592	end
6991_day0_with_selection	6991	chr12R	SRR33298395.92309	2	7	E-chr12R-2	E-chr4R-7	chr4R	175	47586	58592	beginning
6991_day0_with_selection	6991	chr12R	SRR33298395.92309	3	7	E-chr12R-3	E-chr4R-7	chr4R	175	47586	58592	beginning
6991_day0_with_selection	6991	chr12R	SRR33298395.92309	4	7	E-chr12R-4	E-chr14L-2	chr14L	175	47586	58592	beginning
6991_day0_with_selection	6991	chr12R	SRR33298395.92309	5	7	E-chr12R-5	E-chr4R-7	chr4R	175	47586	58592	beginning
6991_day0_with_selection	6991	chr12R	SRR33298395.92309	6	7	E-chr12R-6	E-chr4R-3	chr4R	175	47586	58592	beginning
6991_day0_with_selection	6991	chr12R	SRR33298395.92309	7	7	E-chr12R-7	E-chr4R-7	chr4R	175	47586	58592	beginning
6991_day0_with_selection	6991	chr12R	SRR33298395.348362	2	7	E-chr12R-2	E-chr4R-7	chr4R	185	47578	58595	beginning
6991_day0_with_selection	6991	chr12R	SRR33298395.348362	3	7	E-chr12R-3	E-chr4R-7	chr4R	185	47578	58595	beginning
6991_day0_with_selection	6991	chr12R	SRR33298395.348362	4	7	E-chr12R-4	E-chr4R-3	chr4R	185	47578	58595	beginning
6991_day0_with_selection	6991	chr12R	SRR33298395.348362	5	7	E-chr12R-5	E-chr4R-7	chr4R	185	47578	58595	beginning
6991_day0_with_selection	6991	chr12R	SRR33298395.348362	6	7	E-chr12R-6	E-chr4R-7	chr4R	185	47578	58595	beginning
6991_day0_with_selection	6991	chr12R	SRR33298395.348362	7	7	E-chr12R-7	E-chr14L-2	chr14L	185	47578	58595	beginning
6991_day0_with_selection	6991	chr12R	SRR33298395.958732	2	7	E-chr12R-2	E-chr4R-7	chr4R	216	47595	56145	beginning
6991_day0_with_selection	6991	chr12R	SRR33298395.958732	3	7	E-chr12R-3	E-chr4R-3	chr4R	216	47595	56145	beginning
6991_day0_with_selection	6991	chr12R	SRR33298395.958732	4	7	E-chr12R-4	E-chr4R-7	chr4R	216	47595	56145	beginning
6991_day0_with_selection	6991	chr12R	SRR33298395.958732	5	7	E-chr12R-5	E-chr4R-7	chr4R	216	47595	56145	beginning
6991_day0_with_selection	6991	chr12R	SRR33298395.958732	6	7	E-chr12R-6	E-chr4R-7	chr4R	216	47595	56145	beginning
6991_day0_with_selection	6991	chr12R	SRR33298395.958732	7	7	E-chr12R-7	E-chr4R-7	chr4R	216	47595	56145	beginning
6991_day0_with_selection	6991	chr12R	SRR33298395.933020	2	7	E-chr12R-2	E-chr4R-3	chr4R	195	47585	58590	beginning
6991_day0_with_selection	6991	chr12R	SRR33298395.933020	3	7	E-chr12R-3	E-chr4R-7	chr4R	195	47585	58590	beginning
6991_day0_with_selection	6991	chr12R	SRR33298395.933020	4	7	E-chr12R-4	E-chr4R-7	chr4R	195	47585	58590	beginning
6991_day0_with_selection	6991	chr12R	SRR33298395.933020	5	7	E-chr12R-5	E-chr4R-7	chr4R	195	47585	58590	beginning
6991_day0_with_selection	6991	chr12R	SRR33298395.933020	6	7	E-chr12R-6	E-chr14L-2	chr14L	195	47585	58590	beginning
6991_day0_with_selection	6991	chr12R	SRR33298395.933020	7	7	E-chr12R-7	E-chr4R-3	chr4R	195	47585	58590	beginning
6991_day0_with_selection	6991	chr12R	SRR33298395.348599	2	7	E-chr12R-2	E-chr4R-3	chr4R	11027	58416	58590	end
6991_day0_with_selection	6991	chr12R	SRR33298395.348599	3	7	E-chr12R-3	E-chr4R-3	chr4R	11027	58416	58590	end
6991_day0_with_selection	6991	chr12R	SRR33298395.348599	4	7	E-chr12R-4	E-chr4R-3	chr4R	11027	58416	58590	end
6991_day0_with_selection	6991	chr12R	SRR33298395.348599	5	7	E-chr12R-5	E-chr14L-2	chr14L	11027	58416	58590	end
6991_day0_with_selection	6991	chr12R	SRR33298395.348599	6	7	E-chr12R-6	E-chr4R-3	chr4R	11027	58416	58590	end
6991_day0_with_selection	6991	chr12R	SRR33298395.348599	7	7	E-chr12R-7	E-chr14L-2	chr14L	11027	58416	58590	end
6991_day0_with_selection	6991	chr12R	SRR33298395.796028	2	7	E-chr12R-2	E-chr4R-3	chr4R	224	47590	58580	beginning
6991_day0_with_selection	6991	chr12R	SRR33298395.796028	3	7	E-chr12R-3	E-chr4R-7	chr4R	224	47590	58580	beginning
6991_day0_with_selection	6991	chr12R	SRR33298395.796028	4	7	E-chr12R-4	E-chr4R-7	chr4R	224	47590	58580	beginning
6991_day0_with_selection	6991	chr12R	SRR33298395.796028	5	7	E-chr12R-5	E-chr4R-3	chr4R	224	47590	58580	beginning
6991_day0_with_selection	6991	chr12R	SRR33298395.796028	6	7	E-chr12R-6	E-chr4R-7	chr4R	224	47590	58580	beginning
6991_day0_with_selection	6991	chr12R	SRR33298395.796028	7	7	E-chr12R-7	E-chr4R-7	chr4R	224	47590	58580	beginning
6991_day0_with_selection	6991	chr12R	SRR33298395.644923	2	7	E-chr12R-2	E-chr4R-3	chr4R	242	47578	58599	beginning
6991_day0_with_selection	6991	chr12R	SRR33298395.644923	3	7	E-chr12R-3	E-chr4R-3	chr4R	242	47578	58599	beginning
6991_day0_with_selection	6991	chr12R	SRR33298395.644923	4	7	E-chr12R-4	E-chr4R-3	chr4R	242	47578	58599	beginning
6991_day0_with_selection	6991	chr12R	SRR33298395.644923	5	7	E-chr12R-5	E-chr4R-7	chr4R	242	47578	58599	beginning
6991_day0_with_selection	6991	chr12R	SRR33298395.644923	6	7	E-chr12R-6	E-chr4R-3	chr4R	242	47578	58599	beginning
6991_day0_with_selection	6991	chr12R	SRR33298395.644923	7	7	E-chr12R-7	E-chr4R-7	chr4R	242	47578	58599	beginning
6991_day0_with_selection	6991	chr12R	SRR33298395.163905	2	7	E-chr12R-2	E-chr14L-2	chr14L	11026	58420	58580	end
6991_day0_with_selection	6991	chr12R	SRR33298395.163905	3	7	E-chr12R-3	E-chr14L-2	chr14L	11026	58420	58580	end
6991_day0_with_selection	6991	chr12R	SRR33298395.163905	4	7	E-chr12R-4	E-chr14L-2	chr14L	11026	58420	58580	end
6991_day0_with_selection	6991	chr12R	SRR33298395.163905	5	7	E-chr12R-5	E-chr14L-2	chr14L	11026	58420	58580	end
6991_day0_with_selection	6991	chr12R	SRR33298395.163905	6	7	E-chr12R-6	E-chr14L-2	chr14L	11026	58420	58580	end
6991_day0_with_selection	6991	chr12R	SRR33298395.163905	7	7	E-chr12R-7	E-chr4R-3	chr4R	11026	58420	58580	end
6991_day0_with_selection	6991	chr12R	SRR33298395.945616	2	7	E-chr12R-2	E-chr4R-7	chr4R	201	47580	58579	beginning
6991_day0_with_selection	6991	chr12R	SRR33298395.945616	3	7	E-chr12R-3	E-chr4R-7	chr4R	201	47580	58579	beginning
6991_day0_with_selection	6991	chr12R	SRR33298395.945616	4	7	E-chr12R-4	E-chr4R-7	chr4R	201	47580	58579	beginning
6991_day0_with_selection	6991	chr12R	SRR33298395.945616	5	7	E-chr12R-5	E-chr4R-3	chr4R	201	47580	58579	beginning
6991_day0_with_selection	6991	chr12R	SRR33298395.945616	6	7	E-chr12R-6	E-chr4R-3	chr4R	201	47580	58579	beginning
6991_day0_with_selection	6991	chr12R	SRR33298395.945616	7	7	E-chr12R-7	E-chr4R-3	chr4R	201	47580	58579	beginning
6991_day0_with_selection	6991	chr12R	SRR33298395.1667183	2	7	E-chr12R-2	E-chr4R-7	chr4R	192	47578	58585	beginning
6991_day0_with_selection	6991	chr12R	SRR33298395.1667183	3	7	E-chr12R-3	E-chr4R-3	chr4R	192	47578	58585	beginning
6991_day0_with_selection	6991	chr12R	SRR33298395.1667183	4	7	E-chr12R-4	E-chr4R-7	chr4R	192	47578	58585	beginning
6991_day0_with_selection	6991	chr12R	SRR33298395.1667183	5	7	E-chr12R-5	E-chr4R-3	chr4R	192	47578	58585	beginning
6991_day0_with_selection	6991	chr12R	SRR33298395.1667183	6	7	E-chr12R-6	E-chr4R-3	chr4R	192	47578	58585	beginning
6991_day0_with_selection	6991	chr12R	SRR33298395.1667183	7	7	E-chr12R-7	E-chr4R-3	chr4R	192	47578	58585	beginning
6991_day0_with_selection	6991	chr12R	SRR33298395.172749	2	7	E-chr12R-2	E-chr4R-3	chr4R	157	47556	58588	beginning
6991_day0_with_selection	6991	chr12R	SRR33298395.172749	3	7	E-chr12R-3	E-chr4R-7	chr4R	157	47556	58588	beginning
6991_day0_with_selection	6991	chr12R	SRR33298395.172749	4	7	E-chr12R-4	E-chr4R-3	chr4R	157	47556	58588	beginning
6991_day0_with_selection	6991	chr12R	SRR33298395.172749	5	7	E-chr12R-5	E-chr4R-3	chr4R	157	47556	58588	beginning
6991_day0_with_selection	6991	chr12R	SRR33298395.172749	6	7	E-chr12R-6	E-chr4R-3	chr4R	157	47556	58588	beginning
6991_day0_with_selection	6991	chr12R	SRR33298395.172749	7	7	E-chr12R-7	E-chr4R-7	chr4R	157	47556	58588	beginning
6991_day0_with_selection	6991	chr12R	SRR33298395.147073	2	7	E-chr12R-2	E-chr4R-3	chr4R	209	47583	58579	beginning
6991_day0_with_selection	6991	chr12R	SRR33298395.147073	3	7	E-chr12R-3	E-chr4R-3	chr4R	209	47583	58579	beginning
6991_day0_with_selection	6991	chr12R	SRR33298395.147073	4	7	E-chr12R-4	E-chr4R-7	chr4R	209	47583	58579	beginning
6991_day0_with_selection	6991	chr12R	SRR33298395.147073	5	7	E-chr12R-5	E-chr4R-3	chr4R	209	47583	58579	beginning
6991_day0_with_selection	6991	chr12R	SRR33298395.147073	6	7	E-chr12R-6	E-chr4R-3	chr4R	209	47583	58579	beginning
6991_day0_with_selection	6991	chr12R	SRR33298395.147073	7	7	E-chr12R-7	E-chr4R-3	chr4R	209	47583	58579	beginning
6991_day0_with_selection	6991	chr12R	SRR33298395.1209930	2	7	E-chr12R-2	E-chr4R-3	chr4R	202	47594	58572	beginning
6991_day0_with_selection	6991	chr12R	SRR33298395.1209930	3	7	E-chr12R-3	E-chr4R-3	chr4R	202	47594	58572	beginning
6991_day0_with_selection	6991	chr12R	SRR33298395.1209930	4	7	E-chr12R-4	E-chr4R-3	chr4R	202	47594	58572	beginning
6991_day0_with_selection	6991	chr12R	SRR33298395.1209930	5	7	E-chr12R-5	E-chr4R-3	chr4R	202	47594	58572	beginning
6991_day0_with_selection	6991	chr12R	SRR33298395.1209930	6	7	E-chr12R-6	E-chr4R-3	chr4R	202	47594	58572	beginning
6991_day0_with_selection	6991	chr12R	SRR33298395.1209930	7	7	E-chr12R-7	E-chr4R-3	chr4R	202	47594	58572	beginning
6991_day0_with_selection	6991	chr12R	SRR33298395.1796447	2	7	E-chr12R-2	E-chr4R-7	chr4R	191	47572	58567	beginning
6991_day0_with_selection	6991	chr12R	SRR33298395.1796447	3	7	E-chr12R-3	E-chr4R-3	chr4R	191	47572	58567	beginning
6991_day0_with_selection	6991	chr12R	SRR33298395.1796447	4	7	E-chr12R-4	E-chr4R-7	chr4R	191	47572	58567	beginning
6991_day0_with_selection	6991	chr12R	SRR33298395.1796447	5	7	E-chr12R-5	E-chr4R-3	chr4R	191	47572	58567	beginning
6991_day0_with_selection	6991	chr12R	SRR33298395.1796447	6	7	E-chr12R-6	E-chr4R-7	chr4R	191	47572	58567	beginning
6991_day0_with_selection	6991	chr12R	SRR33298395.1796447	7	7	E-chr12R-7	E-chr4R-7	chr4R	191	47572	58567	beginning
6991_day0_with_selection	6991	chr12R	SRR33298395.1041287	2	7	E-chr12R-2	E-chr4R-3	chr4R	10813	58165	58377	end
6991_day0_with_selection	6991	chr12R	SRR33298395.1041287	3	7	E-chr12R-3	E-chr4R-3	chr4R	10813	58165	58377	end
6991_day0_with_selection	6991	chr12R	SRR33298395.1041287	4	7	E-chr12R-4	E-chr14L-2	chr14L	10813	58165	58377	end
6991_day0_with_selection	6991	chr12R	SRR33298395.1041287	5	7	E-chr12R-5	E-chr14L-2	chr14L	10813	58165	58377	end
6991_day0_with_selection	6991	chr12R	SRR33298395.1041287	6	7	E-chr12R-6	E-chr14L-2	chr14L	10813	58165	58377	end
6991_day0_with_selection	6991	chr12R	SRR33298395.1041287	7	7	E-chr12R-7	E-chr14L-2	chr14L	10813	58165	58377	end
6991_day0_with_selection	6991	chr12R	SRR33298395.474708	2	7	E-chr12R-2	E-chr14L-2	chr14L	199	47565	58566	beginning
6991_day0_with_selection	6991	chr12R	SRR33298395.474708	3	7	E-chr12R-3	E-chr4R-7	chr4R	199	47565	58566	beginning
6991_day0_with_selection	6991	chr12R	SRR33298395.474708	4	7	E-chr12R-4	E-chr4R-7	chr4R	199	47565	58566	beginning
6991_day0_with_selection	6991	chr12R	SRR33298395.474708	5	7	E-chr12R-5	E-chr4R-7	chr4R	199	47565	58566	beginning
6991_day0_with_selection	6991	chr12R	SRR33298395.474708	6	7	E-chr12R-6	E-chr4R-3	chr4R	199	47565	58566	beginning
6991_day0_with_selection	6991	chr12R	SRR33298395.474708	7	7	E-chr12R-7	E-chr4R-3	chr4R	199	47565	58566	beginning
6991_day0_with_selection	6991	chr12R	SRR33298395.336097	2	7	E-chr12R-2	E-chr14L-2	chr14L	11017	58411	58585	end
6991_day0_with_selection	6991	chr12R	SRR33298395.336097	3	7	E-chr12R-3	E-chr14L-2	chr14L	11017	58411	58585	end
6991_day0_with_selection	6991	chr12R	SRR33298395.336097	4	7	E-chr12R-4	E-chr14L-2	chr14L	11017	58411	58585	end
6991_day0_with_selection	6991	chr12R	SRR33298395.336097	5	7	E-chr12R-5	E-chr14L-2	chr14L	11017	58411	58585	end
6991_day0_with_selection	6991	chr12R	SRR33298395.336097	6	7	E-chr12R-6	E-chr4R-3	chr4R	11017	58411	58585	end
6991_day0_with_selection	6991	chr12R	SRR33298395.336097	7	7	E-chr12R-7	E-chr4R-3	chr4R	11017	58411	58585	end
6991_day0_with_selection	6991	chr12R	SRR33298395.935230	2	7	E-chr12R-2	E-chr14L-2	chr14L	10982	58362	58548	end
6991_day0_with_selection	6991	chr12R	SRR33298395.935230	3	7	E-chr12R-3	E-chr4R-3	chr4R	10982	58362	58548	end
6991_day0_with_selection	6991	chr12R	SRR33298395.935230	4	7	E-chr12R-4	E-chr14L-2	chr14L	10982	58362	58548	end
6991_day0_with_selection	6991	chr12R	SRR33298395.935230	5	7	E-chr12R-5	E-chr14L-2	chr14L	10982	58362	58548	end
6991_day0_with_selection	6991	chr12R	SRR33298395.935230	6	7	E-chr12R-6	E-chr14L-2	chr14L	10982	58362	58548	end
6991_day0_with_selection	6991	chr12R	SRR33298395.935230	7	7	E-chr12R-7	E-chr14L-2	chr14L	10982	58362	58548	end
6991_day0_with_selection	6991	chr12R	SRR33298395.1740802	2	7	E-chr12R-2	E-chr14L-2	chr14L	165	47560	58557	beginning
6991_day0_with_selection	6991	chr12R	SRR33298395.1740802	3	7	E-chr12R-3	E-chr4R-7	chr4R	165	47560	58557	beginning
6991_day0_with_selection	6991	chr12R	SRR33298395.1740802	4	7	E-chr12R-4	E-chr4R-7	chr4R	165	47560	58557	beginning
6991_day0_with_selection	6991	chr12R	SRR33298395.1740802	5	7	E-chr12R-5	E-chr4R-7	chr4R	165	47560	58557	beginning
6991_day0_with_selection	6991	chr12R	SRR33298395.1740802	6	7	E-chr12R-6	E-chr4R-7	chr4R	165	47560	58557	beginning
6991_day0_with_selection	6991	chr12R	SRR33298395.1740802	7	7	E-chr12R-7	E-chr4R-3	chr4R	165	47560	58557	beginning
6991_day0_with_selection	6991	chr12R	SRR33298395.1764185	2	7	E-chr12R-2	E-chr4R-7	chr4R	133	47556	58573	beginning
6991_day0_with_selection	6991	chr12R	SRR33298395.1764185	3	7	E-chr12R-3	E-chr4R-7	chr4R	133	47556	58573	beginning
6991_day0_with_selection	6991	chr12R	SRR33298395.1764185	4	7	E-chr12R-4	E-chr4R-7	chr4R	133	47556	58573	beginning
6991_day0_with_selection	6991	chr12R	SRR33298395.1764185	5	7	E-chr12R-5	E-chr4R-3	chr4R	133	47556	58573	beginning
6991_day0_with_selection	6991	chr12R	SRR33298395.1764185	6	7	E-chr12R-6	E-chr4R-3	chr4R	133	47556	58573	beginning
6991_day0_with_selection	6991	chr12R	SRR33298395.1764185	7	7	E-chr12R-7	E-chr4R-3	chr4R	133	47556	58573	beginning
6991_day0_with_selection	6991	chr12R	SRR33298395.1712280	2	7	E-chr12R-2	E-chr4R-3	chr4R	140	47544	58575	beginning
6991_day0_with_selection	6991	chr12R	SRR33298395.1712280	3	7	E-chr12R-3	E-chr4R-7	chr4R	140	47544	58575	beginning
6991_day0_with_selection	6991	chr12R	SRR33298395.1712280	4	7	E-chr12R-4	E-chr4R-7	chr4R	140	47544	58575	beginning
6991_day0_with_selection	6991	chr12R	SRR33298395.1712280	5	7	E-chr12R-5	E-chr4R-3	chr4R	140	47544	58575	beginning
6991_day0_with_selection	6991	chr12R	SRR33298395.1712280	6	7	E-chr12R-6	E-chr4R-7	chr4R	140	47544	58575	beginning
6991_day0_with_selection	6991	chr12R	SRR33298395.1712280	7	7	E-chr12R-7	E-chr4R-3	chr4R	140	47544	58575	beginning
6991_day0_with_selection	6991	chr12R	SRR33298395.729608	2	7	E-chr12R-2	E-chr4R-3	chr4R	192	47556	58564	beginning
6991_day0_with_selection	6991	chr12R	SRR33298395.729608	3	7	E-chr12R-3	E-chr4R-3	chr4R	192	47556	58564	beginning
6991_day0_with_selection	6991	chr12R	SRR33298395.729608	4	7	E-chr12R-4	E-chr4R-7	chr4R	192	47556	58564	beginning
6991_day0_with_selection	6991	chr12R	SRR33298395.729608	5	7	E-chr12R-5	E-chr4R-7	chr4R	192	47556	58564	beginning
6991_day0_with_selection	6991	chr12R	SRR33298395.729608	6	7	E-chr12R-6	E-chr4R-7	chr4R	192	47556	58564	beginning
6991_day0_with_selection	6991	chr12R	SRR33298395.729608	7	7	E-chr12R-7	E-chr4R-3	chr4R	192	47556	58564	beginning
6991_day0_with_selection	6991	chr12R	SRR33298395.1246597	2	7	E-chr12R-2	E-chr4R-7	chr4R	187	47556	58560	beginning
6991_day0_with_selection	6991	chr12R	SRR33298395.1246597	3	7	E-chr12R-3	E-chr4R-7	chr4R	187	47556	58560	beginning
6991_day0_with_selection	6991	chr12R	SRR33298395.1246597	4	7	E-chr12R-4	E-chr4R-3	chr4R	187	47556	58560	beginning
6991_day0_with_selection	6991	chr12R	SRR33298395.1246597	5	7	E-chr12R-5	E-chr4R-3	chr4R	187	47556	58560	beginning
6991_day0_with_selection	6991	chr12R	SRR33298395.1246597	6	7	E-chr12R-6	E-chr4R-7	chr4R	187	47556	58560	beginning
6991_day0_with_selection	6991	chr12R	SRR33298395.1246597	7	7	E-chr12R-7	E-chr4R-3	chr4R	187	47556	58560	beginning
6991_day0_with_selection	6991	chr12R	SRR33298395.363366	2	7	E-chr12R-2	E-chr4R-3	chr4R	181	47560	58573	beginning
6991_day0_with_selection	6991	chr12R	SRR33298395.363366	3	7	E-chr12R-3	E-chr4R-7	chr4R	181	47560	58573	beginning
6991_day0_with_selection	6991	chr12R	SRR33298395.363366	4	7	E-chr12R-4	E-chr4R-3	chr4R	181	47560	58573	beginning
6991_day0_with_selection	6991	chr12R	SRR33298395.363366	5	7	E-chr12R-5	E-chr4R-3	chr4R	181	47560	58573	beginning
6991_day0_with_selection	6991	chr12R	SRR33298395.363366	6	7	E-chr12R-6	E-chr4R-3	chr4R	181	47560	58573	beginning
6991_day0_with_selection	6991	chr12R	SRR33298395.363366	7	7	E-chr12R-7	E-chr4R-3	chr4R	181	47560	58573	beginning
6991_day0_with_selection	6991	chr12R	SRR33298395.1831465	2	7	E-chr12R-2	E-chr4R-3	chr4R	149	47559	58548	beginning
6991_day0_with_selection	6991	chr12R	SRR33298395.1831465	3	7	E-chr12R-3	E-chr4R-7	chr4R	149	47559	58548	beginning
6991_day0_with_selection	6991	chr12R	SRR33298395.1831465	4	7	E-chr12R-4	E-chr4R-3	chr4R	149	47559	58548	beginning
6991_day0_with_selection	6991	chr12R	SRR33298395.1831465	5	7	E-chr12R-5	E-chr4R-7	chr4R	149	47559	58548	beginning
6991_day0_with_selection	6991	chr12R	SRR33298395.1831465	6	7	E-chr12R-6	E-chr4R-3	chr4R	149	47559	58548	beginning
6991_day0_with_selection	6991	chr12R	SRR33298395.1831465	7	7	E-chr12R-7	E-chr4R-3	chr4R	149	47559	58548	beginning
6991_day0_with_selection	6991	chr12R	SRR33298395.853703	2	7	E-chr12R-2	E-chr4R-7	chr4R	183	47581	58562	beginning
6991_day0_with_selection	6991	chr12R	SRR33298395.853703	3	7	E-chr12R-3	E-chr4R-7	chr4R	183	47581	58562	beginning
6991_day0_with_selection	6991	chr12R	SRR33298395.853703	4	7	E-chr12R-4	E-chr4R-3	chr4R	183	47581	58562	beginning
6991_day0_with_selection	6991	chr12R	SRR33298395.853703	5	7	E-chr12R-5	E-chr4R-7	chr4R	183	47581	58562	beginning
6991_day0_with_selection	6991	chr12R	SRR33298395.853703	6	7	E-chr12R-6	E-chr4R-7	chr4R	183	47581	58562	beginning
6991_day0_with_selection	6991	chr12R	SRR33298395.853703	7	7	E-chr12R-7	E-chr4R-3	chr4R	183	47581	58562	beginning
6991_day0_with_selection	6991	chr12R	SRR33298395.226007	2	7	E-chr12R-2	E-chr4R-3	chr4R	11012	58345	58566	end
6991_day0_with_selection	6991	chr12R	SRR33298395.226007	3	7	E-chr12R-3	E-chr14L-2	chr14L	11012	58345	58566	end
6991_day0_with_selection	6991	chr12R	SRR33298395.226007	4	7	E-chr12R-4	E-chr14L-2	chr14L	11012	58345	58566	end
6991_day0_with_selection	6991	chr12R	SRR33298395.226007	5	7	E-chr12R-5	E-chr14L-2	chr14L	11012	58345	58566	end
6991_day0_with_selection	6991	chr12R	SRR33298395.226007	6	7	E-chr12R-6	E-chr14L-2	chr14L	11012	58345	58566	end
6991_day0_with_selection	6991	chr12R	SRR33298395.226007	7	7	E-chr12R-7	E-chr4R-3	chr4R	11012	58345	58566	end
6991_day0_with_selection	6991	chr12R	SRR33298395.266524	2	7	E-chr12R-2	E-chr4R-7	chr4R	206	47555	58555	beginning
6991_day0_with_selection	6991	chr12R	SRR33298395.266524	3	7	E-chr12R-3	E-chr4R-7	chr4R	206	47555	58555	beginning
6991_day0_with_selection	6991	chr12R	SRR33298395.266524	4	7	E-chr12R-4	E-chr4R-7	chr4R	206	47555	58555	beginning
6991_day0_with_selection	6991	chr12R	SRR33298395.266524	5	7	E-chr12R-5	E-chr4R-3	chr4R	206	47555	58555	beginning
6991_day0_with_selection	6991	chr12R	SRR33298395.266524	6	7	E-chr12R-6	E-chr4R-3	chr4R	206	47555	58555	beginning
6991_day0_with_selection	6991	chr12R	SRR33298395.266524	7	7	E-chr12R-7	E-chr4R-3	chr4R	206	47555	58555	beginning
6991_day0_with_selection	6991	chr12R	SRR33298395.1474792	2	7	E-chr12R-2	E-chr4R-3	chr4R	165	47554	58561	beginning
6991_day0_with_selection	6991	chr12R	SRR33298395.1474792	3	7	E-chr12R-3	E-chr4R-3	chr4R	165	47554	58561	beginning
6991_day0_with_selection	6991	chr12R	SRR33298395.1474792	4	7	E-chr12R-4	E-chr4R-3	chr4R	165	47554	58561	beginning
6991_day0_with_selection	6991	chr12R	SRR33298395.1474792	5	7	E-chr12R-5	E-chr4R-3	chr4R	165	47554	58561	beginning
6991_day0_with_selection	6991	chr12R	SRR33298395.1474792	6	7	E-chr12R-6	E-chr4R-7	chr4R	165	47554	58561	beginning
6991_day0_with_selection	6991	chr12R	SRR33298395.1474792	7	7	E-chr12R-7	E-chr4R-3	chr4R	165	47554	58561	beginning
6991_day0_with_selection	6991	chr12R	SRR33298395.374999	2	7	E-chr12R-2	E-chr4R-3	chr4R	154	47550	58553	beginning
6991_day0_with_selection	6991	chr12R	SRR33298395.374999	3	7	E-chr12R-3	E-chr4R-7	chr4R	154	47550	58553	beginning
6991_day0_with_selection	6991	chr12R	SRR33298395.374999	4	7	E-chr12R-4	E-chr4R-7	chr4R	154	47550	58553	beginning
6991_day0_with_selection	6991	chr12R	SRR33298395.374999	5	7	E-chr12R-5	E-chr4R-7	chr4R	154	47550	58553	beginning
6991_day0_with_selection	6991	chr12R	SRR33298395.374999	6	7	E-chr12R-6	E-chr4R-3	chr4R	154	47550	58553	beginning
6991_day0_with_selection	6991	chr12R	SRR33298395.374999	7	7	E-chr12R-7	E-chr4R-7	chr4R	154	47550	58553	beginning
6991_day0_with_selection	6991	chr12R	SRR33298395.1290509	2	7	E-chr12R-2	E-chr4R-3	chr4R	166	47561	58550	beginning
6991_day0_with_selection	6991	chr12R	SRR33298395.1290509	3	7	E-chr12R-3	E-chr4R-3	chr4R	166	47561	58550	beginning
6991_day0_with_selection	6991	chr12R	SRR33298395.1290509	4	7	E-chr12R-4	E-chr4R-7	chr4R	166	47561	58550	beginning
6991_day0_with_selection	6991	chr12R	SRR33298395.1290509	5	7	E-chr12R-5	E-chr4R-7	chr4R	166	47561	58550	beginning
6991_day0_with_selection	6991	chr12R	SRR33298395.1290509	6	7	E-chr12R-6	E-chr4R-3	chr4R	166	47561	58550	beginning
6991_day0_with_selection	6991	chr12R	SRR33298395.1290509	7	7	E-chr12R-7	E-chr4R-7	chr4R	166	47561	58550	beginning
6991_day0_with_selection	6991	chr12R	SRR33298395.646195	2	7	E-chr12R-2	E-chr4R-7	chr4R	192	47529	58573	beginning
6991_day0_with_selection	6991	chr12R	SRR33298395.646195	3	7	E-chr12R-3	E-chr4R-7	chr4R	192	47529	58573	beginning
6991_day0_with_selection	6991	chr12R	SRR33298395.646195	4	7	E-chr12R-4	E-chr4R-3	chr4R	192	47529	58573	beginning
6991_day0_with_selection	6991	chr12R	SRR33298395.646195	5	7	E-chr12R-5	E-chr4R-7	chr4R	192	47529	58573	beginning
6991_day0_with_selection	6991	chr12R	SRR33298395.646195	6	7	E-chr12R-6	E-chr4R-3	chr4R	192	47529	58573	beginning
6991_day0_with_selection	6991	chr12R	SRR33298395.646195	7	7	E-chr12R-7	E-chr4R-5	chr4R	192	47529	58573	beginning
6991_day0_with_selection	6991	chr12R	SRR33298395.498141	2	7	E-chr12R-2	E-chr4R-3	chr4R	11023	58390	58568	end
6991_day0_with_selection	6991	chr12R	SRR33298395.498141	3	7	E-chr12R-3	E-chr14L-2	chr14L	11023	58390	58568	end
6991_day0_with_selection	6991	chr12R	SRR33298395.498141	4	7	E-chr12R-4	E-chr14L-2	chr14L	11023	58390	58568	end
6991_day0_with_selection	6991	chr12R	SRR33298395.498141	5	7	E-chr12R-5	E-chr4R-3	chr4R	11023	58390	58568	end
6991_day0_with_selection	6991	chr12R	SRR33298395.498141	6	7	E-chr12R-6	E-chr14L-2	chr14L	11023	58390	58568	end
6991_day0_with_selection	6991	chr12R	SRR33298395.498141	7	7	E-chr12R-7	E-chr14L-2	chr14L	11023	58390	58568	end
6991_day0_with_selection	6991	chr12R	SRR33298395.439574	2	7	E-chr12R-2	E-chr4R-3	chr4R	169	47560	58558	beginning
6991_day0_with_selection	6991	chr12R	SRR33298395.439574	3	7	E-chr12R-3	E-chr4R-3	chr4R	169	47560	58558	beginning
6991_day0_with_selection	6991	chr12R	SRR33298395.439574	4	7	E-chr12R-4	E-chr4R-7	chr4R	169	47560	58558	beginning
6991_day0_with_selection	6991	chr12R	SRR33298395.439574	5	7	E-chr12R-5	E-chr4R-3	chr4R	169	47560	58558	beginning
6991_day0_with_selection	6991	chr12R	SRR33298395.439574	6	7	E-chr12R-6	E-chr4R-7	chr4R	169	47560	58558	beginning
6991_day0_with_selection	6991	chr12R	SRR33298395.439574	7	7	E-chr12R-7	E-chr4R-7	chr4R	169	47560	58558	beginning
6991_day0_with_selection	6991	chr12R	SRR33298395.1698930	2	7	E-chr12R-2	E-chr4R-3	chr4R	193	47558	58563	beginning
6991_day0_with_selection	6991	chr12R	SRR33298395.1698930	3	7	E-chr12R-3	E-chr4R-3	chr4R	193	47558	58563	beginning
6991_day0_with_selection	6991	chr12R	SRR33298395.1698930	4	7	E-chr12R-4	E-chr4R-7	chr4R	193	47558	58563	beginning
6991_day0_with_selection	6991	chr12R	SRR33298395.1698930	5	7	E-chr12R-5	E-chr4R-7	chr4R	193	47558	58563	beginning
6991_day0_with_selection	6991	chr12R	SRR33298395.1698930	6	7	E-chr12R-6	E-chr4R-3	chr4R	193	47558	58563	beginning
6991_day0_with_selection	6991	chr12R	SRR33298395.1698930	7	7	E-chr12R-7	E-chr4R-7	chr4R	193	47558	58563	beginning
6991_day0_with_selection	6991	chr12R	SRR33298395.569628	2	7	E-chr12R-2	E-chr4R-7	chr4R	124	47546	58558	beginning
6991_day0_with_selection	6991	chr12R	SRR33298395.569628	3	7	E-chr12R-3	E-chr4R-7	chr4R	124	47546	58558	beginning
6991_day0_with_selection	6991	chr12R	SRR33298395.569628	4	7	E-chr12R-4	E-chr4R-7	chr4R	124	47546	58558	beginning
6991_day0_with_selection	6991	chr12R	SRR33298395.569628	5	7	E-chr12R-5	E-chr4R-3	chr4R	124	47546	58558	beginning
6991_day0_with_selection	6991	chr12R	SRR33298395.569628	6	7	E-chr12R-6	E-chr4R-7	chr4R	124	47546	58558	beginning
6991_day0_with_selection	6991	chr12R	SRR33298395.569628	7	7	E-chr12R-7	E-chr4R-7	chr4R	124	47546	58558	beginning
6991_day0_with_selection	6991	chr12R	SRR33298395.311340	2	7	E-chr12R-2	E-chr4R-7	chr4R	161	47558	58559	beginning
6991_day0_with_selection	6991	chr12R	SRR33298395.311340	3	7	E-chr12R-3	E-chr4R-7	chr4R	161	47558	58559	beginning
6991_day0_with_selection	6991	chr12R	SRR33298395.311340	4	7	E-chr12R-4	E-chr4R-3	chr4R	161	47558	58559	beginning
6991_day0_with_selection	6991	chr12R	SRR33298395.311340	5	7	E-chr12R-5	E-chr4R-7	chr4R	161	47558	58559	beginning
6991_day0_with_selection	6991	chr12R	SRR33298395.311340	6	7	E-chr12R-6	E-chr4R-7	chr4R	161	47558	58559	beginning
6991_day0_with_selection	6991	chr12R	SRR33298395.311340	7	7	E-chr12R-7	E-chr4R-7	chr4R	161	47558	58559	beginning
6991_day0_with_selection	6991	chr12R	SRR33298395.357342	2	7	E-chr12R-2	E-chr4R-3	chr4R	11001	58386	58565	end
6991_day0_with_selection	6991	chr12R	SRR33298395.357342	3	7	E-chr12R-3	E-chr4R-3	chr4R	11001	58386	58565	end
6991_day0_with_selection	6991	chr12R	SRR33298395.357342	4	7	E-chr12R-4	E-chr14L-2	chr14L	11001	58386	58565	end
6991_day0_with_selection	6991	chr12R	SRR33298395.357342	5	7	E-chr12R-5	E-chr4R-3	chr4R	11001	58386	58565	end
6991_day0_with_selection	6991	chr12R	SRR33298395.357342	6	7	E-chr12R-6	E-chr14L-2	chr14L	11001	58386	58565	end
6991_day0_with_selection	6991	chr12R	SRR33298395.357342	7	7	E-chr12R-7	E-chr14L-2	chr14L	11001	58386	58565	end
6991_day0_with_selection	6991	chr12R	SRR33298395.1540867	2	7	E-chr12R-2	E-chr14L-2	chr14L	10987	58313	58543	end
6991_day0_with_selection	6991	chr12R	SRR33298395.1540867	3	7	E-chr12R-3	E-chr14L-2	chr14L	10987	58313	58543	end
6991_day0_with_selection	6991	chr12R	SRR33298395.1540867	4	7	E-chr12R-4	E-chr4R-3	chr4R	10987	58313	58543	end
6991_day0_with_selection	6991	chr12R	SRR33298395.1540867	5	7	E-chr12R-5	E-chr14L-2	chr14L	10987	58313	58543	end
6991_day0_with_selection	6991	chr12R	SRR33298395.1540867	6	7	E-chr12R-6	E-chr4R-3	chr4R	10987	58313	58543	end
6991_day0_with_selection	6991	chr12R	SRR33298395.1540867	7	7	E-chr12R-7	E-chr4R-3	chr4R	10987	58313	58543	end
6991_day0_with_selection	6991	chr12R	SRR33298395.1337685	2	7	E-chr12R-2	E-chr4R-3	chr4R	201	47554	58548	beginning
6991_day0_with_selection	6991	chr12R	SRR33298395.1337685	3	7	E-chr12R-3	E-chr4R-7	chr4R	201	47554	58548	beginning
6991_day0_with_selection	6991	chr12R	SRR33298395.1337685	4	7	E-chr12R-4	E-chr4R-7	chr4R	201	47554	58548	beginning
6991_day0_with_selection	6991	chr12R	SRR33298395.1337685	5	7	E-chr12R-5	E-chr4R-7	chr4R	201	47554	58548	beginning
6991_day0_with_selection	6991	chr12R	SRR33298395.1337685	6	7	E-chr12R-6	E-chr4R-3	chr4R	201	47554	58548	beginning
6991_day0_with_selection	6991	chr12R	SRR33298395.1337685	7	7	E-chr12R-7	E-chr4R-3	chr4R	201	47554	58548	beginning
6991_day0_with_selection	6991	chr12R	SRR33298395.1130812	2	7	E-chr12R-2	E-chr4R-7	chr4R	223	47549	58544	beginning
6991_day0_with_selection	6991	chr12R	SRR33298395.1130812	3	7	E-chr12R-3	E-chr4R-7	chr4R	223	47549	58544	beginning
6991_day0_with_selection	6991	chr12R	SRR33298395.1130812	4	7	E-chr12R-4	E-chr4R-3	chr4R	223	47549	58544	beginning
6991_day0_with_selection	6991	chr12R	SRR33298395.1130812	5	7	E-chr12R-5	E-chr4R-7	chr4R	223	47549	58544	beginning
6991_day0_with_selection	6991	chr12R	SRR33298395.1130812	6	7	E-chr12R-6	E-chr4R-7	chr4R	223	47549	58544	beginning
6991_day0_with_selection	6991	chr12R	SRR33298395.1130812	7	7	E-chr12R-7	E-chr4R-3	chr4R	223	47549	58544	beginning
6991_day0_with_selection	6991	chr12R	SRR33298395.1544503	2	7	E-chr12R-2	E-chr4R-7	chr4R	192	47552	58553	beginning
6991_day0_with_selection	6991	chr12R	SRR33298395.1544503	3	7	E-chr12R-3	E-chr4R-3	chr4R	192	47552	58553	beginning
6991_day0_with_selection	6991	chr12R	SRR33298395.1544503	4	7	E-chr12R-4	E-chr4R-3	chr4R	192	47552	58553	beginning
6991_day0_with_selection	6991	chr12R	SRR33298395.1544503	5	7	E-chr12R-5	E-chr4R-3	chr4R	192	47552	58553	beginning
6991_day0_with_selection	6991	chr12R	SRR33298395.1544503	6	7	E-chr12R-6	E-chr4R-7	chr4R	192	47552	58553	beginning
6991_day0_with_selection	6991	chr12R	SRR33298395.1544503	7	7	E-chr12R-7	E-chr4R-3	chr4R	192	47552	58553	beginning
6991_day0_with_selection	6991	chr12R	SRR33298395.1290542	2	7	E-chr12R-2	E-chr4R-3	chr4R	154	47563	58555	beginning
6991_day0_with_selection	6991	chr12R	SRR33298395.1290542	3	7	E-chr12R-3	E-chr4R-3	chr4R	154	47563	58555	beginning
6991_day0_with_selection	6991	chr12R	SRR33298395.1290542	4	7	E-chr12R-4	E-chr4R-3	chr4R	154	47563	58555	beginning
6991_day0_with_selection	6991	chr12R	SRR33298395.1290542	5	7	E-chr12R-5	E-chr4R-7	chr4R	154	47563	58555	beginning
6991_day0_with_selection	6991	chr12R	SRR33298395.1290542	6	7	E-chr12R-6	E-chr4R-7	chr4R	154	47563	58555	beginning
6991_day0_with_selection	6991	chr12R	SRR33298395.1290542	7	7	E-chr12R-7	E-chr4R-3	chr4R	154	47563	58555	beginning
6991_day0_with_selection	6991	chr12R	SRR33298395.1266772	2	7	E-chr12R-2	E-chr4R-7	chr4R	182	47547	58548	beginning
6991_day0_with_selection	6991	chr12R	SRR33298395.1266772	3	7	E-chr12R-3	E-chr4R-7	chr4R	182	47547	58548	beginning
6991_day0_with_selection	6991	chr12R	SRR33298395.1266772	4	7	E-chr12R-4	E-chr4R-7	chr4R	182	47547	58548	beginning
6991_day0_with_selection	6991	chr12R	SRR33298395.1266772	5	7	E-chr12R-5	E-chr4R-3	chr4R	182	47547	58548	beginning
6991_day0_with_selection	6991	chr12R	SRR33298395.1266772	6	7	E-chr12R-6	E-chr4R-3	chr4R	182	47547	58548	beginning
6991_day0_with_selection	6991	chr12R	SRR33298395.1266772	7	7	E-chr12R-7	E-chr4R-7	chr4R	182	47547	58548	beginning
6991_day0_with_selection	6991	chr12R	SRR33298395.1399993	2	7	E-chr12R-2	E-chr14L-2	chr14L	8523	55880	56074	end
6991_day0_with_selection	6991	chr12R	SRR33298395.1399993	3	7	E-chr12R-3	E-chr14L-2	chr14L	8523	55880	56074	end
6991_day0_with_selection	6991	chr12R	SRR33298395.1399993	4	7	E-chr12R-4	E-chr4R-3	chr4R	8523	55880	56074	end
6991_day0_with_selection	6991	chr12R	SRR33298395.1399993	5	7	E-chr12R-5	E-chr4R-3	chr4R	8523	55880	56074	end
6991_day0_with_selection	6991	chr12R	SRR33298395.1399993	6	7	E-chr12R-6	E-chr14L-2	chr14L	8523	55880	56074	end
6991_day0_with_selection	6991	chr12R	SRR33298395.1399993	7	7	E-chr12R-7	E-chr4R-7	chr4R	8523	55880	56074	end
6991_day0_with_selection	6991	chr12R	SRR33298395.1321373	2	7	E-chr12R-2	E-chr4R-3	chr4R	11011	58383	58543	end
6991_day0_with_selection	6991	chr12R	SRR33298395.1321373	3	7	E-chr12R-3	E-chr4R-3	chr4R	11011	58383	58543	end
6991_day0_with_selection	6991	chr12R	SRR33298395.1321373	4	7	E-chr12R-4	E-chr4R-3	chr4R	11011	58383	58543	end
6991_day0_with_selection	6991	chr12R	SRR33298395.1321373	5	7	E-chr12R-5	E-chr4R-3	chr4R	11011	58383	58543	end
6991_day0_with_selection	6991	chr12R	SRR33298395.1321373	6	7	E-chr12R-6	E-chr14L-2	chr14L	11011	58383	58543	end
6991_day0_with_selection	6991	chr12R	SRR33298395.1321373	7	7	E-chr12R-7	E-chr4R-3	chr4R	11011	58383	58543	end
6991_day0_with_selection	6991	chr12R	SRR33298395.1430203	2	7	E-chr12R-2	E-chr4R-7	chr4R	143	47551	57436	beginning
6991_day0_with_selection	6991	chr12R	SRR33298395.1430203	3	7	E-chr12R-3	E-chr4R-3	chr4R	143	47551	57436	beginning
6991_day0_with_selection	6991	chr12R	SRR33298395.1430203	4	7	E-chr12R-4	E-chr4R-7	chr4R	143	47551	57436	beginning
6991_day0_with_selection	6991	chr12R	SRR33298395.1430203	5	7	E-chr12R-5	E-chr4R-3	chr4R	143	47551	57436	beginning
6991_day0_with_selection	6991	chr12R	SRR33298395.1430203	6	7	E-chr12R-6	E-chr4R-7	chr4R	143	47551	57436	beginning
6991_day0_with_selection	6991	chr12R	SRR33298395.1430203	7	7	E-chr12R-7	E-chr4R-7	chr4R	143	47551	57436	beginning
6991_day0_with_selection	6991	chr12R	SRR33298395.1263665	2	7	E-chr12R-2	E-chr4R-7	chr4R	130	47527	56821	beginning
6991_day0_with_selection	6991	chr12R	SRR33298395.1263665	3	7	E-chr12R-3	E-chr4R-3	chr4R	130	47527	56821	beginning
6991_day0_with_selection	6991	chr12R	SRR33298395.1263665	4	7	E-chr12R-4	E-chr4R-3	chr4R	130	47527	56821	beginning
6991_day0_with_selection	6991	chr12R	SRR33298395.1263665	5	7	E-chr12R-5	E-chr4R-7	chr4R	130	47527	56821	beginning
6991_day0_with_selection	6991	chr12R	SRR33298395.1263665	6	7	E-chr12R-6	E-chr4R-3	chr4R	130	47527	56821	beginning
6991_day0_with_selection	6991	chr12R	SRR33298395.1263665	7	7	E-chr12R-7	E-chr4R-3	chr4R	130	47527	56821	beginning
6991_day0_with_selection	6991	chr12R	SRR33298395.206546	2	7	E-chr12R-2	E-chr4R-3	chr4R	187	47545	58548	beginning
6991_day0_with_selection	6991	chr12R	SRR33298395.206546	3	7	E-chr12R-3	E-chr4R-7	chr4R	187	47545	58548	beginning
6991_day0_with_selection	6991	chr12R	SRR33298395.206546	4	7	E-chr12R-4	E-chr4R-3	chr4R	187	47545	58548	beginning
6991_day0_with_selection	6991	chr12R	SRR33298395.206546	5	7	E-chr12R-5	E-chr4R-7	chr4R	187	47545	58548	beginning
6991_day0_with_selection	6991	chr12R	SRR33298395.206546	6	7	E-chr12R-6	E-chr4R-7	chr4R	187	47545	58548	beginning
6991_day0_with_selection	6991	chr12R	SRR33298395.206546	7	7	E-chr12R-7	E-chr4R-3	chr4R	187	47545	58548	beginning
6991_day0_with_selection	6991	chr12R	SRR33298395.891787	2	7	E-chr12R-2	E-chr14L-2	chr14L	161	47554	58548	beginning
6991_day0_with_selection	6991	chr12R	SRR33298395.891787	3	7	E-chr12R-3	E-chr4R-7	chr4R	161	47554	58548	beginning
6991_day0_with_selection	6991	chr12R	SRR33298395.891787	4	7	E-chr12R-4	E-chr4R-7	chr4R	161	47554	58548	beginning
6991_day0_with_selection	6991	chr12R	SRR33298395.891787	5	7	E-chr12R-5	E-chr4R-7	chr4R	161	47554	58548	beginning
6991_day0_with_selection	6991	chr12R	SRR33298395.891787	6	7	E-chr12R-6	E-chr4R-7	chr4R	161	47554	58548	beginning
6991_day0_with_selection	6991	chr12R	SRR33298395.891787	7	7	E-chr12R-7	E-chr14L-2	chr14L	161	47554	58548	beginning
6991_day0_with_selection	6991	chr12R	SRR33298395.1539046	2	7	E-chr12R-2	E-chr4R-7	chr4R	208	47550	58532	beginning
6991_day0_with_selection	6991	chr12R	SRR33298395.1539046	3	7	E-chr12R-3	E-chr4R-3	chr4R	208	47550	58532	beginning
6991_day0_with_selection	6991	chr12R	SRR33298395.1539046	4	7	E-chr12R-4	E-chr4R-3	chr4R	208	47550	58532	beginning
6991_day0_with_selection	6991	chr12R	SRR33298395.1539046	5	7	E-chr12R-5	E-chr4R-7	chr4R	208	47550	58532	beginning
6991_day0_with_selection	6991	chr12R	SRR33298395.1539046	6	7	E-chr12R-6	E-chr4R-7	chr4R	208	47550	58532	beginning
6991_day0_with_selection	6991	chr12R	SRR33298395.1539046	7	7	E-chr12R-7	E-chr4R-3	chr4R	208	47550	58532	beginning
6991_day0_with_selection	6991	chr12R	SRR33298395.1140479	2	7	E-chr12R-2	E-chr14L-2	chr14L	142	47530	58554	beginning
6991_day0_with_selection	6991	chr12R	SRR33298395.1140479	3	7	E-chr12R-3	E-chr4R-7	chr4R	142	47530	58554	beginning
6991_day0_with_selection	6991	chr12R	SRR33298395.1140479	4	7	E-chr12R-4	E-chr4R-3	chr4R	142	47530	58554	beginning
6991_day0_with_selection	6991	chr12R	SRR33298395.1140479	5	7	E-chr12R-5	E-chr4R-3	chr4R	142	47530	58554	beginning
6991_day0_with_selection	6991	chr12R	SRR33298395.1140479	6	7	E-chr12R-6	E-chr4R-3	chr4R	142	47530	58554	beginning
6991_day0_with_selection	6991	chr12R	SRR33298395.1140479	7	7	E-chr12R-7	E-chr4R-7	chr4R	142	47530	58554	beginning
6991_day0_with_selection	6991	chr12R	SRR33298395.1063016	2	7	E-chr12R-2	E-chr4R-3	chr4R	169	47528	58533	beginning
6991_day0_with_selection	6991	chr12R	SRR33298395.1063016	3	7	E-chr12R-3	E-chr4R-3	chr4R	169	47528	58533	beginning
6991_day0_with_selection	6991	chr12R	SRR33298395.1063016	4	7	E-chr12R-4	E-chr4R-7	chr4R	169	47528	58533	beginning
6991_day0_with_selection	6991	chr12R	SRR33298395.1063016	5	7	E-chr12R-5	E-chr4R-7	chr4R	169	47528	58533	beginning
6991_day0_with_selection	6991	chr12R	SRR33298395.1063016	6	7	E-chr12R-6	E-chr4R-3	chr4R	169	47528	58533	beginning
6991_day0_with_selection	6991	chr12R	SRR33298395.1063016	7	7	E-chr12R-7	E-chr4R-7	chr4R	169	47528	58533	beginning
6991_day0_with_selection	6991	chr12R	SRR33298395.744359	2	7	E-chr12R-2	E-chr14L-2	chr14L	10996	58381	58521	end
6991_day0_with_selection	6991	chr12R	SRR33298395.744359	3	7	E-chr12R-3	E-chr14L-2	chr14L	10996	58381	58521	end
6991_day0_with_selection	6991	chr12R	SRR33298395.744359	4	7	E-chr12R-4	E-chr4R-3	chr4R	10996	58381	58521	end
6991_day0_with_selection	6991	chr12R	SRR33298395.744359	5	7	E-chr12R-5	E-chr4R-3	chr4R	10996	58381	58521	end
6991_day0_with_selection	6991	chr12R	SRR33298395.744359	6	7	E-chr12R-6	E-chr14L-2	chr14L	10996	58381	58521	end
6991_day0_with_selection	6991	chr12R	SRR33298395.744359	7	7	E-chr12R-7	E-chr14L-2	chr14L	10996	58381	58521	end
6991_day0_with_selection	6991	chr12R	SRR33298395.629467	2	7	E-chr12R-2	E-chr4R-3	chr4R	115	47532	58561	beginning
6991_day0_with_selection	6991	chr12R	SRR33298395.629467	3	7	E-chr12R-3	E-chr4R-3	chr4R	115	47532	58561	beginning
6991_day0_with_selection	6991	chr12R	SRR33298395.629467	4	7	E-chr12R-4	E-chr4R-7	chr4R	115	47532	58561	beginning
6991_day0_with_selection	6991	chr12R	SRR33298395.629467	5	7	E-chr12R-5	E-chr4R-3	chr4R	115	47532	58561	beginning
6991_day0_with_selection	6991	chr12R	SRR33298395.629467	6	7	E-chr12R-6	E-chr4R-7	chr4R	115	47532	58561	beginning
6991_day0_with_selection	6991	chr12R	SRR33298395.629467	7	7	E-chr12R-7	E-chr4R-3	chr4R	115	47532	58561	beginning
6991_day0_with_selection	6991	chr12R	SRR33298395.726007	2	7	E-chr12R-2	E-chr4R-3	chr4R	11021	58474	58549	end
6991_day0_with_selection	6991	chr12R	SRR33298395.726007	3	7	E-chr12R-3	E-chr14L-2	chr14L	11021	58474	58549	end
6991_day0_with_selection	6991	chr12R	SRR33298395.726007	4	7	E-chr12R-4	E-chr4R-3	chr4R	11021	58474	58549	end
6991_day0_with_selection	6991	chr12R	SRR33298395.726007	5	7	E-chr12R-5	E-chr4R-3	chr4R	11021	58474	58549	end
6991_day0_with_selection	6991	chr12R	SRR33298395.726007	6	7	E-chr12R-6	E-chr14L-2	chr14L	11021	58474	58549	end
6991_day0_with_selection	6991	chr12R	SRR33298395.726007	7	7	E-chr12R-7	E-chr4R-3	chr4R	11021	58474	58549	end
6991_day0_with_selection	6991	chr12R	SRR33298395.305849	2	7	E-chr12R-2	E-chr14L-2	chr14L	10993	58391	58518	end
6991_day0_with_selection	6991	chr12R	SRR33298395.305849	3	7	E-chr12R-3	E-chr4R-3	chr4R	10993	58391	58518	end
6991_day0_with_selection	6991	chr12R	SRR33298395.305849	4	7	E-chr12R-4	E-chr14L-2	chr14L	10993	58391	58518	end
6991_day0_with_selection	6991	chr12R	SRR33298395.305849	5	7	E-chr12R-5	E-chr14L-2	chr14L	10993	58391	58518	end
6991_day0_with_selection	6991	chr12R	SRR33298395.305849	6	7	E-chr12R-6	E-chr14L-2	chr14L	10993	58391	58518	end
6991_day0_with_selection	6991	chr12R	SRR33298395.305849	7	7	E-chr12R-7	E-chr14L-2	chr14L	10993	58391	58518	end
6991_day0_with_selection	6991	chr12R	SRR33298395.1185282	2	7	E-chr12R-2	E-chr14L-2	chr14L	10798	58152	58314	end
6991_day0_with_selection	6991	chr12R	SRR33298395.1185282	3	7	E-chr12R-3	E-chr14L-2	chr14L	10798	58152	58314	end
6991_day0_with_selection	6991	chr12R	SRR33298395.1185282	4	7	E-chr12R-4	E-chr14L-2	chr14L	10798	58152	58314	end
6991_day0_with_selection	6991	chr12R	SRR33298395.1185282	5	7	E-chr12R-5	E-chr4R-3	chr4R	10798	58152	58314	end
6991_day0_with_selection	6991	chr12R	SRR33298395.1185282	6	7	E-chr12R-6	E-chr4R-3	chr4R	10798	58152	58314	end
6991_day0_with_selection	6991	chr12R	SRR33298395.1185282	7	7	E-chr12R-7	E-chr4R-7	chr4R	10798	58152	58314	end
6991_day0_with_selection	6991	chr12R	SRR33298395.396039	2	7	E-chr12R-2	E-chr4R-3	chr4R	188	47612	58529	beginning
6991_day0_with_selection	6991	chr12R	SRR33298395.396039	3	7	E-chr12R-3	E-chr4R-3	chr4R	188	47612	58529	beginning
6991_day0_with_selection	6991	chr12R	SRR33298395.396039	4	7	E-chr12R-4	E-chr4R-3	chr4R	188	47612	58529	beginning
6991_day0_with_selection	6991	chr12R	SRR33298395.396039	5	7	E-chr12R-5	E-chr4R-7	chr4R	188	47612	58529	beginning
6991_day0_with_selection	6991	chr12R	SRR33298395.396039	6	7	E-chr12R-6	E-chr4R-7	chr4R	188	47612	58529	beginning
6991_day0_with_selection	6991	chr12R	SRR33298395.396039	7	7	E-chr12R-7	E-chr4R-3	chr4R	188	47612	58529	beginning
6991_day0_with_selection	6991	chr12R	SRR33298395.1236480	2	7	E-chr12R-2	E-chr4R-3	chr4R	186	47530	57270	beginning
6991_day0_with_selection	6991	chr12R	SRR33298395.1236480	3	7	E-chr12R-3	E-chr4R-7	chr4R	186	47530	57270	beginning
6991_day0_with_selection	6991	chr12R	SRR33298395.1236480	4	7	E-chr12R-4	E-chr4R-3	chr4R	186	47530	57270	beginning
6991_day0_with_selection	6991	chr12R	SRR33298395.1236480	5	7	E-chr12R-5	E-chr4R-7	chr4R	186	47530	57270	beginning
6991_day0_with_selection	6991	chr12R	SRR33298395.1236480	6	7	E-chr12R-6	E-chr4R-7	chr4R	186	47530	57270	beginning
6991_day0_with_selection	6991	chr12R	SRR33298395.1236480	7	7	E-chr12R-7	E-chr4R-7	chr4R	186	47530	57270	beginning
6991_day0_with_selection	6991	chr12R	SRR33298395.553178	2	7	E-chr12R-2	E-chr14L-2	chr14L	8760	56122	56289	end
6991_day0_with_selection	6991	chr12R	SRR33298395.553178	3	7	E-chr12R-3	E-chr14L-2	chr14L	8760	56122	56289	end
6991_day0_with_selection	6991	chr12R	SRR33298395.553178	4	7	E-chr12R-4	E-chr4R-3	chr4R	8760	56122	56289	end
6991_day0_with_selection	6991	chr12R	SRR33298395.553178	5	7	E-chr12R-5	E-chr14L-2	chr14L	8760	56122	56289	end
6991_day0_with_selection	6991	chr12R	SRR33298395.553178	6	7	E-chr12R-6	E-chr14L-2	chr14L	8760	56122	56289	end
6991_day0_with_selection	6991	chr12R	SRR33298395.553178	7	7	E-chr12R-7	E-chr4R-3	chr4R	8760	56122	56289	end
6991_day0_with_selection	6991	chr12R	SRR33298395.1550773	2	7	E-chr12R-2	E-chr4R-3	chr4R	11019	58382	58539	end
6991_day0_with_selection	6991	chr12R	SRR33298395.1550773	3	7	E-chr12R-3	E-chr14L-2	chr14L	11019	58382	58539	end
6991_day0_with_selection	6991	chr12R	SRR33298395.1550773	4	7	E-chr12R-4	E-chr14L-2	chr14L	11019	58382	58539	end
6991_day0_with_selection	6991	chr12R	SRR33298395.1550773	5	7	E-chr12R-5	E-chr14L-2	chr14L	11019	58382	58539	end
6991_day0_with_selection	6991	chr12R	SRR33298395.1550773	6	7	E-chr12R-6	E-chr14L-2	chr14L	11019	58382	58539	end
6991_day0_with_selection	6991	chr12R	SRR33298395.1550773	7	7	E-chr12R-7	E-chr4R-3	chr4R	11019	58382	58539	end
6991_day0_with_selection	6991	chr12R	SRR33298395.800799	2	7	E-chr12R-2	E-chr4R-7	chr4R	172	47518	57919	beginning
6991_day0_with_selection	6991	chr12R	SRR33298395.800799	3	7	E-chr12R-3	E-chr4R-3	chr4R	172	47518	57919	beginning
6991_day0_with_selection	6991	chr12R	SRR33298395.800799	4	7	E-chr12R-4	E-chr4R-3	chr4R	172	47518	57919	beginning
6991_day0_with_selection	6991	chr12R	SRR33298395.800799	5	7	E-chr12R-5	E-chr4R-7	chr4R	172	47518	57919	beginning
6991_day0_with_selection	6991	chr12R	SRR33298395.800799	6	7	E-chr12R-6	E-chr4R-7	chr4R	172	47518	57919	beginning
6991_day0_with_selection	6991	chr12R	SRR33298395.800799	7	7	E-chr12R-7	E-chr4R-3	chr4R	172	47518	57919	beginning
6991_day0_with_selection	6991	chr12R	SRR33298395.1885305	2	7	E-chr12R-2	E-chr4R-3	chr4R	145	47533	58520	beginning
6991_day0_with_selection	6991	chr12R	SRR33298395.1885305	3	7	E-chr12R-3	E-chr4R-7	chr4R	145	47533	58520	beginning
6991_day0_with_selection	6991	chr12R	SRR33298395.1885305	4	7	E-chr12R-4	E-chr4R-7	chr4R	145	47533	58520	beginning
6991_day0_with_selection	6991	chr12R	SRR33298395.1885305	5	7	E-chr12R-5	E-chr4R-3	chr4R	145	47533	58520	beginning
6991_day0_with_selection	6991	chr12R	SRR33298395.1885305	6	7	E-chr12R-6	E-chr4R-3	chr4R	145	47533	58520	beginning
6991_day0_with_selection	6991	chr12R	SRR33298395.1885305	7	7	E-chr12R-7	E-chr4R-7	chr4R	145	47533	58520	beginning
6991_day0_with_selection	6991	chr12R	SRR33298395.1690116	2	7	E-chr12R-2	E-chr4R-3	chr4R	171	47537	58516	beginning
6991_day0_with_selection	6991	chr12R	SRR33298395.1690116	3	7	E-chr12R-3	E-chr4R-3	chr4R	171	47537	58516	beginning
6991_day0_with_selection	6991	chr12R	SRR33298395.1690116	4	7	E-chr12R-4	E-chr4R-7	chr4R	171	47537	58516	beginning
6991_day0_with_selection	6991	chr12R	SRR33298395.1690116	5	7	E-chr12R-5	E-chr4R-3	chr4R	171	47537	58516	beginning
6991_day0_with_selection	6991	chr12R	SRR33298395.1690116	6	7	E-chr12R-6	E-chr4R-3	chr4R	171	47537	58516	beginning
6991_day0_with_selection	6991	chr12R	SRR33298395.1690116	7	7	E-chr12R-7	E-chr4R-7	chr4R	171	47537	58516	beginning
6991_day0_with_selection	6991	chr12R	SRR33298395.1404235	2	7	E-chr12R-2	E-chr4R-3	chr4R	132	47524	58527	beginning
6991_day0_with_selection	6991	chr12R	SRR33298395.1404235	3	7	E-chr12R-3	E-chr4R-7	chr4R	132	47524	58527	beginning
6991_day0_with_selection	6991	chr12R	SRR33298395.1404235	4	7	E-chr12R-4	E-chr4R-7	chr4R	132	47524	58527	beginning
6991_day0_with_selection	6991	chr12R	SRR33298395.1404235	5	7	E-chr12R-5	E-chr4R-3	chr4R	132	47524	58527	beginning
6991_day0_with_selection	6991	chr12R	SRR33298395.1404235	6	7	E-chr12R-6	E-chr4R-3	chr4R	132	47524	58527	beginning
6991_day0_with_selection	6991	chr12R	SRR33298395.1404235	7	7	E-chr12R-7	E-chr4R-3	chr4R	132	47524	58527	beginning
6991_day0_with_selection	6991	chr12R	SRR33298395.1388790	2	7	E-chr12R-2	E-chr4R-3	chr4R	11013	58342	58517	end
6991_day0_with_selection	6991	chr12R	SRR33298395.1388790	3	7	E-chr12R-3	E-chr14L-2	chr14L	11013	58342	58517	end
6991_day0_with_selection	6991	chr12R	SRR33298395.1388790	4	7	E-chr12R-4	E-chr14L-2	chr14L	11013	58342	58517	end
6991_day0_with_selection	6991	chr12R	SRR33298395.1388790	5	7	E-chr12R-5	E-chr4R-3	chr4R	11013	58342	58517	end
6991_day0_with_selection	6991	chr12R	SRR33298395.1388790	6	7	E-chr12R-6	E-chr14L-2	chr14L	11013	58342	58517	end
6991_day0_with_selection	6991	chr12R	SRR33298395.1388790	7	7	E-chr12R-7	E-chr14L-2	chr14L	11013	58342	58517	end
6991_day0_with_selection	6991	chr12R	SRR33298395.1869441	2	7	E-chr12R-2	E-chr4R-3	chr4R	199	47520	58533	beginning
6991_day0_with_selection	6991	chr12R	SRR33298395.1869441	3	7	E-chr12R-3	E-chr4R-3	chr4R	199	47520	58533	beginning
6991_day0_with_selection	6991	chr12R	SRR33298395.1869441	4	7	E-chr12R-4	E-chr4R-7	chr4R	199	47520	58533	beginning
6991_day0_with_selection	6991	chr12R	SRR33298395.1869441	5	7	E-chr12R-5	E-chr4R-3	chr4R	199	47520	58533	beginning
6991_day0_with_selection	6991	chr12R	SRR33298395.1869441	6	7	E-chr12R-6	E-chr4R-3	chr4R	199	47520	58533	beginning
6991_day0_with_selection	6991	chr12R	SRR33298395.1869441	7	7	E-chr12R-7	E-chr14L-2	chr14L	199	47520	58533	beginning
6991_day0_with_selection	6991	chr12R	SRR33298395.406265	2	7	E-chr12R-2	E-chr14L-2	chr14L	11009	58370	58524	end
6991_day0_with_selection	6991	chr12R	SRR33298395.406265	3	7	E-chr12R-3	E-chr14L-2	chr14L	11009	58370	58524	end
6991_day0_with_selection	6991	chr12R	SRR33298395.406265	4	7	E-chr12R-4	E-chr4R-3	chr4R	11009	58370	58524	end
6991_day0_with_selection	6991	chr12R	SRR33298395.406265	5	7	E-chr12R-5	E-chr14L-2	chr14L	11009	58370	58524	end
6991_day0_with_selection	6991	chr12R	SRR33298395.406265	6	7	E-chr12R-6	E-chr4R-3	chr4R	11009	58370	58524	end
6991_day0_with_selection	6991	chr12R	SRR33298395.406265	7	7	E-chr12R-7	E-chr14L-2	chr14L	11009	58370	58524	end
6991_day0_with_selection	6991	chr12R	SRR33298395.351047	2	7	E-chr12R-2	E-chr14L-2	chr14L	11003	58358	58529	end
6991_day0_with_selection	6991	chr12R	SRR33298395.351047	3	7	E-chr12R-3	E-chr14L-2	chr14L	11003	58358	58529	end
6991_day0_with_selection	6991	chr12R	SRR33298395.351047	4	7	E-chr12R-4	E-chr4R-3	chr4R	11003	58358	58529	end
6991_day0_with_selection	6991	chr12R	SRR33298395.351047	5	7	E-chr12R-5	E-chr4R-3	chr4R	11003	58358	58529	end
6991_day0_with_selection	6991	chr12R	SRR33298395.351047	6	7	E-chr12R-6	E-chr14L-2	chr14L	11003	58358	58529	end
6991_day0_with_selection	6991	chr12R	SRR33298395.351047	7	7	E-chr12R-7	E-chr14L-2	chr14L	11003	58358	58529	end
6991_day0_with_selection	6991	chr12R	SRR33298395.1708388	2	7	E-chr12R-2	E-chr4R-7	chr4R	179	47520	58516	beginning
6991_day0_with_selection	6991	chr12R	SRR33298395.1708388	3	7	E-chr12R-3	E-chr4R-7	chr4R	179	47520	58516	beginning
6991_day0_with_selection	6991	chr12R	SRR33298395.1708388	4	7	E-chr12R-4	E-chr4R-3	chr4R	179	47520	58516	beginning
6991_day0_with_selection	6991	chr12R	SRR33298395.1708388	5	7	E-chr12R-5	E-chr4R-3	chr4R	179	47520	58516	beginning
6991_day0_with_selection	6991	chr12R	SRR33298395.1708388	6	7	E-chr12R-6	E-chr4R-3	chr4R	179	47520	58516	beginning
6991_day0_with_selection	6991	chr12R	SRR33298395.1708388	7	7	E-chr12R-7	E-chr4R-7	chr4R	179	47520	58516	beginning
6991_day0_with_selection	6991	chr12R	SRR33298395.419195	2	7	E-chr12R-2	E-chr4R-3	chr4R	149	47520	58522	beginning
6991_day0_with_selection	6991	chr12R	SRR33298395.419195	3	7	E-chr12R-3	E-chr4R-3	chr4R	149	47520	58522	beginning
6991_day0_with_selection	6991	chr12R	SRR33298395.419195	4	7	E-chr12R-4	E-chr4R-3	chr4R	149	47520	58522	beginning
6991_day0_with_selection	6991	chr12R	SRR33298395.419195	5	7	E-chr12R-5	E-chr4R-3	chr4R	149	47520	58522	beginning
6991_day0_with_selection	6991	chr12R	SRR33298395.419195	6	7	E-chr12R-6	E-chr4R-7	chr4R	149	47520	58522	beginning
6991_day0_with_selection	6991	chr12R	SRR33298395.419195	7	7	E-chr12R-7	E-chr4R-7	chr4R	149	47520	58522	beginning
6991_day0_with_selection	6991	chr12R	SRR33298395.1483799	2	7	E-chr12R-2	E-chr14L-2	chr14L	10405	57779	57917	end
6991_day0_with_selection	6991	chr12R	SRR33298395.1483799	3	7	E-chr12R-3	E-chr14L-2	chr14L	10405	57779	57917	end
6991_day0_with_selection	6991	chr12R	SRR33298395.1483799	4	7	E-chr12R-4	E-chr14L-2	chr14L	10405	57779	57917	end
6991_day0_with_selection	6991	chr12R	SRR33298395.1483799	5	7	E-chr12R-5	E-chr14L-2	chr14L	10405	57779	57917	end
6991_day0_with_selection	6991	chr12R	SRR33298395.1483799	6	7	E-chr12R-6	E-chr14L-2	chr14L	10405	57779	57917	end
6991_day0_with_selection	6991	chr12R	SRR33298395.1483799	7	7	E-chr12R-7	E-chr14L-2	chr14L	10405	57779	57917	end
6991_day0_with_selection	6991	chr12R	SRR33298395.388067	2	7	E-chr12R-2	E-chr4R-3	chr4R	11018	58408	58526	end
6991_day0_with_selection	6991	chr12R	SRR33298395.388067	3	7	E-chr12R-3	E-chr14L-2	chr14L	11018	58408	58526	end
6991_day0_with_selection	6991	chr12R	SRR33298395.388067	4	7	E-chr12R-4	E-chr14L-2	chr14L	11018	58408	58526	end
6991_day0_with_selection	6991	chr12R	SRR33298395.388067	5	7	E-chr12R-5	E-chr4R-3	chr4R	11018	58408	58526	end
6991_day0_with_selection	6991	chr12R	SRR33298395.388067	6	7	E-chr12R-6	E-chr14L-2	chr14L	11018	58408	58526	end
6991_day0_with_selection	6991	chr12R	SRR33298395.388067	7	7	E-chr12R-7	E-chr14L-2	chr14L	11018	58408	58526	end
6991_day0_with_selection	6991	chr12R	SRR33298395.1821419	2	7	E-chr12R-2	E-chr4R-3	chr4R	9267	56608	56789	end
6991_day0_with_selection	6991	chr12R	SRR33298395.1821419	3	7	E-chr12R-3	E-chr14L-2	chr14L	9267	56608	56789	end
6991_day0_with_selection	6991	chr12R	SRR33298395.1821419	4	7	E-chr12R-4	E-chr4R-3	chr4R	9267	56608	56789	end
6991_day0_with_selection	6991	chr12R	SRR33298395.1821419	5	7	E-chr12R-5	E-chr4R-3	chr4R	9267	56608	56789	end
6991_day0_with_selection	6991	chr12R	SRR33298395.1821419	6	7	E-chr12R-6	E-chr4R-3	chr4R	9267	56608	56789	end
6991_day0_with_selection	6991	chr12R	SRR33298395.1821419	7	7	E-chr12R-7	E-chr14L-2	chr14L	9267	56608	56789	end
6991_day0_with_selection	6991	chr12R	SRR33298395.817555	2	7	E-chr12R-2	E-chr4R-7	chr4R	156	47520	57565	beginning
6991_day0_with_selection	6991	chr12R	SRR33298395.817555	3	7	E-chr12R-3	E-chr4R-7	chr4R	156	47520	57565	beginning
6991_day0_with_selection	6991	chr12R	SRR33298395.817555	4	7	E-chr12R-4	E-chr4R-3	chr4R	156	47520	57565	beginning
6991_day0_with_selection	6991	chr12R	SRR33298395.817555	5	7	E-chr12R-5	E-chr4R-7	chr4R	156	47520	57565	beginning
6991_day0_with_selection	6991	chr12R	SRR33298395.817555	6	7	E-chr12R-6	E-chr4R-7	chr4R	156	47520	57565	beginning
6991_day0_with_selection	6991	chr12R	SRR33298395.817555	7	7	E-chr12R-7	E-chr4R-7	chr4R	156	47520	57565	beginning
6991_day0_with_selection	6991	chr12R	SRR33298395.1106268	2	7	E-chr12R-2	E-chr4R-3	chr4R	156	47511	58520	beginning
6991_day0_with_selection	6991	chr12R	SRR33298395.1106268	3	7	E-chr12R-3	E-chr4R-3	chr4R	156	47511	58520	beginning
6991_day0_with_selection	6991	chr12R	SRR33298395.1106268	4	7	E-chr12R-4	E-chr4R-7	chr4R	156	47511	58520	beginning
6991_day0_with_selection	6991	chr12R	SRR33298395.1106268	5	7	E-chr12R-5	E-chr4R-7	chr4R	156	47511	58520	beginning
6991_day0_with_selection	6991	chr12R	SRR33298395.1106268	6	7	E-chr12R-6	E-chr4R-3	chr4R	156	47511	58520	beginning
6991_day0_with_selection	6991	chr12R	SRR33298395.1106268	7	7	E-chr12R-7	E-chr4R-7	chr4R	156	47511	58520	beginning
6991_day0_with_selection	6991	chr12R	SRR33298395.402577	2	7	E-chr12R-2	E-chr4R-3	chr4R	145	47510	58515	beginning
6991_day0_with_selection	6991	chr12R	SRR33298395.402577	3	7	E-chr12R-3	E-chr4R-7	chr4R	145	47510	58515	beginning
6991_day0_with_selection	6991	chr12R	SRR33298395.402577	4	7	E-chr12R-4	E-chr4R-7	chr4R	145	47510	58515	beginning
6991_day0_with_selection	6991	chr12R	SRR33298395.402577	5	7	E-chr12R-5	E-chr4R-3	chr4R	145	47510	58515	beginning
6991_day0_with_selection	6991	chr12R	SRR33298395.402577	6	7	E-chr12R-6	E-chr4R-3	chr4R	145	47510	58515	beginning
6991_day0_with_selection	6991	chr12R	SRR33298395.402577	7	7	E-chr12R-7	E-chr4R-7	chr4R	145	47510	58515	beginning
6991_day0_with_selection	6991	chr12R	SRR33298395.1850761	2	7	E-chr12R-2	E-chr4R-7	chr4R	11012	58351	58529	end
6991_day0_with_selection	6991	chr12R	SRR33298395.1850761	3	7	E-chr12R-3	E-chr4R-7	chr4R	11012	58351	58529	end
6991_day0_with_selection	6991	chr12R	SRR33298395.1850761	4	7	E-chr12R-4	E-chr4R-3	chr4R	11012	58351	58529	end
6991_day0_with_selection	6991	chr12R	SRR33298395.1850761	5	7	E-chr12R-5	E-chr4R-3	chr4R	11012	58351	58529	end
6991_day0_with_selection	6991	chr12R	SRR33298395.1850761	6	7	E-chr12R-6	E-chr4R-7	chr4R	11012	58351	58529	end
6991_day0_with_selection	6991	chr12R	SRR33298395.1850761	7	7	E-chr12R-7	E-chr4R-3	chr4R	11012	58351	58529	end
6991_day0_with_selection	6991	chr12R	SRR33298395.1280895	2	7	E-chr12R-2	E-chr4R-3	chr4R	148	47522	58529	beginning
6991_day0_with_selection	6991	chr12R	SRR33298395.1280895	3	7	E-chr12R-3	E-chr4R-3	chr4R	148	47522	58529	beginning
6991_day0_with_selection	6991	chr12R	SRR33298395.1280895	4	7	E-chr12R-4	E-chr4R-3	chr4R	148	47522	58529	beginning
6991_day0_with_selection	6991	chr12R	SRR33298395.1280895	5	7	E-chr12R-5	E-chr4R-3	chr4R	148	47522	58529	beginning
6991_day0_with_selection	6991	chr12R	SRR33298395.1280895	6	7	E-chr12R-6	E-chr4R-3	chr4R	148	47522	58529	beginning
6991_day0_with_selection	6991	chr12R	SRR33298395.1280895	7	7	E-chr12R-7	E-chr4R-3	chr4R	148	47522	58529	beginning
6991_day0_with_selection	6991	chr12R	SRR33298395.1012383	2	7	E-chr12R-2	E-chr4R-3	chr4R	163	47526	58505	beginning
6991_day0_with_selection	6991	chr12R	SRR33298395.1012383	3	7	E-chr12R-3	E-chr4R-3	chr4R	163	47526	58505	beginning
6991_day0_with_selection	6991	chr12R	SRR33298395.1012383	4	7	E-chr12R-4	E-chr4R-3	chr4R	163	47526	58505	beginning
6991_day0_with_selection	6991	chr12R	SRR33298395.1012383	5	7	E-chr12R-5	E-chr4R-3	chr4R	163	47526	58505	beginning
6991_day0_with_selection	6991	chr12R	SRR33298395.1012383	6	7	E-chr12R-6	E-chr4R-3	chr4R	163	47526	58505	beginning
6991_day0_with_selection	6991	chr12R	SRR33298395.1012383	7	7	E-chr12R-7	E-chr4R-3	chr4R	163	47526	58505	beginning
6991_day0_with_selection	6991	chr12R	SRR33298395.444502	2	7	E-chr12R-2	E-chr14L-2	chr14L	9712	57083	57226	end
6991_day0_with_selection	6991	chr12R	SRR33298395.444502	3	7	E-chr12R-3	E-chr14L-2	chr14L	9712	57083	57226	end
6991_day0_with_selection	6991	chr12R	SRR33298395.444502	4	7	E-chr12R-4	E-chr4R-3	chr4R	9712	57083	57226	end
6991_day0_with_selection	6991	chr12R	SRR33298395.444502	5	7	E-chr12R-5	E-chr14L-2	chr14L	9712	57083	57226	end
6991_day0_with_selection	6991	chr12R	SRR33298395.444502	6	7	E-chr12R-6	E-chr4R-3	chr4R	9712	57083	57226	end
6991_day0_with_selection	6991	chr12R	SRR33298395.444502	7	7	E-chr12R-7	E-chr4R-3	chr4R	9712	57083	57226	end
6991_day0_with_selection	6991	chr12R	SRR33298395.1788837	2	7	E-chr12R-2	E-chr4R-3	chr4R	161	47507	58498	beginning
6991_day0_with_selection	6991	chr12R	SRR33298395.1788837	3	7	E-chr12R-3	E-chr4R-3	chr4R	161	47507	58498	beginning
6991_day0_with_selection	6991	chr12R	SRR33298395.1788837	4	7	E-chr12R-4	E-chr4R-3	chr4R	161	47507	58498	beginning
6991_day0_with_selection	6991	chr12R	SRR33298395.1788837	5	7	E-chr12R-5	E-chr4R-3	chr4R	161	47507	58498	beginning
6991_day0_with_selection	6991	chr12R	SRR33298395.1788837	6	7	E-chr12R-6	E-chr14L-2	chr14L	161	47507	58498	beginning
6991_day0_with_selection	6991	chr12R	SRR33298395.1788837	7	7	E-chr12R-7	E-chr4R-3	chr4R	161	47507	58498	beginning
6991_day0_with_selection	6991	chr12R	SRR33298395.422511	2	7	E-chr12R-2	E-chr4R-7	chr4R	215	47515	58485	beginning
6991_day0_with_selection	6991	chr12R	SRR33298395.422511	3	7	E-chr12R-3	E-chr4R-7	chr4R	215	47515	58485	beginning
6991_day0_with_selection	6991	chr12R	SRR33298395.422511	4	7	E-chr12R-4	E-chr4R-3	chr4R	215	47515	58485	beginning
6991_day0_with_selection	6991	chr12R	SRR33298395.422511	5	7	E-chr12R-5	E-chr4R-7	chr4R	215	47515	58485	beginning
6991_day0_with_selection	6991	chr12R	SRR33298395.422511	6	7	E-chr12R-6	E-chr14L-2	chr14L	215	47515	58485	beginning
6991_day0_with_selection	6991	chr12R	SRR33298395.422511	7	7	E-chr12R-7	E-chr4R-7	chr4R	215	47515	58485	beginning
6991_day0_with_selection	6991	chr12R	SRR33298395.401612	2	7	E-chr12R-2	E-chr14L-2	chr14L	9323	56643	56829	end
6991_day0_with_selection	6991	chr12R	SRR33298395.401612	3	7	E-chr12R-3	E-chr4R-3	chr4R	9323	56643	56829	end
6991_day0_with_selection	6991	chr12R	SRR33298395.401612	4	7	E-chr12R-4	E-chr14L-2	chr14L	9323	56643	56829	end
6991_day0_with_selection	6991	chr12R	SRR33298395.401612	5	7	E-chr12R-5	E-chr4R-7	chr4R	9323	56643	56829	end
6991_day0_with_selection	6991	chr12R	SRR33298395.401612	6	7	E-chr12R-6	E-chr4R-7	chr4R	9323	56643	56829	end
6991_day0_with_selection	6991	chr12R	SRR33298395.401612	7	7	E-chr12R-7	E-chr4R-3	chr4R	9323	56643	56829	end
6991_day0_with_selection	6991	chr12R	SRR33298395.1729092	2	7	E-chr12R-2	E-chr14L-2	chr14L	11016	58347	58509	end
6991_day0_with_selection	6991	chr12R	SRR33298395.1729092	3	7	E-chr12R-3	E-chr14L-2	chr14L	11016	58347	58509	end
6991_day0_with_selection	6991	chr12R	SRR33298395.1729092	4	7	E-chr12R-4	E-chr4R-3	chr4R	11016	58347	58509	end
6991_day0_with_selection	6991	chr12R	SRR33298395.1729092	5	7	E-chr12R-5	E-chr14L-2	chr14L	11016	58347	58509	end
6991_day0_with_selection	6991	chr12R	SRR33298395.1729092	6	7	E-chr12R-6	E-chr4R-3	chr4R	11016	58347	58509	end
6991_day0_with_selection	6991	chr12R	SRR33298395.1729092	7	7	E-chr12R-7	E-chr14L-2	chr14L	11016	58347	58509	end
6991_day0_with_selection	6991	chr12R	SRR33298395.1241496	2	7	E-chr12R-2	E-chr4R-3	chr4R	10996	58355	58502	end
6991_day0_with_selection	6991	chr12R	SRR33298395.1241496	3	7	E-chr12R-3	E-chr14L-2	chr14L	10996	58355	58502	end
6991_day0_with_selection	6991	chr12R	SRR33298395.1241496	4	7	E-chr12R-4	E-chr4R-3	chr4R	10996	58355	58502	end
6991_day0_with_selection	6991	chr12R	SRR33298395.1241496	5	7	E-chr12R-5	E-chr4R-3	chr4R	10996	58355	58502	end
6991_day0_with_selection	6991	chr12R	SRR33298395.1241496	6	7	E-chr12R-6	E-chr4R-3	chr4R	10996	58355	58502	end
6991_day0_with_selection	6991	chr12R	SRR33298395.1241496	7	7	E-chr12R-7	E-chr14L-2	chr14L	10996	58355	58502	end
6991_day0_with_selection	6991	chr12R	SRR33298395.932779	2	7	E-chr12R-2	E-chr4R-3	chr4R	132	47524	58514	beginning
6991_day0_with_selection	6991	chr12R	SRR33298395.932779	3	7	E-chr12R-3	E-chr4R-3	chr4R	132	47524	58514	beginning
6991_day0_with_selection	6991	chr12R	SRR33298395.932779	4	7	E-chr12R-4	E-chr4R-7	chr4R	132	47524	58514	beginning
6991_day0_with_selection	6991	chr12R	SRR33298395.932779	5	7	E-chr12R-5	E-chr4R-7	chr4R	132	47524	58514	beginning
6991_day0_with_selection	6991	chr12R	SRR33298395.932779	6	7	E-chr12R-6	E-chr4R-7	chr4R	132	47524	58514	beginning
6991_day0_with_selection	6991	chr12R	SRR33298395.932779	7	7	E-chr12R-7	E-chr4R-3	chr4R	132	47524	58514	beginning
6991_day0_with_selection	6991	chr12R	SRR33298395.655743	2	7	E-chr12R-2	E-chr4R-3	chr4R	170	47506	58514	beginning
6991_day0_with_selection	6991	chr12R	SRR33298395.655743	3	7	E-chr12R-3	E-chr4R-7	chr4R	170	47506	58514	beginning
6991_day0_with_selection	6991	chr12R	SRR33298395.655743	4	7	E-chr12R-4	E-chr4R-3	chr4R	170	47506	58514	beginning
6991_day0_with_selection	6991	chr12R	SRR33298395.655743	5	7	E-chr12R-5	E-chr4R-7	chr4R	170	47506	58514	beginning
6991_day0_with_selection	6991	chr12R	SRR33298395.655743	6	7	E-chr12R-6	E-chr4R-3	chr4R	170	47506	58514	beginning
6991_day0_with_selection	6991	chr12R	SRR33298395.655743	7	7	E-chr12R-7	E-chr4R-7	chr4R	170	47506	58514	beginning
6991_day0_with_selection	6991	chr12R	SRR33298395.1152277	2	7	E-chr12R-2	E-chr4R-3	chr4R	11004	58390	58508	end
6991_day0_with_selection	6991	chr12R	SRR33298395.1152277	3	7	E-chr12R-3	E-chr14L-2	chr14L	11004	58390	58508	end
6991_day0_with_selection	6991	chr12R	SRR33298395.1152277	4	7	E-chr12R-4	E-chr14L-2	chr14L	11004	58390	58508	end
6991_day0_with_selection	6991	chr12R	SRR33298395.1152277	5	7	E-chr12R-5	E-chr14L-2	chr14L	11004	58390	58508	end
6991_day0_with_selection	6991	chr12R	SRR33298395.1152277	6	7	E-chr12R-6	E-chr14L-2	chr14L	11004	58390	58508	end
6991_day0_with_selection	6991	chr12R	SRR33298395.1152277	7	7	E-chr12R-7	E-chr14L-2	chr14L	11004	58390	58508	end
6991_day0_with_selection	6991	chr12R	SRR33298395.350710	2	7	E-chr12R-2	E-chr4R-7	chr4R	124	47513	58507	beginning
6991_day0_with_selection	6991	chr12R	SRR33298395.350710	3	7	E-chr12R-3	E-chr4R-3	chr4R	124	47513	58507	beginning
6991_day0_with_selection	6991	chr12R	SRR33298395.350710	4	7	E-chr12R-4	E-chr4R-3	chr4R	124	47513	58507	beginning
6991_day0_with_selection	6991	chr12R	SRR33298395.350710	5	7	E-chr12R-5	E-chr4R-7	chr4R	124	47513	58507	beginning
6991_day0_with_selection	6991	chr12R	SRR33298395.350710	6	7	E-chr12R-6	E-chr4R-3	chr4R	124	47513	58507	beginning
6991_day0_with_selection	6991	chr12R	SRR33298395.350710	7	7	E-chr12R-7	E-chr4R-7	chr4R	124	47513	58507	beginning
6991_day0_with_selection	6991	chr12R	SRR33298395.808578	2	7	E-chr12R-2	E-chr4R-3	chr4R	8828	56179	56332	end
6991_day0_with_selection	6991	chr12R	SRR33298395.808578	3	7	E-chr12R-3	E-chr14L-2	chr14L	8828	56179	56332	end
6991_day0_with_selection	6991	chr12R	SRR33298395.808578	4	7	E-chr12R-4	E-chr14L-2	chr14L	8828	56179	56332	end
6991_day0_with_selection	6991	chr12R	SRR33298395.808578	5	7	E-chr12R-5	E-chr14L-2	chr14L	8828	56179	56332	end
6991_day0_with_selection	6991	chr12R	SRR33298395.808578	6	7	E-chr12R-6	E-chr4R-3	chr4R	8828	56179	56332	end
6991_day0_with_selection	6991	chr12R	SRR33298395.808578	7	7	E-chr12R-7	E-chr4R-3	chr4R	8828	56179	56332	end
6991_day0_with_selection	6991	chr12R	SRR33298395.817554	2	7	E-chr12R-2	E-chr14L-2	chr14L	10048	57426	57557	end
6991_day0_with_selection	6991	chr12R	SRR33298395.817554	3	7	E-chr12R-3	E-chr14L-2	chr14L	10048	57426	57557	end
6991_day0_with_selection	6991	chr12R	SRR33298395.817554	4	7	E-chr12R-4	E-chr4R-3	chr4R	10048	57426	57557	end
6991_day0_with_selection	6991	chr12R	SRR33298395.817554	5	7	E-chr12R-5	E-chr14L-2	chr14L	10048	57426	57557	end
6991_day0_with_selection	6991	chr12R	SRR33298395.817554	6	7	E-chr12R-6	E-chr14L-2	chr14L	10048	57426	57557	end
6991_day0_with_selection	6991	chr12R	SRR33298395.817554	7	7	E-chr12R-7	E-chr14L-2	chr14L	10048	57426	57557	end
6991_day0_with_selection	6991	chr12R	SRR33298395.1859198	2	7	E-chr12R-2	E-chr4R-7	chr4R	177	47514	58512	beginning
6991_day0_with_selection	6991	chr12R	SRR33298395.1859198	3	7	E-chr12R-3	E-chr4R-7	chr4R	177	47514	58512	beginning
6991_day0_with_selection	6991	chr12R	SRR33298395.1859198	4	7	E-chr12R-4	E-chr4R-7	chr4R	177	47514	58512	beginning
6991_day0_with_selection	6991	chr12R	SRR33298395.1859198	5	7	E-chr12R-5	E-chr4R-3	chr4R	177	47514	58512	beginning
6991_day0_with_selection	6991	chr12R	SRR33298395.1859198	6	7	E-chr12R-6	E-chr4R-3	chr4R	177	47514	58512	beginning
6991_day0_with_selection	6991	chr12R	SRR33298395.1859198	7	7	E-chr12R-7	E-chr4R-3	chr4R	177	47514	58512	beginning
6991_day0_with_selection	6991	chr12R	SRR33298395.467369	2	7	E-chr12R-2	E-chr4R-3	chr4R	11047	58338	58511	end
6991_day0_with_selection	6991	chr12R	SRR33298395.467369	3	7	E-chr12R-3	E-chr4R-7	chr4R	11047	58338	58511	end
6991_day0_with_selection	6991	chr12R	SRR33298395.467369	4	7	E-chr12R-4	E-chr14L-2	chr14L	11047	58338	58511	end
6991_day0_with_selection	6991	chr12R	SRR33298395.467369	5	7	E-chr12R-5	E-chr4R-3	chr4R	11047	58338	58511	end
6991_day0_with_selection	6991	chr12R	SRR33298395.467369	6	7	E-chr12R-6	E-chr4R-3	chr4R	11047	58338	58511	end
6991_day0_with_selection	6991	chr12R	SRR33298395.467369	7	7	E-chr12R-7	E-chr14L-2	chr14L	11047	58338	58511	end
6991_day0_with_selection	6991	chr12R	SRR33298395.293756	2	7	E-chr12R-2	E-chr4R-3	chr4R	158	47502	58496	beginning
6991_day0_with_selection	6991	chr12R	SRR33298395.293756	3	7	E-chr12R-3	E-chr4R-7	chr4R	158	47502	58496	beginning
6991_day0_with_selection	6991	chr12R	SRR33298395.293756	4	7	E-chr12R-4	E-chr4R-3	chr4R	158	47502	58496	beginning
6991_day0_with_selection	6991	chr12R	SRR33298395.293756	5	7	E-chr12R-5	E-chr4R-7	chr4R	158	47502	58496	beginning
6991_day0_with_selection	6991	chr12R	SRR33298395.293756	6	7	E-chr12R-6	E-chr4R-3	chr4R	158	47502	58496	beginning
6991_day0_with_selection	6991	chr12R	SRR33298395.293756	7	7	E-chr12R-7	E-chr4R-3	chr4R	158	47502	58496	beginning
6991_day0_with_selection	6991	chr12R	SRR33298395.632819	2	7	E-chr12R-2	E-chr4R-7	chr4R	145	47504	58495	beginning
6991_day0_with_selection	6991	chr12R	SRR33298395.632819	3	7	E-chr12R-3	E-chr4R-7	chr4R	145	47504	58495	beginning
6991_day0_with_selection	6991	chr12R	SRR33298395.632819	4	7	E-chr12R-4	E-chr4R-3	chr4R	145	47504	58495	beginning
6991_day0_with_selection	6991	chr12R	SRR33298395.632819	5	7	E-chr12R-5	E-chr4R-3	chr4R	145	47504	58495	beginning
6991_day0_with_selection	6991	chr12R	SRR33298395.632819	6	7	E-chr12R-6	E-chr14L-2	chr14L	145	47504	58495	beginning
6991_day0_with_selection	6991	chr12R	SRR33298395.632819	7	7	E-chr12R-7	E-chr4R-3	chr4R	145	47504	58495	beginning
6991_day0_with_selection	6991	chr12R	SRR33298395.942286	2	7	E-chr12R-2	E-chr4R-3	chr4R	124	47506	58492	beginning
6991_day0_with_selection	6991	chr12R	SRR33298395.942286	3	7	E-chr12R-3	E-chr4R-3	chr4R	124	47506	58492	beginning
6991_day0_with_selection	6991	chr12R	SRR33298395.942286	4	7	E-chr12R-4	E-chr4R-3	chr4R	124	47506	58492	beginning
6991_day0_with_selection	6991	chr12R	SRR33298395.942286	5	7	E-chr12R-5	E-chr4R-3	chr4R	124	47506	58492	beginning
6991_day0_with_selection	6991	chr12R	SRR33298395.942286	6	7	E-chr12R-6	E-chr4R-7	chr4R	124	47506	58492	beginning
6991_day0_with_selection	6991	chr12R	SRR33298395.942286	7	7	E-chr12R-7	E-chr4R-3	chr4R	124	47506	58492	beginning
6991_day0_with_selection	6991	chr12R	SRR33298395.1321185	2	7	E-chr12R-2	E-chr14L-2	chr14L	11007	58315	58499	end
6991_day0_with_selection	6991	chr12R	SRR33298395.1321185	3	7	E-chr12R-3	E-chr14L-2	chr14L	11007	58315	58499	end
6991_day0_with_selection	6991	chr12R	SRR33298395.1321185	4	7	E-chr12R-4	E-chr14L-2	chr14L	11007	58315	58499	end
6991_day0_with_selection	6991	chr12R	SRR33298395.1321185	5	7	E-chr12R-5	E-chr4R-3	chr4R	11007	58315	58499	end
6991_day0_with_selection	6991	chr12R	SRR33298395.1321185	6	7	E-chr12R-6	E-chr14L-2	chr14L	11007	58315	58499	end
6991_day0_with_selection	6991	chr12R	SRR33298395.1321185	7	7	E-chr12R-7	E-chr4R-3	chr4R	11007	58315	58499	end
6991_day0_with_selection	6991	chr12R	SRR33298395.1714746	2	7	E-chr12R-2	E-chr4R-3	chr4R	11012	58369	58501	end
6991_day0_with_selection	6991	chr12R	SRR33298395.1714746	3	7	E-chr12R-3	E-chr14L-2	chr14L	11012	58369	58501	end
6991_day0_with_selection	6991	chr12R	SRR33298395.1714746	4	7	E-chr12R-4	E-chr4R-3	chr4R	11012	58369	58501	end
6991_day0_with_selection	6991	chr12R	SRR33298395.1714746	5	7	E-chr12R-5	E-chr4R-3	chr4R	11012	58369	58501	end
6991_day0_with_selection	6991	chr12R	SRR33298395.1714746	6	7	E-chr12R-6	E-chr14L-2	chr14L	11012	58369	58501	end
6991_day0_with_selection	6991	chr12R	SRR33298395.1714746	7	7	E-chr12R-7	E-chr14L-2	chr14L	11012	58369	58501	end
6991_day0_with_selection	6991	chr12R	SRR33298395.867101	2	7	E-chr12R-2	E-chr14L-2	chr14L	153	47500	58505	beginning
6991_day0_with_selection	6991	chr12R	SRR33298395.867101	3	7	E-chr12R-3	E-chr4R-3	chr4R	153	47500	58505	beginning
6991_day0_with_selection	6991	chr12R	SRR33298395.867101	4	7	E-chr12R-4	E-chr4R-7	chr4R	153	47500	58505	beginning
6991_day0_with_selection	6991	chr12R	SRR33298395.867101	5	7	E-chr12R-5	E-chr14L-2	chr14L	153	47500	58505	beginning
6991_day0_with_selection	6991	chr12R	SRR33298395.867101	6	7	E-chr12R-6	E-chr4R-3	chr4R	153	47500	58505	beginning
6991_day0_with_selection	6991	chr12R	SRR33298395.867101	7	7	E-chr12R-7	E-chr4R-3	chr4R	153	47500	58505	beginning
6991_day0_with_selection	6991	chr12R	SRR33298395.335820	2	7	E-chr12R-2	E-chr14L-2	chr14L	10366	57689	57844	end
6991_day0_with_selection	6991	chr12R	SRR33298395.335820	3	7	E-chr12R-3	E-chr4R-7	chr4R	10366	57689	57844	end
6991_day0_with_selection	6991	chr12R	SRR33298395.335820	4	7	E-chr12R-4	E-chr4R-3	chr4R	10366	57689	57844	end
6991_day0_with_selection	6991	chr12R	SRR33298395.335820	5	7	E-chr12R-5	E-chr4R-3	chr4R	10366	57689	57844	end
6991_day0_with_selection	6991	chr12R	SRR33298395.335820	6	7	E-chr12R-6	E-chr14L-2	chr14L	10366	57689	57844	end
6991_day0_with_selection	6991	chr12R	SRR33298395.335820	7	7	E-chr12R-7	E-chr4R-3	chr4R	10366	57689	57844	end
6991_day0_with_selection	6991	chr12R	SRR33298395.289627	2	7	E-chr12R-2	E-chr4R-3	chr4R	118	47480	58481	beginning
6991_day0_with_selection	6991	chr12R	SRR33298395.289627	3	7	E-chr12R-3	E-chr4R-7	chr4R	118	47480	58481	beginning
6991_day0_with_selection	6991	chr12R	SRR33298395.289627	4	7	E-chr12R-4	E-chr4R-3	chr4R	118	47480	58481	beginning
6991_day0_with_selection	6991	chr12R	SRR33298395.289627	5	7	E-chr12R-5	E-chr4R-3	chr4R	118	47480	58481	beginning
6991_day0_with_selection	6991	chr12R	SRR33298395.289627	6	7	E-chr12R-6	E-chr4R-3	chr4R	118	47480	58481	beginning
6991_day0_with_selection	6991	chr12R	SRR33298395.289627	7	7	E-chr12R-7	E-chr4R-7	chr4R	118	47480	58481	beginning
6991_day0_with_selection	6991	chr12R	SRR33298395.1508485	2	7	E-chr12R-2	E-chr4R-7	chr4R	215	47488	58477	beginning
6991_day0_with_selection	6991	chr12R	SRR33298395.1508485	3	7	E-chr12R-3	E-chr4R-7	chr4R	215	47488	58477	beginning
6991_day0_with_selection	6991	chr12R	SRR33298395.1508485	4	7	E-chr12R-4	E-chr4R-7	chr4R	215	47488	58477	beginning
6991_day0_with_selection	6991	chr12R	SRR33298395.1508485	5	7	E-chr12R-5	E-chr4R-7	chr4R	215	47488	58477	beginning
6991_day0_with_selection	6991	chr12R	SRR33298395.1508485	6	7	E-chr12R-6	E-chr14L-2	chr14L	215	47488	58477	beginning
6991_day0_with_selection	6991	chr12R	SRR33298395.1508485	7	7	E-chr12R-7	E-chr4R-7	chr4R	215	47488	58477	beginning
6991_day0_with_selection	6991	chr12R	SRR33298395.1305216	2	7	E-chr12R-2	E-chr14L-2	chr14L	200	47561	58464	beginning
6991_day0_with_selection	6991	chr12R	SRR33298395.1305216	3	7	E-chr12R-3	E-chr4R-3	chr4R	200	47561	58464	beginning
6991_day0_with_selection	6991	chr12R	SRR33298395.1305216	4	7	E-chr12R-4	E-chr4R-3	chr4R	200	47561	58464	beginning
6991_day0_with_selection	6991	chr12R	SRR33298395.1305216	5	7	E-chr12R-5	E-chr4R-3	chr4R	200	47561	58464	beginning
6991_day0_with_selection	6991	chr12R	SRR33298395.1305216	6	7	E-chr12R-6	E-chr4R-7	chr4R	200	47561	58464	beginning
6991_day0_with_selection	6991	chr12R	SRR33298395.1305216	7	7	E-chr12R-7	E-chr4R-7	chr4R	200	47561	58464	beginning
6991_day0_with_selection	6991	chr12R	SRR33298395.793501	2	7	E-chr12R-2	E-chr4R-3	chr4R	11008	58378	58492	end
6991_day0_with_selection	6991	chr12R	SRR33298395.793501	3	7	E-chr12R-3	E-chr4R-3	chr4R	11008	58378	58492	end
6991_day0_with_selection	6991	chr12R	SRR33298395.793501	4	7	E-chr12R-4	E-chr4R-3	chr4R	11008	58378	58492	end
6991_day0_with_selection	6991	chr12R	SRR33298395.793501	5	7	E-chr12R-5	E-chr14L-2	chr14L	11008	58378	58492	end
6991_day0_with_selection	6991	chr12R	SRR33298395.793501	6	7	E-chr12R-6	E-chr14L-2	chr14L	11008	58378	58492	end
6991_day0_with_selection	6991	chr12R	SRR33298395.793501	7	7	E-chr12R-7	E-chr4R-3	chr4R	11008	58378	58492	end
6991_day0_with_selection	6991	chr12R	SRR33298395.227226	2	7	E-chr12R-2	E-chr4R-3	chr4R	125	47481	58484	beginning
6991_day0_with_selection	6991	chr12R	SRR33298395.227226	3	7	E-chr12R-3	E-chr4R-3	chr4R	125	47481	58484	beginning
6991_day0_with_selection	6991	chr12R	SRR33298395.227226	4	7	E-chr12R-4	E-chr4R-7	chr4R	125	47481	58484	beginning
6991_day0_with_selection	6991	chr12R	SRR33298395.227226	5	7	E-chr12R-5	E-chr4R-3	chr4R	125	47481	58484	beginning
6991_day0_with_selection	6991	chr12R	SRR33298395.227226	6	7	E-chr12R-6	E-chr4R-3	chr4R	125	47481	58484	beginning
6991_day0_with_selection	6991	chr12R	SRR33298395.227226	7	7	E-chr12R-7	E-chr4R-7	chr4R	125	47481	58484	beginning
6991_day0_with_selection	6991	chr12R	SRR33298395.428777	2	7	E-chr12R-2	E-chr4R-3	chr4R	10999	58267	58503	end
6991_day0_with_selection	6991	chr12R	SRR33298395.428777	3	7	E-chr12R-3	E-chr4R-3	chr4R	10999	58267	58503	end
6991_day0_with_selection	6991	chr12R	SRR33298395.428777	4	7	E-chr12R-4	E-chr14L-2	chr14L	10999	58267	58503	end
6991_day0_with_selection	6991	chr12R	SRR33298395.428777	5	7	E-chr12R-5	E-chr14L-2	chr14L	10999	58267	58503	end
6991_day0_with_selection	6991	chr12R	SRR33298395.428777	6	7	E-chr12R-6	E-chr4R-7	chr4R	10999	58267	58503	end
6991_day0_with_selection	6991	chr12R	SRR33298395.428777	7	7	E-chr12R-7	E-chr14L-2	chr14L	10999	58267	58503	end
6991_day0_with_selection	6991	chr12R	SRR33298395.1379780	2	7	E-chr12R-2	E-chr4R-3	chr4R	11021	58373	58491	end
6991_day0_with_selection	6991	chr12R	SRR33298395.1379780	3	7	E-chr12R-3	E-chr4R-3	chr4R	11021	58373	58491	end
6991_day0_with_selection	6991	chr12R	SRR33298395.1379780	4	7	E-chr12R-4	E-chr4R-3	chr4R	11021	58373	58491	end
6991_day0_with_selection	6991	chr12R	SRR33298395.1379780	5	7	E-chr12R-5	E-chr14L-2	chr14L	11021	58373	58491	end
6991_day0_with_selection	6991	chr12R	SRR33298395.1379780	6	7	E-chr12R-6	E-chr14L-2	chr14L	11021	58373	58491	end
6991_day0_with_selection	6991	chr12R	SRR33298395.1379780	7	7	E-chr12R-7	E-chr4R-3	chr4R	11021	58373	58491	end
6991_day0_with_selection	6991	chr12R	SRR33298395.471637	2	7	E-chr12R-2	E-chr14L-2	chr14L	11004	58314	58482	end
6991_day0_with_selection	6991	chr12R	SRR33298395.471637	3	7	E-chr12R-3	E-chr4R-3	chr4R	11004	58314	58482	end
6991_day0_with_selection	6991	chr12R	SRR33298395.471637	4	7	E-chr12R-4	E-chr14L-2	chr14L	11004	58314	58482	end
6991_day0_with_selection	6991	chr12R	SRR33298395.471637	5	7	E-chr12R-5	E-chr14L-2	chr14L	11004	58314	58482	end
6991_day0_with_selection	6991	chr12R	SRR33298395.471637	6	7	E-chr12R-6	E-chr4R-3	chr4R	11004	58314	58482	end
6991_day0_with_selection	6991	chr12R	SRR33298395.471637	7	7	E-chr12R-7	E-chr14L-2	chr14L	11004	58314	58482	end
6991_day0_with_selection	6991	chr12R	SRR33298395.1227554	2	7	E-chr12R-2	E-chr14L-2	chr14L	9150	56453	56630	end
6991_day0_with_selection	6991	chr12R	SRR33298395.1227554	3	7	E-chr12R-3	E-chr14L-2	chr14L	9150	56453	56630	end
6991_day0_with_selection	6991	chr12R	SRR33298395.1227554	4	7	E-chr12R-4	E-chr14L-2	chr14L	9150	56453	56630	end
6991_day0_with_selection	6991	chr12R	SRR33298395.1227554	5	7	E-chr12R-5	E-chr4R-3	chr4R	9150	56453	56630	end
6991_day0_with_selection	6991	chr12R	SRR33298395.1227554	6	7	E-chr12R-6	E-chr4R-3	chr4R	9150	56453	56630	end
6991_day0_with_selection	6991	chr12R	SRR33298395.1227554	7	7	E-chr12R-7	E-chr4R-3	chr4R	9150	56453	56630	end
6991_day0_with_selection	6991	chr12R	SRR33298395.694879	2	7	E-chr12R-2	E-chr4R-3	chr4R	11014	58386	58484	end
6991_day0_with_selection	6991	chr12R	SRR33298395.694879	3	7	E-chr12R-3	E-chr14L-2	chr14L	11014	58386	58484	end
6991_day0_with_selection	6991	chr12R	SRR33298395.694879	4	7	E-chr12R-4	E-chr4R-5	chr4R	11014	58386	58484	end
6991_day0_with_selection	6991	chr12R	SRR33298395.694879	5	7	E-chr12R-5	E-chr14L-2	chr14L	11014	58386	58484	end
6991_day0_with_selection	6991	chr12R	SRR33298395.694879	6	7	E-chr12R-6	E-chr4R-3	chr4R	11014	58386	58484	end
6991_day0_with_selection	6991	chr12R	SRR33298395.694879	7	7	E-chr12R-7	E-chr4R-3	chr4R	11014	58386	58484	end
6991_day0_with_selection	6991	chr12R	SRR33298395.346230	2	7	E-chr12R-2	E-chr4R-3	chr4R	10576	57947	58045	end
6991_day0_with_selection	6991	chr12R	SRR33298395.346230	3	7	E-chr12R-3	E-chr4R-3	chr4R	10576	57947	58045	end
6991_day0_with_selection	6991	chr12R	SRR33298395.346230	4	7	E-chr12R-4	E-chr4R-3	chr4R	10576	57947	58045	end
6991_day0_with_selection	6991	chr12R	SRR33298395.346230	5	7	E-chr12R-5	E-chr14L-2	chr14L	10576	57947	58045	end
6991_day0_with_selection	6991	chr12R	SRR33298395.346230	6	7	E-chr12R-6	E-chr4R-3	chr4R	10576	57947	58045	end
6991_day0_with_selection	6991	chr12R	SRR33298395.346230	7	7	E-chr12R-7	E-chr4R-3	chr4R	10576	57947	58045	end
6991_day0_with_selection	6991	chr12R	SRR33298395.659955	2	7	E-chr12R-2	E-chr4R-7	chr4R	97	47480	58474	beginning
6991_day0_with_selection	6991	chr12R	SRR33298395.659955	3	7	E-chr12R-3	E-chr4R-7	chr4R	97	47480	58474	beginning
6991_day0_with_selection	6991	chr12R	SRR33298395.659955	4	7	E-chr12R-4	E-chr4R-3	chr4R	97	47480	58474	beginning
6991_day0_with_selection	6991	chr12R	SRR33298395.659955	5	7	E-chr12R-5	E-chr4R-3	chr4R	97	47480	58474	beginning
6991_day0_with_selection	6991	chr12R	SRR33298395.659955	6	7	E-chr12R-6	E-chr4R-3	chr4R	97	47480	58474	beginning
6991_day0_with_selection	6991	chr12R	SRR33298395.659955	7	7	E-chr12R-7	E-chr4R-3	chr4R	97	47480	58474	beginning
6991_day0_with_selection	6991	chr12R	SRR33298395.1038585	2	7	E-chr12R-2	E-chr4R-7	chr4R	124	47492	58459	beginning
6991_day0_with_selection	6991	chr12R	SRR33298395.1038585	3	7	E-chr12R-3	E-chr4R-7	chr4R	124	47492	58459	beginning
6991_day0_with_selection	6991	chr12R	SRR33298395.1038585	4	7	E-chr12R-4	E-chr4R-3	chr4R	124	47492	58459	beginning
6991_day0_with_selection	6991	chr12R	SRR33298395.1038585	5	7	E-chr12R-5	E-chr4R-7	chr4R	124	47492	58459	beginning
6991_day0_with_selection	6991	chr12R	SRR33298395.1038585	6	7	E-chr12R-6	E-chr4R-7	chr4R	124	47492	58459	beginning
6991_day0_with_selection	6991	chr12R	SRR33298395.1038585	7	7	E-chr12R-7	E-chr4R-7	chr4R	124	47492	58459	beginning
6991_day0_with_selection	6991	chr12R	SRR33298395.421297	2	7	E-chr12R-2	E-chr4R-3	chr4R	10980	58274	58453	end
6991_day0_with_selection	6991	chr12R	SRR33298395.421297	3	7	E-chr12R-3	E-chr14L-2	chr14L	10980	58274	58453	end
6991_day0_with_selection	6991	chr12R	SRR33298395.421297	4	7	E-chr12R-4	E-chr14L-2	chr14L	10980	58274	58453	end
6991_day0_with_selection	6991	chr12R	SRR33298395.421297	5	7	E-chr12R-5	E-chr14L-2	chr14L	10980	58274	58453	end
6991_day0_with_selection	6991	chr12R	SRR33298395.421297	6	7	E-chr12R-6	E-chr14L-2	chr14L	10980	58274	58453	end
6991_day0_with_selection	6991	chr12R	SRR33298395.421297	7	7	E-chr12R-7	E-chr4R-3	chr4R	10980	58274	58453	end
6991_day0_with_selection	6991	chr12R	SRR33298395.1715430	2	7	E-chr12R-2	E-chr4R-3	chr4R	9764	57080	57220	end
6991_day0_with_selection	6991	chr12R	SRR33298395.1715430	3	7	E-chr12R-3	E-chr14L-2	chr14L	9764	57080	57220	end
6991_day0_with_selection	6991	chr12R	SRR33298395.1715430	4	7	E-chr12R-4	E-chr4R-3	chr4R	9764	57080	57220	end
6991_day0_with_selection	6991	chr12R	SRR33298395.1715430	5	7	E-chr12R-5	E-chr14L-2	chr14L	9764	57080	57220	end
6991_day0_with_selection	6991	chr12R	SRR33298395.1715430	6	7	E-chr12R-6	E-chr4R-3	chr4R	9764	57080	57220	end
6991_day0_with_selection	6991	chr12R	SRR33298395.1715430	7	7	E-chr12R-7	E-chr14L-2	chr14L	9764	57080	57220	end
6991_day0_with_selection	6991	chr12R	SRR33298395.219567	2	7	E-chr12R-2	E-chr4R-3	chr4R	227	47447	58485	beginning
6991_day0_with_selection	6991	chr12R	SRR33298395.219567	3	7	E-chr12R-3	E-chr4R-3	chr4R	227	47447	58485	beginning
6991_day0_with_selection	6991	chr12R	SRR33298395.219567	4	7	E-chr12R-4	E-chr14L-2	chr14L	227	47447	58485	beginning
6991_day0_with_selection	6991	chr12R	SRR33298395.219567	5	7	E-chr12R-5	E-chr4R-7	chr4R	227	47447	58485	beginning
6991_day0_with_selection	6991	chr12R	SRR33298395.219567	6	7	E-chr12R-6	E-chr4R-3	chr4R	227	47447	58485	beginning
6991_day0_with_selection	6991	chr12R	SRR33298395.219567	7	7	E-chr12R-7	E-chr4R-3	chr4R	227	47447	58485	beginning
6991_day0_with_selection	6991	chr12R	SRR33298395.1579251	2	7	E-chr12R-2	E-chr14L-2	chr14L	11038	58390	58458	end
6991_day0_with_selection	6991	chr12R	SRR33298395.1579251	3	7	E-chr12R-3	E-chr4R-3	chr4R	11038	58390	58458	end
6991_day0_with_selection	6991	chr12R	SRR33298395.1579251	4	7	E-chr12R-4	E-chr14L-2	chr14L	11038	58390	58458	end
6991_day0_with_selection	6991	chr12R	SRR33298395.1579251	5	7	E-chr12R-5	E-chr14L-2	chr14L	11038	58390	58458	end
6991_day0_with_selection	6991	chr12R	SRR33298395.1579251	6	7	E-chr12R-6	E-chr14L-2	chr14L	11038	58390	58458	end
6991_day0_with_selection	6991	chr12R	SRR33298395.1579251	7	7	E-chr12R-7	E-chr14L-2	chr14L	11038	58390	58458	end
6991_day0_with_selection	6991	chr12R	SRR33298395.1488273	2	7	E-chr12R-2	E-chr14L-2	chr14L	11029	58388	58475	end
6991_day0_with_selection	6991	chr12R	SRR33298395.1488273	3	7	E-chr12R-3	E-chr14L-2	chr14L	11029	58388	58475	end
6991_day0_with_selection	6991	chr12R	SRR33298395.1488273	4	7	E-chr12R-4	E-chr4R-3	chr4R	11029	58388	58475	end
6991_day0_with_selection	6991	chr12R	SRR33298395.1488273	5	7	E-chr12R-5	E-chr14L-2	chr14L	11029	58388	58475	end
6991_day0_with_selection	6991	chr12R	SRR33298395.1488273	6	7	E-chr12R-6	E-chr14L-2	chr14L	11029	58388	58475	end
6991_day0_with_selection	6991	chr12R	SRR33298395.1488273	7	7	E-chr12R-7	E-chr4R-3	chr4R	11029	58388	58475	end
6991_day0_with_selection	6991	chr12R	SRR33298395.463167	2	7	E-chr12R-2	E-chr4R-3	chr4R	10709	57987	58162	end
6991_day0_with_selection	6991	chr12R	SRR33298395.463167	3	7	E-chr12R-3	E-chr4R-3	chr4R	10709	57987	58162	end
6991_day0_with_selection	6991	chr12R	SRR33298395.463167	4	7	E-chr12R-4	E-chr14L-2	chr14L	10709	57987	58162	end
6991_day0_with_selection	6991	chr12R	SRR33298395.463167	5	7	E-chr12R-5	E-chr4R-3	chr4R	10709	57987	58162	end
6991_day0_with_selection	6991	chr12R	SRR33298395.463167	6	7	E-chr12R-6	E-chr4R-3	chr4R	10709	57987	58162	end
6991_day0_with_selection	6991	chr12R	SRR33298395.463167	7	7	E-chr12R-7	E-chr4R-3	chr4R	10709	57987	58162	end
6991_day0_with_selection	6991	chr12R	SRR33298395.314697	2	7	E-chr12R-2	E-chr14L-2	chr14L	11018	58371	58448	end
6991_day0_with_selection	6991	chr12R	SRR33298395.314697	3	7	E-chr12R-3	E-chr14L-2	chr14L	11018	58371	58448	end
6991_day0_with_selection	6991	chr12R	SRR33298395.314697	4	7	E-chr12R-4	E-chr4R-3	chr4R	11018	58371	58448	end
6991_day0_with_selection	6991	chr12R	SRR33298395.314697	5	7	E-chr12R-5	E-chr4R-3	chr4R	11018	58371	58448	end
6991_day0_with_selection	6991	chr12R	SRR33298395.314697	6	7	E-chr12R-6	E-chr14L-2	chr14L	11018	58371	58448	end
6991_day0_with_selection	6991	chr12R	SRR33298395.314697	7	7	E-chr12R-7	E-chr4R-3	chr4R	11018	58371	58448	end
6991_day0_with_selection	6991	chr12R	SRR33298395.1649886	2	7	E-chr12R-2	E-chr14L-2	chr14L	11001	58346	58437	end
6991_day0_with_selection	6991	chr12R	SRR33298395.1649886	3	7	E-chr12R-3	E-chr14L-2	chr14L	11001	58346	58437	end
6991_day0_with_selection	6991	chr12R	SRR33298395.1649886	4	7	E-chr12R-4	E-chr4R-3	chr4R	11001	58346	58437	end
6991_day0_with_selection	6991	chr12R	SRR33298395.1649886	5	7	E-chr12R-5	E-chr4R-3	chr4R	11001	58346	58437	end
6991_day0_with_selection	6991	chr12R	SRR33298395.1649886	6	7	E-chr12R-6	E-chr14L-2	chr14L	11001	58346	58437	end
6991_day0_with_selection	6991	chr12R	SRR33298395.1649886	7	7	E-chr12R-7	E-chr4R-3	chr4R	11001	58346	58437	end
6991_day0_with_selection	6991	chr12R	SRR33298395.225149	2	7	E-chr12R-2	E-chr14L-2	chr14L	8903	56239	56341	end
6991_day0_with_selection	6991	chr12R	SRR33298395.225149	3	7	E-chr12R-3	E-chr4R-7	chr4R	8903	56239	56341	end
6991_day0_with_selection	6991	chr12R	SRR33298395.225149	4	7	E-chr12R-4	E-chr14L-2	chr14L	8903	56239	56341	end
6991_day0_with_selection	6991	chr12R	SRR33298395.225149	5	7	E-chr12R-5	E-chr14L-2	chr14L	8903	56239	56341	end
6991_day0_with_selection	6991	chr12R	SRR33298395.225149	6	7	E-chr12R-6	E-chr4R-3	chr4R	8903	56239	56341	end
6991_day0_with_selection	6991	chr12R	SRR33298395.225149	7	7	E-chr12R-7	E-chr14L-2	chr14L	8903	56239	56341	end
6991_day0_with_selection	6991	chr12R	SRR33298395.1253609	2	7	E-chr12R-2	E-chr4R-7	chr4R	117	47462	58471	beginning
6991_day0_with_selection	6991	chr12R	SRR33298395.1253609	3	7	E-chr12R-3	E-chr4R-7	chr4R	117	47462	58471	beginning
6991_day0_with_selection	6991	chr12R	SRR33298395.1253609	4	7	E-chr12R-4	E-chr4R-7	chr4R	117	47462	58471	beginning
6991_day0_with_selection	6991	chr12R	SRR33298395.1253609	5	7	E-chr12R-5	E-chr4R-7	chr4R	117	47462	58471	beginning
6991_day0_with_selection	6991	chr12R	SRR33298395.1253609	6	7	E-chr12R-6	E-chr4R-7	chr4R	117	47462	58471	beginning
6991_day0_with_selection	6991	chr12R	SRR33298395.1253609	7	7	E-chr12R-7	E-chr4R-7	chr4R	117	47462	58471	beginning
6991_day0_with_selection	6991	chr12R	SRR33298395.1332003	2	7	E-chr12R-2	E-chr4R-7	chr4R	144	47530	58372	beginning
6991_day0_with_selection	6991	chr12R	SRR33298395.1332003	3	7	E-chr12R-3	E-chr4R-3	chr4R	144	47530	58372	beginning
6991_day0_with_selection	6991	chr12R	SRR33298395.1332003	4	7	E-chr12R-4	E-chr4R-3	chr4R	144	47530	58372	beginning
6991_day0_with_selection	6991	chr12R	SRR33298395.1332003	5	7	E-chr12R-5	E-chr4R-7	chr4R	144	47530	58372	beginning
6991_day0_with_selection	6991	chr12R	SRR33298395.1332003	6	7	E-chr12R-6	E-chr4R-3	chr4R	144	47530	58372	beginning
6991_day0_with_selection	6991	chr12R	SRR33298395.1332003	7	7	E-chr12R-7	E-chr4R-3	chr4R	144	47530	58372	beginning
6991_day0_with_selection	6991	chr12R	SRR33298395.927117	2	7	E-chr12R-2	E-chr4R-3	chr4R	145	47444	58428	beginning
6991_day0_with_selection	6991	chr12R	SRR33298395.927117	3	7	E-chr12R-3	E-chr4R-7	chr4R	145	47444	58428	beginning
6991_day0_with_selection	6991	chr12R	SRR33298395.927117	4	7	E-chr12R-4	E-chr4R-3	chr4R	145	47444	58428	beginning
6991_day0_with_selection	6991	chr12R	SRR33298395.927117	5	7	E-chr12R-5	E-chr14L-2	chr14L	145	47444	58428	beginning
6991_day0_with_selection	6991	chr12R	SRR33298395.927117	6	7	E-chr12R-6	E-chr4R-3	chr4R	145	47444	58428	beginning
6991_day0_with_selection	6991	chr12R	SRR33298395.927117	7	7	E-chr12R-7	E-chr4R-7	chr4R	145	47444	58428	beginning
6991_day0_with_selection	6991	chr12R	SRR33298395.694878	2	7	E-chr12R-2	E-chr4R-7	chr4R	132	47454	58380	beginning
6991_day0_with_selection	6991	chr12R	SRR33298395.694878	3	7	E-chr12R-3	E-chr4R-7	chr4R	132	47454	58380	beginning
6991_day0_with_selection	6991	chr12R	SRR33298395.694878	4	7	E-chr12R-4	E-chr4R-7	chr4R	132	47454	58380	beginning
6991_day0_with_selection	6991	chr12R	SRR33298395.694878	5	7	E-chr12R-5	E-chr4R-7	chr4R	132	47454	58380	beginning
6991_day0_with_selection	6991	chr12R	SRR33298395.694878	6	7	E-chr12R-6	E-chr4R-7	chr4R	132	47454	58380	beginning
6991_day0_with_selection	6991	chr12R	SRR33298395.694878	7	7	E-chr12R-7	E-chr4R-7	chr4R	132	47454	58380	beginning
6991_day0_with_selection	6991	chr12R	SRR33298395.960953	2	7	E-chr12R-2	E-chr14L-2	chr14L	11009	58308	58425	end
6991_day0_with_selection	6991	chr12R	SRR33298395.960953	3	7	E-chr12R-3	E-chr4R-3	chr4R	11009	58308	58425	end
6991_day0_with_selection	6991	chr12R	SRR33298395.960953	4	7	E-chr12R-4	E-chr4R-3	chr4R	11009	58308	58425	end
6991_day0_with_selection	6991	chr12R	SRR33298395.960953	5	7	E-chr12R-5	E-chr4R-3	chr4R	11009	58308	58425	end
6991_day0_with_selection	6991	chr12R	SRR33298395.960953	6	7	E-chr12R-6	E-chr4R-3	chr4R	11009	58308	58425	end
6991_day0_with_selection	6991	chr12R	SRR33298395.960953	7	7	E-chr12R-7	E-chr14L-2	chr14L	11009	58308	58425	end
6991_day0_with_selection	6991	chr12R	SRR33298395.1525046	2	7	E-chr12R-2	E-chr4R-3	chr4R	106	47430	58417	beginning
6991_day0_with_selection	6991	chr12R	SRR33298395.1525046	3	7	E-chr12R-3	E-chr4R-3	chr4R	106	47430	58417	beginning
6991_day0_with_selection	6991	chr12R	SRR33298395.1525046	4	7	E-chr12R-4	E-chr4R-7	chr4R	106	47430	58417	beginning
6991_day0_with_selection	6991	chr12R	SRR33298395.1525046	5	7	E-chr12R-5	E-chr4R-7	chr4R	106	47430	58417	beginning
6991_day0_with_selection	6991	chr12R	SRR33298395.1525046	6	7	E-chr12R-6	E-chr4R-7	chr4R	106	47430	58417	beginning
6991_day0_with_selection	6991	chr12R	SRR33298395.1525046	7	7	E-chr12R-7	E-chr4R-3	chr4R	106	47430	58417	beginning
6991_day0_with_selection	6991	chr12R	SRR33298395.176407	2	7	E-chr12R-2	E-chr4R-3	chr4R	156	47444	56453	beginning
6991_day0_with_selection	6991	chr12R	SRR33298395.176407	3	7	E-chr12R-3	E-chr4R-3	chr4R	156	47444	56453	beginning
6991_day0_with_selection	6991	chr12R	SRR33298395.176407	4	7	E-chr12R-4	E-chr14L-2	chr14L	156	47444	56453	beginning
6991_day0_with_selection	6991	chr12R	SRR33298395.176407	5	7	E-chr12R-5	E-chr4R-3	chr4R	156	47444	56453	beginning
6991_day0_with_selection	6991	chr12R	SRR33298395.176407	6	7	E-chr12R-6	E-chr4R-3	chr4R	156	47444	56453	beginning
6991_day0_with_selection	6991	chr12R	SRR33298395.176407	7	7	E-chr12R-7	E-chr4R-3	chr4R	156	47444	56453	beginning
6991_day0_with_selection	6991	chr12R	SRR33298395.1253607	2	7	E-chr12R-2	E-chr4R-3	chr4R	10994	58264	58409	end
6991_day0_with_selection	6991	chr12R	SRR33298395.1253607	3	7	E-chr12R-3	E-chr14L-2	chr14L	10994	58264	58409	end
6991_day0_with_selection	6991	chr12R	SRR33298395.1253607	4	7	E-chr12R-4	E-chr4R-3	chr4R	10994	58264	58409	end
6991_day0_with_selection	6991	chr12R	SRR33298395.1253607	5	7	E-chr12R-5	E-chr4R-3	chr4R	10994	58264	58409	end
6991_day0_with_selection	6991	chr12R	SRR33298395.1253607	6	7	E-chr12R-6	E-chr14L-2	chr14L	10994	58264	58409	end
6991_day0_with_selection	6991	chr12R	SRR33298395.1253607	7	7	E-chr12R-7	E-chr14L-2	chr14L	10994	58264	58409	end
6991_day0_with_selection	6991	chr12R	SRR33298395.1476375	2	7	E-chr12R-2	E-chr4R-7	chr4R	174	47403	58420	beginning
6991_day0_with_selection	6991	chr12R	SRR33298395.1476375	3	7	E-chr12R-3	E-chr4R-7	chr4R	174	47403	58420	beginning
6991_day0_with_selection	6991	chr12R	SRR33298395.1476375	4	7	E-chr12R-4	E-chr4R-3	chr4R	174	47403	58420	beginning
6991_day0_with_selection	6991	chr12R	SRR33298395.1476375	5	7	E-chr12R-5	E-chr4R-7	chr4R	174	47403	58420	beginning
6991_day0_with_selection	6991	chr12R	SRR33298395.1476375	6	7	E-chr12R-6	E-chr4R-7	chr4R	174	47403	58420	beginning
6991_day0_with_selection	6991	chr12R	SRR33298395.1476375	7	7	E-chr12R-7	E-chr4R-3	chr4R	174	47403	58420	beginning
6991_day0_with_selection	6991	chr12R	SRR33298395.1313212	2	7	E-chr12R-2	E-chr4R-7	chr4R	231	47508	58325	beginning
6991_day0_with_selection	6991	chr12R	SRR33298395.1313212	3	7	E-chr12R-3	E-chr14L-2	chr14L	231	47508	58325	beginning
6991_day0_with_selection	6991	chr12R	SRR33298395.1313212	4	7	E-chr12R-4	E-chr4R-3	chr4R	231	47508	58325	beginning
6991_day0_with_selection	6991	chr12R	SRR33298395.1313212	5	7	E-chr12R-5	E-chr4R-3	chr4R	231	47508	58325	beginning
6991_day0_with_selection	6991	chr12R	SRR33298395.1313212	6	7	E-chr12R-6	E-chr4R-7	chr4R	231	47508	58325	beginning
6991_day0_with_selection	6991	chr12R	SRR33298395.1313212	7	7	E-chr12R-7	E-chr4R-3	chr4R	231	47508	58325	beginning
6991_day0_with_selection	6991	chr12R	SRR33298395.31436	2	7	E-chr12R-2	E-chr4R-7	chr4R	128	47413	58377	beginning
6991_day0_with_selection	6991	chr12R	SRR33298395.31436	3	7	E-chr12R-3	E-chr4R-7	chr4R	128	47413	58377	beginning
6991_day0_with_selection	6991	chr12R	SRR33298395.31436	4	7	E-chr12R-4	E-chr4R-7	chr4R	128	47413	58377	beginning
6991_day0_with_selection	6991	chr12R	SRR33298395.31436	5	7	E-chr12R-5	E-chr4R-3	chr4R	128	47413	58377	beginning
6991_day0_with_selection	6991	chr12R	SRR33298395.31436	6	7	E-chr12R-6	E-chr4R-3	chr4R	128	47413	58377	beginning
6991_day0_with_selection	6991	chr12R	SRR33298395.31436	7	7	E-chr12R-7	E-chr4R-7	chr4R	128	47413	58377	beginning
6991_day0_with_selection	6991	chr12R	SRR33298395.1392981	2	7	E-chr12R-2	E-chr4R-7	chr4R	193	47402	58417	beginning
6991_day0_with_selection	6991	chr12R	SRR33298395.1392981	3	7	E-chr12R-3	E-chr4R-3	chr4R	193	47402	58417	beginning
6991_day0_with_selection	6991	chr12R	SRR33298395.1392981	4	7	E-chr12R-4	E-chr4R-7	chr4R	193	47402	58417	beginning
6991_day0_with_selection	6991	chr12R	SRR33298395.1392981	5	7	E-chr12R-5	E-chr4R-7	chr4R	193	47402	58417	beginning
6991_day0_with_selection	6991	chr12R	SRR33298395.1392981	6	7	E-chr12R-6	E-chr4R-3	chr4R	193	47402	58417	beginning
6991_day0_with_selection	6991	chr12R	SRR33298395.1392981	7	7	E-chr12R-7	E-chr14L-2	chr14L	193	47402	58417	beginning
6991_day0_with_selection	6991	chr12R	SRR33298395.1759801	2	7	E-chr12R-2	E-chr14L-2	chr14L	10977	58252	58386	end
6991_day0_with_selection	6991	chr12R	SRR33298395.1759801	3	7	E-chr12R-3	E-chr4R-3	chr4R	10977	58252	58386	end
6991_day0_with_selection	6991	chr12R	SRR33298395.1759801	4	7	E-chr12R-4	E-chr14L-2	chr14L	10977	58252	58386	end
6991_day0_with_selection	6991	chr12R	SRR33298395.1759801	5	7	E-chr12R-5	E-chr14L-2	chr14L	10977	58252	58386	end
6991_day0_with_selection	6991	chr12R	SRR33298395.1759801	6	7	E-chr12R-6	E-chr4R-3	chr4R	10977	58252	58386	end
6991_day0_with_selection	6991	chr12R	SRR33298395.1759801	7	7	E-chr12R-7	E-chr4R-3	chr4R	10977	58252	58386	end
6991_day0_with_selection	6991	chr12R	SRR33298395.1829219	2	7	E-chr12R-2	E-chr4R-7	chr4R	164	47380	58370	beginning
6991_day0_with_selection	6991	chr12R	SRR33298395.1829219	3	7	E-chr12R-3	E-chr4R-3	chr4R	164	47380	58370	beginning
6991_day0_with_selection	6991	chr12R	SRR33298395.1829219	4	7	E-chr12R-4	E-chr4R-3	chr4R	164	47380	58370	beginning
6991_day0_with_selection	6991	chr12R	SRR33298395.1829219	5	7	E-chr12R-5	E-chr4R-7	chr4R	164	47380	58370	beginning
6991_day0_with_selection	6991	chr12R	SRR33298395.1829219	6	7	E-chr12R-6	E-chr4R-3	chr4R	164	47380	58370	beginning
6991_day0_with_selection	6991	chr12R	SRR33298395.1829219	7	7	E-chr12R-7	E-chr4R-3	chr4R	164	47380	58370	beginning
6991_day0_with_selection	6991	chr12R	SRR33298395.1610007	2	7	E-chr12R-2	E-chr4R-3	chr4R	11009	58306	58378	end
6991_day0_with_selection	6991	chr12R	SRR33298395.1610007	3	7	E-chr12R-3	E-chr4R-3	chr4R	11009	58306	58378	end
6991_day0_with_selection	6991	chr12R	SRR33298395.1610007	4	7	E-chr12R-4	E-chr14L-2	chr14L	11009	58306	58378	end
6991_day0_with_selection	6991	chr12R	SRR33298395.1610007	5	7	E-chr12R-5	E-chr14L-2	chr14L	11009	58306	58378	end
6991_day0_with_selection	6991	chr12R	SRR33298395.1610007	6	7	E-chr12R-6	E-chr4R-3	chr4R	11009	58306	58378	end
6991_day0_with_selection	6991	chr12R	SRR33298395.1610007	7	7	E-chr12R-7	E-chr14L-2	chr14L	11009	58306	58378	end
6991_day0_with_selection	6991	chr12R	SRR33298395.1651297	2	7	E-chr12R-2	E-chr4R-7	chr4R	153	47378	58376	beginning
6991_day0_with_selection	6991	chr12R	SRR33298395.1651297	3	7	E-chr12R-3	E-chr4R-7	chr4R	153	47378	58376	beginning
6991_day0_with_selection	6991	chr12R	SRR33298395.1651297	4	7	E-chr12R-4	E-chr4R-7	chr4R	153	47378	58376	beginning
6991_day0_with_selection	6991	chr12R	SRR33298395.1651297	5	7	E-chr12R-5	E-chr4R-3	chr4R	153	47378	58376	beginning
6991_day0_with_selection	6991	chr12R	SRR33298395.1651297	6	7	E-chr12R-6	E-chr4R-7	chr4R	153	47378	58376	beginning
6991_day0_with_selection	6991	chr12R	SRR33298395.1651297	7	7	E-chr12R-7	E-chr4R-3	chr4R	153	47378	58376	beginning
6991_day0_with_selection	6991	chr12R	SRR33298395.1332429	2	7	E-chr12R-2	E-chr4R-7	chr4R	166	47363	56677	beginning
6991_day0_with_selection	6991	chr12R	SRR33298395.1332429	3	7	E-chr12R-3	E-chr4R-7	chr4R	166	47363	56677	beginning
6991_day0_with_selection	6991	chr12R	SRR33298395.1332429	4	7	E-chr12R-4	E-chr4R-3	chr4R	166	47363	56677	beginning
6991_day0_with_selection	6991	chr12R	SRR33298395.1332429	5	7	E-chr12R-5	E-chr4R-7	chr4R	166	47363	56677	beginning
6991_day0_with_selection	6991	chr12R	SRR33298395.1332429	6	7	E-chr12R-6	E-chr4R-7	chr4R	166	47363	56677	beginning
6991_day0_with_selection	6991	chr12R	SRR33298395.1332429	7	7	E-chr12R-7	E-chr14L-2	chr14L	166	47363	56677	beginning
6991_day0_with_selection	6991	chr12R	SRR33298395.423047	2	7	E-chr12R-2	E-chr14L-2	chr14L	10972	58146	58321	end
6991_day0_with_selection	6991	chr12R	SRR33298395.423047	3	7	E-chr12R-3	E-chr14L-2	chr14L	10972	58146	58321	end
6991_day0_with_selection	6991	chr12R	SRR33298395.423047	4	7	E-chr12R-4	E-chr4R-3	chr4R	10972	58146	58321	end
6991_day0_with_selection	6991	chr12R	SRR33298395.423047	5	7	E-chr12R-5	E-chr4R-3	chr4R	10972	58146	58321	end
6991_day0_with_selection	6991	chr12R	SRR33298395.423047	6	7	E-chr12R-6	E-chr4R-3	chr4R	10972	58146	58321	end
6991_day0_with_selection	6991	chr12R	SRR33298395.423047	7	7	E-chr12R-7	E-chr4R-3	chr4R	10972	58146	58321	end
6991_day0_with_selection	6991	chr12R	SRR33298395.1523934	2	7	E-chr12R-2	E-chr4R-3	chr4R	11018	58057	58307	end
6991_day0_with_selection	6991	chr12R	SRR33298395.1523934	3	7	E-chr12R-3	E-chr14L-2	chr14L	11018	58057	58307	end
6991_day0_with_selection	6991	chr12R	SRR33298395.1523934	4	7	E-chr12R-4	E-chr14L-2	chr14L	11018	58057	58307	end
6991_day0_with_selection	6991	chr12R	SRR33298395.1523934	5	7	E-chr12R-5	E-chr14L-2	chr14L	11018	58057	58307	end
6991_day0_with_selection	6991	chr12R	SRR33298395.1523934	6	7	E-chr12R-6	E-chr14L-2	chr14L	11018	58057	58307	end
6991_day0_with_selection	6991	chr12R	SRR33298395.1523934	7	7	E-chr12R-7	E-chr4R-3	chr4R	11018	58057	58307	end
6991_day0_with_selection	6991	chr12R	SRR33298395.167675	2	7	E-chr12R-2	E-chr4R-3	chr4R	249	47284	57050	beginning
6991_day0_with_selection	6991	chr12R	SRR33298395.167675	3	7	E-chr12R-3	E-chr4R-3	chr4R	249	47284	57050	beginning
6991_day0_with_selection	6991	chr12R	SRR33298395.167675	4	7	E-chr12R-4	E-chr4R-3	chr4R	249	47284	57050	beginning
6991_day0_with_selection	6991	chr12R	SRR33298395.167675	5	7	E-chr12R-5	E-chr4R-7	chr4R	249	47284	57050	beginning
6991_day0_with_selection	6991	chr12R	SRR33298395.167675	6	7	E-chr12R-6	E-chr4R-7	chr4R	249	47284	57050	beginning
6991_day0_with_selection	6991	chr12R	SRR33298395.167675	7	7	E-chr12R-7	E-chr4R-7	chr4R	249	47284	57050	beginning
6991_day0_with_selection	6991	chr12R	SRR33298395.555237	2	7	E-chr12R-2	E-chr4R-3	chr4R	138	47297	58304	beginning
6991_day0_with_selection	6991	chr12R	SRR33298395.555237	3	7	E-chr12R-3	E-chr4R-7	chr4R	138	47297	58304	beginning
6991_day0_with_selection	6991	chr12R	SRR33298395.555237	4	7	E-chr12R-4	E-chr4R-7	chr4R	138	47297	58304	beginning
6991_day0_with_selection	6991	chr12R	SRR33298395.555237	5	7	E-chr12R-5	E-chr4R-3	chr4R	138	47297	58304	beginning
6991_day0_with_selection	6991	chr12R	SRR33298395.555237	6	7	E-chr12R-6	E-chr4R-7	chr4R	138	47297	58304	beginning
6991_day0_with_selection	6991	chr12R	SRR33298395.555237	7	7	E-chr12R-7	E-chr4R-7	chr4R	138	47297	58304	beginning
6991_day0_with_selection	6991	chr12R	SRR33298395.461985	2	7	E-chr12R-2	E-chr14L-2	chr14L	9554	56715	56816	end
6991_day0_with_selection	6991	chr12R	SRR33298395.461985	3	7	E-chr12R-3	E-chr14L-2	chr14L	9554	56715	56816	end
6991_day0_with_selection	6991	chr12R	SRR33298395.461985	4	7	E-chr12R-4	E-chr4R-3	chr4R	9554	56715	56816	end
6991_day0_with_selection	6991	chr12R	SRR33298395.461985	5	7	E-chr12R-5	E-chr4R-3	chr4R	9554	56715	56816	end
6991_day0_with_selection	6991	chr12R	SRR33298395.461985	6	7	E-chr12R-6	E-chr4R-7	chr4R	9554	56715	56816	end
6991_day0_with_selection	6991	chr12R	SRR33298395.461985	7	7	E-chr12R-7	E-chr14L-2	chr14L	9554	56715	56816	end
6991_day0_with_selection	6991	chr12R	SRR33298395.1858784	2	7	E-chr12R-2	E-chr4R-3	chr4R	10991	58104	58250	end
6991_day0_with_selection	6991	chr12R	SRR33298395.1858784	3	7	E-chr12R-3	E-chr4R-3	chr4R	10991	58104	58250	end
6991_day0_with_selection	6991	chr12R	SRR33298395.1858784	4	7	E-chr12R-4	E-chr14L-2	chr14L	10991	58104	58250	end
6991_day0_with_selection	6991	chr12R	SRR33298395.1858784	5	7	E-chr12R-5	E-chr4R-3	chr4R	10991	58104	58250	end
6991_day0_with_selection	6991	chr12R	SRR33298395.1858784	6	7	E-chr12R-6	E-chr4R-3	chr4R	10991	58104	58250	end
6991_day0_with_selection	6991	chr12R	SRR33298395.1858784	7	7	E-chr12R-7	E-chr4R-3	chr4R	10991	58104	58250	end
6991_day0_with_selection	6991	chr12R	SRR33298395.1722681	2	7	E-chr12R-2	E-chr4R-3	chr4R	159	47228	56590	beginning
6991_day0_with_selection	6991	chr12R	SRR33298395.1722681	3	7	E-chr12R-3	E-chr4R-7	chr4R	159	47228	56590	beginning
6991_day0_with_selection	6991	chr12R	SRR33298395.1722681	4	7	E-chr12R-4	E-chr4R-7	chr4R	159	47228	56590	beginning
6991_day0_with_selection	6991	chr12R	SRR33298395.1722681	5	7	E-chr12R-5	E-chr4R-7	chr4R	159	47228	56590	beginning
6991_day0_with_selection	6991	chr12R	SRR33298395.1722681	6	7	E-chr12R-6	E-chr4R-3	chr4R	159	47228	56590	beginning
6991_day0_with_selection	6991	chr12R	SRR33298395.1722681	7	7	E-chr12R-7	E-chr4R-7	chr4R	159	47228	56590	beginning
6991_day0_with_selection	6991	chr12R	SRR33298395.1883616	2	7	E-chr12R-2	E-chr4R-3	chr4R	176	47152	58139	beginning
6991_day0_with_selection	6991	chr12R	SRR33298395.1883616	3	7	E-chr12R-3	E-chr4R-3	chr4R	176	47152	58139	beginning
6991_day0_with_selection	6991	chr12R	SRR33298395.1883616	4	7	E-chr12R-4	E-chr4R-3	chr4R	176	47152	58139	beginning
6991_day0_with_selection	6991	chr12R	SRR33298395.1883616	5	7	E-chr12R-5	E-chr4R-7	chr4R	176	47152	58139	beginning
6991_day0_with_selection	6991	chr12R	SRR33298395.1883616	6	7	E-chr12R-6	E-chr4R-3	chr4R	176	47152	58139	beginning
6991_day0_with_selection	6991	chr12R	SRR33298395.1883616	7	7	E-chr12R-7	E-chr4R-3	chr4R	176	47152	58139	beginning
6991_day0_with_selection	6991	chr12R	SRR33298395.842178	2	7	E-chr12R-2	E-chr4R-7	chr4R	128	47322	57955	beginning
6991_day0_with_selection	6991	chr12R	SRR33298395.842178	3	7	E-chr12R-3	E-chr4R-3	chr4R	128	47322	57955	beginning
6991_day0_with_selection	6991	chr12R	SRR33298395.842178	4	7	E-chr12R-4	E-chr4R-7	chr4R	128	47322	57955	beginning
6991_day0_with_selection	6991	chr12R	SRR33298395.842178	5	7	E-chr12R-5	E-chr4R-3	chr4R	128	47322	57955	beginning
6991_day0_with_selection	6991	chr12R	SRR33298395.842178	6	7	E-chr12R-6	E-chr4R-3	chr4R	128	47322	57955	beginning
6991_day0_with_selection	6991	chr12R	SRR33298395.842178	7	7	E-chr12R-7	E-chr4R-3	chr4R	128	47322	57955	beginning
6991_day0_with_selection	6991	chr12R	SRR33298395.892940	2	7	E-chr12R-2	E-chr14L-2	chr14L	10955	57819	57956	end
6991_day0_with_selection	6991	chr12R	SRR33298395.892940	3	7	E-chr12R-3	E-chr4R-7	chr4R	10955	57819	57956	end
6991_day0_with_selection	6991	chr12R	SRR33298395.892940	4	7	E-chr12R-4	E-chr4R-3	chr4R	10955	57819	57956	end
6991_day0_with_selection	6991	chr12R	SRR33298395.892940	5	7	E-chr12R-5	E-chr14L-2	chr14L	10955	57819	57956	end
6991_day0_with_selection	6991	chr12R	SRR33298395.892940	6	7	E-chr12R-6	E-chr4R-5	chr4R	10955	57819	57956	end
6991_day0_with_selection	6991	chr12R	SRR33298395.892940	7	7	E-chr12R-7	E-chr14L-2	chr14L	10955	57819	57956	end
6991_day0_with_selection	6991	chr12R	SRR33298395.1641150	2	7	E-chr12R-2	E-chr4R-7	chr4R	201	46854	57867	beginning
6991_day0_with_selection	6991	chr12R	SRR33298395.1641150	3	7	E-chr12R-3	E-chr4R-3	chr4R	201	46854	57867	beginning
6991_day0_with_selection	6991	chr12R	SRR33298395.1641150	4	7	E-chr12R-4	E-chr4R-7	chr4R	201	46854	57867	beginning
6991_day0_with_selection	6991	chr12R	SRR33298395.1641150	5	7	E-chr12R-5	E-chr4R-3	chr4R	201	46854	57867	beginning
6991_day0_with_selection	6991	chr12R	SRR33298395.1641150	6	7	E-chr12R-6	E-chr4R-7	chr4R	201	46854	57867	beginning
6991_day0_with_selection	6991	chr12R	SRR33298395.1641150	7	7	E-chr12R-7	E-chr4R-7	chr4R	201	46854	57867	beginning
6991_day0_with_selection	6991	chr12R	SRR33298395.540744	2	7	E-chr12R-2	E-chr14L-2	chr14L	11025	57759	57872	end
6991_day0_with_selection	6991	chr12R	SRR33298395.540744	3	7	E-chr12R-3	E-chr14L-2	chr14L	11025	57759	57872	end
6991_day0_with_selection	6991	chr12R	SRR33298395.540744	4	7	E-chr12R-4	E-chr4R-3	chr4R	11025	57759	57872	end
6991_day0_with_selection	6991	chr12R	SRR33298395.540744	5	7	E-chr12R-5	E-chr4R-3	chr4R	11025	57759	57872	end
6991_day0_with_selection	6991	chr12R	SRR33298395.540744	6	7	E-chr12R-6	E-chr14L-2	chr14L	11025	57759	57872	end
6991_day0_with_selection	6991	chr12R	SRR33298395.540744	7	7	E-chr12R-7	E-chr14L-2	chr14L	11025	57759	57872	end
6991_day0_with_selection	6991	chr12R	SRR33298395.820677	2	7	E-chr12R-2	E-chr4R-3	chr4R	11024	57631	57841	end
6991_day0_with_selection	6991	chr12R	SRR33298395.820677	3	7	E-chr12R-3	E-chr4R-3	chr4R	11024	57631	57841	end
6991_day0_with_selection	6991	chr12R	SRR33298395.820677	4	7	E-chr12R-4	E-chr14L-2	chr14L	11024	57631	57841	end
6991_day0_with_selection	6991	chr12R	SRR33298395.820677	5	7	E-chr12R-5	E-chr14L-2	chr14L	11024	57631	57841	end
6991_day0_with_selection	6991	chr12R	SRR33298395.820677	6	7	E-chr12R-6	E-chr14L-2	chr14L	11024	57631	57841	end
6991_day0_with_selection	6991	chr12R	SRR33298395.820677	7	7	E-chr12R-7	E-chr14L-2	chr14L	11024	57631	57841	end
6991_day0_with_selection	6991	chr12R	SRR33298395.1739487	2	7	E-chr12R-2	E-chr14L-2	chr14L	11007	57550	57769	end
6991_day0_with_selection	6991	chr12R	SRR33298395.1739487	3	7	E-chr12R-3	E-chr14L-2	chr14L	11007	57550	57769	end
6991_day0_with_selection	6991	chr12R	SRR33298395.1739487	4	7	E-chr12R-4	E-chr14L-2	chr14L	11007	57550	57769	end
6991_day0_with_selection	6991	chr12R	SRR33298395.1739487	5	7	E-chr12R-5	E-chr4R-3	chr4R	11007	57550	57769	end
6991_day0_with_selection	6991	chr12R	SRR33298395.1739487	6	7	E-chr12R-6	E-chr4R-3	chr4R	11007	57550	57769	end
6991_day0_with_selection	6991	chr12R	SRR33298395.1739487	7	7	E-chr12R-7	E-chr14L-2	chr14L	11007	57550	57769	end
6991_day0_with_selection	6991	chr12R	SRR33298395.810894	2	7	E-chr12R-2	E-chr14L-2	chr14L	11004	57547	57740	end
6991_day0_with_selection	6991	chr12R	SRR33298395.810894	3	7	E-chr12R-3	E-chr4R-3	chr4R	11004	57547	57740	end
6991_day0_with_selection	6991	chr12R	SRR33298395.810894	4	7	E-chr12R-4	E-chr4R-3	chr4R	11004	57547	57740	end
6991_day0_with_selection	6991	chr12R	SRR33298395.810894	5	7	E-chr12R-5	E-chr14L-2	chr14L	11004	57547	57740	end
6991_day0_with_selection	6991	chr12R	SRR33298395.810894	6	7	E-chr12R-6	E-chr14L-2	chr14L	11004	57547	57740	end
6991_day0_with_selection	6991	chr12R	SRR33298395.810894	7	7	E-chr12R-7	E-chr14L-2	chr14L	11004	57547	57740	end
6991_day0_with_selection	6991	chr12R	SRR33298395.947149	2	7	E-chr12R-2	E-chr4R-7	chr4R	168	47016	57678	beginning
6991_day0_with_selection	6991	chr12R	SRR33298395.947149	3	7	E-chr12R-3	E-chr4R-3	chr4R	168	47016	57678	beginning
6991_day0_with_selection	6991	chr12R	SRR33298395.947149	4	7	E-chr12R-4	E-chr4R-3	chr4R	168	47016	57678	beginning
6991_day0_with_selection	6991	chr12R	SRR33298395.947149	5	7	E-chr12R-5	E-chr4R-3	chr4R	168	47016	57678	beginning
6991_day0_with_selection	6991	chr12R	SRR33298395.947149	6	7	E-chr12R-6	E-chr4R-3	chr4R	168	47016	57678	beginning
6991_day0_with_selection	6991	chr12R	SRR33298395.947149	7	7	E-chr12R-7	E-chr4R-3	chr4R	168	47016	57678	beginning
6991_day0_with_selection	6991	chr12R	SRR33298395.1094711	2	7	E-chr12R-2	E-chr4R-7	chr4R	219	46346	57344	beginning
6991_day0_with_selection	6991	chr12R	SRR33298395.1094711	3	7	E-chr12R-3	E-chr4R-7	chr4R	219	46346	57344	beginning
6991_day0_with_selection	6991	chr12R	SRR33298395.1094711	4	7	E-chr12R-4	E-chr4R-3	chr4R	219	46346	57344	beginning
6991_day0_with_selection	6991	chr12R	SRR33298395.1094711	5	7	E-chr12R-5	E-chr4R-3	chr4R	219	46346	57344	beginning
6991_day0_with_selection	6991	chr12R	SRR33298395.1094711	6	7	E-chr12R-6	E-chr4R-3	chr4R	219	46346	57344	beginning
6991_day0_with_selection	6991	chr12R	SRR33298395.1094711	7	7	E-chr12R-7	E-chr4R-7	chr4R	219	46346	57344	beginning
6991_day0_with_selection	6991	chr12R	SRR33298395.1330279	2	7	E-chr12R-2	E-chr4R-3	chr4R	242	46252	57268	beginning
6991_day0_with_selection	6991	chr12R	SRR33298395.1330279	3	7	E-chr12R-3	E-chr4R-3	chr4R	242	46252	57268	beginning
6991_day0_with_selection	6991	chr12R	SRR33298395.1330279	4	7	E-chr12R-4	E-chr4R-5	chr4R	242	46252	57268	beginning
6991_day0_with_selection	6991	chr12R	SRR33298395.1330279	5	7	E-chr12R-5	E-chr4R-7	chr4R	242	46252	57268	beginning
6991_day0_with_selection	6991	chr12R	SRR33298395.1330279	6	7	E-chr12R-6	E-chr4R-7	chr4R	242	46252	57268	beginning
6991_day0_with_selection	6991	chr12R	SRR33298395.1330279	7	7	E-chr12R-7	E-chr4R-7	chr4R	242	46252	57268	beginning
6991_day0_with_selection	6991	chr12R	SRR33298395.822461	2	7	E-chr12R-2	E-chr4R-7	chr4R	172	45914	56901	beginning
6991_day0_with_selection	6991	chr12R	SRR33298395.822461	3	7	E-chr12R-3	E-chr4R-7	chr4R	172	45914	56901	beginning
6991_day0_with_selection	6991	chr12R	SRR33298395.822461	4	7	E-chr12R-4	E-chr4R-3	chr4R	172	45914	56901	beginning
6991_day0_with_selection	6991	chr12R	SRR33298395.822461	5	7	E-chr12R-5	E-chr4R-3	chr4R	172	45914	56901	beginning
6991_day0_with_selection	6991	chr12R	SRR33298395.822461	6	7	E-chr12R-6	E-chr4R-7	chr4R	172	45914	56901	beginning
6991_day0_with_selection	6991	chr12R	SRR33298395.822461	7	7	E-chr12R-7	E-chr4R-7	chr4R	172	45914	56901	beginning
6991_day0_with_selection	6991	chr12R	SRR33298395.344450	2	7	E-chr12R-2	E-chr14L-2	chr14L	172	45805	56813	beginning
6991_day0_with_selection	6991	chr12R	SRR33298395.344450	3	7	E-chr12R-3	E-chr4R-7	chr4R	172	45805	56813	beginning
6991_day0_with_selection	6991	chr12R	SRR33298395.344450	4	7	E-chr12R-4	E-chr4R-3	chr4R	172	45805	56813	beginning
6991_day0_with_selection	6991	chr12R	SRR33298395.344450	5	7	E-chr12R-5	E-chr4R-3	chr4R	172	45805	56813	beginning
6991_day0_with_selection	6991	chr12R	SRR33298395.344450	6	7	E-chr12R-6	E-chr4R-3	chr4R	172	45805	56813	beginning
6991_day0_with_selection	6991	chr12R	SRR33298395.344450	7	7	E-chr12R-7	E-chr4R-3	chr4R	172	45805	56813	beginning
6991_day0_with_selection	6991	chr12R	SRR33298395.1784456	2	7	E-chr12R-2	E-chr14L-2	chr14L	121	45192	56202	beginning
6991_day0_with_selection	6991	chr12R	SRR33298395.1784456	3	7	E-chr12R-3	E-chr4R-3	chr4R	121	45192	56202	beginning
6991_day0_with_selection	6991	chr12R	SRR33298395.1784456	4	7	E-chr12R-4	E-chr4R-7	chr4R	121	45192	56202	beginning
6991_day0_with_selection	6991	chr12R	SRR33298395.1784456	5	7	E-chr12R-5	E-chr4R-3	chr4R	121	45192	56202	beginning
6991_day0_with_selection	6991	chr12R	SRR33298395.1784456	6	7	E-chr12R-6	E-chr4R-7	chr4R	121	45192	56202	beginning
6991_day0_with_selection	6991	chr12R	SRR33298395.1784456	7	7	E-chr12R-7	E-chr4R-3	chr4R	121	45192	56202	beginning
6991_day0_with_selection	6991	chr12R	SRR33298395.1846287	2	7	E-chr12R-2	E-chr4R-7	chr4R	17	45183	56188	beginning
6991_day0_with_selection	6991	chr12R	SRR33298395.1846287	3	7	E-chr12R-3	E-chr4R-3	chr4R	17	45183	56188	beginning
6991_day0_with_selection	6991	chr12R	SRR33298395.1846287	4	7	E-chr12R-4	E-chr4R-7	chr4R	17	45183	56188	beginning
6991_day0_with_selection	6991	chr12R	SRR33298395.1846287	5	7	E-chr12R-5	E-chr4R-7	chr4R	17	45183	56188	beginning
6991_day0_with_selection	6991	chr12R	SRR33298395.1846287	6	7	E-chr12R-6	E-chr14L-2	chr14L	17	45183	56188	beginning
6991_day0_with_selection	6991	chr12R	SRR33298395.1846287	7	7	E-chr12R-7	E-chr4R-3	chr4R	17	45183	56188	beginning
6991_day0_with_selection	6991	chr12R	SRR33298395.1037845	2	7	E-chr12R-2	E-chr4R-7	chr4R	127	45102	56070	beginning
6991_day0_with_selection	6991	chr12R	SRR33298395.1037845	3	7	E-chr12R-3	E-chr14L-2	chr14L	127	45102	56070	beginning
6991_day0_with_selection	6991	chr12R	SRR33298395.1037845	4	7	E-chr12R-4	E-chr4R-3	chr4R	127	45102	56070	beginning
6991_day0_with_selection	6991	chr12R	SRR33298395.1037845	5	7	E-chr12R-5	E-chr4R-7	chr4R	127	45102	56070	beginning
6991_day0_with_selection	6991	chr12R	SRR33298395.1037845	6	7	E-chr12R-6	E-chr4R-3	chr4R	127	45102	56070	beginning
6991_day0_with_selection	6991	chr12R	SRR33298395.1037845	7	7	E-chr12R-7	E-chr4R-3	chr4R	127	45102	56070	beginning
6991_day0_with_selection	6991	chr12R	SRR33298395.933541	2	7	E-chr12R-2	E-chr4R-7	chr4R	136	45037	56036	beginning
6991_day0_with_selection	6991	chr12R	SRR33298395.933541	3	7	E-chr12R-3	E-chr4R-7	chr4R	136	45037	56036	beginning
6991_day0_with_selection	6991	chr12R	SRR33298395.933541	4	7	E-chr12R-4	E-chr4R-7	chr4R	136	45037	56036	beginning
6991_day0_with_selection	6991	chr12R	SRR33298395.933541	5	7	E-chr12R-5	E-chr4R-7	chr4R	136	45037	56036	beginning
6991_day0_with_selection	6991	chr12R	SRR33298395.933541	6	7	E-chr12R-6	E-chr4R-7	chr4R	136	45037	56036	beginning
6991_day0_with_selection	6991	chr12R	SRR33298395.933541	7	7	E-chr12R-7	E-chr4R-3	chr4R	136	45037	56036	beginning
6991_day0_with_selection	6991	chr12R	SRR33298395.561276	2	7	E-chr12R-2	E-chr4R-7	chr4R	165	44868	55858	beginning
6991_day0_with_selection	6991	chr12R	SRR33298395.561276	3	7	E-chr12R-3	E-chr4R-3	chr4R	165	44868	55858	beginning
6991_day0_with_selection	6991	chr12R	SRR33298395.561276	4	7	E-chr12R-4	E-chr14L-2	chr14L	165	44868	55858	beginning
6991_day0_with_selection	6991	chr12R	SRR33298395.561276	5	7	E-chr12R-5	E-chr4R-3	chr4R	165	44868	55858	beginning
6991_day0_with_selection	6991	chr12R	SRR33298395.561276	6	7	E-chr12R-6	E-chr4R-3	chr4R	165	44868	55858	beginning
6991_day0_with_selection	6991	chr12R	SRR33298395.561276	7	7	E-chr12R-7	E-chr4R-3	chr4R	165	44868	55858	beginning
6991_day0_with_selection	6991	chr12R	SRR33298395.1769235	2	7	E-chr12R-2	E-chr4R-7	chr4R	166	44670	55676	beginning
6991_day0_with_selection	6991	chr12R	SRR33298395.1769235	3	7	E-chr12R-3	E-chr4R-3	chr4R	166	44670	55676	beginning
6991_day0_with_selection	6991	chr12R	SRR33298395.1769235	4	7	E-chr12R-4	E-chr4R-7	chr4R	166	44670	55676	beginning
6991_day0_with_selection	6991	chr12R	SRR33298395.1769235	5	7	E-chr12R-5	E-chr4R-3	chr4R	166	44670	55676	beginning
6991_day0_with_selection	6991	chr12R	SRR33298395.1769235	6	7	E-chr12R-6	E-chr4R-3	chr4R	166	44670	55676	beginning
6991_day0_with_selection	6991	chr12R	SRR33298395.1769235	7	7	E-chr12R-7	E-chr4R-7	chr4R	166	44670	55676	beginning
6991_day0_with_selection	6991	chr12R	SRR33298395.907205	2	7	E-chr12R-2	E-chr4R-7	chr4R	21	44683	55662	beginning
6991_day0_with_selection	6991	chr12R	SRR33298395.907205	3	7	E-chr12R-3	E-chr4R-3	chr4R	21	44683	55662	beginning
6991_day0_with_selection	6991	chr12R	SRR33298395.907205	4	7	E-chr12R-4	E-chr4R-3	chr4R	21	44683	55662	beginning
6991_day0_with_selection	6991	chr12R	SRR33298395.907205	5	7	E-chr12R-5	E-chr4R-7	chr4R	21	44683	55662	beginning
6991_day0_with_selection	6991	chr12R	SRR33298395.907205	6	7	E-chr12R-6	E-chr14L-2	chr14L	21	44683	55662	beginning
6991_day0_with_selection	6991	chr12R	SRR33298395.907205	7	7	E-chr12R-7	E-chr4R-3	chr4R	21	44683	55662	beginning
6991_day0_with_selection	6991	chr12R	SRR33298395.231323	2	7	E-chr12R-2	E-chr4R-7	chr4R	160	44271	55283	beginning
6991_day0_with_selection	6991	chr12R	SRR33298395.231323	3	7	E-chr12R-3	E-chr4R-7	chr4R	160	44271	55283	beginning
6991_day0_with_selection	6991	chr12R	SRR33298395.231323	4	7	E-chr12R-4	E-chr14L-2	chr14L	160	44271	55283	beginning
6991_day0_with_selection	6991	chr12R	SRR33298395.231323	5	7	E-chr12R-5	E-chr4R-3	chr4R	160	44271	55283	beginning
6991_day0_with_selection	6991	chr12R	SRR33298395.231323	6	7	E-chr12R-6	E-chr4R-3	chr4R	160	44271	55283	beginning
6991_day0_with_selection	6991	chr12R	SRR33298395.231323	7	7	E-chr12R-7	E-chr14L-2	chr14L	160	44271	55283	beginning
6991_day0_with_selection	6991	chr12R	SRR33298395.1429303	2	7	E-chr12R-2	E-chr4R-7	chr4R	147	42861	53862	beginning
6991_day0_with_selection	6991	chr12R	SRR33298395.1429303	3	7	E-chr12R-3	E-chr4R-3	chr4R	147	42861	53862	beginning
6991_day0_with_selection	6991	chr12R	SRR33298395.1429303	4	7	E-chr12R-4	E-chr4R-3	chr4R	147	42861	53862	beginning
6991_day0_with_selection	6991	chr12R	SRR33298395.1429303	5	7	E-chr12R-5	E-chr4R-3	chr4R	147	42861	53862	beginning
6991_day0_with_selection	6991	chr12R	SRR33298395.1429303	6	7	E-chr12R-6	E-chr4R-3	chr4R	147	42861	53862	beginning
6991_day0_with_selection	6991	chr12R	SRR33298395.1429303	7	7	E-chr12R-7	E-chr4R-3	chr4R	147	42861	53862	beginning
6991_day0_with_selection	6991	chr12R	SRR33298395.1891201	2	7	E-chr12R-2	E-chr4R-7	chr4R	128	42832	53824	beginning
6991_day0_with_selection	6991	chr12R	SRR33298395.1891201	3	7	E-chr12R-3	E-chr4R-3	chr4R	128	42832	53824	beginning
6991_day0_with_selection	6991	chr12R	SRR33298395.1891201	4	7	E-chr12R-4	E-chr14L-2	chr14L	128	42832	53824	beginning
6991_day0_with_selection	6991	chr12R	SRR33298395.1891201	5	7	E-chr12R-5	E-chr14L-2	chr14L	128	42832	53824	beginning
6991_day0_with_selection	6991	chr12R	SRR33298395.1891201	6	7	E-chr12R-6	E-chr4R-7	chr4R	128	42832	53824	beginning
6991_day0_with_selection	6991	chr12R	SRR33298395.1891201	7	7	E-chr12R-7	E-chr4R-3	chr4R	128	42832	53824	beginning
6991_day0_with_selection	6991	chr12R	SRR33298395.1510267	2	7	E-chr12R-2	E-chr4R-7	chr4R	202	42777	53445	beginning
6991_day0_with_selection	6991	chr12R	SRR33298395.1510267	3	7	E-chr12R-3	E-chr14L-2	chr14L	202	42777	53445	beginning
6991_day0_with_selection	6991	chr12R	SRR33298395.1510267	4	7	E-chr12R-4	E-chr4R-5	chr4R	202	42777	53445	beginning
6991_day0_with_selection	6991	chr12R	SRR33298395.1510267	5	7	E-chr12R-5	E-chr14L-2	chr14L	202	42777	53445	beginning
6991_day0_with_selection	6991	chr12R	SRR33298395.1510267	6	7	E-chr12R-6	E-chr4R-3	chr4R	202	42777	53445	beginning
6991_day0_with_selection	6991	chr12R	SRR33298395.1510267	7	7	E-chr12R-7	E-chr4R-3	chr4R	202	42777	53445	beginning
6991_day0_with_selection	6991	chr12R	SRR33298395.325253	2	7	E-chr12R-2	E-chr4R-3	chr4R	10506	52973	53092	end
6991_day0_with_selection	6991	chr12R	SRR33298395.325253	3	7	E-chr12R-3	E-chr4R-3	chr4R	10506	52973	53092	end
6991_day0_with_selection	6991	chr12R	SRR33298395.325253	4	7	E-chr12R-4	E-chr4R-3	chr4R	10506	52973	53092	end
6991_day0_with_selection	6991	chr12R	SRR33298395.325253	5	7	E-chr12R-5	E-chr14L-2	chr14L	10506	52973	53092	end
6991_day0_with_selection	6991	chr12R	SRR33298395.325253	6	7	E-chr12R-6	E-chr14L-2	chr14L	10506	52973	53092	end
6991_day0_with_selection	6991	chr12R	SRR33298395.325253	7	7	E-chr12R-7	E-chr4R-3	chr4R	10506	52973	53092	end
6991_day0_with_selection	6991	chr12R	SRR33298395.113966	2	7	E-chr12R-2	E-chr4R-3	chr4R	147	42418	53421	beginning
6991_day0_with_selection	6991	chr12R	SRR33298395.113966	3	7	E-chr12R-3	E-chr4R-3	chr4R	147	42418	53421	beginning
6991_day0_with_selection	6991	chr12R	SRR33298395.113966	4	7	E-chr12R-4	E-chr4R-7	chr4R	147	42418	53421	beginning
6991_day0_with_selection	6991	chr12R	SRR33298395.113966	5	7	E-chr12R-5	E-chr4R-3	chr4R	147	42418	53421	beginning
6991_day0_with_selection	6991	chr12R	SRR33298395.113966	6	7	E-chr12R-6	E-chr4R-3	chr4R	147	42418	53421	beginning
6991_day0_with_selection	6991	chr12R	SRR33298395.113966	7	7	E-chr12R-7	E-chr4R-7	chr4R	147	42418	53421	beginning
6991_day0_with_selection	6991	chr12R	SRR33298395.351872	2	7	E-chr12R-2	E-chr4R-3	chr4R	10572	52031	52250	end
6991_day0_with_selection	6991	chr12R	SRR33298395.351872	3	7	E-chr12R-3	E-chr14L-2	chr14L	10572	52031	52250	end
6991_day0_with_selection	6991	chr12R	SRR33298395.351872	4	7	E-chr12R-4	E-chr14L-2	chr14L	10572	52031	52250	end
6991_day0_with_selection	6991	chr12R	SRR33298395.351872	5	7	E-chr12R-5	E-chr4R-3	chr4R	10572	52031	52250	end
6991_day0_with_selection	6991	chr12R	SRR33298395.351872	6	7	E-chr12R-6	E-chr14L-2	chr14L	10572	52031	52250	end
6991_day0_with_selection	6991	chr12R	SRR33298395.351872	7	7	E-chr12R-7	E-chr4R-3	chr4R	10572	52031	52250	end
6991_day0_with_selection	6991	chr12R	SRR33298395.1732806	2	7	E-chr12R-2	E-chr15R-1	chr15R	11016	52441	52604	end
6991_day0_with_selection	6991	chr12R	SRR33298395.1732806	3	7	E-chr12R-3	E-chr4R-3	chr4R	11016	52441	52604	end
6991_day0_with_selection	6991	chr12R	SRR33298395.1732806	4	7	E-chr12R-4	E-chr4R-7	chr4R	11016	52441	52604	end
6991_day0_with_selection	6991	chr12R	SRR33298395.1732806	5	7	E-chr12R-5	E-chr14L-2	chr14L	11016	52441	52604	end
6991_day0_with_selection	6991	chr12R	SRR33298395.1732806	6	7	E-chr12R-6	E-chr4R-3	chr4R	11016	52441	52604	end
6991_day0_with_selection	6991	chr12R	SRR33298395.1732806	7	7	E-chr12R-7	E-chr4R-3	chr4R	11016	52441	52604	end
6991_day0_with_selection	6991	chr12R	SRR33298395.921091	2	7	E-chr12R-2	E-chr4R-5	chr4R	78	40927	51928	beginning
6991_day0_with_selection	6991	chr12R	SRR33298395.921091	3	7	E-chr12R-3	E-chr4R-3	chr4R	78	40927	51928	beginning
6991_day0_with_selection	6991	chr12R	SRR33298395.921091	4	7	E-chr12R-4	E-chr4R-7	chr4R	78	40927	51928	beginning
6991_day0_with_selection	6991	chr12R	SRR33298395.921091	5	7	E-chr12R-5	E-chr4R-7	chr4R	78	40927	51928	beginning
6991_day0_with_selection	6991	chr12R	SRR33298395.921091	6	7	E-chr12R-6	E-chr4R-3	chr4R	78	40927	51928	beginning
6991_day0_with_selection	6991	chr12R	SRR33298395.921091	7	7	E-chr12R-7	E-chr14L-2	chr14L	78	40927	51928	beginning
6991_day0_with_selection	6991	chr12R	SRR33298395.1819090	2	7	E-chr12R-2	E-chr14L-2	chr14L	11011	51389	51567	end
6991_day0_with_selection	6991	chr12R	SRR33298395.1819090	3	7	E-chr12R-3	E-chr15R-1	chr15R	11011	51389	51567	end
6991_day0_with_selection	6991	chr12R	SRR33298395.1819090	4	7	E-chr12R-4	E-chr4R-7	chr4R	11011	51389	51567	end
6991_day0_with_selection	6991	chr12R	SRR33298395.1819090	5	7	E-chr12R-5	E-chr4R-3	chr4R	11011	51389	51567	end
6991_day0_with_selection	6991	chr12R	SRR33298395.1819090	6	7	E-chr12R-6	E-chr4R-3	chr4R	11011	51389	51567	end
6991_day0_with_selection	6991	chr12R	SRR33298395.1819090	7	7	E-chr12R-7	E-chr14L-2	chr14L	11011	51389	51567	end
6991_day0_with_selection	6991	chr12R	SRR33298395.693652	2	7	E-chr12R-2	E-chr4R-3	chr4R	155	41823	51516	beginning
6991_day0_with_selection	6991	chr12R	SRR33298395.693652	3	7	E-chr12R-3	E-chr4R-3	chr4R	155	41823	51516	beginning
6991_day0_with_selection	6991	chr12R	SRR33298395.693652	4	7	E-chr12R-4	E-chr4R-3	chr4R	155	41823	51516	beginning
6991_day0_with_selection	6991	chr12R	SRR33298395.693652	5	7	E-chr12R-5	E-chr4R-3	chr4R	155	41823	51516	beginning
6991_day0_with_selection	6991	chr12R	SRR33298395.693652	6	7	E-chr12R-6	E-chr4R-3	chr4R	155	41823	51516	beginning
6991_day0_with_selection	6991	chr12R	SRR33298395.693652	7	7	E-chr12R-7	E-chr4R-3	chr4R	155	41823	51516	beginning
6991_day0_with_selection	6991	chr12R	SRR33298395.1765807	2	7	E-chr12R-2	E-chr4R-3	chr4R	134	39826	50589	beginning
6991_day0_with_selection	6991	chr12R	SRR33298395.1765807	3	7	E-chr12R-3	E-chr4R-5	chr4R	134	39826	50589	beginning
6991_day0_with_selection	6991	chr12R	SRR33298395.1765807	4	7	E-chr12R-4	E-chr4R-7	chr4R	134	39826	50589	beginning
6991_day0_with_selection	6991	chr12R	SRR33298395.1765807	5	7	E-chr12R-5	E-chr4R-7	chr4R	134	39826	50589	beginning
6991_day0_with_selection	6991	chr12R	SRR33298395.1765807	6	7	E-chr12R-6	E-chr4R-7	chr4R	134	39826	50589	beginning
6991_day0_with_selection	6991	chr12R	SRR33298395.1765807	7	7	E-chr12R-7	E-chr14L-2	chr14L	134	39826	50589	beginning
6991_day0_with_selection	6991	chr13L	SRR33298395.1185585	1	1	E-chr13L-1	E-chr7R-1	chr7R	175	6822	17314	beginning
6991_day0_with_selection	6991	chr13L	SRR33298395.1573029	1	1	E-chr13L-1	E-chr15R-1	chr15R	227	6873	15996	beginning
6991_day0_with_selection	6991	chr13L	SRR33298395.1020823	1	1	E-chr13L-1	E-chr16L-1	chr16L	8608	15240	15465	end
6991_day0_with_selection	6991	chr13L	SRR33298395.1472813	1	1	E-chr13L-1	E-chr14L-2	chr14L	10273	16899	17040	end
6991_day0_with_selection	6991	chr13L	SRR33298395.1438229	1	1	E-chr13L-1	E-chr2L-1	chr2L	281	6260	16520	beginning
6991_day0_with_selection	6991	chr13L	SRR33298395.1400154	1	1	E-chr13L-1	E-chr2L-1	chr2L	188	6175	16495	beginning
6991_day0_with_selection	6991	chr13L	SRR33298395.836889	1	1	E-chr13L-1	E-chr2L-1	chr2L	199	6180	16457	beginning
6991_day0_with_selection	6991	chr13L	SRR33298395.398286	1	1	E-chr13L-1	E-chr6L-1	chr6L	154	6126	16446	beginning
6991_day0_with_selection	6991	chr13L	SRR33298395.1088166	1	1	E-chr13L-1	E-chr6L-1	chr6L	10313	16272	16404	end
6991_day0_with_selection	6991	chr13L	SRR33298395.705953	1	1	E-chr13L-1	E-chr2L-1	chr2L	10268	16239	16400	end
6991_day0_with_selection	6991	chr13L	SRR33298395.1740335	1	1	E-chr13L-1	E-chr2L-1	chr2L	10308	16295	16371	end
6991_day0_with_selection	6991	chr13L	SRR33298395.931252	1	1	E-chr13L-1	E-chr2L-1	chr2L	10017	15993	16114	end
6991_day0_with_selection	6991	chr13L	SRR33298395.240085	1	1	E-chr13L-1	E-chr2L-1	chr2L	257	6006	16303	beginning
6991_day0_with_selection	6991	chr13L	SRR33298395.91673	1	1	E-chr13L-1	E-chr6L-1	chr6L	233	5988	15978	beginning
6991_day0_with_selection	6991	chr13L	SRR33298395.167741	1	1	E-chr13L-1	E-chr2L-1	chr2L	9956	15705	15906	end
6991_day0_with_selection	6991	chr13L	SRR33298395.1198701	1	1	E-chr13L-1	E-chr14L-5	chr14L	185	5767	16083	beginning
6991_day0_with_selection	6991	chr13L	SRR33298395.233947	1	1	E-chr13L-1	E-chr14L-4	chr14L	10312	15797	16045	end
6991_day0_with_selection	6991	chr13L	SRR33298395.563577	1	1	E-chr13L-1	E-chr14L-5	chr14L	157	5602	15928	beginning
6991_day0_with_selection	6991	chr13L	SRR33298395.1649442	1	1	E-chr13L-1	E-chr14L-4	chr14L	10307	15776	15927	end
6991_day0_with_selection	6991	chr13L	SRR33298395.563550	1	1	E-chr13L-1	E-chr14L-5	chr14L	10329	15752	15879	end
6991_day0_with_selection	6991	chr13L	SRR33298395.1198120	1	1	E-chr13L-1	E-chr14L-5	chr14L	10296	15759	15857	end
6991_day0_with_selection	6991	chr13L	SRR33298395.30875	1	1	E-chr13L-1	E-chr8R-1	chr8R	10286	15723	15791	end
6991_day0_with_selection	6991	chr13L	SRR33298395.1334307	1	1	E-chr13L-1	E-chr6L-1	chr6L	147	4520	14557	beginning
6991_day0_with_selection	6991	chr13L	SRR33298395.682117	1	1	E-chr13L-1	E-chr14L-4	chr14L	9226	13425	13591	end
6991_day0_with_selection	6991	chr13L	SRR33298395.634165	1	1	E-chr13L-1	E-chr5R-1	chr5R	10070	10400	11346	end
6991_day0_with_selection	6991	chr14L	SRR33298395.325275	1	5	E-chr14L-1	E-chr7R-1	chr7R	425	30870	46211	beginning
6991_day0_with_selection	6991	chr14L	SRR33298395.325275	2	5	E-chr14L-2	E-chr4R-3	chr4R	425	30870	46211	beginning
6991_day0_with_selection	6991	chr14L	SRR33298395.528253	1	5	E-chr14L-1	E-chr7R-1	chr7R	15317	45743	46193	end
6991_day0_with_selection	6991	chr14L	SRR33298395.528253	2	5	E-chr14L-2	E-chr4R-3	chr4R	15317	45743	46193	end
6991_day0_with_selection	6991	chr14L	SRR33298395.1612775	1	5	E-chr14L-1	E-chr7R-1	chr7R	15328	45784	46143	end
6991_day0_with_selection	6991	chr14L	SRR33298395.1062822	1	5	E-chr14L-1	E-chr7R-1	chr7R	367	30829	46107	beginning
6991_day0_with_selection	6991	chr14L	SRR33298395.1062822	2	5	E-chr14L-2	E-chr4R-7	chr4R	367	30829	46107	beginning
6991_day0_with_selection	6991	chr14L	SRR33298395.677200	1	5	E-chr14L-1	E-chr7R-1	chr7R	217	30761	46125	beginning
6991_day0_with_selection	6991	chr14L	SRR33298395.677200	2	5	E-chr14L-2	E-chr4R-3	chr4R	217	30761	46125	beginning
6991_day0_with_selection	6991	chr14L	SRR33298395.766619	1	5	E-chr14L-1	E-chr7R-1	chr7R	15321	45726	46077	end
6991_day0_with_selection	6991	chr14L	SRR33298395.1020947	1	5	E-chr14L-1	E-chr7R-1	chr7R	149	30727	46066	beginning
6991_day0_with_selection	6991	chr14L	SRR33298395.1837458	1	5	E-chr14L-1	E-chr7R-1	chr7R	15330	45742	46068	end
6991_day0_with_selection	6991	chr14L	SRR33298395.1837458	2	5	E-chr14L-2	E-chr4R-3	chr4R	15330	45742	46068	end
6991_day0_with_selection	6991	chr14L	SRR33298395.54408	1	5	E-chr14L-1	E-chr7R-1	chr7R	15393	45929	46038	end
6991_day0_with_selection	6991	chr14L	SRR33298395.54408	2	5	E-chr14L-2	E-chr4R-3	chr4R	15393	45929	46038	end
6991_day0_with_selection	6991	chr14L	SRR33298395.1511669	1	5	E-chr14L-1	E-chr7R-1	chr7R	261	30719	46054	beginning
6991_day0_with_selection	6991	chr14L	SRR33298395.1511669	2	5	E-chr14L-2	E-chr4R-7	chr4R	261	30719	46054	beginning
6991_day0_with_selection	6991	chr14L	SRR33298395.446747	1	5	E-chr14L-1	E-chr7R-1	chr7R	295	30723	46041	beginning
6991_day0_with_selection	6991	chr14L	SRR33298395.446747	2	5	E-chr14L-2	E-chr4R-7	chr4R	295	30723	46041	beginning
6991_day0_with_selection	6991	chr14L	SRR33298395.1594070	1	5	E-chr14L-1	E-chr7R-1	chr7R	242	30711	46032	beginning
6991_day0_with_selection	6991	chr14L	SRR33298395.1594070	2	5	E-chr14L-2	E-chr4R-7	chr4R	242	30711	46032	beginning
6991_day0_with_selection	6991	chr14L	SRR33298395.123855	1	5	E-chr14L-1	E-chr7R-1	chr7R	276	30734	46035	beginning
6991_day0_with_selection	6991	chr14L	SRR33298395.123855	2	5	E-chr14L-2	E-chr4R-3	chr4R	276	30734	46035	beginning
6991_day0_with_selection	6991	chr14L	SRR33298395.1788836	1	5	E-chr14L-1	E-chr7R-1	chr7R	298	30718	45996	beginning
6991_day0_with_selection	6991	chr14L	SRR33298395.1788836	2	5	E-chr14L-2	E-chr4R-3	chr4R	298	30718	45996	beginning
6991_day0_with_selection	6991	chr14L	SRR33298395.142127	1	5	E-chr14L-1	E-chr7R-1	chr7R	238	30681	46035	beginning
6991_day0_with_selection	6991	chr14L	SRR33298395.142127	2	5	E-chr14L-2	E-chr4R-3	chr4R	238	30681	46035	beginning
6991_day0_with_selection	6991	chr14L	SRR33298395.428780	1	5	E-chr14L-1	E-chr7R-1	chr7R	15388	45904	46055	end
6991_day0_with_selection	6991	chr14L	SRR33298395.816978	1	5	E-chr14L-1	E-chr7R-1	chr7R	248	30686	46026	beginning
6991_day0_with_selection	6991	chr14L	SRR33298395.816978	2	5	E-chr14L-2	E-chr4R-3	chr4R	248	30686	46026	beginning
6991_day0_with_selection	6991	chr14L	SRR33298395.1211427	1	5	E-chr14L-1	E-chr7R-1	chr7R	247	30678	46023	beginning
6991_day0_with_selection	6991	chr14L	SRR33298395.1211427	2	5	E-chr14L-2	E-chr4R-7	chr4R	247	30678	46023	beginning
6991_day0_with_selection	6991	chr14L	SRR33298395.1167915	1	5	E-chr14L-1	E-chr7R-1	chr7R	223	30685	46020	beginning
6991_day0_with_selection	6991	chr14L	SRR33298395.1167915	2	5	E-chr14L-2	E-chr4R-7	chr4R	223	30685	46020	beginning
6991_day0_with_selection	6991	chr14L	SRR33298395.988630	1	5	E-chr14L-1	E-chr7R-1	chr7R	243	30695	46024	beginning
6991_day0_with_selection	6991	chr14L	SRR33298395.988630	2	5	E-chr14L-2	E-chr4R-3	chr4R	243	30695	46024	beginning
6991_day0_with_selection	6991	chr14L	SRR33298395.1801793	1	5	E-chr14L-1	E-chr7R-1	chr7R	224	30693	46028	beginning
6991_day0_with_selection	6991	chr14L	SRR33298395.1801793	2	5	E-chr14L-2	E-chr4R-7	chr4R	224	30693	46028	beginning
6991_day0_with_selection	6991	chr14L	SRR33298395.1029632	1	5	E-chr14L-1	E-chr7R-1	chr7R	15158	45593	45867	end
6991_day0_with_selection	6991	chr14L	SRR33298395.967435	1	5	E-chr14L-1	E-chr7R-1	chr7R	312	30688	46017	beginning
6991_day0_with_selection	6991	chr14L	SRR33298395.1150272	1	5	E-chr14L-1	E-chr7R-1	chr7R	294	30680	46016	beginning
6991_day0_with_selection	6991	chr14L	SRR33298395.607261	1	5	E-chr14L-1	E-chr16L-1	chr16L	15339	45832	46016	end
6991_day0_with_selection	6991	chr14L	SRR33298395.25789	1	5	E-chr14L-1	E-chr7R-1	chr7R	187	30666	46007	beginning
6991_day0_with_selection	6991	chr14L	SRR33298395.25789	2	5	E-chr14L-2	E-chr4R-3	chr4R	187	30666	46007	beginning
6991_day0_with_selection	6991	chr14L	SRR33298395.880061	1	5	E-chr14L-1	E-chr7R-1	chr7R	263	30675	45999	beginning
6991_day0_with_selection	6991	chr14L	SRR33298395.798433	1	5	E-chr14L-1	E-chr7R-1	chr7R	15312	45747	46006	end
6991_day0_with_selection	6991	chr14L	SRR33298395.798433	2	5	E-chr14L-2	E-chr4R-3	chr4R	15312	45747	46006	end
6991_day0_with_selection	6991	chr14L	SRR33298395.1759651	1	5	E-chr14L-1	E-chr7R-1	chr7R	230	30686	46014	beginning
6991_day0_with_selection	6991	chr14L	SRR33298395.1759651	2	5	E-chr14L-2	E-chr4R-7	chr4R	230	30686	46014	beginning
6991_day0_with_selection	6991	chr14L	SRR33298395.1610248	1	5	E-chr14L-1	E-chr7R-1	chr7R	199	30678	45997	beginning
6991_day0_with_selection	6991	chr14L	SRR33298395.1610248	2	5	E-chr14L-2	E-chr4R-3	chr4R	199	30678	45997	beginning
6991_day0_with_selection	6991	chr14L	SRR33298395.610576	1	5	E-chr14L-1	E-chr7R-1	chr7R	13025	43459	43710	end
6991_day0_with_selection	6991	chr14L	SRR33298395.1142253	1	5	E-chr14L-1	E-chr7R-1	chr7R	265	30694	46002	beginning
6991_day0_with_selection	6991	chr14L	SRR33298395.1142253	2	5	E-chr14L-2	E-chr4R-3	chr4R	265	30694	46002	beginning
6991_day0_with_selection	6991	chr14L	SRR33298395.1485400	1	5	E-chr14L-1	E-chr7R-1	chr7R	240	30673	46022	beginning
6991_day0_with_selection	6991	chr14L	SRR33298395.1485400	2	5	E-chr14L-2	E-chr4R-3	chr4R	240	30673	46022	beginning
6991_day0_with_selection	6991	chr14L	SRR33298395.1313016	1	5	E-chr14L-1	E-chr7R-1	chr7R	234	30676	45995	beginning
6991_day0_with_selection	6991	chr14L	SRR33298395.1313016	2	5	E-chr14L-2	E-chr4R-7	chr4R	234	30676	45995	beginning
6991_day0_with_selection	6991	chr14L	SRR33298395.443198	1	5	E-chr14L-1	E-chr7R-1	chr7R	200	30676	46002	beginning
6991_day0_with_selection	6991	chr14L	SRR33298395.443198	2	5	E-chr14L-2	E-chr4R-7	chr4R	200	30676	46002	beginning
6991_day0_with_selection	6991	chr14L	SRR33298395.476186	1	5	E-chr14L-1	E-chr7R-1	chr7R	213	30681	45987	beginning
6991_day0_with_selection	6991	chr14L	SRR33298395.476186	2	5	E-chr14L-2	E-chr4R-7	chr4R	213	30681	45987	beginning
6991_day0_with_selection	6991	chr14L	SRR33298395.637265	1	5	E-chr14L-1	E-chr7R-1	chr7R	262	30671	45993	beginning
6991_day0_with_selection	6991	chr14L	SRR33298395.637265	2	5	E-chr14L-2	E-chr4R-7	chr4R	262	30671	45993	beginning
6991_day0_with_selection	6991	chr14L	SRR33298395.1307086	1	5	E-chr14L-1	E-chr7R-1	chr7R	15326	45758	45992	end
6991_day0_with_selection	6991	chr14L	SRR33298395.728075	1	5	E-chr14L-1	E-chr7R-1	chr7R	232	30671	45996	beginning
6991_day0_with_selection	6991	chr14L	SRR33298395.728075	2	5	E-chr14L-2	E-chr4R-3	chr4R	232	30671	45996	beginning
6991_day0_with_selection	6991	chr14L	SRR33298395.308740	1	5	E-chr14L-1	E-chr7R-1	chr7R	229	30661	45992	beginning
6991_day0_with_selection	6991	chr14L	SRR33298395.308740	2	5	E-chr14L-2	E-chr4R-3	chr4R	229	30661	45992	beginning
6991_day0_with_selection	6991	chr14L	SRR33298395.331331	1	5	E-chr14L-1	E-chr7R-1	chr7R	210	30659	45991	beginning
6991_day0_with_selection	6991	chr14L	SRR33298395.331331	2	5	E-chr14L-2	E-chr4R-7	chr4R	210	30659	45991	beginning
6991_day0_with_selection	6991	chr14L	SRR33298395.551995	1	5	E-chr14L-1	E-chr7R-1	chr7R	15421	45860	46016	end
6991_day0_with_selection	6991	chr14L	SRR33298395.551995	2	5	E-chr14L-2	E-chr4R-3	chr4R	15421	45860	46016	end
6991_day0_with_selection	6991	chr14L	SRR33298395.424223	1	5	E-chr14L-1	E-chr7R-1	chr7R	125	30646	45958	beginning
6991_day0_with_selection	6991	chr14L	SRR33298395.424223	2	5	E-chr14L-2	E-chr4R-7	chr4R	125	30646	45958	beginning
6991_day0_with_selection	6991	chr14L	SRR33298395.1170501	1	5	E-chr14L-1	E-chr7R-1	chr7R	192	30659	45981	beginning
6991_day0_with_selection	6991	chr14L	SRR33298395.1170501	2	5	E-chr14L-2	E-chr4R-3	chr4R	192	30659	45981	beginning
6991_day0_with_selection	6991	chr14L	SRR33298395.776355	1	5	E-chr14L-1	E-chr7R-1	chr7R	13777	44186	44432	end
6991_day0_with_selection	6991	chr14L	SRR33298395.776355	2	5	E-chr14L-2	E-chr4R-3	chr4R	13777	44186	44432	end
6991_day0_with_selection	6991	chr14L	SRR33298395.1224775	1	5	E-chr14L-1	E-chr7R-1	chr7R	187	30640	45974	beginning
6991_day0_with_selection	6991	chr14L	SRR33298395.1224775	2	5	E-chr14L-2	E-chr4R-7	chr4R	187	30640	45974	beginning
6991_day0_with_selection	6991	chr14L	SRR33298395.316210	1	5	E-chr14L-1	E-chr7R-1	chr7R	204	30663	45983	beginning
6991_day0_with_selection	6991	chr14L	SRR33298395.316210	2	5	E-chr14L-2	E-chr4R-7	chr4R	204	30663	45983	beginning
6991_day0_with_selection	6991	chr14L	SRR33298395.1126272	1	5	E-chr14L-1	E-chr7R-1	chr7R	243	30663	45198	beginning
6991_day0_with_selection	6991	chr14L	SRR33298395.1126272	2	5	E-chr14L-2	E-chr4R-7	chr4R	243	30663	45198	beginning
6991_day0_with_selection	6991	chr14L	SRR33298395.855063	1	5	E-chr14L-1	E-chr7R-1	chr7R	184	30661	45982	beginning
6991_day0_with_selection	6991	chr14L	SRR33298395.855063	2	5	E-chr14L-2	E-chr4R-3	chr4R	184	30661	45982	beginning
6991_day0_with_selection	6991	chr14L	SRR33298395.1341080	1	5	E-chr14L-1	E-chr7R-1	chr7R	12938	43380	43590	end
6991_day0_with_selection	6991	chr14L	SRR33298395.1341080	2	5	E-chr14L-2	E-chr4R-3	chr4R	12938	43380	43590	end
6991_day0_with_selection	6991	chr14L	SRR33298395.1234752	1	5	E-chr14L-1	E-chr7R-1	chr7R	204	30641	45977	beginning
6991_day0_with_selection	6991	chr14L	SRR33298395.1234752	2	5	E-chr14L-2	E-chr4R-3	chr4R	204	30641	45977	beginning
6991_day0_with_selection	6991	chr14L	SRR33298395.491324	1	5	E-chr14L-1	E-chr7R-1	chr7R	201	30640	45971	beginning
6991_day0_with_selection	6991	chr14L	SRR33298395.491324	2	5	E-chr14L-2	E-chr4R-7	chr4R	201	30640	45971	beginning
6991_day0_with_selection	6991	chr14L	SRR33298395.1748780	1	5	E-chr14L-1	E-chr7R-1	chr7R	265	30658	45763	beginning
6991_day0_with_selection	6991	chr14L	SRR33298395.1748780	2	5	E-chr14L-2	E-chr4R-7	chr4R	265	30658	45763	beginning
6991_day0_with_selection	6991	chr14L	SRR33298395.1651301	1	5	E-chr14L-1	E-chr7R-1	chr7R	186	30637	45968	beginning
6991_day0_with_selection	6991	chr14L	SRR33298395.1651301	2	5	E-chr14L-2	E-chr4R-3	chr4R	186	30637	45968	beginning
6991_day0_with_selection	6991	chr14L	SRR33298395.1734548	1	5	E-chr14L-1	E-chr7R-1	chr7R	181	30631	45974	beginning
6991_day0_with_selection	6991	chr14L	SRR33298395.1734548	2	5	E-chr14L-2	E-chr4R-7	chr4R	181	30631	45974	beginning
6991_day0_with_selection	6991	chr14L	SRR33298395.302182	1	5	E-chr14L-1	E-chr7R-1	chr7R	184	30675	45958	beginning
6991_day0_with_selection	6991	chr14L	SRR33298395.302182	2	5	E-chr14L-2	E-chr4R-7	chr4R	184	30675	45958	beginning
6991_day0_with_selection	6991	chr14L	SRR33298395.787630	1	5	E-chr14L-1	E-chr7R-1	chr7R	15336	45787	45970	end
6991_day0_with_selection	6991	chr14L	SRR33298395.787630	2	5	E-chr14L-2	E-chr4R-3	chr4R	15336	45787	45970	end
6991_day0_with_selection	6991	chr14L	SRR33298395.632644	1	5	E-chr14L-1	E-chr7R-1	chr7R	15304	45734	45958	end
6991_day0_with_selection	6991	chr14L	SRR33298395.632644	2	5	E-chr14L-2	E-chr4R-3	chr4R	15304	45734	45958	end
6991_day0_with_selection	6991	chr14L	SRR33298395.1253500	1	5	E-chr14L-1	E-chr7R-1	chr7R	203	30633	45970	beginning
6991_day0_with_selection	6991	chr14L	SRR33298395.1253500	2	5	E-chr14L-2	E-chr4R-3	chr4R	203	30633	45970	beginning
6991_day0_with_selection	6991	chr14L	SRR33298395.1666601	1	5	E-chr14L-1	E-chr7R-1	chr7R	205	30636	45966	beginning
6991_day0_with_selection	6991	chr14L	SRR33298395.1666601	2	5	E-chr14L-2	E-chr4R-7	chr4R	205	30636	45966	beginning
6991_day0_with_selection	6991	chr14L	SRR33298395.96483	1	5	E-chr14L-1	E-chr7R-1	chr7R	15319	45748	45964	end
6991_day0_with_selection	6991	chr14L	SRR33298395.1769709	1	5	E-chr14L-1	E-chr7R-1	chr7R	219	30664	45970	beginning
6991_day0_with_selection	6991	chr14L	SRR33298395.1769709	2	5	E-chr14L-2	E-chr4R-3	chr4R	219	30664	45970	beginning
6991_day0_with_selection	6991	chr14L	SRR33298395.1160969	1	5	E-chr14L-1	E-chr7R-1	chr7R	223	30631	45950	beginning
6991_day0_with_selection	6991	chr14L	SRR33298395.1160969	2	5	E-chr14L-2	E-chr4R-7	chr4R	223	30631	45950	beginning
6991_day0_with_selection	6991	chr14L	SRR33298395.1767319	1	5	E-chr14L-1	E-chr7R-1	chr7R	185	30640	45964	beginning
6991_day0_with_selection	6991	chr14L	SRR33298395.1767319	2	5	E-chr14L-2	E-chr4R-7	chr4R	185	30640	45964	beginning
6991_day0_with_selection	6991	chr14L	SRR33298395.1411367	1	5	E-chr14L-1	E-chr7R-1	chr7R	152	30644	45966	beginning
6991_day0_with_selection	6991	chr14L	SRR33298395.1411367	2	5	E-chr14L-2	E-chr4R-7	chr4R	152	30644	45966	beginning
6991_day0_with_selection	6991	chr14L	SRR33298395.1506260	1	5	E-chr14L-1	E-chr7R-1	chr7R	184	30640	45974	beginning
6991_day0_with_selection	6991	chr14L	SRR33298395.1506260	2	5	E-chr14L-2	E-chr4R-7	chr4R	184	30640	45974	beginning
6991_day0_with_selection	6991	chr14L	SRR33298395.1320286	1	5	E-chr14L-1	E-chr7R-1	chr7R	201	30618	45944	beginning
6991_day0_with_selection	6991	chr14L	SRR33298395.1320286	2	5	E-chr14L-2	E-chr4R-7	chr4R	201	30618	45944	beginning
6991_day0_with_selection	6991	chr14L	SRR33298395.607367	1	5	E-chr14L-1	E-chr7R-1	chr7R	15118	45522	45764	end
6991_day0_with_selection	6991	chr14L	SRR33298395.1748312	1	5	E-chr14L-1	E-chr7R-1	chr7R	149	30695	45983	beginning
6991_day0_with_selection	6991	chr14L	SRR33298395.1748312	2	5	E-chr14L-2	E-chr4R-3	chr4R	149	30695	45983	beginning
6991_day0_with_selection	6991	chr14L	SRR33298395.1406507	1	5	E-chr14L-1	E-chr7R-1	chr7R	15329	45822	45969	end
6991_day0_with_selection	6991	chr14L	SRR33298395.920021	1	5	E-chr14L-1	E-chr7R-1	chr7R	217	30644	45944	beginning
6991_day0_with_selection	6991	chr14L	SRR33298395.920021	2	5	E-chr14L-2	E-chr4R-7	chr4R	217	30644	45944	beginning
6991_day0_with_selection	6991	chr14L	SRR33298395.672131	1	5	E-chr14L-1	E-chr7R-1	chr7R	15315	45763	45958	end
6991_day0_with_selection	6991	chr14L	SRR33298395.672131	2	5	E-chr14L-2	E-chr4R-3	chr4R	15315	45763	45958	end
6991_day0_with_selection	6991	chr14L	SRR33298395.1437730	1	5	E-chr14L-1	E-chr7R-1	chr7R	204	30649	45954	beginning
6991_day0_with_selection	6991	chr14L	SRR33298395.1437730	2	5	E-chr14L-2	E-chr4R-7	chr4R	204	30649	45954	beginning
6991_day0_with_selection	6991	chr14L	SRR33298395.1658920	1	5	E-chr14L-1	E-chr7R-1	chr7R	147	30624	45953	beginning
6991_day0_with_selection	6991	chr14L	SRR33298395.1658920	2	5	E-chr14L-2	E-chr4R-7	chr4R	147	30624	45953	beginning
6991_day0_with_selection	6991	chr14L	SRR33298395.495125	1	5	E-chr14L-1	E-chr7R-1	chr7R	209	30640	45965	beginning
6991_day0_with_selection	6991	chr14L	SRR33298395.495125	2	5	E-chr14L-2	E-chr4R-7	chr4R	209	30640	45965	beginning
6991_day0_with_selection	6991	chr14L	SRR33298395.1537026	1	5	E-chr14L-1	E-chr7R-1	chr7R	166	30629	45964	beginning
6991_day0_with_selection	6991	chr14L	SRR33298395.1537026	2	5	E-chr14L-2	E-chr4R-3	chr4R	166	30629	45964	beginning
6991_day0_with_selection	6991	chr14L	SRR33298395.1797464	1	5	E-chr14L-1	E-chr7R-1	chr7R	15323	45753	45957	end
6991_day0_with_selection	6991	chr14L	SRR33298395.1797464	2	5	E-chr14L-2	E-chr4R-3	chr4R	15323	45753	45957	end
6991_day0_with_selection	6991	chr14L	SRR33298395.1747448	1	5	E-chr14L-1	E-chr7R-1	chr7R	15333	45767	45962	end
6991_day0_with_selection	6991	chr14L	SRR33298395.1747448	2	5	E-chr14L-2	E-chr4R-3	chr4R	15333	45767	45962	end
6991_day0_with_selection	6991	chr14L	SRR33298395.655647	1	5	E-chr14L-1	E-chr7R-1	chr7R	15332	45754	45959	end
6991_day0_with_selection	6991	chr14L	SRR33298395.957933	1	5	E-chr14L-1	E-chr7R-1	chr7R	204	30628	45953	beginning
6991_day0_with_selection	6991	chr14L	SRR33298395.957933	2	5	E-chr14L-2	E-chr4R-3	chr4R	204	30628	45953	beginning
6991_day0_with_selection	6991	chr14L	SRR33298395.142464	1	5	E-chr14L-1	E-chr7R-1	chr7R	207	30662	43955	beginning
6991_day0_with_selection	6991	chr14L	SRR33298395.142464	2	5	E-chr14L-2	E-chr4R-3	chr4R	207	30662	43955	beginning
6991_day0_with_selection	6991	chr14L	SRR33298395.651359	1	5	E-chr14L-1	E-chr7R-1	chr7R	183	30636	45953	beginning
6991_day0_with_selection	6991	chr14L	SRR33298395.651359	2	5	E-chr14L-2	E-chr4R-7	chr4R	183	30636	45953	beginning
6991_day0_with_selection	6991	chr14L	SRR33298395.800183	1	5	E-chr14L-1	E-chr7R-1	chr7R	169	30622	44251	beginning
6991_day0_with_selection	6991	chr14L	SRR33298395.800183	2	5	E-chr14L-2	E-chr4R-3	chr4R	169	30622	44251	beginning
6991_day0_with_selection	6991	chr14L	SRR33298395.1664400	1	5	E-chr14L-1	E-chr7R-1	chr7R	246	30633	45959	beginning
6991_day0_with_selection	6991	chr14L	SRR33298395.1664400	2	5	E-chr14L-2	E-chr4R-7	chr4R	246	30633	45959	beginning
6991_day0_with_selection	6991	chr14L	SRR33298395.302232	1	5	E-chr14L-1	E-chr7R-1	chr7R	189	30618	45942	beginning
6991_day0_with_selection	6991	chr14L	SRR33298395.302232	2	5	E-chr14L-2	E-chr4R-7	chr4R	189	30618	45942	beginning
6991_day0_with_selection	6991	chr14L	SRR33298395.1328439	1	5	E-chr14L-1	E-chr7R-1	chr7R	173	30644	45944	beginning
6991_day0_with_selection	6991	chr14L	SRR33298395.1328439	2	5	E-chr14L-2	E-chr4R-3	chr4R	173	30644	45944	beginning
6991_day0_with_selection	6991	chr14L	SRR33298395.394125	1	5	E-chr14L-1	E-chr7R-1	chr7R	173	30629	45954	beginning
6991_day0_with_selection	6991	chr14L	SRR33298395.394125	2	5	E-chr14L-2	E-chr4R-3	chr4R	173	30629	45954	beginning
6991_day0_with_selection	6991	chr14L	SRR33298395.199971	1	5	E-chr14L-1	E-chr7R-1	chr7R	14488	44904	45082	end
6991_day0_with_selection	6991	chr14L	SRR33298395.199971	2	5	E-chr14L-2	E-chr4R-3	chr4R	14488	44904	45082	end
6991_day0_with_selection	6991	chr14L	SRR33298395.245128	1	5	E-chr14L-1	E-chr7R-1	chr7R	13484	43947	44134	end
6991_day0_with_selection	6991	chr14L	SRR33298395.245128	2	5	E-chr14L-2	E-chr4R-3	chr4R	13484	43947	44134	end
6991_day0_with_selection	6991	chr14L	SRR33298395.1082645	1	5	E-chr14L-1	E-chr7R-1	chr7R	15355	45789	45979	end
6991_day0_with_selection	6991	chr14L	SRR33298395.1000358	1	5	E-chr14L-1	E-chr7R-1	chr7R	222	30628	45941	beginning
6991_day0_with_selection	6991	chr14L	SRR33298395.1000358	2	5	E-chr14L-2	E-chr4R-3	chr4R	222	30628	45941	beginning
6991_day0_with_selection	6991	chr14L	SRR33298395.1411373	1	5	E-chr14L-1	E-chr7R-1	chr7R	15338	45763	45961	end
6991_day0_with_selection	6991	chr14L	SRR33298395.1835348	1	5	E-chr14L-1	E-chr7R-1	chr7R	15328	45709	45951	end
6991_day0_with_selection	6991	chr14L	SRR33298395.1835348	2	5	E-chr14L-2	E-chr4R-7	chr4R	15328	45709	45951	end
6991_day0_with_selection	6991	chr14L	SRR33298395.261747	1	5	E-chr14L-1	E-chr7R-1	chr7R	169	30617	45954	beginning
6991_day0_with_selection	6991	chr14L	SRR33298395.261747	2	5	E-chr14L-2	E-chr4R-3	chr4R	169	30617	45954	beginning
6991_day0_with_selection	6991	chr14L	SRR33298395.975868	1	5	E-chr14L-1	E-chr7R-1	chr7R	208	30630	45958	beginning
6991_day0_with_selection	6991	chr14L	SRR33298395.975868	2	5	E-chr14L-2	E-chr4R-3	chr4R	208	30630	45958	beginning
6991_day0_with_selection	6991	chr14L	SRR33298395.1158786	1	5	E-chr14L-1	E-chr7R-1	chr7R	15305	45729	45938	end
6991_day0_with_selection	6991	chr14L	SRR33298395.1158786	2	5	E-chr14L-2	E-chr4R-3	chr4R	15305	45729	45938	end
6991_day0_with_selection	6991	chr14L	SRR33298395.1680078	1	5	E-chr14L-1	E-chr7R-1	chr7R	14416	44837	45017	end
6991_day0_with_selection	6991	chr14L	SRR33298395.1680078	2	5	E-chr14L-2	E-chr4R-3	chr4R	14416	44837	45017	end
6991_day0_with_selection	6991	chr14L	SRR33298395.316121	1	5	E-chr14L-1	E-chr7R-1	chr7R	185	30625	45954	beginning
6991_day0_with_selection	6991	chr14L	SRR33298395.316121	2	5	E-chr14L-2	E-chr4R-7	chr4R	185	30625	45954	beginning
6991_day0_with_selection	6991	chr14L	SRR33298395.48813	1	5	E-chr14L-1	E-chr7R-1	chr7R	153	30623	45956	beginning
6991_day0_with_selection	6991	chr14L	SRR33298395.48813	2	5	E-chr14L-2	E-chr4R-7	chr4R	153	30623	45956	beginning
6991_day0_with_selection	6991	chr14L	SRR33298395.118833	1	5	E-chr14L-1	E-chr7R-1	chr7R	198	30638	45948	beginning
6991_day0_with_selection	6991	chr14L	SRR33298395.118833	2	5	E-chr14L-2	E-chr4R-7	chr4R	198	30638	45948	beginning
6991_day0_with_selection	6991	chr14L	SRR33298395.1474819	1	5	E-chr14L-1	E-chr7R-1	chr7R	210	30631	45947	beginning
6991_day0_with_selection	6991	chr14L	SRR33298395.1474819	2	5	E-chr14L-2	E-chr4R-3	chr4R	210	30631	45947	beginning
6991_day0_with_selection	6991	chr14L	SRR33298395.1595650	1	5	E-chr14L-1	E-chr7R-1	chr7R	177	30626	45943	beginning
6991_day0_with_selection	6991	chr14L	SRR33298395.1595650	2	5	E-chr14L-2	E-chr4R-7	chr4R	177	30626	45943	beginning
6991_day0_with_selection	6991	chr14L	SRR33298395.251326	1	5	E-chr14L-1	E-chr7R-1	chr7R	163	30589	45338	beginning
6991_day0_with_selection	6991	chr14L	SRR33298395.251326	2	5	E-chr14L-2	E-chr4R-7	chr4R	163	30589	45338	beginning
6991_day0_with_selection	6991	chr14L	SRR33298395.1352573	1	5	E-chr14L-1	E-chr7R-1	chr7R	218	30636	45940	beginning
6991_day0_with_selection	6991	chr14L	SRR33298395.1352573	2	5	E-chr14L-2	E-chr4R-3	chr4R	218	30636	45940	beginning
6991_day0_with_selection	6991	chr14L	SRR33298395.1112954	1	5	E-chr14L-1	E-chr7R-1	chr7R	173	30628	45946	beginning
6991_day0_with_selection	6991	chr14L	SRR33298395.1112954	2	5	E-chr14L-2	E-chr4R-3	chr4R	173	30628	45946	beginning
6991_day0_with_selection	6991	chr14L	SRR33298395.68112	1	5	E-chr14L-1	E-chr7R-1	chr7R	175	30607	45952	beginning
6991_day0_with_selection	6991	chr14L	SRR33298395.68112	2	5	E-chr14L-2	E-chr4R-3	chr4R	175	30607	45952	beginning
6991_day0_with_selection	6991	chr14L	SRR33298395.610353	1	5	E-chr14L-1	E-chr7R-1	chr7R	192	30622	43950	beginning
6991_day0_with_selection	6991	chr14L	SRR33298395.610353	2	5	E-chr14L-2	E-chr4R-7	chr4R	192	30622	43950	beginning
6991_day0_with_selection	6991	chr14L	SRR33298395.164880	1	5	E-chr14L-1	E-chr7R-1	chr7R	196	30604	45939	beginning
6991_day0_with_selection	6991	chr14L	SRR33298395.164880	2	5	E-chr14L-2	E-chr4R-3	chr4R	196	30604	45939	beginning
6991_day0_with_selection	6991	chr14L	SRR33298395.1808529	1	5	E-chr14L-1	E-chr7R-1	chr7R	222	30625	45935	beginning
6991_day0_with_selection	6991	chr14L	SRR33298395.1808529	2	5	E-chr14L-2	E-chr4R-7	chr4R	222	30625	45935	beginning
6991_day0_with_selection	6991	chr14L	SRR33298395.98478	1	5	E-chr14L-1	E-chr7R-1	chr7R	206	30605	45944	beginning
6991_day0_with_selection	6991	chr14L	SRR33298395.814052	1	5	E-chr14L-1	E-chr7R-1	chr7R	175	30647	45928	beginning
6991_day0_with_selection	6991	chr14L	SRR33298395.814052	2	5	E-chr14L-2	E-chr4R-7	chr4R	175	30647	45928	beginning
6991_day0_with_selection	6991	chr14L	SRR33298395.1352494	1	5	E-chr14L-1	E-chr7R-1	chr7R	188	30619	45936	beginning
6991_day0_with_selection	6991	chr14L	SRR33298395.1352494	2	5	E-chr14L-2	E-chr4R-3	chr4R	188	30619	45936	beginning
6991_day0_with_selection	6991	chr14L	SRR33298395.820222	1	5	E-chr14L-1	E-chr7R-1	chr7R	15334	45736	45944	end
6991_day0_with_selection	6991	chr14L	SRR33298395.200567	1	5	E-chr14L-1	E-chr7R-1	chr7R	15336	45763	45942	end
6991_day0_with_selection	6991	chr14L	SRR33298395.200567	2	5	E-chr14L-2	E-chr4R-3	chr4R	15336	45763	45942	end
6991_day0_with_selection	6991	chr14L	SRR33298395.668719	1	5	E-chr14L-1	E-chr7R-1	chr7R	207	30610	45945	beginning
6991_day0_with_selection	6991	chr14L	SRR33298395.668719	2	5	E-chr14L-2	E-chr4R-7	chr4R	207	30610	45945	beginning
6991_day0_with_selection	6991	chr14L	SRR33298395.1069798	1	5	E-chr14L-1	E-chr7R-1	chr7R	15363	45727	45943	end
6991_day0_with_selection	6991	chr14L	SRR33298395.7053	1	5	E-chr14L-1	E-chr7R-1	chr7R	174	30603	45950	beginning
6991_day0_with_selection	6991	chr14L	SRR33298395.7053	2	5	E-chr14L-2	E-chr4R-7	chr4R	174	30603	45950	beginning
6991_day0_with_selection	6991	chr14L	SRR33298395.358902	1	5	E-chr14L-1	E-chr7R-1	chr7R	231	30666	45932	beginning
6991_day0_with_selection	6991	chr14L	SRR33298395.358902	2	5	E-chr14L-2	E-chr4R-7	chr4R	231	30666	45932	beginning
6991_day0_with_selection	6991	chr14L	SRR33298395.287202	1	5	E-chr14L-1	E-chr7R-1	chr7R	204	30619	45941	beginning
6991_day0_with_selection	6991	chr14L	SRR33298395.287202	2	5	E-chr14L-2	E-chr4R-7	chr4R	204	30619	45941	beginning
6991_day0_with_selection	6991	chr14L	SRR33298395.1714684	1	5	E-chr14L-1	E-chr7R-1	chr7R	158	30603	45922	beginning
6991_day0_with_selection	6991	chr14L	SRR33298395.1714684	2	5	E-chr14L-2	E-chr4R-7	chr4R	158	30603	45922	beginning
6991_day0_with_selection	6991	chr14L	SRR33298395.1581631	1	5	E-chr14L-1	E-chr7R-1	chr7R	15331	45772	45932	end
6991_day0_with_selection	6991	chr14L	SRR33298395.159025	1	5	E-chr14L-1	E-chr7R-1	chr7R	14875	45233	45492	end
6991_day0_with_selection	6991	chr14L	SRR33298395.159025	2	5	E-chr14L-2	E-chr4R-3	chr4R	14875	45233	45492	end
6991_day0_with_selection	6991	chr14L	SRR33298395.465043	1	5	E-chr14L-1	E-chr7R-1	chr7R	169	30596	45928	beginning
6991_day0_with_selection	6991	chr14L	SRR33298395.465043	2	5	E-chr14L-2	E-chr4R-3	chr4R	169	30596	45928	beginning
6991_day0_with_selection	6991	chr14L	SRR33298395.1159002	1	5	E-chr14L-1	E-chr7R-1	chr7R	145	30603	45934	beginning
6991_day0_with_selection	6991	chr14L	SRR33298395.1159002	2	5	E-chr14L-2	E-chr4R-3	chr4R	145	30603	45934	beginning
6991_day0_with_selection	6991	chr14L	SRR33298395.278135	1	5	E-chr14L-1	E-chr7R-1	chr7R	213	30602	45934	beginning
6991_day0_with_selection	6991	chr14L	SRR33298395.278135	2	5	E-chr14L-2	E-chr4R-3	chr4R	213	30602	45934	beginning
6991_day0_with_selection	6991	chr14L	SRR33298395.380551	1	5	E-chr14L-1	E-chr7R-1	chr7R	15313	45745	45927	end
6991_day0_with_selection	6991	chr14L	SRR33298395.1252712	1	5	E-chr14L-1	E-chr7R-1	chr7R	149	30576	45959	beginning
6991_day0_with_selection	6991	chr14L	SRR33298395.1252712	2	5	E-chr14L-2	E-chr4R-3	chr4R	149	30576	45959	beginning
6991_day0_with_selection	6991	chr14L	SRR33298395.746766	1	5	E-chr14L-1	E-chr7R-1	chr7R	15324	45705	45932	end
6991_day0_with_selection	6991	chr14L	SRR33298395.746766	2	5	E-chr14L-2	E-chr4R-7	chr4R	15324	45705	45932	end
6991_day0_with_selection	6991	chr14L	SRR33298395.1112420	1	5	E-chr14L-1	E-chr7R-1	chr7R	178	30622	45923	beginning
6991_day0_with_selection	6991	chr14L	SRR33298395.1112420	2	5	E-chr14L-2	E-chr4R-7	chr4R	178	30622	45923	beginning
6991_day0_with_selection	6991	chr14L	SRR33298395.1428727	1	5	E-chr14L-1	E-chr7R-1	chr7R	263	30626	45928	beginning
6991_day0_with_selection	6991	chr14L	SRR33298395.1428727	2	5	E-chr14L-2	E-chr4R-3	chr4R	263	30626	45928	beginning
6991_day0_with_selection	6991	chr14L	SRR33298395.1180940	1	5	E-chr14L-1	E-chr7R-1	chr7R	172	30590	45848	beginning
6991_day0_with_selection	6991	chr14L	SRR33298395.1180940	2	5	E-chr14L-2	E-chr4R-3	chr4R	172	30590	45848	beginning
6991_day0_with_selection	6991	chr14L	SRR33298395.683264	1	5	E-chr14L-1	E-chr7R-1	chr7R	192	30610	45925	beginning
6991_day0_with_selection	6991	chr14L	SRR33298395.683264	2	5	E-chr14L-2	E-chr4R-7	chr4R	192	30610	45925	beginning
6991_day0_with_selection	6991	chr14L	SRR33298395.872612	1	5	E-chr14L-1	E-chr7R-1	chr7R	178	30611	43571	beginning
6991_day0_with_selection	6991	chr14L	SRR33298395.872612	2	5	E-chr14L-2	E-chr4R-7	chr4R	178	30611	43571	beginning
6991_day0_with_selection	6991	chr14L	SRR33298395.1464148	1	5	E-chr14L-1	E-chr7R-1	chr7R	181	30614	45920	beginning
6991_day0_with_selection	6991	chr14L	SRR33298395.1464148	2	5	E-chr14L-2	E-chr4R-7	chr4R	181	30614	45920	beginning
6991_day0_with_selection	6991	chr14L	SRR33298395.892421	1	5	E-chr14L-1	E-chr7R-1	chr7R	15333	45770	45928	end
6991_day0_with_selection	6991	chr14L	SRR33298395.599420	1	5	E-chr14L-1	E-chr7R-1	chr7R	15333	45743	45929	end
6991_day0_with_selection	6991	chr14L	SRR33298395.599420	2	5	E-chr14L-2	E-chr4R-3	chr4R	15333	45743	45929	end
6991_day0_with_selection	6991	chr14L	SRR33298395.302464	1	5	E-chr14L-1	E-chr7R-1	chr7R	189	30627	45924	beginning
6991_day0_with_selection	6991	chr14L	SRR33298395.302464	2	5	E-chr14L-2	E-chr4R-3	chr4R	189	30627	45924	beginning
6991_day0_with_selection	6991	chr14L	SRR33298395.736721	1	5	E-chr14L-1	E-chr7R-1	chr7R	232	30621	43533	beginning
6991_day0_with_selection	6991	chr14L	SRR33298395.736721	2	5	E-chr14L-2	E-chr4R-7	chr4R	232	30621	43533	beginning
6991_day0_with_selection	6991	chr14L	SRR33298395.1559042	1	5	E-chr14L-1	E-chr7R-1	chr7R	205	30624	45929	beginning
6991_day0_with_selection	6991	chr14L	SRR33298395.1559042	2	5	E-chr14L-2	E-chr4R-7	chr4R	205	30624	45929	beginning
6991_day0_with_selection	6991	chr14L	SRR33298395.281002	1	5	E-chr14L-1	E-chr7R-1	chr7R	14818	45254	45407	end
6991_day0_with_selection	6991	chr14L	SRR33298395.1644031	1	5	E-chr14L-1	E-chr7R-1	chr7R	15326	45690	45928	end
6991_day0_with_selection	6991	chr14L	SRR33298395.388440	1	5	E-chr14L-1	E-chr7R-1	chr7R	15323	45692	45924	end
6991_day0_with_selection	6991	chr14L	SRR33298395.399037	1	5	E-chr14L-1	E-chr7R-1	chr7R	15314	45767	45930	end
6991_day0_with_selection	6991	chr14L	SRR33298395.399037	2	5	E-chr14L-2	E-chr4R-3	chr4R	15314	45767	45930	end
6991_day0_with_selection	6991	chr14L	SRR33298395.1379808	1	5	E-chr14L-1	E-chr7R-1	chr7R	15318	45732	45928	end
6991_day0_with_selection	6991	chr14L	SRR33298395.1379808	2	5	E-chr14L-2	E-chr4R-3	chr4R	15318	45732	45928	end
6991_day0_with_selection	6991	chr14L	SRR33298395.1297934	1	5	E-chr14L-1	E-chr7R-1	chr7R	15335	45721	45917	end
6991_day0_with_selection	6991	chr14L	SRR33298395.1297934	2	5	E-chr14L-2	E-chr4R-5	chr4R	15335	45721	45917	end
6991_day0_with_selection	6991	chr14L	SRR33298395.1845659	1	5	E-chr14L-1	E-chr7R-1	chr7R	148	30607	45915	beginning
6991_day0_with_selection	6991	chr14L	SRR33298395.1845659	2	5	E-chr14L-2	E-chr4R-7	chr4R	148	30607	45915	beginning
6991_day0_with_selection	6991	chr14L	SRR33298395.172780	1	5	E-chr14L-1	E-chr7R-1	chr7R	15307	45738	45925	end
6991_day0_with_selection	6991	chr14L	SRR33298395.1581459	1	5	E-chr14L-1	E-chr7R-1	chr7R	146	30582	45929	beginning
6991_day0_with_selection	6991	chr14L	SRR33298395.1581459	2	5	E-chr14L-2	E-chr4R-7	chr4R	146	30582	45929	beginning
6991_day0_with_selection	6991	chr14L	SRR33298395.198280	1	5	E-chr14L-1	E-chr7R-1	chr7R	15322	45749	45914	end
6991_day0_with_selection	6991	chr14L	SRR33298395.1038524	1	5	E-chr14L-1	E-chr7R-1	chr7R	164	30599	45897	beginning
6991_day0_with_selection	6991	chr14L	SRR33298395.1038524	2	5	E-chr14L-2	E-chr4R-3	chr4R	164	30599	45897	beginning
6991_day0_with_selection	6991	chr14L	SRR33298395.458193	1	5	E-chr14L-1	E-chr7R-1	chr7R	229	30601	45919	beginning
6991_day0_with_selection	6991	chr14L	SRR33298395.458193	2	5	E-chr14L-2	E-chr4R-7	chr4R	229	30601	45919	beginning
6991_day0_with_selection	6991	chr14L	SRR33298395.797200	1	5	E-chr14L-1	E-chr7R-1	chr7R	192	30631	45916	beginning
6991_day0_with_selection	6991	chr14L	SRR33298395.797200	2	5	E-chr14L-2	E-chr4R-7	chr4R	192	30631	45916	beginning
6991_day0_with_selection	6991	chr14L	SRR33298395.211670	1	5	E-chr14L-1	E-chr7R-1	chr7R	165	30594	45910	beginning
6991_day0_with_selection	6991	chr14L	SRR33298395.211670	2	5	E-chr14L-2	E-chr4R-3	chr4R	165	30594	45910	beginning
6991_day0_with_selection	6991	chr14L	SRR33298395.1163660	1	5	E-chr14L-1	E-chr7R-1	chr7R	189	30610	45911	beginning
6991_day0_with_selection	6991	chr14L	SRR33298395.1163660	2	5	E-chr14L-2	E-chr4R-3	chr4R	189	30610	45911	beginning
6991_day0_with_selection	6991	chr14L	SRR33298395.1096070	1	5	E-chr14L-1	E-chr7R-1	chr7R	160	30592	45917	beginning
6991_day0_with_selection	6991	chr14L	SRR33298395.1096070	2	5	E-chr14L-2	E-chr4R-7	chr4R	160	30592	45917	beginning
6991_day0_with_selection	6991	chr14L	SRR33298395.631218	1	5	E-chr14L-1	E-chr7R-1	chr7R	182	30588	45928	beginning
6991_day0_with_selection	6991	chr14L	SRR33298395.631218	2	5	E-chr14L-2	E-chr4R-3	chr4R	182	30588	45928	beginning
6991_day0_with_selection	6991	chr14L	SRR33298395.605133	1	5	E-chr14L-1	E-chr7R-1	chr7R	162	30622	45920	beginning
6991_day0_with_selection	6991	chr14L	SRR33298395.605133	2	5	E-chr14L-2	E-chr4R-7	chr4R	162	30622	45920	beginning
6991_day0_with_selection	6991	chr14L	SRR33298395.1708465	1	5	E-chr14L-1	E-chr7R-1	chr7R	189	30589	45920	beginning
6991_day0_with_selection	6991	chr14L	SRR33298395.1708465	2	5	E-chr14L-2	E-chr4R-7	chr4R	189	30589	45920	beginning
6991_day0_with_selection	6991	chr14L	SRR33298395.1069575	1	5	E-chr14L-1	E-chr7R-1	chr7R	152	30596	45917	beginning
6991_day0_with_selection	6991	chr14L	SRR33298395.1069575	2	5	E-chr14L-2	E-chr4R-7	chr4R	152	30596	45917	beginning
6991_day0_with_selection	6991	chr14L	SRR33298395.562725	1	5	E-chr14L-1	E-chr7R-1	chr7R	15318	45740	45900	end
6991_day0_with_selection	6991	chr14L	SRR33298395.562725	2	5	E-chr14L-2	E-chr4R-3	chr4R	15318	45740	45900	end
6991_day0_with_selection	6991	chr14L	SRR33298395.907250	1	5	E-chr14L-1	E-chr7R-1	chr7R	171	30590	45899	beginning
6991_day0_with_selection	6991	chr14L	SRR33298395.907250	2	5	E-chr14L-2	E-chr4R-7	chr4R	171	30590	45899	beginning
6991_day0_with_selection	6991	chr14L	SRR33298395.245283	1	5	E-chr14L-1	E-chr16L-1	chr16L	15321	45726	45908	end
6991_day0_with_selection	6991	chr14L	SRR33298395.1005653	1	5	E-chr14L-1	E-chr7R-1	chr7R	122	30585	43537	beginning
6991_day0_with_selection	6991	chr14L	SRR33298395.1005653	2	5	E-chr14L-2	E-chr4R-3	chr4R	122	30585	43537	beginning
6991_day0_with_selection	6991	chr14L	SRR33298395.545956	1	5	E-chr14L-1	E-chr7R-1	chr7R	15330	45758	45913	end
6991_day0_with_selection	6991	chr14L	SRR33298395.545956	2	5	E-chr14L-2	E-chr4R-3	chr4R	15330	45758	45913	end
6991_day0_with_selection	6991	chr14L	SRR33298395.1059321	1	5	E-chr14L-1	E-chr7R-1	chr7R	153	30580	45906	beginning
6991_day0_with_selection	6991	chr14L	SRR33298395.1059321	2	5	E-chr14L-2	E-chr4R-3	chr4R	153	30580	45906	beginning
6991_day0_with_selection	6991	chr14L	SRR33298395.845055	1	5	E-chr14L-1	E-chr7R-1	chr7R	164	30605	45888	beginning
6991_day0_with_selection	6991	chr14L	SRR33298395.845055	2	5	E-chr14L-2	E-chr4R-7	chr4R	164	30605	45888	beginning
6991_day0_with_selection	6991	chr14L	SRR33298395.325156	1	5	E-chr14L-1	E-chr7R-1	chr7R	144	30575	45911	beginning
6991_day0_with_selection	6991	chr14L	SRR33298395.325156	2	5	E-chr14L-2	E-chr4R-7	chr4R	144	30575	45911	beginning
6991_day0_with_selection	6991	chr14L	SRR33298395.1048730	1	5	E-chr14L-1	E-chr7R-1	chr7R	151	30590	45885	beginning
6991_day0_with_selection	6991	chr14L	SRR33298395.1048730	2	5	E-chr14L-2	E-chr4R-7	chr4R	151	30590	45885	beginning
6991_day0_with_selection	6991	chr14L	SRR33298395.1700922	1	5	E-chr14L-1	E-chr7R-1	chr7R	15340	45762	45911	end
6991_day0_with_selection	6991	chr14L	SRR33298395.1270719	1	5	E-chr14L-1	E-chr7R-1	chr7R	142	30587	45892	beginning
6991_day0_with_selection	6991	chr14L	SRR33298395.1270719	2	5	E-chr14L-2	E-chr4R-3	chr4R	142	30587	45892	beginning
6991_day0_with_selection	6991	chr14L	SRR33298395.1540771	1	5	E-chr14L-1	E-chr7R-1	chr7R	208	30581	45910	beginning
6991_day0_with_selection	6991	chr14L	SRR33298395.1540771	2	5	E-chr14L-2	E-chr4R-3	chr4R	208	30581	45910	beginning
6991_day0_with_selection	6991	chr14L	SRR33298395.1484869	1	5	E-chr14L-1	E-chr7R-1	chr7R	15324	45760	45909	end
6991_day0_with_selection	6991	chr14L	SRR33298395.1484869	2	5	E-chr14L-2	E-chr4R-3	chr4R	15324	45760	45909	end
6991_day0_with_selection	6991	chr14L	SRR33298395.1083591	1	5	E-chr14L-1	E-chr7R-1	chr7R	15345	45778	45908	end
6991_day0_with_selection	6991	chr14L	SRR33298395.1083591	2	5	E-chr14L-2	E-chr4R-3	chr4R	15345	45778	45908	end
6991_day0_with_selection	6991	chr14L	SRR33298395.336083	1	5	E-chr14L-1	E-chr7R-1	chr7R	163	30584	45902	beginning
6991_day0_with_selection	6991	chr14L	SRR33298395.336083	2	5	E-chr14L-2	E-chr4R-3	chr4R	163	30584	45902	beginning
6991_day0_with_selection	6991	chr14L	SRR33298395.690824	1	5	E-chr14L-1	E-chr7R-1	chr7R	159	30588	45908	beginning
6991_day0_with_selection	6991	chr14L	SRR33298395.690824	2	5	E-chr14L-2	E-chr4R-7	chr4R	159	30588	45908	beginning
6991_day0_with_selection	6991	chr14L	SRR33298395.1139569	1	5	E-chr14L-1	E-chr7R-1	chr7R	15347	45726	45904	end
6991_day0_with_selection	6991	chr14L	SRR33298395.373974	1	5	E-chr14L-1	E-chr7R-1	chr7R	184	30594	45880	beginning
6991_day0_with_selection	6991	chr14L	SRR33298395.373974	2	5	E-chr14L-2	E-chr4R-7	chr4R	184	30594	45880	beginning
6991_day0_with_selection	6991	chr14L	SRR33298395.48510	1	5	E-chr14L-1	E-chr7R-1	chr7R	15331	45738	45906	end
6991_day0_with_selection	6991	chr14L	SRR33298395.99775	1	5	E-chr14L-1	E-chr7R-1	chr7R	15338	45736	45898	end
6991_day0_with_selection	6991	chr14L	SRR33298395.99775	2	5	E-chr14L-2	E-chr4R-3	chr4R	15338	45736	45898	end
6991_day0_with_selection	6991	chr14L	SRR33298395.30112	1	5	E-chr14L-1	E-chr7R-1	chr7R	260	30653	45926	beginning
6991_day0_with_selection	6991	chr14L	SRR33298395.30112	2	5	E-chr14L-2	E-chr4R-7	chr4R	260	30653	45926	beginning
6991_day0_with_selection	6991	chr14L	SRR33298395.596845	1	5	E-chr14L-1	E-chr7R-1	chr7R	159	30592	45888	beginning
6991_day0_with_selection	6991	chr14L	SRR33298395.596845	2	5	E-chr14L-2	E-chr4R-3	chr4R	159	30592	45888	beginning
6991_day0_with_selection	6991	chr14L	SRR33298395.1612278	1	5	E-chr14L-1	E-chr7R-1	chr7R	162	30596	45895	beginning
6991_day0_with_selection	6991	chr14L	SRR33298395.1612278	2	5	E-chr14L-2	E-chr4R-7	chr4R	162	30596	45895	beginning
6991_day0_with_selection	6991	chr14L	SRR33298395.580974	1	5	E-chr14L-1	E-chr7R-1	chr7R	145	30560	45898	beginning
6991_day0_with_selection	6991	chr14L	SRR33298395.580974	2	5	E-chr14L-2	E-chr4R-3	chr4R	145	30560	45898	beginning
6991_day0_with_selection	6991	chr14L	SRR33298395.523723	1	5	E-chr14L-1	E-chr7R-1	chr7R	176	30604	45893	beginning
6991_day0_with_selection	6991	chr14L	SRR33298395.523723	2	5	E-chr14L-2	E-chr4R-7	chr4R	176	30604	45893	beginning
6991_day0_with_selection	6991	chr14L	SRR33298395.1567744	1	5	E-chr14L-1	E-chr7R-1	chr7R	107	30560	45884	beginning
6991_day0_with_selection	6991	chr14L	SRR33298395.1567744	2	5	E-chr14L-2	E-chr4R-7	chr4R	107	30560	45884	beginning
6991_day0_with_selection	6991	chr14L	SRR33298395.778210	1	5	E-chr14L-1	E-chr7R-1	chr7R	156	30594	45893	beginning
6991_day0_with_selection	6991	chr14L	SRR33298395.778210	2	5	E-chr14L-2	E-chr4R-3	chr4R	156	30594	45893	beginning
6991_day0_with_selection	6991	chr14L	SRR33298395.632403	1	5	E-chr14L-1	E-chr7R-1	chr7R	15337	45749	45904	end
6991_day0_with_selection	6991	chr14L	SRR33298395.632403	2	5	E-chr14L-2	E-chr4R-3	chr4R	15337	45749	45904	end
6991_day0_with_selection	6991	chr14L	SRR33298395.1039941	1	5	E-chr14L-1	E-chr7R-1	chr7R	119	30557	45888	beginning
6991_day0_with_selection	6991	chr14L	SRR33298395.1039941	2	5	E-chr14L-2	E-chr4R-3	chr4R	119	30557	45888	beginning
6991_day0_with_selection	6991	chr14L	SRR33298395.905113	1	5	E-chr14L-1	E-chr7R-1	chr7R	15326	45766	45898	end
6991_day0_with_selection	6991	chr14L	SRR33298395.1808203	1	5	E-chr14L-1	E-chr7R-1	chr7R	193	30590	45892	beginning
6991_day0_with_selection	6991	chr14L	SRR33298395.1808203	2	5	E-chr14L-2	E-chr4R-3	chr4R	193	30590	45892	beginning
6991_day0_with_selection	6991	chr14L	SRR33298395.417888	1	5	E-chr14L-1	E-chr7R-1	chr7R	175	30568	45887	beginning
6991_day0_with_selection	6991	chr14L	SRR33298395.1760648	1	5	E-chr14L-1	E-chr7R-1	chr7R	15305	45679	45879	end
6991_day0_with_selection	6991	chr14L	SRR33298395.474762	1	5	E-chr14L-1	E-chr7R-1	chr7R	177	30572	45888	beginning
6991_day0_with_selection	6991	chr14L	SRR33298395.474762	2	5	E-chr14L-2	E-chr4R-3	chr4R	177	30572	45888	beginning
6991_day0_with_selection	6991	chr14L	SRR33298395.400686	1	5	E-chr14L-1	E-chr7R-1	chr7R	172	30582	45869	beginning
6991_day0_with_selection	6991	chr14L	SRR33298395.400686	2	5	E-chr14L-2	E-chr4R-3	chr4R	172	30582	45869	beginning
6991_day0_with_selection	6991	chr14L	SRR33298395.1420829	1	5	E-chr14L-1	E-chr7R-1	chr7R	215	30579	45897	beginning
6991_day0_with_selection	6991	chr14L	SRR33298395.1420829	2	5	E-chr14L-2	E-chr4R-7	chr4R	215	30579	45897	beginning
6991_day0_with_selection	6991	chr14L	SRR33298395.1415311	1	5	E-chr14L-1	E-chr7R-1	chr7R	15322	45750	45890	end
6991_day0_with_selection	6991	chr14L	SRR33298395.1568590	1	5	E-chr14L-1	E-chr7R-1	chr7R	131	30538	45878	beginning
6991_day0_with_selection	6991	chr14L	SRR33298395.1568590	2	5	E-chr14L-2	E-chr4R-3	chr4R	131	30538	45878	beginning
6991_day0_with_selection	6991	chr14L	SRR33298395.39802	1	5	E-chr14L-1	E-chr7R-1	chr7R	118	30564	45869	beginning
6991_day0_with_selection	6991	chr14L	SRR33298395.39802	2	5	E-chr14L-2	E-chr4R-7	chr4R	118	30564	45869	beginning
6991_day0_with_selection	6991	chr14L	SRR33298395.47580	1	5	E-chr14L-1	E-chr7R-1	chr7R	132	30566	45893	beginning
6991_day0_with_selection	6991	chr14L	SRR33298395.47580	2	5	E-chr14L-2	E-chr4R-7	chr4R	132	30566	45893	beginning
6991_day0_with_selection	6991	chr14L	SRR33298395.523724	1	5	E-chr14L-1	E-chr7R-1	chr7R	15295	45732	45886	end
6991_day0_with_selection	6991	chr14L	SRR33298395.1626285	1	5	E-chr14L-1	E-chr7R-1	chr7R	176	30553	45866	beginning
6991_day0_with_selection	6991	chr14L	SRR33298395.1626285	2	5	E-chr14L-2	E-chr4R-7	chr4R	176	30553	45866	beginning
6991_day0_with_selection	6991	chr14L	SRR33298395.1468038	1	5	E-chr14L-1	E-chr7R-1	chr7R	15331	45737	45883	end
6991_day0_with_selection	6991	chr14L	SRR33298395.1468038	2	5	E-chr14L-2	E-chr4R-3	chr4R	15331	45737	45883	end
6991_day0_with_selection	6991	chr14L	SRR33298395.1376502	1	5	E-chr14L-1	E-chr7R-1	chr7R	141	30557	45890	beginning
6991_day0_with_selection	6991	chr14L	SRR33298395.1376502	2	5	E-chr14L-2	E-chr4R-7	chr4R	141	30557	45890	beginning
6991_day0_with_selection	6991	chr14L	SRR33298395.580770	1	5	E-chr14L-1	E-chr7R-1	chr7R	15313	45719	45883	end
6991_day0_with_selection	6991	chr14L	SRR33298395.1180675	1	5	E-chr14L-1	E-chr7R-1	chr7R	15340	45756	45893	end
6991_day0_with_selection	6991	chr14L	SRR33298395.1180675	2	5	E-chr14L-2	E-chr4R-3	chr4R	15340	45756	45893	end
6991_day0_with_selection	6991	chr14L	SRR33298395.1787711	1	5	E-chr14L-1	E-chr7R-1	chr7R	152	30563	45886	beginning
6991_day0_with_selection	6991	chr14L	SRR33298395.1787711	2	5	E-chr14L-2	E-chr4R-3	chr4R	152	30563	45886	beginning
6991_day0_with_selection	6991	chr14L	SRR33298395.1413152	1	5	E-chr14L-1	E-chr7R-1	chr7R	146	30569	45904	beginning
6991_day0_with_selection	6991	chr14L	SRR33298395.1413152	2	5	E-chr14L-2	E-chr4R-3	chr4R	146	30569	45904	beginning
6991_day0_with_selection	6991	chr14L	SRR33298395.1432802	1	5	E-chr14L-1	E-chr7R-1	chr7R	197	30577	45869	beginning
6991_day0_with_selection	6991	chr14L	SRR33298395.1432802	2	5	E-chr14L-2	E-chr4R-7	chr4R	197	30577	45869	beginning
6991_day0_with_selection	6991	chr14L	SRR33298395.1860015	1	5	E-chr14L-1	E-chr7R-1	chr7R	143	30572	44274	beginning
6991_day0_with_selection	6991	chr14L	SRR33298395.1860015	2	5	E-chr14L-2	E-chr4R-3	chr4R	143	30572	44274	beginning
6991_day0_with_selection	6991	chr14L	SRR33298395.872875	1	5	E-chr14L-1	E-chr7R-1	chr7R	145	30563	43924	beginning
6991_day0_with_selection	6991	chr14L	SRR33298395.872875	2	5	E-chr14L-2	E-chr4R-7	chr4R	145	30563	43924	beginning
6991_day0_with_selection	6991	chr14L	SRR33298395.394127	1	5	E-chr14L-1	E-chr7R-1	chr7R	15321	45718	45878	end
6991_day0_with_selection	6991	chr14L	SRR33298395.394127	2	5	E-chr14L-2	E-chr4R-3	chr4R	15321	45718	45878	end
6991_day0_with_selection	6991	chr14L	SRR33298395.1643501	1	5	E-chr14L-1	E-chr7R-1	chr7R	203	30550	45870	beginning
6991_day0_with_selection	6991	chr14L	SRR33298395.1643501	2	5	E-chr14L-2	E-chr4R-3	chr4R	203	30550	45870	beginning
6991_day0_with_selection	6991	chr14L	SRR33298395.1890733	1	5	E-chr14L-1	E-chr7R-1	chr7R	144	30540	45861	beginning
6991_day0_with_selection	6991	chr14L	SRR33298395.1890733	2	5	E-chr14L-2	E-chr4R-3	chr4R	144	30540	45861	beginning
6991_day0_with_selection	6991	chr14L	SRR33298395.1379529	1	5	E-chr14L-1	E-chr7R-1	chr7R	200	30651	45887	beginning
6991_day0_with_selection	6991	chr14L	SRR33298395.1379529	2	5	E-chr14L-2	E-chr4R-3	chr4R	200	30651	45887	beginning
6991_day0_with_selection	6991	chr14L	SRR33298395.132856	1	5	E-chr14L-1	E-chr7R-1	chr7R	102	30553	45884	beginning
6991_day0_with_selection	6991	chr14L	SRR33298395.132856	2	5	E-chr14L-2	E-chr4R-3	chr4R	102	30553	45884	beginning
6991_day0_with_selection	6991	chr14L	SRR33298395.87032	1	5	E-chr14L-1	E-chr16L-1	chr16L	164	30543	45229	beginning
6991_day0_with_selection	6991	chr14L	SRR33298395.798452	1	5	E-chr14L-1	E-chr7R-1	chr7R	15339	45771	45881	end
6991_day0_with_selection	6991	chr14L	SRR33298395.798452	2	5	E-chr14L-2	E-chr4R-3	chr4R	15339	45771	45881	end
6991_day0_with_selection	6991	chr14L	SRR33298395.1740175	1	5	E-chr14L-1	E-chr7R-1	chr7R	15309	45719	45869	end
6991_day0_with_selection	6991	chr14L	SRR33298395.1740175	2	5	E-chr14L-2	E-chr4R-3	chr4R	15309	45719	45869	end
6991_day0_with_selection	6991	chr14L	SRR33298395.1294430	1	5	E-chr14L-1	E-chr7R-1	chr7R	15361	45749	45880	end
6991_day0_with_selection	6991	chr14L	SRR33298395.461661	1	5	E-chr14L-1	E-chr7R-1	chr7R	14640	45052	45184	end
6991_day0_with_selection	6991	chr14L	SRR33298395.98792	1	5	E-chr14L-1	E-chr7R-1	chr7R	15290	45726	45864	end
6991_day0_with_selection	6991	chr14L	SRR33298395.98792	2	5	E-chr14L-2	E-chr4R-3	chr4R	15290	45726	45864	end
6991_day0_with_selection	6991	chr14L	SRR33298395.1518652	1	5	E-chr14L-1	E-chr7R-1	chr7R	14876	45317	45413	end
6991_day0_with_selection	6991	chr14L	SRR33298395.1046868	1	5	E-chr14L-1	E-chr7R-1	chr7R	15330	45727	45882	end
6991_day0_with_selection	6991	chr14L	SRR33298395.1046868	2	5	E-chr14L-2	E-chr4R-3	chr4R	15330	45727	45882	end
6991_day0_with_selection	6991	chr14L	SRR33298395.784939	1	5	E-chr14L-1	E-chr7R-1	chr7R	151	30560	45869	beginning
6991_day0_with_selection	6991	chr14L	SRR33298395.697305	1	5	E-chr14L-1	E-chr7R-1	chr7R	122	30557	44621	beginning
6991_day0_with_selection	6991	chr14L	SRR33298395.697305	2	5	E-chr14L-2	E-chr4R-3	chr4R	122	30557	44621	beginning
6991_day0_with_selection	6991	chr14L	SRR33298395.390655	1	5	E-chr14L-1	E-chr7R-1	chr7R	146	30540	45873	beginning
6991_day0_with_selection	6991	chr14L	SRR33298395.390655	2	5	E-chr14L-2	E-chr4R-3	chr4R	146	30540	45873	beginning
6991_day0_with_selection	6991	chr14L	SRR33298395.315998	1	5	E-chr14L-1	E-chr7R-1	chr7R	15333	45754	45878	end
6991_day0_with_selection	6991	chr14L	SRR33298395.172635	1	5	E-chr14L-1	E-chr7R-1	chr7R	134	30568	45871	beginning
6991_day0_with_selection	6991	chr14L	SRR33298395.172635	2	5	E-chr14L-2	E-chr4R-7	chr4R	134	30568	45871	beginning
6991_day0_with_selection	6991	chr14L	SRR33298395.696419	1	5	E-chr14L-1	E-chr7R-1	chr7R	101	30544	45875	beginning
6991_day0_with_selection	6991	chr14L	SRR33298395.696419	2	5	E-chr14L-2	E-chr4R-3	chr4R	101	30544	45875	beginning
6991_day0_with_selection	6991	chr14L	SRR33298395.996646	1	5	E-chr14L-1	E-chr7R-1	chr7R	15321	45729	45863	end
6991_day0_with_selection	6991	chr14L	SRR33298395.32627	1	5	E-chr14L-1	E-chr7R-1	chr7R	15307	45728	45859	end
6991_day0_with_selection	6991	chr14L	SRR33298395.32627	2	5	E-chr14L-2	E-chr4R-3	chr4R	15307	45728	45859	end
6991_day0_with_selection	6991	chr14L	SRR33298395.308280	1	5	E-chr14L-1	E-chr7R-1	chr7R	15354	45738	45892	end
6991_day0_with_selection	6991	chr14L	SRR33298395.814054	1	5	E-chr14L-1	E-chr7R-1	chr7R	15313	45750	45868	end
6991_day0_with_selection	6991	chr14L	SRR33298395.1679138	1	5	E-chr14L-1	E-chr7R-1	chr7R	130	30553	45868	beginning
6991_day0_with_selection	6991	chr14L	SRR33298395.1679138	2	5	E-chr14L-2	E-chr4R-7	chr4R	130	30553	45868	beginning
6991_day0_with_selection	6991	chr14L	SRR33298395.1384319	1	5	E-chr14L-1	E-chr7R-1	chr7R	13235	43651	43762	end
6991_day0_with_selection	6991	chr14L	SRR33298395.1492525	1	5	E-chr14L-1	E-chr7R-1	chr7R	159	30562	45166	beginning
6991_day0_with_selection	6991	chr14L	SRR33298395.1492525	2	5	E-chr14L-2	E-chr4R-3	chr4R	159	30562	45166	beginning
6991_day0_with_selection	6991	chr14L	SRR33298395.1760358	1	5	E-chr14L-1	E-chr7R-1	chr7R	166	30562	45870	beginning
6991_day0_with_selection	6991	chr14L	SRR33298395.1092879	1	5	E-chr14L-1	E-chr7R-1	chr7R	15331	45758	45862	end
6991_day0_with_selection	6991	chr14L	SRR33298395.1649954	1	5	E-chr14L-1	E-chr7R-1	chr7R	15297	45620	45842	end
6991_day0_with_selection	6991	chr14L	SRR33298395.379148	1	5	E-chr14L-1	E-chr7R-1	chr7R	106	30539	45864	beginning
6991_day0_with_selection	6991	chr14L	SRR33298395.379148	2	5	E-chr14L-2	E-chr4R-3	chr4R	106	30539	45864	beginning
6991_day0_with_selection	6991	chr14L	SRR33298395.1360057	1	5	E-chr14L-1	E-chr7R-1	chr7R	113	30546	45860	beginning
6991_day0_with_selection	6991	chr14L	SRR33298395.1360057	2	5	E-chr14L-2	E-chr4R-7	chr4R	113	30546	45860	beginning
6991_day0_with_selection	6991	chr14L	SRR33298395.248137	1	5	E-chr14L-1	E-chr7R-1	chr7R	145	30575	45343	beginning
6991_day0_with_selection	6991	chr14L	SRR33298395.248137	2	5	E-chr14L-2	E-chr4R-3	chr4R	145	30575	45343	beginning
6991_day0_with_selection	6991	chr14L	SRR33298395.1507271	1	5	E-chr14L-1	E-chr7R-1	chr7R	59	30524	45856	beginning
6991_day0_with_selection	6991	chr14L	SRR33298395.1507271	2	5	E-chr14L-2	E-chr4R-7	chr4R	59	30524	45856	beginning
6991_day0_with_selection	6991	chr14L	SRR33298395.286745	1	5	E-chr14L-1	E-chr7R-1	chr7R	130	30539	45851	beginning
6991_day0_with_selection	6991	chr14L	SRR33298395.286745	2	5	E-chr14L-2	E-chr4R-3	chr4R	130	30539	45851	beginning
6991_day0_with_selection	6991	chr14L	SRR33298395.68400	1	5	E-chr14L-1	E-chr7R-1	chr7R	163	30619	45860	beginning
6991_day0_with_selection	6991	chr14L	SRR33298395.68400	2	5	E-chr14L-2	E-chr4R-7	chr4R	163	30619	45860	beginning
6991_day0_with_selection	6991	chr14L	SRR33298395.1306733	1	5	E-chr14L-1	E-chr7R-1	chr7R	15331	45755	45863	end
6991_day0_with_selection	6991	chr14L	SRR33298395.1306733	2	5	E-chr14L-2	E-chr4R-3	chr4R	15331	45755	45863	end
6991_day0_with_selection	6991	chr14L	SRR33298395.558251	1	5	E-chr14L-1	E-chr7R-1	chr7R	144	30521	45867	beginning
6991_day0_with_selection	6991	chr14L	SRR33298395.558251	2	5	E-chr14L-2	E-chr4R-3	chr4R	144	30521	45867	beginning
6991_day0_with_selection	6991	chr14L	SRR33298395.1745320	1	5	E-chr14L-1	E-chr7R-1	chr7R	12882	43299	43410	end
6991_day0_with_selection	6991	chr14L	SRR33298395.1745320	2	5	E-chr14L-2	E-chr4R-3	chr4R	12882	43299	43410	end
6991_day0_with_selection	6991	chr14L	SRR33298395.499146	1	5	E-chr14L-1	E-chr7R-1	chr7R	211	30568	45836	beginning
6991_day0_with_selection	6991	chr14L	SRR33298395.499146	2	5	E-chr14L-2	E-chr4R-3	chr4R	211	30568	45836	beginning
6991_day0_with_selection	6991	chr14L	SRR33298395.1562750	1	5	E-chr14L-1	E-chr7R-1	chr7R	15343	45742	45860	end
6991_day0_with_selection	6991	chr14L	SRR33298395.309684	1	5	E-chr14L-1	E-chr7R-1	chr7R	13780	44152	44318	end
6991_day0_with_selection	6991	chr14L	SRR33298395.309684	2	5	E-chr14L-2	E-chr4R-3	chr4R	13780	44152	44318	end
6991_day0_with_selection	6991	chr14L	SRR33298395.801921	1	5	E-chr14L-1	E-chr7R-1	chr7R	15325	45726	45860	end
6991_day0_with_selection	6991	chr14L	SRR33298395.801921	2	5	E-chr14L-2	E-chr4R-3	chr4R	15325	45726	45860	end
6991_day0_with_selection	6991	chr14L	SRR33298395.1395470	1	5	E-chr14L-1	E-chr7R-1	chr7R	15317	45689	45859	end
6991_day0_with_selection	6991	chr14L	SRR33298395.1395470	2	5	E-chr14L-2	E-chr4R-3	chr4R	15317	45689	45859	end
6991_day0_with_selection	6991	chr14L	SRR33298395.1394265	1	5	E-chr14L-1	E-chr7R-1	chr7R	13976	44363	44502	end
6991_day0_with_selection	6991	chr14L	SRR33298395.1869644	1	5	E-chr14L-1	E-chr7R-1	chr7R	15336	45770	45862	end
6991_day0_with_selection	6991	chr14L	SRR33298395.21435	1	5	E-chr14L-1	E-chr7R-1	chr7R	103	30526	45849	beginning
6991_day0_with_selection	6991	chr14L	SRR33298395.21435	2	5	E-chr14L-2	E-chr4R-7	chr4R	103	30526	45849	beginning
6991_day0_with_selection	6991	chr14L	SRR33298395.1801293	1	5	E-chr14L-1	E-chr7R-1	chr7R	114	30521	45850	beginning
6991_day0_with_selection	6991	chr14L	SRR33298395.1488353	1	5	E-chr14L-1	E-chr7R-1	chr7R	15339	45714	45858	end
6991_day0_with_selection	6991	chr14L	SRR33298395.76131	1	5	E-chr14L-1	E-chr7R-1	chr7R	14787	45230	45336	end
6991_day0_with_selection	6991	chr14L	SRR33298395.76131	2	5	E-chr14L-2	E-chr4R-3	chr4R	14787	45230	45336	end
6991_day0_with_selection	6991	chr14L	SRR33298395.168686	1	5	E-chr14L-1	E-chr7R-1	chr7R	129	30536	45845	beginning
6991_day0_with_selection	6991	chr14L	SRR33298395.168686	2	5	E-chr14L-2	E-chr4R-7	chr4R	129	30536	45845	beginning
6991_day0_with_selection	6991	chr14L	SRR33298395.1504299	1	5	E-chr14L-1	E-chr7R-1	chr7R	166	30580	45821	beginning
6991_day0_with_selection	6991	chr14L	SRR33298395.1504299	2	5	E-chr14L-2	E-chr4R-3	chr4R	166	30580	45821	beginning
6991_day0_with_selection	6991	chr14L	SRR33298395.964739	1	5	E-chr14L-1	E-chr7R-1	chr7R	143	30523	45851	beginning
6991_day0_with_selection	6991	chr14L	SRR33298395.964739	2	5	E-chr14L-2	E-chr4R-7	chr4R	143	30523	45851	beginning
6991_day0_with_selection	6991	chr14L	SRR33298395.1883541	1	5	E-chr14L-1	E-chr7R-1	chr7R	164	30598	45851	beginning
6991_day0_with_selection	6991	chr14L	SRR33298395.1883541	2	5	E-chr14L-2	E-chr4R-3	chr4R	164	30598	45851	beginning
6991_day0_with_selection	6991	chr14L	SRR33298395.1864412	1	5	E-chr14L-1	E-chr7R-1	chr7R	189	30555	45843	beginning
6991_day0_with_selection	6991	chr14L	SRR33298395.1864412	2	5	E-chr14L-2	E-chr4R-7	chr4R	189	30555	45843	beginning
6991_day0_with_selection	6991	chr14L	SRR33298395.650714	1	5	E-chr14L-1	E-chr7R-1	chr7R	13837	44258	44365	end
6991_day0_with_selection	6991	chr14L	SRR33298395.172371	1	5	E-chr14L-1	E-chr7R-1	chr7R	15327	45741	45843	end
6991_day0_with_selection	6991	chr14L	SRR33298395.947425	1	5	E-chr14L-1	E-chr7R-1	chr7R	120	30525	45837	beginning
6991_day0_with_selection	6991	chr14L	SRR33298395.947425	2	5	E-chr14L-2	E-chr4R-7	chr4R	120	30525	45837	beginning
6991_day0_with_selection	6991	chr14L	SRR33298395.930185	1	5	E-chr14L-1	E-chr7R-1	chr7R	15334	45715	45855	end
6991_day0_with_selection	6991	chr14L	SRR33298395.930185	2	5	E-chr14L-2	E-chr4R-3	chr4R	15334	45715	45855	end
6991_day0_with_selection	6991	chr14L	SRR33298395.1273808	1	5	E-chr14L-1	E-chr7R-1	chr7R	15327	45739	45849	end
6991_day0_with_selection	6991	chr14L	SRR33298395.1273808	2	5	E-chr14L-2	E-chr4R-3	chr4R	15327	45739	45849	end
6991_day0_with_selection	6991	chr14L	SRR33298395.1321274	1	5	E-chr14L-1	E-chr7R-1	chr7R	89	30536	45849	beginning
6991_day0_with_selection	6991	chr14L	SRR33298395.1321274	2	5	E-chr14L-2	E-chr4R-7	chr4R	89	30536	45849	beginning
6991_day0_with_selection	6991	chr14L	SRR33298395.1239059	1	5	E-chr14L-1	E-chr7R-1	chr7R	112	30529	45840	beginning
6991_day0_with_selection	6991	chr14L	SRR33298395.1239059	2	5	E-chr14L-2	E-chr4R-7	chr4R	112	30529	45840	beginning
6991_day0_with_selection	6991	chr14L	SRR33298395.1356672	1	5	E-chr14L-1	E-chr7R-1	chr7R	177	30620	45778	beginning
6991_day0_with_selection	6991	chr14L	SRR33298395.1356672	2	5	E-chr14L-2	E-chr4R-3	chr4R	177	30620	45778	beginning
6991_day0_with_selection	6991	chr14L	SRR33298395.1254154	1	5	E-chr14L-1	E-chr7R-1	chr7R	15307	45659	45845	end
6991_day0_with_selection	6991	chr14L	SRR33298395.1254154	2	5	E-chr14L-2	E-chr4R-7	chr4R	15307	45659	45845	end
6991_day0_with_selection	6991	chr14L	SRR33298395.461449	1	5	E-chr14L-1	E-chr7R-1	chr7R	12979	43396	43506	end
6991_day0_with_selection	6991	chr14L	SRR33298395.461449	2	5	E-chr14L-2	E-chr4R-3	chr4R	12979	43396	43506	end
6991_day0_with_selection	6991	chr14L	SRR33298395.1855837	1	5	E-chr14L-1	E-chr7R-1	chr7R	15331	45713	45836	end
6991_day0_with_selection	6991	chr14L	SRR33298395.1855837	2	5	E-chr14L-2	E-chr4R-7	chr4R	15331	45713	45836	end
6991_day0_with_selection	6991	chr14L	SRR33298395.1166852	1	5	E-chr14L-1	E-chr7R-1	chr7R	15315	45712	45847	end
6991_day0_with_selection	6991	chr14L	SRR33298395.1166852	2	5	E-chr14L-2	E-chr4R-3	chr4R	15315	45712	45847	end
6991_day0_with_selection	6991	chr14L	SRR33298395.1708313	1	5	E-chr14L-1	E-chr7R-1	chr7R	15335	45741	45835	end
6991_day0_with_selection	6991	chr14L	SRR33298395.1708313	2	5	E-chr14L-2	E-chr4R-3	chr4R	15335	45741	45835	end
6991_day0_with_selection	6991	chr14L	SRR33298395.1657843	1	5	E-chr14L-1	E-chr7R-1	chr7R	15307	45705	45831	end
6991_day0_with_selection	6991	chr14L	SRR33298395.854309	1	5	E-chr14L-1	E-chr7R-1	chr7R	15351	45746	45842	end
6991_day0_with_selection	6991	chr14L	SRR33298395.1495423	1	5	E-chr14L-1	E-chr7R-1	chr7R	15305	45714	45841	end
6991_day0_with_selection	6991	chr14L	SRR33298395.1625551	1	5	E-chr14L-1	E-chr7R-1	chr7R	15307	45679	45834	end
6991_day0_with_selection	6991	chr14L	SRR33298395.1625551	2	5	E-chr14L-2	E-chr4R-3	chr4R	15307	45679	45834	end
6991_day0_with_selection	6991	chr14L	SRR33298395.1169185	1	5	E-chr14L-1	E-chr7R-1	chr7R	15333	45741	45846	end
6991_day0_with_selection	6991	chr14L	SRR33298395.1169185	2	5	E-chr14L-2	E-chr4R-3	chr4R	15333	45741	45846	end
6991_day0_with_selection	6991	chr14L	SRR33298395.887841	1	5	E-chr14L-1	E-chr7R-1	chr7R	15330	45719	45826	end
6991_day0_with_selection	6991	chr14L	SRR33298395.40292	1	5	E-chr14L-1	E-chr7R-1	chr7R	88	30523	45827	beginning
6991_day0_with_selection	6991	chr14L	SRR33298395.40292	2	5	E-chr14L-2	E-chr4R-3	chr4R	88	30523	45827	beginning
6991_day0_with_selection	6991	chr14L	SRR33298395.1043530	1	5	E-chr14L-1	E-chr7R-1	chr7R	15319	45734	45834	end
6991_day0_with_selection	6991	chr14L	SRR33298395.1043530	2	5	E-chr14L-2	E-chr4R-3	chr4R	15319	45734	45834	end
6991_day0_with_selection	6991	chr14L	SRR33298395.543619	1	5	E-chr14L-1	E-chr7R-1	chr7R	105	30516	45684	beginning
6991_day0_with_selection	6991	chr14L	SRR33298395.543619	2	5	E-chr14L-2	E-chr4R-3	chr4R	105	30516	45684	beginning
6991_day0_with_selection	6991	chr14L	SRR33298395.967434	1	5	E-chr14L-1	E-chr7R-1	chr7R	15331	45771	45831	end
6991_day0_with_selection	6991	chr14L	SRR33298395.967434	2	5	E-chr14L-2	E-chr4R-3	chr4R	15331	45771	45831	end
6991_day0_with_selection	6991	chr14L	SRR33298395.1094098	1	5	E-chr14L-1	E-chr7R-1	chr7R	15311	45706	45835	end
6991_day0_with_selection	6991	chr14L	SRR33298395.593564	1	5	E-chr14L-1	E-chr7R-1	chr7R	15304	45714	45816	end
6991_day0_with_selection	6991	chr14L	SRR33298395.219677	1	5	E-chr14L-1	E-chr7R-1	chr7R	163	30515	45802	beginning
6991_day0_with_selection	6991	chr14L	SRR33298395.219677	2	5	E-chr14L-2	E-chr4R-3	chr4R	163	30515	45802	beginning
6991_day0_with_selection	6991	chr14L	SRR33298395.1690263	1	5	E-chr14L-1	E-chr7R-1	chr7R	15285	45712	45821	end
6991_day0_with_selection	6991	chr14L	SRR33298395.1520973	1	5	E-chr14L-1	E-chr7R-1	chr7R	15318	45671	45819	end
6991_day0_with_selection	6991	chr14L	SRR33298395.1520973	2	5	E-chr14L-2	E-chr4R-3	chr4R	15318	45671	45819	end
6991_day0_with_selection	6991	chr14L	SRR33298395.1856155	1	5	E-chr14L-1	E-chr7R-1	chr7R	138	30497	45817	beginning
6991_day0_with_selection	6991	chr14L	SRR33298395.1856155	2	5	E-chr14L-2	E-chr4R-3	chr4R	138	30497	45817	beginning
6991_day0_with_selection	6991	chr14L	SRR33298395.417960	1	5	E-chr14L-1	E-chr7R-1	chr7R	15326	45735	45819	end
6991_day0_with_selection	6991	chr14L	SRR33298395.417960	2	5	E-chr14L-2	E-chr4R-3	chr4R	15326	45735	45819	end
6991_day0_with_selection	6991	chr14L	SRR33298395.556315	1	5	E-chr14L-1	E-chr7R-1	chr7R	161	30596	45797	beginning
6991_day0_with_selection	6991	chr14L	SRR33298395.556315	2	5	E-chr14L-2	E-chr4R-3	chr4R	161	30596	45797	beginning
6991_day0_with_selection	6991	chr14L	SRR33298395.1223597	1	5	E-chr14L-1	E-chr7R-1	chr7R	15313	45631	45813	end
6991_day0_with_selection	6991	chr14L	SRR33298395.1871383	1	5	E-chr14L-1	E-chr7R-1	chr7R	15328	45716	45814	end
6991_day0_with_selection	6991	chr14L	SRR33298395.94638	1	5	E-chr14L-1	E-chr7R-1	chr7R	14459	44850	44992	end
6991_day0_with_selection	6991	chr14L	SRR33298395.1699621	1	5	E-chr14L-1	E-chr7R-1	chr7R	129	30483	45803	beginning
6991_day0_with_selection	6991	chr14L	SRR33298395.1699621	2	5	E-chr14L-2	E-chr4R-3	chr4R	129	30483	45803	beginning
6991_day0_with_selection	6991	chr14L	SRR33298395.1457172	1	5	E-chr14L-1	E-chr7R-1	chr7R	218	30493	45811	beginning
6991_day0_with_selection	6991	chr14L	SRR33298395.1457172	2	5	E-chr14L-2	E-chr4R-3	chr4R	218	30493	45811	beginning
6991_day0_with_selection	6991	chr14L	SRR33298395.1313275	1	5	E-chr14L-1	E-chr7R-1	chr7R	194	30504	45815	beginning
6991_day0_with_selection	6991	chr14L	SRR33298395.1313275	2	5	E-chr14L-2	E-chr4R-3	chr4R	194	30504	45815	beginning
6991_day0_with_selection	6991	chr14L	SRR33298395.1413153	1	5	E-chr14L-1	E-chr7R-1	chr7R	14116	44531	44615	end
6991_day0_with_selection	6991	chr14L	SRR33298395.1171862	1	5	E-chr14L-1	E-chr7R-1	chr7R	183	30551	45802	beginning
6991_day0_with_selection	6991	chr14L	SRR33298395.1171862	2	5	E-chr14L-2	E-chr4R-3	chr4R	183	30551	45802	beginning
6991_day0_with_selection	6991	chr14L	SRR33298395.1769377	1	5	E-chr14L-1	E-chr7R-1	chr7R	112	30521	45808	beginning
6991_day0_with_selection	6991	chr14L	SRR33298395.1769377	2	5	E-chr14L-2	E-chr4R-3	chr4R	112	30521	45808	beginning
6991_day0_with_selection	6991	chr14L	SRR33298395.808806	1	5	E-chr14L-1	E-chr7R-1	chr7R	57	30460	45799	beginning
6991_day0_with_selection	6991	chr14L	SRR33298395.808806	2	5	E-chr14L-2	E-chr4R-3	chr4R	57	30460	45799	beginning
6991_day0_with_selection	6991	chr14L	SRR33298395.45787	1	5	E-chr14L-1	E-chr7R-1	chr7R	171	30472	45800	beginning
6991_day0_with_selection	6991	chr14L	SRR33298395.45787	2	5	E-chr14L-2	E-chr4R-3	chr4R	171	30472	45800	beginning
6991_day0_with_selection	6991	chr14L	SRR33298395.1873984	1	5	E-chr14L-1	E-chr7R-1	chr7R	15353	45713	45805	end
6991_day0_with_selection	6991	chr14L	SRR33298395.1873984	2	5	E-chr14L-2	E-chr4R-7	chr4R	15353	45713	45805	end
6991_day0_with_selection	6991	chr14L	SRR33298395.229393	1	5	E-chr14L-1	E-chr7R-1	chr7R	124	30480	45769	beginning
6991_day0_with_selection	6991	chr14L	SRR33298395.229393	2	5	E-chr14L-2	E-chr4R-3	chr4R	124	30480	45769	beginning
6991_day0_with_selection	6991	chr14L	SRR33298395.1602383	1	5	E-chr14L-1	E-chr7R-1	chr7R	230	30528	45765	beginning
6991_day0_with_selection	6991	chr14L	SRR33298395.1602383	2	5	E-chr14L-2	E-chr4R-7	chr4R	230	30528	45765	beginning
6991_day0_with_selection	6991	chr14L	SRR33298395.614810	1	5	E-chr14L-1	E-chr7R-1	chr7R	13653	44037	44150	end
6991_day0_with_selection	6991	chr14L	SRR33298395.1425574	1	5	E-chr14L-1	E-chr7R-1	chr7R	15350	45615	45778	end
6991_day0_with_selection	6991	chr14L	SRR33298395.1425574	2	5	E-chr14L-2	E-chr4R-3	chr4R	15350	45615	45778	end
6991_day0_with_selection	6991	chr14L	SRR33298395.614839	1	5	E-chr14L-1	E-chr7R-1	chr7R	15291	45576	45747	end
6991_day0_with_selection	6991	chr14L	SRR33298395.725852	1	5	E-chr14L-1	E-chr7R-1	chr7R	157	30586	45778	beginning
6991_day0_with_selection	6991	chr14L	SRR33298395.725852	2	5	E-chr14L-2	E-chr4R-7	chr4R	157	30586	45778	beginning
6991_day0_with_selection	6991	chr14L	SRR33298395.932054	1	5	E-chr14L-1	E-chr7R-1	chr7R	15260	45598	45757	end
6991_day0_with_selection	6991	chr14L	SRR33298395.1680449	1	5	E-chr14L-1	E-chr7R-1	chr7R	15320	45671	45761	end
6991_day0_with_selection	6991	chr14L	SRR33298395.623650	1	5	E-chr14L-1	E-chr7R-1	chr7R	107	30460	45765	beginning
6991_day0_with_selection	6991	chr14L	SRR33298395.623650	2	5	E-chr14L-2	E-chr4R-7	chr4R	107	30460	45765	beginning
6991_day0_with_selection	6991	chr14L	SRR33298395.1895310	1	5	E-chr14L-1	E-chr7R-1	chr7R	213	30477	45718	beginning
6991_day0_with_selection	6991	chr14L	SRR33298395.1895310	2	5	E-chr14L-2	E-chr4R-3	chr4R	213	30477	45718	beginning
6991_day0_with_selection	6991	chr14L	SRR33298395.1684331	1	5	E-chr14L-1	E-chr7R-1	chr7R	164	30602	45765	beginning
6991_day0_with_selection	6991	chr14L	SRR33298395.1684331	2	5	E-chr14L-2	E-chr4R-3	chr4R	164	30602	45765	beginning
6991_day0_with_selection	6991	chr14L	SRR33298395.804308	1	5	E-chr14L-1	E-chr7R-1	chr7R	139	30514	45737	beginning
6991_day0_with_selection	6991	chr14L	SRR33298395.1415318	1	5	E-chr14L-1	E-chr7R-1	chr7R	164	30471	45736	beginning
6991_day0_with_selection	6991	chr14L	SRR33298395.1105386	1	5	E-chr14L-1	E-chr7R-1	chr7R	114	30471	45754	beginning
6991_day0_with_selection	6991	chr14L	SRR33298395.1105386	2	5	E-chr14L-2	E-chr4R-7	chr4R	114	30471	45754	beginning
6991_day0_with_selection	6991	chr14L	SRR33298395.1162528	1	5	E-chr14L-1	E-chr7R-1	chr7R	15269	45671	45743	end
6991_day0_with_selection	6991	chr14L	SRR33298395.1162528	2	5	E-chr14L-2	E-chr4R-7	chr4R	15269	45671	45743	end
6991_day0_with_selection	6991	chr14L	SRR33298395.1616382	1	5	E-chr14L-1	E-chr7R-1	chr7R	15290	45661	45709	end
6991_day0_with_selection	6991	chr14L	SRR33298395.1616382	2	5	E-chr14L-2	E-chr4R-3	chr4R	15290	45661	45709	end
6991_day0_with_selection	6991	chr14L	SRR33298395.1589903	1	5	E-chr14L-1	E-chr7R-1	chr7R	129	30433	45238	beginning
6991_day0_with_selection	6991	chr14L	SRR33298395.1589903	2	5	E-chr14L-2	E-chr4R-3	chr4R	129	30433	45238	beginning
6991_day0_with_selection	6991	chr14L	SRR33298395.1642275	1	5	E-chr14L-1	E-chr7R-1	chr7R	275	30693	45709	beginning
6991_day0_with_selection	6991	chr14L	SRR33298395.1642275	2	5	E-chr14L-2	E-chr4R-3	chr4R	275	30693	45709	beginning
6991_day0_with_selection	6991	chr14L	SRR33298395.1227184	1	5	E-chr14L-1	E-chr7R-1	chr7R	15133	45549	45717	end
6991_day0_with_selection	6991	chr14L	SRR33298395.1565551	1	5	E-chr14L-1	E-chr7R-1	chr7R	14749	44988	45152	end
6991_day0_with_selection	6991	chr14L	SRR33298395.1565551	2	5	E-chr14L-2	E-chr4R-3	chr4R	14749	44988	45152	end
6991_day0_with_selection	6991	chr14L	SRR33298395.1332427	1	5	E-chr14L-1	E-chr7R-1	chr7R	15315	45578	45663	end
6991_day0_with_selection	6991	chr14L	SRR33298395.1891822	1	5	E-chr14L-1	E-chr7R-1	chr7R	15328	45590	45671	end
6991_day0_with_selection	6991	chr14L	SRR33298395.444584	1	5	E-chr14L-1	E-chr7R-1	chr7R	167	30599	45672	beginning
6991_day0_with_selection	6991	chr14L	SRR33298395.444584	2	5	E-chr14L-2	E-chr4R-7	chr4R	167	30599	45672	beginning
6991_day0_with_selection	6991	chr14L	SRR33298395.768550	1	5	E-chr14L-1	E-chr7R-1	chr7R	15305	45599	45690	end
6991_day0_with_selection	6991	chr14L	SRR33298395.768550	2	5	E-chr14L-2	E-chr4R-3	chr4R	15305	45599	45690	end
6991_day0_with_selection	6991	chr14L	SRR33298395.1612606	1	5	E-chr14L-1	E-chr7R-1	chr7R	138	30443	45624	beginning
6991_day0_with_selection	6991	chr14L	SRR33298395.1612606	2	5	E-chr14L-2	E-chr4R-3	chr4R	138	30443	45624	beginning
6991_day0_with_selection	6991	chr14L	SRR33298395.1682178	1	5	E-chr14L-1	E-chr7R-1	chr7R	15327	45610	45673	end
6991_day0_with_selection	6991	chr14L	SRR33298395.1682178	2	5	E-chr14L-2	E-chr4R-3	chr4R	15327	45610	45673	end
6991_day0_with_selection	6991	chr14L	SRR33298395.632405	1	5	E-chr14L-1	E-chr7R-1	chr7R	233	30639	45631	beginning
6991_day0_with_selection	6991	chr14L	SRR33298395.632405	2	5	E-chr14L-2	E-chr4R-7	chr4R	233	30639	45631	beginning
6991_day0_with_selection	6991	chr14L	SRR33298395.15459	1	5	E-chr14L-1	E-chr7R-1	chr7R	15271	45556	45636	end
6991_day0_with_selection	6991	chr14L	SRR33298395.1362805	1	5	E-chr14L-1	E-chr7R-1	chr7R	15265	45464	45587	end
6991_day0_with_selection	6991	chr14L	SRR33298395.1362805	2	5	E-chr14L-2	E-chr4R-3	chr4R	15265	45464	45587	end
6991_day0_with_selection	6991	chr14L	SRR33298395.116162	1	5	E-chr14L-1	E-chr7R-1	chr7R	13144	43345	43407	end
6991_day0_with_selection	6991	chr14L	SRR33298395.1121377	1	5	E-chr14L-1	E-chr7R-1	chr7R	15207	45326	45510	end
6991_day0_with_selection	6991	chr14L	SRR33298395.1121377	2	5	E-chr14L-2	E-chr4R-3	chr4R	15207	45326	45510	end
6991_day0_with_selection	6991	chr14L	SRR33298395.375597	1	5	E-chr14L-1	E-chr7R-1	chr7R	194	30221	45567	beginning
6991_day0_with_selection	6991	chr14L	SRR33298395.375597	2	5	E-chr14L-2	E-chr4R-3	chr4R	194	30221	45567	beginning
6991_day0_with_selection	6991	chr14L	SRR33298395.398939	1	5	E-chr14L-1	E-chr7R-1	chr7R	15277	45349	45526	end
6991_day0_with_selection	6991	chr14L	SRR33298395.708635	1	5	E-chr14L-1	E-chr7R-1	chr7R	14726	44876	45005	end
6991_day0_with_selection	6991	chr14L	SRR33298395.1323710	1	5	E-chr14L-1	E-chr7R-1	chr7R	15234	45312	45448	end
6991_day0_with_selection	6991	chr14L	SRR33298395.1323710	2	5	E-chr14L-2	E-chr4R-3	chr4R	15234	45312	45448	end
6991_day0_with_selection	6991	chr14L	SRR33298395.283658	1	5	E-chr14L-1	E-chr7R-1	chr7R	140	30329	45350	beginning
6991_day0_with_selection	6991	chr14L	SRR33298395.283658	2	5	E-chr14L-2	E-chr4R-7	chr4R	140	30329	45350	beginning
6991_day0_with_selection	6991	chr14L	SRR33298395.1859418	1	5	E-chr14L-1	E-chr7R-1	chr7R	223	30287	45401	beginning
6991_day0_with_selection	6991	chr14L	SRR33298395.1859418	2	5	E-chr14L-2	E-chr4R-3	chr4R	223	30287	45401	beginning
6991_day0_with_selection	6991	chr14L	SRR33298395.1313018	1	5	E-chr14L-1	E-chr7R-1	chr7R	171	30228	45380	beginning
6991_day0_with_selection	6991	chr14L	SRR33298395.1313018	2	5	E-chr14L-2	E-chr4R-3	chr4R	171	30228	45380	beginning
6991_day0_with_selection	6991	chr14L	SRR33298395.1616381	1	5	E-chr14L-1	E-chr7R-1	chr7R	114	30045	45379	beginning
6991_day0_with_selection	6991	chr14L	SRR33298395.1616381	2	5	E-chr14L-2	E-chr4R-3	chr4R	114	30045	45379	beginning
6991_day0_with_selection	6991	chr14L	SRR33298395.1409075	1	5	E-chr14L-1	E-chr7R-1	chr7R	15330	45095	45304	end
6991_day0_with_selection	6991	chr14L	SRR33298395.1409075	2	5	E-chr14L-2	E-chr4R-3	chr4R	15330	45095	45304	end
6991_day0_with_selection	6991	chr14L	SRR33298395.1373269	1	5	E-chr14L-1	E-chr7R-1	chr7R	150	30125	45140	beginning
6991_day0_with_selection	6991	chr14L	SRR33298395.1373269	2	5	E-chr14L-2	E-chr4R-3	chr4R	150	30125	45140	beginning
6991_day0_with_selection	6991	chr14L	SRR33298395.444173	1	5	E-chr14L-1	E-chr7R-1	chr7R	15315	45070	45188	end
6991_day0_with_selection	6991	chr14L	SRR33298395.857075	1	5	E-chr14L-1	E-chr7R-1	chr7R	76	29817	45133	beginning
6991_day0_with_selection	6991	chr14L	SRR33298395.857075	2	5	E-chr14L-2	E-chr4R-7	chr4R	76	29817	45133	beginning
6991_day0_with_selection	6991	chr14L	SRR33298395.794534	1	5	E-chr14L-1	E-chr7R-1	chr7R	222	29998	45040	beginning
6991_day0_with_selection	6991	chr14L	SRR33298395.794534	2	5	E-chr14L-2	E-chr4R-3	chr4R	222	29998	45040	beginning
6991_day0_with_selection	6991	chr14L	SRR33298395.332436	1	5	E-chr14L-1	E-chr7R-1	chr7R	14728	45010	45135	end
6991_day0_with_selection	6991	chr14L	SRR33298395.332436	2	5	E-chr14L-2	E-chr4R-3	chr4R	14728	45010	45135	end
6991_day0_with_selection	6991	chr14L	SRR33298395.1313228	1	5	E-chr14L-1	E-chr7R-1	chr7R	131	29719	43562	beginning
6991_day0_with_selection	6991	chr14L	SRR33298395.1313228	2	5	E-chr14L-2	E-chr4R-3	chr4R	131	29719	43562	beginning
6991_day0_with_selection	6991	chr14L	SRR33298395.845865	1	5	E-chr14L-1	E-chr7R-1	chr7R	197	30598	44921	beginning
6991_day0_with_selection	6991	chr14L	SRR33298395.845865	2	5	E-chr14L-2	E-chr4R-7	chr4R	197	30598	44921	beginning
6991_day0_with_selection	6991	chr14L	SRR33298395.1460232	1	5	E-chr14L-1	E-chr7R-1	chr7R	15314	44510	44648	end
6991_day0_with_selection	6991	chr14L	SRR33298395.1460232	2	5	E-chr14L-2	E-chr4R-3	chr4R	15314	44510	44648	end
6991_day0_with_selection	6991	chr14L	SRR33298395.1113936	1	5	E-chr14L-1	E-chr7R-1	chr7R	12992	42700	42883	end
6991_day0_with_selection	6991	chr14L	SRR33298395.566981	1	5	E-chr14L-1	E-chr7R-1	chr7R	197	29245	44558	beginning
6991_day0_with_selection	6991	chr14L	SRR33298395.566981	2	5	E-chr14L-2	E-chr4R-3	chr4R	197	29245	44558	beginning
6991_day0_with_selection	6991	chr14L	SRR33298395.1789589	1	5	E-chr14L-1	E-chr7R-1	chr7R	204	28886	42624	beginning
6991_day0_with_selection	6991	chr14L	SRR33298395.1789589	2	5	E-chr14L-2	E-chr4R-7	chr4R	204	28886	42624	beginning
6991_day0_with_selection	6991	chr14L	SRR33298395.943817	1	5	E-chr14L-1	E-chr7R-1	chr7R	15315	43668	43775	end
6991_day0_with_selection	6991	chr14L	SRR33298395.943817	2	5	E-chr14L-2	E-chr4R-3	chr4R	15315	43668	43775	end
6991_day0_with_selection	6991	chr14L	SRR33298395.208754	1	5	E-chr14L-1	E-chr7R-1	chr7R	99	28378	43718	beginning
6991_day0_with_selection	6991	chr14L	SRR33298395.208754	2	5	E-chr14L-2	E-chr4R-3	chr4R	99	28378	43718	beginning
6991_day0_with_selection	6991	chr14L	SRR33298395.880332	1	5	E-chr14L-1	E-chr7R-1	chr7R	112	28084	43412	beginning
6991_day0_with_selection	6991	chr14L	SRR33298395.880332	2	5	E-chr14L-2	E-chr4R-3	chr4R	112	28084	43412	beginning
6991_day0_with_selection	6991	chr14L	SRR33298395.1283348	1	5	E-chr14L-1	E-chr7R-1	chr7R	150	27897	43228	beginning
6991_day0_with_selection	6991	chr14L	SRR33298395.1283348	2	5	E-chr14L-2	E-chr4R-7	chr4R	150	27897	43228	beginning
6991_day0_with_selection	6991	chr14L	SRR33298395.1131378	1	5	E-chr14L-1	E-chr7R-1	chr7R	15336	42949	43088	end
6991_day0_with_selection	6991	chr14L	SRR33298395.1131378	2	5	E-chr14L-2	E-chr4R-3	chr4R	15336	42949	43088	end
6991_day0_with_selection	6991	chr14L	SRR33298395.1847772	1	5	E-chr14L-1	E-chr7R-1	chr7R	12968	40379	40495	end
6991_day0_with_selection	6991	chr14L	SRR33298395.1001016	1	5	E-chr14L-1	E-chr7R-1	chr7R	13279	40568	40738	end
6991_day0_with_selection	6991	chr14L	SRR33298395.1001016	2	5	E-chr14L-2	E-chr4R-5	chr4R	13279	40568	40738	end
6991_day0_with_selection	6991	chr14L	SRR33298395.81767	1	5	E-chr14L-1	E-chr7R-1	chr7R	15321	42588	42689	end
6991_day0_with_selection	6991	chr14L	SRR33298395.81767	2	5	E-chr14L-2	E-chr4R-3	chr4R	15321	42588	42689	end
6991_day0_with_selection	6991	chr14L	SRR33298395.409764	1	5	E-chr14L-1	E-chr7R-1	chr7R	98	27515	42210	beginning
6991_day0_with_selection	6991	chr14L	SRR33298395.409764	2	5	E-chr14L-2	E-chr4R-3	chr4R	98	27515	42210	beginning
6991_day0_with_selection	6991	chr14L	SRR33298395.1306074	1	5	E-chr14L-1	E-chr7R-1	chr7R	15303	42335	42471	end
6991_day0_with_selection	6991	chr14L	SRR33298395.1306074	2	5	E-chr14L-2	E-chr4R-3	chr4R	15303	42335	42471	end
6991_day0_with_selection	6991	chr14L	SRR33298395.1219190	1	5	E-chr14L-1	E-chr7R-1	chr7R	15337	42347	42432	end
6991_day0_with_selection	6991	chr14L	SRR33298395.1063967	1	5	E-chr14L-1	E-chr7R-1	chr7R	88	26435	41761	beginning
6991_day0_with_selection	6991	chr14L	SRR33298395.627068	1	5	E-chr14L-1	E-chr7R-1	chr7R	15298	41440	41567	end
6991_day0_with_selection	6991	chr14L	SRR33298395.627068	2	5	E-chr14L-2	E-chr4R-7	chr4R	15298	41440	41567	end
6991_day0_with_selection	6991	chr14L	SRR33298395.296625	1	5	E-chr14L-1	E-chr7R-1	chr7R	202	26197	41503	beginning
6991_day0_with_selection	6991	chr14L	SRR33298395.1375686	1	5	E-chr14L-1	E-chr7R-1	chr7R	12247	41056	41170	end
6991_day0_with_selection	6991	chr14L	SRR33298395.1375686	2	5	E-chr14L-2	E-chr4R-3	chr4R	12247	41056	41170	end
6991_day0_with_selection	6991	chr14L	SRR33298395.754414	1	5	E-chr14L-1	E-chr7R-1	chr7R	89	25829	39773	beginning
6991_day0_with_selection	6991	chr14L	SRR33298395.266079	1	5	E-chr14L-1	E-chr7R-1	chr7R	133	25526	40849	beginning
6991_day0_with_selection	6991	chr14L	SRR33298395.266079	2	5	E-chr14L-2	E-chr4R-3	chr4R	133	25526	40849	beginning
6991_day0_with_selection	6991	chr14L	SRR33298395.1075069	1	5	E-chr14L-1	E-chr7R-1	chr7R	130	25438	40773	beginning
6991_day0_with_selection	6991	chr14L	SRR33298395.1075069	2	5	E-chr14L-2	E-chr4R-5	chr4R	130	25438	40773	beginning
6991_day0_with_selection	6991	chr14L	SRR33298395.240883	1	5	E-chr14L-1	E-chr7R-1	chr7R	112	25294	40615	beginning
6991_day0_with_selection	6991	chr14L	SRR33298395.600373	1	5	E-chr14L-1	E-chr7R-1	chr7R	15322	39986	40123	end
6991_day0_with_selection	6991	chr14L	SRR33298395.600373	2	5	E-chr14L-2	E-chr15R-1	chr15R	15322	39986	40123	end
6991_day0_with_selection	6991	chr14L	SRR33298395.1237598	1	5	E-chr14L-1	E-chr7R-1	chr7R	15308	39903	40044	end
6991_day0_with_selection	6991	chr14L	SRR33298395.1091312	1	5	E-chr14L-1	E-chr7R-1	chr7R	286	26260	39981	beginning
6991_day0_with_selection	6991	chr14L	SRR33298395.1091312	2	5	E-chr14L-2	E-chr4R-3	chr4R	286	26260	39981	beginning
6991_day0_with_selection	6991	chr14L	SRR33298395.1850492	1	5	E-chr14L-1	E-chr7R-1	chr7R	103	23933	39238	beginning
6991_day0_with_selection	6991	chr14L	SRR33298395.1850492	2	5	E-chr14L-2	E-chr4R-3	chr4R	103	23933	39238	beginning
6991_day0_with_selection	6991	chr14L	SRR33298395.315854	1	5	E-chr14L-1	E-chr7R-1	chr7R	139	23897	39228	beginning
6991_day0_with_selection	6991	chr14L	SRR33298395.315854	2	5	E-chr14L-2	E-chr4R-3	chr4R	139	23897	39228	beginning
6991_day0_with_selection	6991	chr14L	SRR33298395.207056	1	5	E-chr14L-1	E-chr7R-1	chr7R	172	26596	38891	beginning
6991_day0_with_selection	6991	chr14L	SRR33298395.207056	2	5	E-chr14L-2	E-chr4R-7	chr4R	172	26596	38891	beginning
6991_day0_with_selection	6991	chr14L	SRR33298395.506996	1	5	E-chr14L-1	E-chr7R-1	chr7R	178	23875	39140	beginning
6991_day0_with_selection	6991	chr14L	SRR33298395.506996	2	5	E-chr14L-2	E-chr4R-3	chr4R	178	23875	39140	beginning
6991_day0_with_selection	6991	chr14L	SRR33298395.1765378	1	5	E-chr14L-1	E-chr7R-1	chr7R	159	22702	36699	beginning
6991_day0_with_selection	6991	chr14L	SRR33298395.1765378	2	5	E-chr14L-2	E-chr4R-3	chr4R	159	22702	36699	beginning
6991_day0_with_selection	6991	chr14L	SRR33298395.675031	1	5	E-chr14L-1	E-chr7R-1	chr7R	199	23279	35714	beginning
6991_day0_with_selection	6991	chr14L	SRR33298395.389543	1	5	E-chr14L-1	E-chr7R-1	chr7R	155	22817	35906	beginning
6991_day0_with_selection	6991	chr14L	SRR33298395.389543	2	5	E-chr14L-2	E-chr4R-3	chr4R	155	22817	35906	beginning
6991_day0_with_selection	6991	chr14L	SRR33298395.444712	1	5	E-chr14L-1	E-chr7R-1	chr7R	96	23072	35390	beginning
6991_day0_with_selection	6991	chr14L	SRR33298395.444712	2	5	E-chr14L-2	E-chr4R-3	chr4R	96	23072	35390	beginning
6991_day0_with_selection	6991	chr14R	SRR33298395.1669606	1	1	E-chr14R-1	E-chr9L-1	chr9L	9229	16056	16252	end
6991_day0_with_selection	6991	chr14R	SRR33298395.88506	1	1	E-chr14R-1	E-chr9L-1	chr9L	184	7015	16071	beginning
6991_day0_with_selection	6991	chr14R	SRR33298395.614991	1	1	E-chr14R-1	E-chr9L-1	chr9L	110	6960	16177	beginning
6991_day0_with_selection	6991	chr14R	SRR33298395.768603	1	1	E-chr14R-1	E-chr9L-1	chr9L	9209	15941	16023	end
6991_day0_with_selection	6991	chr14R	SRR33298395.614488	1	1	E-chr14R-1	E-chr7R-1	chr7R	176	6798	15976	beginning
6991_day0_with_selection	6991	chr14R	SRR33298395.349274	1	1	E-chr14R-1	E-chr7R-1	chr7R	150	6791	15955	beginning
6991_day0_with_selection	6991	chr14R	SRR33298395.279078	1	1	E-chr14R-1	E-chr7R-1	chr7R	9149	15736	15878	end
6991_day0_with_selection	6991	chr14R	SRR33298395.1459324	1	1	E-chr14R-1	E-chr7R-1	chr7R	9142	15685	15809	end
6991_day0_with_selection	6991	chr15R	SRR33298395.1755580	1	1	E-chr15R-1	E-chr4R-3	chr4R	19215	25866	26070	end
6991_day0_with_selection	6991	chr15R	SRR33298395.1770054	1	1	E-chr15R-1	E-chr14L-2	chr14L	232	6864	26025	beginning
6991_day0_with_selection	6991	chr16L	SRR33298395.632924	1	1	E-chr16L-1	E-chr10L-1	chr10L	19134	26245	26404	end
6991_day0_with_selection	6991	chr16L	SRR33298395.1099939	1	1	E-chr16L-1	E-chr10L-1	chr10L	19166	26037	26256	end
6991_day0_with_selection	6991	chr16L	SRR33298395.1386791	1	1	E-chr16L-1	E-chr7R-1	chr7R	358	7011	26080	beginning
6991_day0_with_selection	6991	chr16L	SRR33298395.714785	1	1	E-chr16L-1	E-chr7R-1	chr7R	273	6904	25449	beginning
6991_day0_with_selection	6991	chr16L	SRR33298395.1143187	1	1	E-chr16L-1	E-chr7R-1	chr7R	196	6856	25973	beginning
6991_day0_with_selection	6991	chr16L	SRR33298395.1565206	1	1	E-chr16L-1	E-chr7R-1	chr7R	207	6850	25952	beginning
6991_day0_with_selection	6991	chr16L	SRR33298395.261098	1	1	E-chr16L-1	E-chr7R-1	chr7R	212	6851	25950	beginning
6991_day0_with_selection	6991	chr16L	SRR33298395.518505	1	1	E-chr16L-1	E-chr7R-1	chr7R	217	6874	25943	beginning
6991_day0_with_selection	6991	chr16L	SRR33298395.654453	1	1	E-chr16L-1	E-chr7R-1	chr7R	165	6827	25945	beginning
6991_day0_with_selection	6991	chr16L	SRR33298395.1698928	1	1	E-chr16L-1	E-chr7R-1	chr7R	19118	25769	25943	end
6991_day0_with_selection	6991	chr16L	SRR33298395.1627653	1	1	E-chr16L-1	E-chr7R-1	chr7R	227	6859	25412	beginning
6991_day0_with_selection	6991	chr16L	SRR33298395.91410	1	1	E-chr16L-1	E-chr7R-1	chr7R	159	6811	25932	beginning
6991_day0_with_selection	6991	chr16L	SRR33298395.135525	1	1	E-chr16L-1	E-chr7R-1	chr7R	170	6824	25904	beginning
6991_day0_with_selection	6991	chr16L	SRR33298395.1630416	1	1	E-chr16L-1	E-chr7R-1	chr7R	17113	23744	23926	end
6991_day0_with_selection	6991	chr16L	SRR33298395.694780	1	1	E-chr16L-1	E-chr7R-1	chr7R	162	6817	25877	beginning
6991_day0_with_selection	6991	chr16L	SRR33298395.363235	1	1	E-chr16L-1	E-chr7R-1	chr7R	141	6786	25862	beginning
6991_day0_with_selection	6991	chr16L	SRR33298395.1157320	1	1	E-chr16L-1	E-chr7R-1	chr7R	89	6699	25797	beginning
6991_day0_with_selection	6991	chr16L	SRR33298395.986429	1	1	E-chr16L-1	E-chr7R-1	chr7R	190	6912	25803	beginning
6991_day0_with_selection	6991	chr16L	SRR33298395.603044	1	1	E-chr16L-1	E-chr7R-1	chr7R	151	6730	25639	beginning
6991_day0_with_selection	6991	chr16L	SRR33298395.1653367	1	1	E-chr16L-1	E-chr7R-1	chr7R	19437	25207	25338	end
6991_day0_with_selection	6991	chr16L	SRR33298395.455384	1	1	E-chr16L-1	E-chr7R-1	chr7R	159	6658	25167	beginning
6991_day0_with_selection	6991	chr16L	SRR33298395.332782	1	1	E-chr16L-1	E-chr7R-1	chr7R	112	5988	24955	beginning
6991_day0_with_selection	6991	chr16L	SRR33298395.1637758	1	1	E-chr16L-1	E-chr7R-1	chr7R	110	5655	24764	beginning
6991_day0_with_selection	6991	chr16L	SRR33298395.1403774	1	1	E-chr16L-1	E-chr7R-1	chr7R	160	5566	24661	beginning
6991_day0_with_selection	6991	chr16L	SRR33298395.357672	1	1	E-chr16L-1	E-chr7R-1	chr7R	71	5232	24367	beginning
6991_day0_with_selection	6991	chr16L	SRR33298395.1704613	1	1	E-chr16L-1	E-chr7R-1	chr7R	154	5265	24351	beginning
6991_day0_with_selection	6991	chr16L	SRR33298395.965359	1	1	E-chr16L-1	E-chr7R-1	chr7R	154	5147	24116	beginning
6991_day0_with_selection	6991	chr16L	SRR33298395.769982	1	1	E-chr16L-1	E-chr7R-1	chr7R	162	5138	23905	beginning
6991_day0_with_selection	6991	chr16L	SRR33298395.1184555	1	1	E-chr16L-1	E-chr7R-1	chr7R	18453	23461	23565	end
6991_day0_with_selection	6991	chr16L	SRR33298395.1086849	1	1	E-chr16L-1	E-chr7R-1	chr7R	126	5151	23469	beginning
6991_day0_with_selection	6991	chr16L	SRR33298395.637937	1	1	E-chr16L-1	E-chr7R-1	chr7R	164	5175	23030	beginning
6991_day0_with_selection	6991	chr16L	SRR33298395.1798237	1	1	E-chr16L-1	E-chr7R-1	chr7R	96	4991	22721	beginning
6991_day0_with_selection	6991	chr16L	SRR33298395.276135	1	1	E-chr16L-1	E-chr7R-1	chr7R	121	4945	22586	beginning
6991_day0_with_selection	6991	chr16L	SRR33298395.1075246	1	1	E-chr16L-1	E-chr7R-1	chr7R	139	5050	22485	beginning
6991_day0_with_selection	6991	chr16L	SRR33298395.325214	1	1	E-chr16L-1	E-chr7R-1	chr7R	168	5052	22282	beginning
6991_day0_with_selection	6991	chr16L	SRR33298395.1459092	1	1	E-chr16L-1	E-chr7R-1	chr7R	164	5035	20893	beginning
6991_day0_with_selection	6991	chr16L	SRR33298395.93956	1	1	E-chr16L-1	E-chr7R-1	chr7R	113	4935	21787	beginning
6991_day0_with_selection	6991	chr16L	SRR33298395.550897	1	1	E-chr16L-1	E-chr7R-1	chr7R	158	5878	21504	beginning
6991_day0_with_selection	6991	chr16L	SRR33298395.1369143	1	1	E-chr16L-1	E-chr7R-1	chr7R	16455	21306	21408	end
6991_day0_with_selection	6991	chr16L	SRR33298395.1732783	1	1	E-chr16L-1	E-chr7R-1	chr7R	16105	21066	21195	end
6991_day0_with_selection	6991	chr16L	SRR33298395.305410	1	1	E-chr16L-1	E-chr7R-1	chr7R	121	4972	21062	beginning
6991_day0_with_selection	6991	chr16R	SRR33298395.517366	1	1	E-chr16R-1	E-chr14L-4	chr14L	155	5355	9498	beginning
6991_day0_with_selection	6991	chr16R	SRR33298395.555288	1	1	E-chr16R-1	E-chr13L-1	chr13L	6336	11516	11672	end
6991_day0_with_selection	6991	chr2L	SRR33298395.117875	1	1	E-chr2L-1	E-chr8R-1	chr8R	182	5669	15445	beginning
6991_day0_with_selection	6991	chr2L	SRR33298395.202022	1	1	E-chr2L-1	E-chr8R-1	chr8R	9780	15246	15386	end
6991_day0_with_selection	6991	chr2L	SRR33298395.736127	1	1	E-chr2L-1	E-chr8R-1	chr8R	78	5401	15041	beginning
6991_day0_with_selection	6991	chr4R	SRR33298395.1814328	4	7	E-chr4R-4	E-chr14L-2	chr14L	255	47294	55370	beginning
6991_day0_with_selection	6991	chr4R	SRR33298395.309429	4	7	E-chr4R-4	E-chr14L-2	chr14L	6429	53342	53708	end
6991_day0_with_selection	6991	chr4R	SRR33298395.309429	6	7	E-chr4R-6	E-chr14L-2	chr14L	6429	53342	53708	end
6991_day0_with_selection	6991	chr4R	SRR33298395.309429	7	7	E-chr4R-7	E-chr14L-2	chr14L	6429	53342	53708	end
6991_day0_with_selection	6991	chr4R	SRR33298395.914967	2	7	E-chr4R-2	E-chr14L-2	chr14L	281	47250	55302	beginning
6991_day0_with_selection	6991	chr4R	SRR33298395.856740	6	7	E-chr4R-6	E-chr14L-2	chr14L	307	47246	55293	beginning
6991_day0_with_selection	6991	chr4R	SRR33298395.942295	1	7	E-chr4R-1	E-chr14L-2	chr14L	8057	55003	55280	end
6991_day0_with_selection	6991	chr4R	SRR33298395.942295	2	7	E-chr4R-2	E-chr14L-2	chr14L	8057	55003	55280	end
6991_day0_with_selection	6991	chr4R	SRR33298395.942295	3	7	E-chr4R-3	E-chr14L-2	chr14L	8057	55003	55280	end
6991_day0_with_selection	6991	chr4R	SRR33298395.942295	4	7	E-chr4R-4	E-chr14L-2	chr14L	8057	55003	55280	end
6991_day0_with_selection	6991	chr4R	SRR33298395.942295	6	7	E-chr4R-6	E-chr14L-2	chr14L	8057	55003	55280	end
6991_day0_with_selection	6991	chr4R	SRR33298395.296042	1	7	E-chr4R-1	E-chr14L-2	chr14L	261	47206	55270	beginning
6991_day0_with_selection	6991	chr4R	SRR33298395.673692	3	7	E-chr4R-3	E-chr14L-2	chr14L	264	47206	55262	beginning
6991_day0_with_selection	6991	chr4R	SRR33298395.1485406	3	7	E-chr4R-3	E-chr14L-2	chr14L	8034	54917	55240	end
6991_day0_with_selection	6991	chr4R	SRR33298395.1485406	6	7	E-chr4R-6	E-chr14L-2	chr14L	8034	54917	55240	end
6991_day0_with_selection	6991	chr4R	SRR33298395.1485406	7	7	E-chr4R-7	E-chr14L-2	chr14L	8034	54917	55240	end
6991_day0_with_selection	6991	chr4R	SRR33298395.333463	1	7	E-chr4R-1	E-chr14L-2	chr14L	236	47204	55251	beginning
6991_day0_with_selection	6991	chr4R	SRR33298395.962821	2	7	E-chr4R-2	E-chr14L-2	chr14L	8053	55012	55236	end
6991_day0_with_selection	6991	chr4R	SRR33298395.962821	6	7	E-chr4R-6	E-chr14L-2	chr14L	8053	55012	55236	end
6991_day0_with_selection	6991	chr4R	SRR33298395.962821	7	7	E-chr4R-7	E-chr14L-2	chr14L	8053	55012	55236	end
6991_day0_with_selection	6991	chr4R	SRR33298395.884188	1	7	E-chr4R-1	E-chr14L-2	chr14L	8043	54953	55247	end
6991_day0_with_selection	6991	chr4R	SRR33298395.884188	2	7	E-chr4R-2	E-chr14L-2	chr14L	8043	54953	55247	end
6991_day0_with_selection	6991	chr4R	SRR33298395.884188	3	7	E-chr4R-3	E-chr14L-2	chr14L	8043	54953	55247	end
6991_day0_with_selection	6991	chr4R	SRR33298395.884188	6	7	E-chr4R-6	E-chr14L-2	chr14L	8043	54953	55247	end
6991_day0_with_selection	6991	chr4R	SRR33298395.884188	7	7	E-chr4R-7	E-chr14L-2	chr14L	8043	54953	55247	end
6991_day0_with_selection	6991	chr4R	SRR33298395.1684324	4	7	E-chr4R-4	E-chr14L-2	chr14L	291	47185	55230	beginning
6991_day0_with_selection	6991	chr4R	SRR33298395.1855238	4	7	E-chr4R-4	E-chr14L-2	chr14L	248	47167	55227	beginning
6991_day0_with_selection	6991	chr4R	SRR33298395.1722682	3	7	E-chr4R-3	E-chr14L-2	chr14L	8062	55008	55237	end
6991_day0_with_selection	6991	chr4R	SRR33298395.1722682	7	7	E-chr4R-7	E-chr14L-2	chr14L	8062	55008	55237	end
6991_day0_with_selection	6991	chr4R	SRR33298395.1689983	1	7	E-chr4R-1	E-chr14L-2	chr14L	8121	55043	55225	end
6991_day0_with_selection	6991	chr4R	SRR33298395.1689983	6	7	E-chr4R-6	E-chr14L-2	chr14L	8121	55043	55225	end
6991_day0_with_selection	6991	chr4R	SRR33298395.1689983	7	7	E-chr4R-7	E-chr14L-2	chr14L	8121	55043	55225	end
6991_day0_with_selection	6991	chr4R	SRR33298395.1119157	7	7	E-chr4R-7	E-chr14L-2	chr14L	286	47173	55221	beginning
6991_day0_with_selection	6991	chr4R	SRR33298395.925207	4	7	E-chr4R-4	E-chr14L-2	chr14L	280	47165	55229	beginning
6991_day0_with_selection	6991	chr4R	SRR33298395.1004506	1	7	E-chr4R-1	E-chr14L-2	chr14L	8060	55018	55219	end
6991_day0_with_selection	6991	chr4R	SRR33298395.1004506	3	7	E-chr4R-3	E-chr14L-2	chr14L	8060	55018	55219	end
6991_day0_with_selection	6991	chr4R	SRR33298395.1004506	6	7	E-chr4R-6	E-chr14L-2	chr14L	8060	55018	55219	end
6991_day0_with_selection	6991	chr4R	SRR33298395.782950	2	7	E-chr4R-2	E-chr14L-2	chr14L	232	47148	55210	beginning
6991_day0_with_selection	6991	chr4R	SRR33298395.241238	3	7	E-chr4R-3	E-chr14L-2	chr14L	219	47148	55196	beginning
6991_day0_with_selection	6991	chr4R	SRR33298395.1221977	3	7	E-chr4R-3	E-chr14L-2	chr14L	223	47141	55188	beginning
6991_day0_with_selection	6991	chr4R	SRR33298395.6903	7	7	E-chr4R-7	E-chr14L-2	chr14L	260	47158	55198	beginning
6991_day0_with_selection	6991	chr4R	SRR33298395.485853	2	7	E-chr4R-2	E-chr14L-2	chr14L	8067	54899	55210	end
6991_day0_with_selection	6991	chr4R	SRR33298395.485853	7	7	E-chr4R-7	E-chr14L-2	chr14L	8067	54899	55210	end
6991_day0_with_selection	6991	chr4R	SRR33298395.1799044	2	7	E-chr4R-2	E-chr14L-2	chr14L	244	47142	55180	beginning
6991_day0_with_selection	6991	chr4R	SRR33298395.372237	2	7	E-chr4R-2	E-chr14L-2	chr14L	8049	54959	55184	end
6991_day0_with_selection	6991	chr4R	SRR33298395.372237	3	7	E-chr4R-3	E-chr14L-2	chr14L	8049	54959	55184	end
6991_day0_with_selection	6991	chr4R	SRR33298395.372237	4	7	E-chr4R-4	E-chr14L-2	chr14L	8049	54959	55184	end
6991_day0_with_selection	6991	chr4R	SRR33298395.372237	6	7	E-chr4R-6	E-chr14L-2	chr14L	8049	54959	55184	end
6991_day0_with_selection	6991	chr4R	SRR33298395.1041302	4	7	E-chr4R-4	E-chr14L-2	chr14L	238	47114	55196	beginning
6991_day0_with_selection	6991	chr4R	SRR33298395.1604626	1	7	E-chr4R-1	E-chr14L-2	chr14L	8065	54958	55190	end
6991_day0_with_selection	6991	chr4R	SRR33298395.1604626	3	7	E-chr4R-3	E-chr14L-2	chr14L	8065	54958	55190	end
6991_day0_with_selection	6991	chr4R	SRR33298395.1604626	4	7	E-chr4R-4	E-chr14L-2	chr14L	8065	54958	55190	end
6991_day0_with_selection	6991	chr4R	SRR33298395.1604626	6	7	E-chr4R-6	E-chr14L-2	chr14L	8065	54958	55190	end
6991_day0_with_selection	6991	chr4R	SRR33298395.1575654	7	7	E-chr4R-7	E-chr14L-2	chr14L	181	47127	55176	beginning
6991_day0_with_selection	6991	chr4R	SRR33298395.225303	3	7	E-chr4R-3	E-chr14L-2	chr14L	231	47147	55177	beginning
6991_day0_with_selection	6991	chr4R	SRR33298395.883932	1	7	E-chr4R-1	E-chr14L-2	chr14L	8029	54935	55155	end
6991_day0_with_selection	6991	chr4R	SRR33298395.883932	2	7	E-chr4R-2	E-chr14L-2	chr14L	8029	54935	55155	end
6991_day0_with_selection	6991	chr4R	SRR33298395.883932	3	7	E-chr4R-3	E-chr14L-2	chr14L	8029	54935	55155	end
6991_day0_with_selection	6991	chr4R	SRR33298395.883932	4	7	E-chr4R-4	E-chr14L-2	chr14L	8029	54935	55155	end
6991_day0_with_selection	6991	chr4R	SRR33298395.316208	1	7	E-chr4R-1	E-chr14L-2	chr14L	7677	54545	54786	end
6991_day0_with_selection	6991	chr4R	SRR33298395.316208	2	7	E-chr4R-2	E-chr14L-2	chr14L	7677	54545	54786	end
6991_day0_with_selection	6991	chr4R	SRR33298395.316208	3	7	E-chr4R-3	E-chr14L-2	chr14L	7677	54545	54786	end
6991_day0_with_selection	6991	chr4R	SRR33298395.316208	7	7	E-chr4R-7	E-chr14L-2	chr14L	7677	54545	54786	end
6991_day0_with_selection	6991	chr4R	SRR33298395.756221	1	7	E-chr4R-1	E-chr14L-2	chr14L	8059	54925	55171	end
6991_day0_with_selection	6991	chr4R	SRR33298395.756221	4	7	E-chr4R-4	E-chr14L-2	chr14L	8059	54925	55171	end
6991_day0_with_selection	6991	chr4R	SRR33298395.1774802	1	7	E-chr4R-1	E-chr14L-2	chr14L	8042	54941	55173	end
6991_day0_with_selection	6991	chr4R	SRR33298395.1774802	2	7	E-chr4R-2	E-chr14L-2	chr14L	8042	54941	55173	end
6991_day0_with_selection	6991	chr4R	SRR33298395.1774802	4	7	E-chr4R-4	E-chr14L-2	chr14L	8042	54941	55173	end
6991_day0_with_selection	6991	chr4R	SRR33298395.1774802	6	7	E-chr4R-6	E-chr14L-2	chr14L	8042	54941	55173	end
6991_day0_with_selection	6991	chr4R	SRR33298395.1774802	7	7	E-chr4R-7	E-chr14L-2	chr14L	8042	54941	55173	end
6991_day0_with_selection	6991	chr4R	SRR33298395.607373	4	7	E-chr4R-4	E-chr14L-2	chr14L	182	47127	55185	beginning
6991_day0_with_selection	6991	chr4R	SRR33298395.831965	3	7	E-chr4R-3	E-chr14L-2	chr14L	8064	55007	55171	end
6991_day0_with_selection	6991	chr4R	SRR33298395.831965	6	7	E-chr4R-6	E-chr14L-2	chr14L	8064	55007	55171	end
6991_day0_with_selection	6991	chr4R	SRR33298395.266581	1	7	E-chr4R-1	E-chr14L-2	chr14L	8051	54932	55166	end
6991_day0_with_selection	6991	chr4R	SRR33298395.266581	6	7	E-chr4R-6	E-chr14L-2	chr14L	8051	54932	55166	end
6991_day0_with_selection	6991	chr4R	SRR33298395.266581	7	7	E-chr4R-7	E-chr14L-2	chr14L	8051	54932	55166	end
6991_day0_with_selection	6991	chr4R	SRR33298395.198428	2	7	E-chr4R-2	E-chr14L-2	chr14L	8055	54895	55161	end
6991_day0_with_selection	6991	chr4R	SRR33298395.198428	3	7	E-chr4R-3	E-chr14L-2	chr14L	8055	54895	55161	end
6991_day0_with_selection	6991	chr4R	SRR33298395.198428	6	7	E-chr4R-6	E-chr14L-2	chr14L	8055	54895	55161	end
6991_day0_with_selection	6991	chr4R	SRR33298395.1014376	1	7	E-chr4R-1	E-chr14L-2	chr14L	8037	54952	55161	end
6991_day0_with_selection	6991	chr4R	SRR33298395.1014376	3	7	E-chr4R-3	E-chr14L-2	chr14L	8037	54952	55161	end
6991_day0_with_selection	6991	chr4R	SRR33298395.1014376	4	7	E-chr4R-4	E-chr14L-2	chr14L	8037	54952	55161	end
6991_day0_with_selection	6991	chr4R	SRR33298395.1014376	7	7	E-chr4R-7	E-chr14L-2	chr14L	8037	54952	55161	end
6991_day0_with_selection	6991	chr4R	SRR33298395.909387	4	7	E-chr4R-4	E-chr14L-2	chr14L	8064	54981	55174	end
6991_day0_with_selection	6991	chr4R	SRR33298395.1244236	4	7	E-chr4R-4	E-chr14L-2	chr14L	6255	53144	53369	end
6991_day0_with_selection	6991	chr4R	SRR33298395.1244236	7	7	E-chr4R-7	E-chr14L-2	chr14L	6255	53144	53369	end
6991_day0_with_selection	6991	chr4R	SRR33298395.1411365	2	7	E-chr4R-2	E-chr14L-2	chr14L	8050	54928	55169	end
6991_day0_with_selection	6991	chr4R	SRR33298395.1411365	4	7	E-chr4R-4	E-chr14L-2	chr14L	8050	54928	55169	end
6991_day0_with_selection	6991	chr4R	SRR33298395.1210259	1	7	E-chr4R-1	E-chr14L-2	chr14L	8071	54979	55169	end
6991_day0_with_selection	6991	chr4R	SRR33298395.1210259	3	7	E-chr4R-3	E-chr14L-2	chr14L	8071	54979	55169	end
6991_day0_with_selection	6991	chr4R	SRR33298395.1210259	6	7	E-chr4R-6	E-chr14L-2	chr14L	8071	54979	55169	end
6991_day0_with_selection	6991	chr4R	SRR33298395.1210259	7	7	E-chr4R-7	E-chr14L-2	chr14L	8071	54979	55169	end
6991_day0_with_selection	6991	chr4R	SRR33298395.1870812	1	7	E-chr4R-1	E-chr14L-2	chr14L	8057	54960	55146	end
6991_day0_with_selection	6991	chr4R	SRR33298395.1870812	4	7	E-chr4R-4	E-chr14L-2	chr14L	8057	54960	55146	end
6991_day0_with_selection	6991	chr4R	SRR33298395.23278	1	7	E-chr4R-1	E-chr14L-2	chr14L	8043	54931	55138	end
6991_day0_with_selection	6991	chr4R	SRR33298395.23278	2	7	E-chr4R-2	E-chr14L-2	chr14L	8043	54931	55138	end
6991_day0_with_selection	6991	chr4R	SRR33298395.23278	6	7	E-chr4R-6	E-chr14L-2	chr14L	8043	54931	55138	end
6991_day0_with_selection	6991	chr4R	SRR33298395.417724	7	7	E-chr4R-7	E-chr14L-2	chr14L	212	47109	55138	beginning
6991_day0_with_selection	6991	chr4R	SRR33298395.1787420	1	7	E-chr4R-1	E-chr14L-2	chr14L	142	47097	55144	beginning
6991_day0_with_selection	6991	chr4R	SRR33298395.1787420	4	7	E-chr4R-4	E-chr14L-2	chr14L	142	47097	55144	beginning
6991_day0_with_selection	6991	chr4R	SRR33298395.1102579	1	7	E-chr4R-1	E-chr14L-2	chr14L	8053	55004	55156	end
6991_day0_with_selection	6991	chr4R	SRR33298395.1102579	4	7	E-chr4R-4	E-chr14L-2	chr14L	8053	55004	55156	end
6991_day0_with_selection	6991	chr4R	SRR33298395.1660924	2	7	E-chr4R-2	E-chr14L-2	chr14L	165	47078	55134	beginning
6991_day0_with_selection	6991	chr4R	SRR33298395.1847269	7	7	E-chr4R-7	E-chr14L-2	chr14L	231	47079	55139	beginning
6991_day0_with_selection	6991	chr4R	SRR33298395.440475	3	7	E-chr4R-3	E-chr14L-2	chr14L	184	47076	55145	beginning
6991_day0_with_selection	6991	chr4R	SRR33298395.1763899	1	7	E-chr4R-1	E-chr14L-2	chr14L	7385	54319	54480	end
6991_day0_with_selection	6991	chr4R	SRR33298395.1763899	2	7	E-chr4R-2	E-chr14L-2	chr14L	7385	54319	54480	end
6991_day0_with_selection	6991	chr4R	SRR33298395.1763899	3	7	E-chr4R-3	E-chr14L-2	chr14L	7385	54319	54480	end
6991_day0_with_selection	6991	chr4R	SRR33298395.1763899	4	7	E-chr4R-4	E-chr14L-2	chr14L	7385	54319	54480	end
6991_day0_with_selection	6991	chr4R	SRR33298395.1763899	6	7	E-chr4R-6	E-chr14L-2	chr14L	7385	54319	54480	end
6991_day0_with_selection	6991	chr4R	SRR33298395.924760	2	7	E-chr4R-2	E-chr14L-2	chr14L	5927	52821	53012	end
6991_day0_with_selection	6991	chr4R	SRR33298395.450661	6	7	E-chr4R-6	E-chr14L-2	chr14L	8052	54956	55125	end
6991_day0_with_selection	6991	chr4R	SRR33298395.450661	7	7	E-chr4R-7	E-chr14L-2	chr14L	8052	54956	55125	end
6991_day0_with_selection	6991	chr4R	SRR33298395.740310	2	7	E-chr4R-2	E-chr14L-2	chr14L	8077	55001	55137	end
6991_day0_with_selection	6991	chr4R	SRR33298395.740310	3	7	E-chr4R-3	E-chr14L-2	chr14L	8077	55001	55137	end
6991_day0_with_selection	6991	chr4R	SRR33298395.740310	6	7	E-chr4R-6	E-chr14L-2	chr14L	8077	55001	55137	end
6991_day0_with_selection	6991	chr4R	SRR33298395.740310	7	7	E-chr4R-7	E-chr14L-2	chr14L	8077	55001	55137	end
6991_day0_with_selection	6991	chr4R	SRR33298395.1234731	2	7	E-chr4R-2	E-chr14L-2	chr14L	8063	54925	55128	end
6991_day0_with_selection	6991	chr4R	SRR33298395.1234731	4	7	E-chr4R-4	E-chr14L-2	chr14L	8063	54925	55128	end
6991_day0_with_selection	6991	chr4R	SRR33298395.1234731	6	7	E-chr4R-6	E-chr14L-2	chr14L	8063	54925	55128	end
6991_day0_with_selection	6991	chr4R	SRR33298395.1379530	1	7	E-chr4R-1	E-chr14L-2	chr14L	8041	54938	55122	end
6991_day0_with_selection	6991	chr4R	SRR33298395.1379530	2	7	E-chr4R-2	E-chr14L-2	chr14L	8041	54938	55122	end
6991_day0_with_selection	6991	chr4R	SRR33298395.1379530	3	7	E-chr4R-3	E-chr14L-2	chr14L	8041	54938	55122	end
6991_day0_with_selection	6991	chr4R	SRR33298395.1379530	6	7	E-chr4R-6	E-chr14L-2	chr14L	8041	54938	55122	end
6991_day0_with_selection	6991	chr4R	SRR33298395.1379530	7	7	E-chr4R-7	E-chr14L-2	chr14L	8041	54938	55122	end
6991_day0_with_selection	6991	chr4R	SRR33298395.224338	3	7	E-chr4R-3	E-chr14L-2	chr14L	8058	54909	55118	end
6991_day0_with_selection	6991	chr4R	SRR33298395.224338	4	7	E-chr4R-4	E-chr14L-2	chr14L	8058	54909	55118	end
6991_day0_with_selection	6991	chr4R	SRR33298395.224338	7	7	E-chr4R-7	E-chr14L-2	chr14L	8058	54909	55118	end
6991_day0_with_selection	6991	chr4R	SRR33298395.1784129	1	7	E-chr4R-1	E-chr14L-2	chr14L	8055	54968	55122	end
6991_day0_with_selection	6991	chr4R	SRR33298395.1784129	3	7	E-chr4R-3	E-chr14L-2	chr14L	8055	54968	55122	end
6991_day0_with_selection	6991	chr4R	SRR33298395.1784129	6	7	E-chr4R-6	E-chr14L-2	chr14L	8055	54968	55122	end
6991_day0_with_selection	6991	chr4R	SRR33298395.1784129	7	7	E-chr4R-7	E-chr14L-2	chr14L	8055	54968	55122	end
6991_day0_with_selection	6991	chr4R	SRR33298395.1552903	7	7	E-chr4R-7	E-chr14L-2	chr14L	390	47078	55076	beginning
6991_day0_with_selection	6991	chr4R	SRR33298395.1320228	2	7	E-chr4R-2	E-chr14L-2	chr14L	8048	54967	55119	end
6991_day0_with_selection	6991	chr4R	SRR33298395.1320228	3	7	E-chr4R-3	E-chr14L-2	chr14L	8048	54967	55119	end
6991_day0_with_selection	6991	chr4R	SRR33298395.1320228	4	7	E-chr4R-4	E-chr14L-2	chr14L	8048	54967	55119	end
6991_day0_with_selection	6991	chr4R	SRR33298395.1320228	6	7	E-chr4R-6	E-chr14L-2	chr14L	8048	54967	55119	end
6991_day0_with_selection	6991	chr4R	SRR33298395.1320228	7	7	E-chr4R-7	E-chr14L-2	chr14L	8048	54967	55119	end
6991_day0_with_selection	6991	chr4R	SRR33298395.1201066	4	7	E-chr4R-4	E-chr14L-2	chr14L	233	47064	55119	beginning
6991_day0_with_selection	6991	chr4R	SRR33298395.1337661	2	7	E-chr4R-2	E-chr14L-2	chr14L	8043	54913	55114	end
6991_day0_with_selection	6991	chr4R	SRR33298395.1337661	6	7	E-chr4R-6	E-chr14L-2	chr14L	8043	54913	55114	end
6991_day0_with_selection	6991	chr4R	SRR33298395.1076058	1	7	E-chr4R-1	E-chr14L-2	chr14L	8058	54918	55114	end
6991_day0_with_selection	6991	chr4R	SRR33298395.1076058	2	7	E-chr4R-2	E-chr14L-2	chr14L	8058	54918	55114	end
6991_day0_with_selection	6991	chr4R	SRR33298395.1076058	4	7	E-chr4R-4	E-chr14L-2	chr14L	8058	54918	55114	end
6991_day0_with_selection	6991	chr4R	SRR33298395.1076058	6	7	E-chr4R-6	E-chr14L-2	chr14L	8058	54918	55114	end
6991_day0_with_selection	6991	chr4R	SRR33298395.1894326	4	7	E-chr4R-4	E-chr14L-2	chr14L	229	47071	55119	beginning
6991_day0_with_selection	6991	chr4R	SRR33298395.498254	1	7	E-chr4R-1	E-chr14L-2	chr14L	8033	54953	55105	end
6991_day0_with_selection	6991	chr4R	SRR33298395.498254	2	7	E-chr4R-2	E-chr14L-2	chr14L	8033	54953	55105	end
6991_day0_with_selection	6991	chr4R	SRR33298395.498254	4	7	E-chr4R-4	E-chr14L-2	chr14L	8033	54953	55105	end
6991_day0_with_selection	6991	chr4R	SRR33298395.470240	2	7	E-chr4R-2	E-chr14L-2	chr14L	8045	54921	55100	end
6991_day0_with_selection	6991	chr4R	SRR33298395.470240	3	7	E-chr4R-3	E-chr14L-2	chr14L	8045	54921	55100	end
6991_day0_with_selection	6991	chr4R	SRR33298395.470240	4	7	E-chr4R-4	E-chr14L-2	chr14L	8045	54921	55100	end
6991_day0_with_selection	6991	chr4R	SRR33298395.470240	7	7	E-chr4R-7	E-chr14L-2	chr14L	8045	54921	55100	end
6991_day0_with_selection	6991	chr4R	SRR33298395.240654	1	7	E-chr4R-1	E-chr14L-2	chr14L	5781	52668	52844	end
6991_day0_with_selection	6991	chr4R	SRR33298395.240654	2	7	E-chr4R-2	E-chr14L-2	chr14L	5781	52668	52844	end
6991_day0_with_selection	6991	chr4R	SRR33298395.240654	4	7	E-chr4R-4	E-chr14L-2	chr14L	5781	52668	52844	end
6991_day0_with_selection	6991	chr4R	SRR33298395.240654	6	7	E-chr4R-6	E-chr14L-2	chr14L	5781	52668	52844	end
6991_day0_with_selection	6991	chr4R	SRR33298395.1290639	3	7	E-chr4R-3	E-chr14L-2	chr14L	6022	52884	53080	end
6991_day0_with_selection	6991	chr4R	SRR33298395.1290639	4	7	E-chr4R-4	E-chr14L-2	chr14L	6022	52884	53080	end
6991_day0_with_selection	6991	chr4R	SRR33298395.1290639	7	7	E-chr4R-7	E-chr14L-2	chr14L	6022	52884	53080	end
6991_day0_with_selection	6991	chr4R	SRR33298395.1610322	1	7	E-chr4R-1	E-chr14L-2	chr14L	8053	54941	55104	end
6991_day0_with_selection	6991	chr4R	SRR33298395.1610322	2	7	E-chr4R-2	E-chr14L-2	chr14L	8053	54941	55104	end
6991_day0_with_selection	6991	chr4R	SRR33298395.1610322	3	7	E-chr4R-3	E-chr14L-2	chr14L	8053	54941	55104	end
6991_day0_with_selection	6991	chr4R	SRR33298395.1610322	4	7	E-chr4R-4	E-chr14L-2	chr14L	8053	54941	55104	end
6991_day0_with_selection	6991	chr4R	SRR33298395.1610322	6	7	E-chr4R-6	E-chr14L-2	chr14L	8053	54941	55104	end
6991_day0_with_selection	6991	chr4R	SRR33298395.1610322	7	7	E-chr4R-7	E-chr14L-2	chr14L	8053	54941	55104	end
6991_day0_with_selection	6991	chr4R	SRR33298395.332512	1	7	E-chr4R-1	E-chr14L-2	chr14L	8051	54924	55089	end
6991_day0_with_selection	6991	chr4R	SRR33298395.332512	2	7	E-chr4R-2	E-chr14L-2	chr14L	8051	54924	55089	end
6991_day0_with_selection	6991	chr4R	SRR33298395.332512	3	7	E-chr4R-3	E-chr14L-2	chr14L	8051	54924	55089	end
6991_day0_with_selection	6991	chr4R	SRR33298395.719894	2	7	E-chr4R-2	E-chr14L-2	chr14L	8019	54927	55099	end
6991_day0_with_selection	6991	chr4R	SRR33298395.719894	3	7	E-chr4R-3	E-chr14L-2	chr14L	8019	54927	55099	end
6991_day0_with_selection	6991	chr4R	SRR33298395.719894	7	7	E-chr4R-7	E-chr14L-2	chr14L	8019	54927	55099	end
6991_day0_with_selection	6991	chr4R	SRR33298395.443238	1	7	E-chr4R-1	E-chr14L-2	chr14L	8052	54969	55093	end
6991_day0_with_selection	6991	chr4R	SRR33298395.443238	4	7	E-chr4R-4	E-chr14L-2	chr14L	8052	54969	55093	end
6991_day0_with_selection	6991	chr4R	SRR33298395.443238	7	7	E-chr4R-7	E-chr14L-2	chr14L	8052	54969	55093	end
6991_day0_with_selection	6991	chr4R	SRR33298395.462842	1	7	E-chr4R-1	E-chr14L-2	chr14L	8044	54919	55099	end
6991_day0_with_selection	6991	chr4R	SRR33298395.462842	4	7	E-chr4R-4	E-chr14L-2	chr14L	8044	54919	55099	end
6991_day0_with_selection	6991	chr4R	SRR33298395.817685	1	7	E-chr4R-1	E-chr14L-2	chr14L	8049	54896	55091	end
6991_day0_with_selection	6991	chr4R	SRR33298395.817685	4	7	E-chr4R-4	E-chr14L-2	chr14L	8049	54896	55091	end
6991_day0_with_selection	6991	chr4R	SRR33298395.817685	7	7	E-chr4R-7	E-chr14L-2	chr14L	8049	54896	55091	end
6991_day0_with_selection	6991	chr4R	SRR33298395.1508510	1	7	E-chr4R-1	E-chr14L-2	chr14L	8042	54910	55100	end
6991_day0_with_selection	6991	chr4R	SRR33298395.1508510	7	7	E-chr4R-7	E-chr14L-2	chr14L	8042	54910	55100	end
6991_day0_with_selection	6991	chr4R	SRR33298395.528462	3	7	E-chr4R-3	E-chr14L-2	chr14L	8070	54943	55105	end
6991_day0_with_selection	6991	chr4R	SRR33298395.528462	6	7	E-chr4R-6	E-chr14L-2	chr14L	8070	54943	55105	end
6991_day0_with_selection	6991	chr4R	SRR33298395.1376654	3	7	E-chr4R-3	E-chr14L-2	chr14L	8035	54923	55085	end
6991_day0_with_selection	6991	chr4R	SRR33298395.1376654	4	7	E-chr4R-4	E-chr14L-2	chr14L	8035	54923	55085	end
6991_day0_with_selection	6991	chr4R	SRR33298395.1376654	6	7	E-chr4R-6	E-chr14L-2	chr14L	8035	54923	55085	end
6991_day0_with_selection	6991	chr4R	SRR33298395.139547	1	7	E-chr4R-1	E-chr14L-2	chr14L	8051	54969	55086	end
6991_day0_with_selection	6991	chr4R	SRR33298395.139547	2	7	E-chr4R-2	E-chr14L-2	chr14L	8051	54969	55086	end
6991_day0_with_selection	6991	chr4R	SRR33298395.1890595	1	7	E-chr4R-1	E-chr14L-2	chr14L	8063	54852	55089	end
6991_day0_with_selection	6991	chr4R	SRR33298395.1890595	2	7	E-chr4R-2	E-chr14L-2	chr14L	8063	54852	55089	end
6991_day0_with_selection	6991	chr4R	SRR33298395.1890595	3	7	E-chr4R-3	E-chr14L-2	chr14L	8063	54852	55089	end
6991_day0_with_selection	6991	chr4R	SRR33298395.1890595	4	7	E-chr4R-4	E-chr14L-2	chr14L	8063	54852	55089	end
6991_day0_with_selection	6991	chr4R	SRR33298395.1517891	4	7	E-chr4R-4	E-chr14L-2	chr14L	8030	54896	55079	end
6991_day0_with_selection	6991	chr4R	SRR33298395.636439	4	7	E-chr4R-4	E-chr14L-2	chr14L	247	47033	55057	beginning
6991_day0_with_selection	6991	chr4R	SRR33298395.358378	3	7	E-chr4R-3	E-chr14L-2	chr14L	8019	54915	55068	end
6991_day0_with_selection	6991	chr4R	SRR33298395.358378	6	7	E-chr4R-6	E-chr14L-2	chr14L	8019	54915	55068	end
6991_day0_with_selection	6991	chr4R	SRR33298395.358378	7	7	E-chr4R-7	E-chr14L-2	chr14L	8019	54915	55068	end
6991_day0_with_selection	6991	chr4R	SRR33298395.198429	2	7	E-chr4R-2	E-chr14L-2	chr14L	8052	54864	55071	end
6991_day0_with_selection	6991	chr4R	SRR33298395.198429	3	7	E-chr4R-3	E-chr14L-2	chr14L	8052	54864	55071	end
6991_day0_with_selection	6991	chr4R	SRR33298395.198429	4	7	E-chr4R-4	E-chr14L-2	chr14L	8052	54864	55071	end
6991_day0_with_selection	6991	chr4R	SRR33298395.198429	6	7	E-chr4R-6	E-chr14L-2	chr14L	8052	54864	55071	end
6991_day0_with_selection	6991	chr4R	SRR33298395.198429	7	7	E-chr4R-7	E-chr14L-2	chr14L	8052	54864	55071	end
6991_day0_with_selection	6991	chr4R	SRR33298395.798264	1	7	E-chr4R-1	E-chr14L-2	chr14L	8064	54964	55083	end
6991_day0_with_selection	6991	chr4R	SRR33298395.798264	4	7	E-chr4R-4	E-chr14L-2	chr14L	8064	54964	55083	end
6991_day0_with_selection	6991	chr4R	SRR33298395.798264	6	7	E-chr4R-6	E-chr14L-2	chr14L	8064	54964	55083	end
6991_day0_with_selection	6991	chr4R	SRR33298395.798264	7	7	E-chr4R-7	E-chr14L-2	chr14L	8064	54964	55083	end
6991_day0_with_selection	6991	chr4R	SRR33298395.278882	1	7	E-chr4R-1	E-chr14L-2	chr14L	8050	54959	55070	end
6991_day0_with_selection	6991	chr4R	SRR33298395.278882	2	7	E-chr4R-2	E-chr14L-2	chr14L	8050	54959	55070	end
6991_day0_with_selection	6991	chr4R	SRR33298395.278882	4	7	E-chr4R-4	E-chr14L-2	chr14L	8050	54959	55070	end
6991_day0_with_selection	6991	chr4R	SRR33298395.278882	6	7	E-chr4R-6	E-chr14L-2	chr14L	8050	54959	55070	end
6991_day0_with_selection	6991	chr4R	SRR33298395.573869	2	7	E-chr4R-2	E-chr14L-2	chr14L	8042	54933	55074	end
6991_day0_with_selection	6991	chr4R	SRR33298395.573869	4	7	E-chr4R-4	E-chr14L-2	chr14L	8042	54933	55074	end
6991_day0_with_selection	6991	chr4R	SRR33298395.573869	7	7	E-chr4R-7	E-chr14L-2	chr14L	8042	54933	55074	end
6991_day0_with_selection	6991	chr4R	SRR33298395.958196	2	7	E-chr4R-2	E-chr14L-2	chr14L	7975	54854	55074	end
6991_day0_with_selection	6991	chr4R	SRR33298395.958196	3	7	E-chr4R-3	E-chr14L-2	chr14L	7975	54854	55074	end
6991_day0_with_selection	6991	chr4R	SRR33298395.958196	7	7	E-chr4R-7	E-chr14L-2	chr14L	7975	54854	55074	end
6991_day0_with_selection	6991	chr4R	SRR33298395.414767	1	7	E-chr4R-1	E-chr14L-2	chr14L	8067	54938	55082	end
6991_day0_with_selection	6991	chr4R	SRR33298395.414767	2	7	E-chr4R-2	E-chr14L-2	chr14L	8067	54938	55082	end
6991_day0_with_selection	6991	chr4R	SRR33298395.414767	4	7	E-chr4R-4	E-chr14L-2	chr14L	8067	54938	55082	end
6991_day0_with_selection	6991	chr4R	SRR33298395.414767	6	7	E-chr4R-6	E-chr14L-2	chr14L	8067	54938	55082	end
6991_day0_with_selection	6991	chr4R	SRR33298395.414767	7	7	E-chr4R-7	E-chr14L-2	chr14L	8067	54938	55082	end
6991_day0_with_selection	6991	chr4R	SRR33298395.968272	1	7	E-chr4R-1	E-chr14L-2	chr14L	8035	54931	55063	end
6991_day0_with_selection	6991	chr4R	SRR33298395.968272	2	7	E-chr4R-2	E-chr14L-2	chr14L	8035	54931	55063	end
6991_day0_with_selection	6991	chr4R	SRR33298395.968272	3	7	E-chr4R-3	E-chr14L-2	chr14L	8035	54931	55063	end
6991_day0_with_selection	6991	chr4R	SRR33298395.968272	4	7	E-chr4R-4	E-chr14L-2	chr14L	8035	54931	55063	end
6991_day0_with_selection	6991	chr4R	SRR33298395.968272	6	7	E-chr4R-6	E-chr14L-2	chr14L	8035	54931	55063	end
6991_day0_with_selection	6991	chr4R	SRR33298395.968272	7	7	E-chr4R-7	E-chr14L-2	chr14L	8035	54931	55063	end
6991_day0_with_selection	6991	chr4R	SRR33298395.210044	1	7	E-chr4R-1	E-chr14L-2	chr14L	8035	54883	55065	end
6991_day0_with_selection	6991	chr4R	SRR33298395.210044	2	7	E-chr4R-2	E-chr14L-2	chr14L	8035	54883	55065	end
6991_day0_with_selection	6991	chr4R	SRR33298395.210044	3	7	E-chr4R-3	E-chr14L-2	chr14L	8035	54883	55065	end
6991_day0_with_selection	6991	chr4R	SRR33298395.210044	7	7	E-chr4R-7	E-chr14L-2	chr14L	8035	54883	55065	end
6991_day0_with_selection	6991	chr4R	SRR33298395.953016	7	7	E-chr4R-7	E-chr14L-2	chr14L	242	47021	55021	beginning
6991_day0_with_selection	6991	chr4R	SRR33298395.824531	4	7	E-chr4R-4	E-chr14L-2	chr14L	8043	54893	55046	end
6991_day0_with_selection	6991	chr4R	SRR33298395.824531	7	7	E-chr4R-7	E-chr14L-2	chr14L	8043	54893	55046	end
6991_day0_with_selection	6991	chr4R	SRR33298395.891238	2	7	E-chr4R-2	E-chr14L-2	chr14L	8028	54827	55005	end
6991_day0_with_selection	6991	chr4R	SRR33298395.891238	6	7	E-chr4R-6	E-chr14L-2	chr14L	8028	54827	55005	end
6991_day0_with_selection	6991	chr4R	SRR33298395.891238	7	7	E-chr4R-7	E-chr14L-2	chr14L	8028	54827	55005	end
6991_day0_with_selection	6991	chr4R	SRR33298395.834764	1	7	E-chr4R-1	E-chr14L-2	chr14L	180	47013	55015	beginning
6991_day0_with_selection	6991	chr4R	SRR33298395.859213	2	7	E-chr4R-2	E-chr14L-2	chr14L	8023	54818	55018	end
6991_day0_with_selection	6991	chr4R	SRR33298395.859213	3	7	E-chr4R-3	E-chr14L-2	chr14L	8023	54818	55018	end
6991_day0_with_selection	6991	chr4R	SRR33298395.859213	4	7	E-chr4R-4	E-chr14L-2	chr14L	8023	54818	55018	end
6991_day0_with_selection	6991	chr4R	SRR33298395.859213	6	7	E-chr4R-6	E-chr14L-2	chr14L	8023	54818	55018	end
6991_day0_with_selection	6991	chr4R	SRR33298395.859213	7	7	E-chr4R-7	E-chr14L-2	chr14L	8023	54818	55018	end
6991_day0_with_selection	6991	chr4R	SRR33298395.1612714	1	7	E-chr4R-1	E-chr14L-2	chr14L	8072	54838	55031	end
6991_day0_with_selection	6991	chr4R	SRR33298395.1612714	7	7	E-chr4R-7	E-chr14L-2	chr14L	8072	54838	55031	end
6991_day0_with_selection	6991	chr4R	SRR33298395.775217	1	7	E-chr4R-1	E-chr14L-2	chr14L	8032	54854	55003	end
6991_day0_with_selection	6991	chr4R	SRR33298395.775217	4	7	E-chr4R-4	E-chr14L-2	chr14L	8032	54854	55003	end
6991_day0_with_selection	6991	chr4R	SRR33298395.573714	2	7	E-chr4R-2	E-chr14L-2	chr14L	8066	54907	55019	end
6991_day0_with_selection	6991	chr4R	SRR33298395.573714	3	7	E-chr4R-3	E-chr14L-2	chr14L	8066	54907	55019	end
6991_day0_with_selection	6991	chr4R	SRR33298395.1663877	1	7	E-chr4R-1	E-chr14L-2	chr14L	8010	54861	55010	end
6991_day0_with_selection	6991	chr4R	SRR33298395.1663877	2	7	E-chr4R-2	E-chr14L-2	chr14L	8010	54861	55010	end
6991_day0_with_selection	6991	chr4R	SRR33298395.1663877	4	7	E-chr4R-4	E-chr14L-2	chr14L	8010	54861	55010	end
6991_day0_with_selection	6991	chr4R	SRR33298395.999565	2	7	E-chr4R-2	E-chr14L-2	chr14L	135	46946	54138	beginning
6991_day0_with_selection	6991	chr4R	SRR33298395.1210510	1	7	E-chr4R-1	E-chr14L-2	chr14L	107	46957	54986	beginning
6991_day0_with_selection	6991	chr4R	SRR33298395.1210510	2	7	E-chr4R-2	E-chr14L-2	chr14L	107	46957	54986	beginning
6991_day0_with_selection	6991	chr4R	SRR33298395.1210510	7	7	E-chr4R-7	E-chr14L-2	chr14L	107	46957	54986	beginning
6991_day0_with_selection	6991	chr4R	SRR33298395.468351	1	7	E-chr4R-1	E-chr14L-2	chr14L	7495	54202	54440	end
6991_day0_with_selection	6991	chr4R	SRR33298395.468351	6	7	E-chr4R-6	E-chr14L-2	chr14L	7495	54202	54440	end
6991_day0_with_selection	6991	chr4R	SRR33298395.828060	1	7	E-chr4R-1	E-chr14L-2	chr14L	8029	54803	54970	end
6991_day0_with_selection	6991	chr4R	SRR33298395.1824951	1	7	E-chr4R-1	E-chr14L-2	chr14L	8025	54884	54967	end
6991_day0_with_selection	6991	chr4R	SRR33298395.1824951	2	7	E-chr4R-2	E-chr14L-2	chr14L	8025	54884	54967	end
6991_day0_with_selection	6991	chr4R	SRR33298395.1824951	6	7	E-chr4R-6	E-chr14L-2	chr14L	8025	54884	54967	end
6991_day0_with_selection	6991	chr4R	SRR33298395.1824951	7	7	E-chr4R-7	E-chr14L-2	chr14L	8025	54884	54967	end
6991_day0_with_selection	6991	chr4R	SRR33298395.155356	2	7	E-chr4R-2	E-chr14L-2	chr14L	8047	54871	54964	end
6991_day0_with_selection	6991	chr4R	SRR33298395.155356	4	7	E-chr4R-4	E-chr14L-2	chr14L	8047	54871	54964	end
6991_day0_with_selection	6991	chr4R	SRR33298395.155356	6	7	E-chr4R-6	E-chr14L-2	chr14L	8047	54871	54964	end
6991_day0_with_selection	6991	chr4R	SRR33298395.1476439	1	7	E-chr4R-1	E-chr14L-2	chr14L	8059	54773	54908	end
6991_day0_with_selection	6991	chr4R	SRR33298395.1476439	4	7	E-chr4R-4	E-chr14L-2	chr14L	8059	54773	54908	end
6991_day0_with_selection	6991	chr4R	SRR33298395.1476439	6	7	E-chr4R-6	E-chr14L-2	chr14L	8059	54773	54908	end
6991_day0_with_selection	6991	chr4R	SRR33298395.1476439	7	7	E-chr4R-7	E-chr14L-2	chr14L	8059	54773	54908	end
6991_day0_with_selection	6991	chr4R	SRR33298395.1496128	4	7	E-chr4R-4	E-chr14L-2	chr14L	273	47162	54788	beginning
6991_day0_with_selection	6991	chr4R	SRR33298395.1079120	2	7	E-chr4R-2	E-chr14L-2	chr14L	6032	52687	52876	end
6991_day0_with_selection	6991	chr4R	SRR33298395.1079120	4	7	E-chr4R-4	E-chr14L-2	chr14L	6032	52687	52876	end
6991_day0_with_selection	6991	chr4R	SRR33298395.1079120	6	7	E-chr4R-6	E-chr14L-2	chr14L	6032	52687	52876	end
6991_day0_with_selection	6991	chr4R	SRR33298395.263767	1	7	E-chr4R-1	E-chr14L-2	chr14L	7989	54624	54808	end
6991_day0_with_selection	6991	chr4R	SRR33298395.263767	4	7	E-chr4R-4	E-chr14L-2	chr14L	7989	54624	54808	end
6991_day0_with_selection	6991	chr4R	SRR33298395.263767	6	7	E-chr4R-6	E-chr14L-2	chr14L	7989	54624	54808	end
6991_day0_with_selection	6991	chr4R	SRR33298395.263767	7	7	E-chr4R-7	E-chr14L-2	chr14L	7989	54624	54808	end
6991_day0_with_selection	6991	chr4R	SRR33298395.333419	1	7	E-chr4R-1	E-chr14L-2	chr14L	8060	54651	54830	end
6991_day0_with_selection	6991	chr4R	SRR33298395.333419	2	7	E-chr4R-2	E-chr14L-2	chr14L	8060	54651	54830	end
6991_day0_with_selection	6991	chr4R	SRR33298395.333419	3	7	E-chr4R-3	E-chr14L-2	chr14L	8060	54651	54830	end
6991_day0_with_selection	6991	chr4R	SRR33298395.333419	4	7	E-chr4R-4	E-chr14L-2	chr14L	8060	54651	54830	end
6991_day0_with_selection	6991	chr4R	SRR33298395.333419	7	7	E-chr4R-7	E-chr14L-2	chr14L	8060	54651	54830	end
6991_day0_with_selection	6991	chr4R	SRR33298395.137641	1	7	E-chr4R-1	E-chr14L-2	chr14L	8008	54643	54794	end
6991_day0_with_selection	6991	chr4R	SRR33298395.137641	6	7	E-chr4R-6	E-chr14L-2	chr14L	8008	54643	54794	end
6991_day0_with_selection	6991	chr4R	SRR33298395.1326054	1	7	E-chr4R-1	E-chr14L-2	chr14L	8027	54584	54793	end
6991_day0_with_selection	6991	chr4R	SRR33298395.1326054	3	7	E-chr4R-3	E-chr14L-2	chr14L	8027	54584	54793	end
6991_day0_with_selection	6991	chr4R	SRR33298395.907148	7	7	E-chr4R-7	E-chr14L-2	chr14L	203	46697	54757	beginning
6991_day0_with_selection	6991	chr4R	SRR33298395.1528622	1	7	E-chr4R-1	E-chr14L-2	chr14L	7025	53555	53759	end
6991_day0_with_selection	6991	chr4R	SRR33298395.1528622	2	7	E-chr4R-2	E-chr14L-2	chr14L	7025	53555	53759	end
6991_day0_with_selection	6991	chr4R	SRR33298395.1528622	4	7	E-chr4R-4	E-chr14L-2	chr14L	7025	53555	53759	end
6991_day0_with_selection	6991	chr4R	SRR33298395.126243	1	7	E-chr4R-1	E-chr14L-2	chr14L	8033	54559	54710	end
6991_day0_with_selection	6991	chr4R	SRR33298395.126243	2	7	E-chr4R-2	E-chr14L-2	chr14L	8033	54559	54710	end
6991_day0_with_selection	6991	chr4R	SRR33298395.126243	3	7	E-chr4R-3	E-chr14L-2	chr14L	8033	54559	54710	end
6991_day0_with_selection	6991	chr4R	SRR33298395.126243	4	7	E-chr4R-4	E-chr14L-2	chr14L	8033	54559	54710	end
6991_day0_with_selection	6991	chr4R	SRR33298395.1896499	1	7	E-chr4R-1	E-chr14L-2	chr14L	8050	54593	54642	end
6991_day0_with_selection	6991	chr4R	SRR33298395.1896499	6	7	E-chr4R-6	E-chr14L-2	chr14L	8050	54593	54642	end
6991_day0_with_selection	6991	chr4R	SRR33298395.481917	2	7	E-chr4R-2	E-chr14L-2	chr14L	8070	54398	54622	end
6991_day0_with_selection	6991	chr4R	SRR33298395.481917	3	7	E-chr4R-3	E-chr14L-2	chr14L	8070	54398	54622	end
6991_day0_with_selection	6991	chr4R	SRR33298395.481917	7	7	E-chr4R-7	E-chr14L-2	chr14L	8070	54398	54622	end
6991_day0_with_selection	6991	chr4R	SRR33298395.1585215	1	7	E-chr4R-1	E-chr14L-2	chr14L	6605	52749	52924	end
6991_day0_with_selection	6991	chr4R	SRR33298395.1585215	3	7	E-chr4R-3	E-chr14L-2	chr14L	6605	52749	52924	end
6991_day0_with_selection	6991	chr4R	SRR33298395.1585215	4	7	E-chr4R-4	E-chr14L-2	chr14L	6605	52749	52924	end
6991_day0_with_selection	6991	chr4R	SRR33298395.1585215	5	7	E-chr4R-5	E-chr15R-1	chr15R	6605	52749	52924	end
6991_day0_with_selection	6991	chr4R	SRR33298395.1585215	7	7	E-chr4R-7	E-chr14L-2	chr14L	6605	52749	52924	end
6991_day0_with_selection	6991	chr4R	SRR33298395.183560	7	7	E-chr4R-7	E-chr14L-2	chr14L	119	46270	54315	beginning
6991_day0_with_selection	6991	chr4R	SRR33298395.1577827	1	7	E-chr4R-1	E-chr14L-2	chr14L	124	46255	54286	beginning
6991_day0_with_selection	6991	chr4R	SRR33298395.865307	1	7	E-chr4R-1	E-chr14L-2	chr14L	8030	54087	54204	end
6991_day0_with_selection	6991	chr4R	SRR33298395.865307	3	7	E-chr4R-3	E-chr14L-2	chr14L	8030	54087	54204	end
6991_day0_with_selection	6991	chr4R	SRR33298395.865307	4	7	E-chr4R-4	E-chr14L-2	chr14L	8030	54087	54204	end
6991_day0_with_selection	6991	chr4R	SRR33298395.865307	7	7	E-chr4R-7	E-chr14L-2	chr14L	8030	54087	54204	end
6991_day0_with_selection	6991	chr4R	SRR33298395.1289536	7	7	E-chr4R-7	E-chr14L-2	chr14L	241	45945	53511	beginning
6991_day0_with_selection	6991	chr4R	SRR33298395.987730	1	7	E-chr4R-1	E-chr14L-2	chr14L	135	45667	53696	beginning
6991_day0_with_selection	6991	chr4R	SRR33298395.987730	3	7	E-chr4R-3	E-chr14L-2	chr14L	135	45667	53696	beginning
6991_day0_with_selection	6991	chr4R	SRR33298395.1375877	7	7	E-chr4R-7	E-chr14L-2	chr14L	170	45559	53112	beginning
6991_day0_with_selection	6991	chr4R	SRR33298395.30358	4	7	E-chr4R-4	E-chr14L-2	chr14L	5711	51031	51221	end
6991_day0_with_selection	6991	chr4R	SRR33298395.30358	6	7	E-chr4R-6	E-chr15R-1	chr15R	5711	51031	51221	end
6991_day0_with_selection	6991	chr4R	SRR33298395.413853	7	7	E-chr4R-7	E-chr14L-2	chr14L	210	45467	53525	beginning
6991_day0_with_selection	6991	chr4R	SRR33298395.1241405	4	7	E-chr4R-4	E-chr14L-2	chr14L	226	44692	52760	beginning
6991_day0_with_selection	6991	chr4R	SRR33298395.521621	1	7	E-chr4R-1	E-chr14L-2	chr14L	7953	51878	52005	end
6991_day0_with_selection	6991	chr4R	SRR33298395.521621	2	7	E-chr4R-2	E-chr14L-2	chr14L	7953	51878	52005	end
6991_day0_with_selection	6991	chr4R	SRR33298395.521621	3	7	E-chr4R-3	E-chr14L-2	chr14L	7953	51878	52005	end
6991_day0_with_selection	6991	chr4R	SRR33298395.521621	4	7	E-chr4R-4	E-chr14L-2	chr14L	7953	51878	52005	end
6991_day0_with_selection	6991	chr4R	SRR33298395.521621	6	7	E-chr4R-6	E-chr14L-2	chr14L	7953	51878	52005	end
6991_day0_with_selection	6991	chr4R	SRR33298395.521621	7	7	E-chr4R-7	E-chr14L-2	chr14L	7953	51878	52005	end
6991_day0_with_selection	6991	chr4R	SRR33298395.338809	2	7	E-chr4R-2	E-chr15R-1	chr15R	8068	51470	51602	end
6991_day0_with_selection	6991	chr4R	SRR33298395.338809	3	7	E-chr4R-3	E-chr15R-1	chr15R	8068	51470	51602	end
6991_day0_with_selection	6991	chr4R	SRR33298395.338809	4	7	E-chr4R-4	E-chr14L-2	chr14L	8068	51470	51602	end
6991_day0_with_selection	6991	chr4R	SRR33298395.138291	3	7	E-chr4R-3	E-chr14L-2	chr14L	8052	50598	50771	end
6991_day0_with_selection	6991	chr4R	SRR33298395.138291	6	7	E-chr4R-6	E-chr14L-2	chr14L	8052	50598	50771	end
6991_day0_with_selection	6991	chr4R	SRR33298395.138291	7	7	E-chr4R-7	E-chr14L-2	chr14L	8052	50598	50771	end
6991_day0_with_selection	6991	chr4R	SRR33298395.1875520	5	7	E-chr4R-5	E-chr15R-1	chr15R	240	42304	50365	beginning
6991_day0_with_selection	6991	chr4R	SRR33298395.241160	4	7	E-chr4R-4	E-chr14L-2	chr14L	187	42050	50100	beginning
6991_day0_with_selection	6991	chr4R	SRR33298395.69881	1	7	E-chr4R-1	E-chr14L-2	chr14L	232	41876	49933	beginning
6991_day0_with_selection	6991	chr4R	SRR33298395.241140	3	7	E-chr4R-3	E-chr14L-2	chr14L	210	41818	49741	beginning
6991_day0_with_selection	6991	chr4R	SRR33298395.1266241	1	7	E-chr4R-1	E-chr14L-2	chr14L	8058	49481	49668	end
6991_day0_with_selection	6991	chr4R	SRR33298395.1266241	6	7	E-chr4R-6	E-chr14L-2	chr14L	8058	49481	49668	end
6991_day0_with_selection	6991	chr4R	SRR33298395.764651	4	7	E-chr4R-4	E-chr14L-2	chr14L	8061	49473	49609	end
6991_day0_with_selection	6991	chr4R	SRR33298395.700499	2	7	E-chr4R-2	E-chr14L-2	chr14L	8022	49349	49475	end
6991_day0_with_selection	6991	chr4R	SRR33298395.700499	4	7	E-chr4R-4	E-chr14L-2	chr14L	8022	49349	49475	end
6991_day0_with_selection	6991	chr4R	SRR33298395.700499	6	7	E-chr4R-6	E-chr14L-2	chr14L	8022	49349	49475	end
6991_day0_with_selection	6991	chr4R	SRR33298395.700499	7	7	E-chr4R-7	E-chr14L-2	chr14L	8022	49349	49475	end
6991_day0_with_selection	6991	chr4R	SRR33298395.1753414	1	7	E-chr4R-1	E-chr14L-2	chr14L	8050	49063	49235	end
6991_day0_with_selection	6991	chr4R	SRR33298395.1753414	2	7	E-chr4R-2	E-chr14L-2	chr14L	8050	49063	49235	end
6991_day0_with_selection	6991	chr4R	SRR33298395.1753414	3	7	E-chr4R-3	E-chr14L-2	chr14L	8050	49063	49235	end
6991_day0_with_selection	6991	chr4R	SRR33298395.1635742	1	7	E-chr4R-1	E-chr14L-2	chr14L	7996	48935	49084	end
6991_day0_with_selection	6991	chr4R	SRR33298395.1635742	2	7	E-chr4R-2	E-chr14L-2	chr14L	7996	48935	49084	end
6991_day0_with_selection	6991	chr4R	SRR33298395.1635742	6	7	E-chr4R-6	E-chr14L-2	chr14L	7996	48935	49084	end
6991_day0_with_selection	6991	chr4R	SRR33298395.1068000	6	7	E-chr4R-6	E-chr14L-2	chr14L	7262	48699	48931	end
6991_day0_with_selection	6991	chr4R	SRR33298395.1068000	7	7	E-chr4R-7	E-chr14L-2	chr14L	7262	48699	48931	end
6991_day0_with_selection	6991	chr4R	SRR33298395.799591	1	7	E-chr4R-1	E-chr15R-1	chr15R	7682	48449	48587	end
6991_day0_with_selection	6991	chr4R	SRR33298395.799591	2	7	E-chr4R-2	E-chr14L-2	chr14L	7682	48449	48587	end
6991_day0_with_selection	6991	chr4R	SRR33298395.799591	4	7	E-chr4R-4	E-chr14L-2	chr14L	7682	48449	48587	end
6991_day0_with_selection	6991	chr4R	SRR33298395.1731484	1	7	E-chr4R-1	E-chr14L-2	chr14L	8050	48037	48330	end
6991_day0_with_selection	6991	chr4R	SRR33298395.1731484	2	7	E-chr4R-2	E-chr15R-1	chr15R	8050	48037	48330	end
6991_day0_with_selection	6991	chr4R	SRR33298395.1731484	4	7	E-chr4R-4	E-chr14L-2	chr14L	8050	48037	48330	end
6991_day0_with_selection	6991	chr4R	SRR33298395.1130372	3	7	E-chr4R-3	E-chr14L-2	chr14L	146	38849	46896	beginning
6991_day0_with_selection	6991	chr4R	SRR33298395.1130372	4	7	E-chr4R-4	E-chr14L-2	chr14L	146	38849	46896	beginning
6991_day0_with_selection	6991	chr4R	SRR33298395.1130372	7	7	E-chr4R-7	E-chr14L-2	chr14L	146	38849	46896	beginning
6991_day0_with_selection	6991	chr4R	SRR33298395.674355	2	7	E-chr4R-2	E-chr14L-2	chr14L	224	37958	45448	beginning
6991_day0_with_selection	6991	chr4R	SRR33298395.674355	5	7	E-chr4R-5	E-chr14L-2	chr14L	224	37958	45448	beginning
6991_day0_with_selection	6991	chr5R	SRR33298395.1657397	1	1	E-chr5R-1	E-chr10L-1	chr10L	233	7041	14339	beginning
6991_day0_with_selection	6991	chr5R	SRR33298395.580888	1	1	E-chr5R-1	E-chr10L-1	chr10L	7291	14111	14239	end
6991_day0_with_selection	6991	chr5R	SRR33298395.939873	1	1	E-chr5R-1	E-chr10L-1	chr10L	7273	14072	14216	end
6991_day0_with_selection	6991	chr6L	SRR33298395.319132	1	1	E-chr6L-1	E-chr14L-4	chr14L	192	5651	23829	beginning
6991_day0_with_selection	6991	chr6L	SRR33298395.1011445	1	1	E-chr6L-1	E-chr14L-5	chr14L	18037	23484	23627	end
6991_day0_with_selection	6991	chr6L	SRR33298395.807323	1	1	E-chr6L-1	E-chr14L-5	chr14L	18135	23507	23594	end
6991_day0_with_selection	6991	chr6L	SRR33298395.776661	1	1	E-chr6L-1	E-chr2L-1	chr2L	129	5494	22806	beginning
6991_day0_with_selection	6991	chr7R	SRR33298395.143371	1	1	E-chr7R-1	E-chr16L-1	chr16L	14038	20680	20951	end
6991_day0_with_selection	6991	chr7R	SRR33298395.1631177	1	1	E-chr7R-1	E-chr16L-1	chr16L	14079	20672	20899	end
6991_day0_with_selection	6991	chr7R	SRR33298395.1688539	1	1	E-chr7R-1	E-chr16L-1	chr16L	14026	20668	20877	end
6991_day0_with_selection	6991	chr7R	SRR33298395.1692308	1	1	E-chr7R-1	E-chr16L-1	chr16L	14002	20641	20856	end
6991_day0_with_selection	6991	chr7R	SRR33298395.1118764	1	1	E-chr7R-1	E-chr16L-1	chr16L	14015	20658	20852	end
6991_day0_with_selection	6991	chr7R	SRR33298395.190659	1	1	E-chr7R-1	E-chr16L-1	chr16L	14003	20660	20820	end
6991_day0_with_selection	6991	chr7R	SRR33298395.1540438	1	1	E-chr7R-1	E-chr16L-1	chr16L	14058	20713	20845	end
6991_day0_with_selection	6991	chr7R	SRR33298395.1069855	1	1	E-chr7R-1	E-chr16L-1	chr16L	14042	20702	20854	end
6991_day0_with_selection	6991	chr7R	SRR33298395.336160	1	1	E-chr7R-1	E-chr16L-1	chr16L	14024	20671	20842	end
6991_day0_with_selection	6991	chr7R	SRR33298395.1655885	1	1	E-chr7R-1	E-chr16L-1	chr16L	14025	20660	20834	end
6991_day0_with_selection	6991	chr7R	SRR33298395.1665624	1	1	E-chr7R-1	E-chr16L-1	chr16L	139	6797	20833	beginning
6991_day0_with_selection	6991	chr7R	SRR33298395.1355001	1	1	E-chr7R-1	E-chr16L-1	chr16L	14050	20692	20822	end
6991_day0_with_selection	6991	chr7R	SRR33298395.931661	1	1	E-chr7R-1	E-chr16L-1	chr16L	12172	18813	18932	end
6991_day0_with_selection	6991	chr7R	SRR33298395.290847	1	1	E-chr7R-1	E-chr16L-1	chr16L	13570	20180	20307	end
6991_day0_with_selection	6991	chr7R	SRR33298395.318376	1	1	E-chr7R-1	E-chr16L-1	chr16L	13987	20578	20731	end
6991_day0_with_selection	6991	chr7R	SRR33298395.1119541	1	1	E-chr7R-1	E-chr16L-1	chr16L	13943	20580	20716	end
6991_day0_with_selection	6991	chr7R	SRR33298395.1018186	1	1	E-chr7R-1	E-chr16L-1	chr16L	13987	20609	20739	end
6991_day0_with_selection	6991	chr7R	SRR33298395.1607522	1	1	E-chr7R-1	E-chr16L-1	chr16L	13987	20623	20674	end
6991_day0_with_selection	6991	chr7R	SRR33298395.236820	1	1	E-chr7R-1	E-chr16L-1	chr16L	14006	20610	20664	end
6991_day0_with_selection	6991	chr7R	SRR33298395.1718438	1	1	E-chr7R-1	E-chr16L-1	chr16L	13900	20463	20536	end
6991_day0_with_selection	6991	chr7R	SRR33298395.578397	1	1	E-chr7R-1	E-chr16L-1	chr16L	13954	20522	20573	end
6991_day0_with_selection	6991	chr7R	SRR33298395.779034	1	1	E-chr7R-1	E-chr16L-1	chr16L	13945	20262	20385	end
6991_day0_with_selection	6991	chr7R	SRR33298395.1707743	1	1	E-chr7R-1	E-chr8R-1	chr8R	147	5624	19644	beginning
6991_day0_with_selection	6991	chr7R	SRR33298395.626392	1	1	E-chr7R-1	E-chr16L-1	chr16L	14032	19218	19311	end
6991_day0_with_selection	6991	chr7R	SRR33298395.295852	1	1	E-chr7R-1	E-chr16L-1	chr16L	14024	19050	19114	end
6991_day0_with_selection	6991	chr7R	SRR33298395.1008567	1	1	E-chr7R-1	E-chr16L-1	chr16L	13757	18674	18855	end
6991_day0_with_selection	6991	chr7R	SRR33298395.558039	1	1	E-chr7R-1	E-chr16L-1	chr16L	11283	16388	16553	end
6991_day0_with_selection	6991	chr7R	SRR33298395.1749698	1	1	E-chr7R-1	E-chr16L-1	chr16L	171	5261	17929	beginning
6991_day0_with_selection	6991	chr8L	SRR33298395.1560587	1	1	E-chr8L-1	E-chr9L-1	chr9L	334	7197	15740	beginning
6991_day0_with_selection	6991	chr8L	SRR33298395.1208889	1	1	E-chr8L-1	E-chr2L-1	chr2L	5789	11094	11199	end
6991_day0_with_selection	6991	chr8R	SRR33298395.779900	1	1	E-chr8R-1	E-chr2L-1	chr2L	35271	41241	41420	end
6991_day0_with_selection	6991	chr8R	SRR33298395.1543959	1	1	E-chr8R-1	E-chr2L-1	chr2L	35291	41248	41366	end
6991_day0_with_selection	6991	chr9L	SRR33298395.977805	1	1	E-chr9L-1	E-chr10L-1	chr10L	19815	25049	25206	end
6991_day0_with_selection_repeat2	6991	chr10L	SRR33298384.498901	1	1	E-chr10L-1	E-chr7R-1	chr7R	17060	23654	23872	end
6991_day0_with_selection_repeat2	6991	chr10L	SRR33298384.151130	1	1	E-chr10L-1	E-chr7R-1	chr7R	176	6744	25566	beginning
6991_day0_with_selection_repeat2	6991	chr12L	SRR33298384.443822	1	1	E-chr12L-1	E-chr14L-5	chr14L	243	5431	11042	beginning
6991_day0_with_selection_repeat2	6991	chr12L	SRR33298384.550794	1	1	E-chr12L-1	E-chr13L-1	chr13L	5605	10790	10888	end
6991_day0_with_selection_repeat2	6991	chr12R	SRR33298384.418632	2	7	E-chr12R-2	E-chr4R-7	chr4R	299	47680	60317	beginning
6991_day0_with_selection_repeat2	6991	chr12R	SRR33298384.418632	3	7	E-chr12R-3	E-chr14L-2	chr14L	299	47680	60317	beginning
6991_day0_with_selection_repeat2	6991	chr12R	SRR33298384.418632	4	7	E-chr12R-4	E-chr4R-7	chr4R	299	47680	60317	beginning
6991_day0_with_selection_repeat2	6991	chr12R	SRR33298384.418632	5	7	E-chr12R-5	E-chr14L-2	chr14L	299	47680	60317	beginning
6991_day0_with_selection_repeat2	6991	chr12R	SRR33298384.418632	6	7	E-chr12R-6	E-chr4R-7	chr4R	299	47680	60317	beginning
6991_day0_with_selection_repeat2	6991	chr12R	SRR33298384.418632	7	7	E-chr12R-7	E-chr4R-7	chr4R	299	47680	60317	beginning
6991_day0_with_selection_repeat2	6991	chr12R	SRR33298384.264027	2	7	E-chr12R-2	E-chr14L-2	chr14L	10970	58574	58754	end
6991_day0_with_selection_repeat2	6991	chr12R	SRR33298384.264027	3	7	E-chr12R-3	E-chr14L-2	chr14L	10970	58574	58754	end
6991_day0_with_selection_repeat2	6991	chr12R	SRR33298384.264027	4	7	E-chr12R-4	E-chr14L-2	chr14L	10970	58574	58754	end
6991_day0_with_selection_repeat2	6991	chr12R	SRR33298384.264027	5	7	E-chr12R-5	E-chr14L-2	chr14L	10970	58574	58754	end
6991_day0_with_selection_repeat2	6991	chr12R	SRR33298384.264027	6	7	E-chr12R-6	E-chr14L-2	chr14L	10970	58574	58754	end
6991_day0_with_selection_repeat2	6991	chr12R	SRR33298384.264027	7	7	E-chr12R-7	E-chr14L-2	chr14L	10970	58574	58754	end
6991_day0_with_selection_repeat2	6991	chr12R	SRR33298384.71417	2	7	E-chr12R-2	E-chr4R-7	chr4R	251	47671	58693	beginning
6991_day0_with_selection_repeat2	6991	chr12R	SRR33298384.71417	3	7	E-chr12R-3	E-chr4R-7	chr4R	251	47671	58693	beginning
6991_day0_with_selection_repeat2	6991	chr12R	SRR33298384.71417	4	7	E-chr12R-4	E-chr4R-7	chr4R	251	47671	58693	beginning
6991_day0_with_selection_repeat2	6991	chr12R	SRR33298384.71417	5	7	E-chr12R-5	E-chr4R-7	chr4R	251	47671	58693	beginning
6991_day0_with_selection_repeat2	6991	chr12R	SRR33298384.71417	6	7	E-chr12R-6	E-chr4R-7	chr4R	251	47671	58693	beginning
6991_day0_with_selection_repeat2	6991	chr12R	SRR33298384.71417	7	7	E-chr12R-7	E-chr4R-7	chr4R	251	47671	58693	beginning
6991_day0_with_selection_repeat2	6991	chr12R	SRR33298384.178317	2	7	E-chr12R-2	E-chr4R-7	chr4R	190	47610	58643	beginning
6991_day0_with_selection_repeat2	6991	chr12R	SRR33298384.178317	3	7	E-chr12R-3	E-chr4R-7	chr4R	190	47610	58643	beginning
6991_day0_with_selection_repeat2	6991	chr12R	SRR33298384.178317	4	7	E-chr12R-4	E-chr4R-7	chr4R	190	47610	58643	beginning
6991_day0_with_selection_repeat2	6991	chr12R	SRR33298384.178317	5	7	E-chr12R-5	E-chr4R-7	chr4R	190	47610	58643	beginning
6991_day0_with_selection_repeat2	6991	chr12R	SRR33298384.178317	6	7	E-chr12R-6	E-chr4R-7	chr4R	190	47610	58643	beginning
6991_day0_with_selection_repeat2	6991	chr12R	SRR33298384.178317	7	7	E-chr12R-7	E-chr4R-7	chr4R	190	47610	58643	beginning
6991_day0_with_selection_repeat2	6991	chr12R	SRR33298384.143995	2	7	E-chr12R-2	E-chr4R-7	chr4R	211	47533	58627	beginning
6991_day0_with_selection_repeat2	6991	chr12R	SRR33298384.143995	3	7	E-chr12R-3	E-chr4R-7	chr4R	211	47533	58627	beginning
6991_day0_with_selection_repeat2	6991	chr12R	SRR33298384.143995	4	7	E-chr12R-4	E-chr4R-7	chr4R	211	47533	58627	beginning
6991_day0_with_selection_repeat2	6991	chr12R	SRR33298384.143995	5	7	E-chr12R-5	E-chr4R-7	chr4R	211	47533	58627	beginning
6991_day0_with_selection_repeat2	6991	chr12R	SRR33298384.143995	6	7	E-chr12R-6	E-chr4R-7	chr4R	211	47533	58627	beginning
6991_day0_with_selection_repeat2	6991	chr12R	SRR33298384.143995	7	7	E-chr12R-7	E-chr4R-7	chr4R	211	47533	58627	beginning
6991_day0_with_selection_repeat2	6991	chr12R	SRR33298384.86087	2	7	E-chr12R-2	E-chr4R-7	chr4R	238	47608	58624	beginning
6991_day0_with_selection_repeat2	6991	chr12R	SRR33298384.86087	3	7	E-chr12R-3	E-chr4R-7	chr4R	238	47608	58624	beginning
6991_day0_with_selection_repeat2	6991	chr12R	SRR33298384.86087	4	7	E-chr12R-4	E-chr4R-7	chr4R	238	47608	58624	beginning
6991_day0_with_selection_repeat2	6991	chr12R	SRR33298384.86087	5	7	E-chr12R-5	E-chr4R-7	chr4R	238	47608	58624	beginning
6991_day0_with_selection_repeat2	6991	chr12R	SRR33298384.86087	6	7	E-chr12R-6	E-chr4R-7	chr4R	238	47608	58624	beginning
6991_day0_with_selection_repeat2	6991	chr12R	SRR33298384.86087	7	7	E-chr12R-7	E-chr4R-7	chr4R	238	47608	58624	beginning
6991_day0_with_selection_repeat2	6991	chr12R	SRR33298384.85461	2	7	E-chr12R-2	E-chr14L-2	chr14L	10429	57822	58037	end
6991_day0_with_selection_repeat2	6991	chr12R	SRR33298384.85461	3	7	E-chr12R-3	E-chr14L-2	chr14L	10429	57822	58037	end
6991_day0_with_selection_repeat2	6991	chr12R	SRR33298384.85461	4	7	E-chr12R-4	E-chr14L-2	chr14L	10429	57822	58037	end
6991_day0_with_selection_repeat2	6991	chr12R	SRR33298384.85461	5	7	E-chr12R-5	E-chr14L-2	chr14L	10429	57822	58037	end
6991_day0_with_selection_repeat2	6991	chr12R	SRR33298384.85461	6	7	E-chr12R-6	E-chr14L-2	chr14L	10429	57822	58037	end
6991_day0_with_selection_repeat2	6991	chr12R	SRR33298384.85461	7	7	E-chr12R-7	E-chr14L-2	chr14L	10429	57822	58037	end
6991_day0_with_selection_repeat2	6991	chr12R	SRR33298384.179260	2	7	E-chr12R-2	E-chr4R-7	chr4R	148	47594	58614	beginning
6991_day0_with_selection_repeat2	6991	chr12R	SRR33298384.179260	3	7	E-chr12R-3	E-chr4R-7	chr4R	148	47594	58614	beginning
6991_day0_with_selection_repeat2	6991	chr12R	SRR33298384.179260	4	7	E-chr12R-4	E-chr4R-7	chr4R	148	47594	58614	beginning
6991_day0_with_selection_repeat2	6991	chr12R	SRR33298384.179260	5	7	E-chr12R-5	E-chr4R-7	chr4R	148	47594	58614	beginning
6991_day0_with_selection_repeat2	6991	chr12R	SRR33298384.179260	6	7	E-chr12R-6	E-chr4R-7	chr4R	148	47594	58614	beginning
6991_day0_with_selection_repeat2	6991	chr12R	SRR33298384.179260	7	7	E-chr12R-7	E-chr4R-7	chr4R	148	47594	58614	beginning
6991_day0_with_selection_repeat2	6991	chr12R	SRR33298384.498111	2	7	E-chr12R-2	E-chr14L-2	chr14L	9299	56723	56885	end
6991_day0_with_selection_repeat2	6991	chr12R	SRR33298384.498111	3	7	E-chr12R-3	E-chr14L-2	chr14L	9299	56723	56885	end
6991_day0_with_selection_repeat2	6991	chr12R	SRR33298384.498111	4	7	E-chr12R-4	E-chr14L-2	chr14L	9299	56723	56885	end
6991_day0_with_selection_repeat2	6991	chr12R	SRR33298384.498111	5	7	E-chr12R-5	E-chr14L-2	chr14L	9299	56723	56885	end
6991_day0_with_selection_repeat2	6991	chr12R	SRR33298384.498111	6	7	E-chr12R-6	E-chr14L-2	chr14L	9299	56723	56885	end
6991_day0_with_selection_repeat2	6991	chr12R	SRR33298384.498111	7	7	E-chr12R-7	E-chr4R-7	chr4R	9299	56723	56885	end
6991_day0_with_selection_repeat2	6991	chr12R	SRR33298384.291829	2	7	E-chr12R-2	E-chr4R-7	chr4R	213	47593	58593	beginning
6991_day0_with_selection_repeat2	6991	chr12R	SRR33298384.291829	3	7	E-chr12R-3	E-chr4R-7	chr4R	213	47593	58593	beginning
6991_day0_with_selection_repeat2	6991	chr12R	SRR33298384.291829	4	7	E-chr12R-4	E-chr4R-7	chr4R	213	47593	58593	beginning
6991_day0_with_selection_repeat2	6991	chr12R	SRR33298384.291829	5	7	E-chr12R-5	E-chr4R-7	chr4R	213	47593	58593	beginning
6991_day0_with_selection_repeat2	6991	chr12R	SRR33298384.291829	6	7	E-chr12R-6	E-chr4R-7	chr4R	213	47593	58593	beginning
6991_day0_with_selection_repeat2	6991	chr12R	SRR33298384.291829	7	7	E-chr12R-7	E-chr4R-7	chr4R	213	47593	58593	beginning
6991_day0_with_selection_repeat2	6991	chr12R	SRR33298384.298454	2	7	E-chr12R-2	E-chr4R-7	chr4R	191	47569	58587	beginning
6991_day0_with_selection_repeat2	6991	chr12R	SRR33298384.298454	3	7	E-chr12R-3	E-chr4R-7	chr4R	191	47569	58587	beginning
6991_day0_with_selection_repeat2	6991	chr12R	SRR33298384.298454	4	7	E-chr12R-4	E-chr4R-7	chr4R	191	47569	58587	beginning
6991_day0_with_selection_repeat2	6991	chr12R	SRR33298384.298454	5	7	E-chr12R-5	E-chr4R-7	chr4R	191	47569	58587	beginning
6991_day0_with_selection_repeat2	6991	chr12R	SRR33298384.298454	6	7	E-chr12R-6	E-chr4R-7	chr4R	191	47569	58587	beginning
6991_day0_with_selection_repeat2	6991	chr12R	SRR33298384.298454	7	7	E-chr12R-7	E-chr4R-7	chr4R	191	47569	58587	beginning
6991_day0_with_selection_repeat2	6991	chr12R	SRR33298384.458827	2	7	E-chr12R-2	E-chr14L-2	chr14L	11009	58392	58591	end
6991_day0_with_selection_repeat2	6991	chr12R	SRR33298384.458827	3	7	E-chr12R-3	E-chr14L-2	chr14L	11009	58392	58591	end
6991_day0_with_selection_repeat2	6991	chr12R	SRR33298384.458827	4	7	E-chr12R-4	E-chr14L-2	chr14L	11009	58392	58591	end
6991_day0_with_selection_repeat2	6991	chr12R	SRR33298384.458827	5	7	E-chr12R-5	E-chr14L-2	chr14L	11009	58392	58591	end
6991_day0_with_selection_repeat2	6991	chr12R	SRR33298384.458827	6	7	E-chr12R-6	E-chr14L-2	chr14L	11009	58392	58591	end
6991_day0_with_selection_repeat2	6991	chr12R	SRR33298384.458827	7	7	E-chr12R-7	E-chr14L-2	chr14L	11009	58392	58591	end
6991_day0_with_selection_repeat2	6991	chr12R	SRR33298384.230110	2	7	E-chr12R-2	E-chr4R-7	chr4R	243	47545	58563	beginning
6991_day0_with_selection_repeat2	6991	chr12R	SRR33298384.230110	3	7	E-chr12R-3	E-chr4R-7	chr4R	243	47545	58563	beginning
6991_day0_with_selection_repeat2	6991	chr12R	SRR33298384.230110	4	7	E-chr12R-4	E-chr4R-7	chr4R	243	47545	58563	beginning
6991_day0_with_selection_repeat2	6991	chr12R	SRR33298384.230110	5	7	E-chr12R-5	E-chr4R-7	chr4R	243	47545	58563	beginning
6991_day0_with_selection_repeat2	6991	chr12R	SRR33298384.230110	6	7	E-chr12R-6	E-chr4R-7	chr4R	243	47545	58563	beginning
6991_day0_with_selection_repeat2	6991	chr12R	SRR33298384.230110	7	7	E-chr12R-7	E-chr4R-7	chr4R	243	47545	58563	beginning
6991_day0_with_selection_repeat2	6991	chr12R	SRR33298384.382228	2	7	E-chr12R-2	E-chr4R-7	chr4R	174	47562	58563	beginning
6991_day0_with_selection_repeat2	6991	chr12R	SRR33298384.382228	3	7	E-chr12R-3	E-chr4R-7	chr4R	174	47562	58563	beginning
6991_day0_with_selection_repeat2	6991	chr12R	SRR33298384.382228	4	7	E-chr12R-4	E-chr4R-7	chr4R	174	47562	58563	beginning
6991_day0_with_selection_repeat2	6991	chr12R	SRR33298384.382228	5	7	E-chr12R-5	E-chr4R-7	chr4R	174	47562	58563	beginning
6991_day0_with_selection_repeat2	6991	chr12R	SRR33298384.382228	6	7	E-chr12R-6	E-chr4R-7	chr4R	174	47562	58563	beginning
6991_day0_with_selection_repeat2	6991	chr12R	SRR33298384.382228	7	7	E-chr12R-7	E-chr4R-7	chr4R	174	47562	58563	beginning
6991_day0_with_selection_repeat2	6991	chr12R	SRR33298384.320112	2	7	E-chr12R-2	E-chr14L-2	chr14L	11008	58403	58552	end
6991_day0_with_selection_repeat2	6991	chr12R	SRR33298384.320112	3	7	E-chr12R-3	E-chr14L-2	chr14L	11008	58403	58552	end
6991_day0_with_selection_repeat2	6991	chr12R	SRR33298384.320112	4	7	E-chr12R-4	E-chr14L-2	chr14L	11008	58403	58552	end
6991_day0_with_selection_repeat2	6991	chr12R	SRR33298384.320112	5	7	E-chr12R-5	E-chr14L-2	chr14L	11008	58403	58552	end
6991_day0_with_selection_repeat2	6991	chr12R	SRR33298384.320112	6	7	E-chr12R-6	E-chr14L-2	chr14L	11008	58403	58552	end
6991_day0_with_selection_repeat2	6991	chr12R	SRR33298384.320112	7	7	E-chr12R-7	E-chr14L-2	chr14L	11008	58403	58552	end
6991_day0_with_selection_repeat2	6991	chr12R	SRR33298384.35293	2	7	E-chr12R-2	E-chr4R-7	chr4R	141	47536	58554	beginning
6991_day0_with_selection_repeat2	6991	chr12R	SRR33298384.35293	3	7	E-chr12R-3	E-chr4R-7	chr4R	141	47536	58554	beginning
6991_day0_with_selection_repeat2	6991	chr12R	SRR33298384.35293	4	7	E-chr12R-4	E-chr4R-7	chr4R	141	47536	58554	beginning
6991_day0_with_selection_repeat2	6991	chr12R	SRR33298384.35293	5	7	E-chr12R-5	E-chr4R-7	chr4R	141	47536	58554	beginning
6991_day0_with_selection_repeat2	6991	chr12R	SRR33298384.35293	6	7	E-chr12R-6	E-chr4R-7	chr4R	141	47536	58554	beginning
6991_day0_with_selection_repeat2	6991	chr12R	SRR33298384.35293	7	7	E-chr12R-7	E-chr4R-7	chr4R	141	47536	58554	beginning
6991_day0_with_selection_repeat2	6991	chr12R	SRR33298384.431877	2	7	E-chr12R-2	E-chr4R-7	chr4R	181	47539	58547	beginning
6991_day0_with_selection_repeat2	6991	chr12R	SRR33298384.431877	3	7	E-chr12R-3	E-chr4R-7	chr4R	181	47539	58547	beginning
6991_day0_with_selection_repeat2	6991	chr12R	SRR33298384.431877	4	7	E-chr12R-4	E-chr4R-7	chr4R	181	47539	58547	beginning
6991_day0_with_selection_repeat2	6991	chr12R	SRR33298384.431877	5	7	E-chr12R-5	E-chr4R-7	chr4R	181	47539	58547	beginning
6991_day0_with_selection_repeat2	6991	chr12R	SRR33298384.431877	6	7	E-chr12R-6	E-chr4R-7	chr4R	181	47539	58547	beginning
6991_day0_with_selection_repeat2	6991	chr12R	SRR33298384.431877	7	7	E-chr12R-7	E-chr4R-7	chr4R	181	47539	58547	beginning
6991_day0_with_selection_repeat2	6991	chr12R	SRR33298384.438729	2	7	E-chr12R-2	E-chr14L-2	chr14L	11014	58529	58549	end
6991_day0_with_selection_repeat2	6991	chr12R	SRR33298384.438729	3	7	E-chr12R-3	E-chr14L-2	chr14L	11014	58529	58549	end
6991_day0_with_selection_repeat2	6991	chr12R	SRR33298384.438729	4	7	E-chr12R-4	E-chr14L-2	chr14L	11014	58529	58549	end
6991_day0_with_selection_repeat2	6991	chr12R	SRR33298384.438729	5	7	E-chr12R-5	E-chr14L-2	chr14L	11014	58529	58549	end
6991_day0_with_selection_repeat2	6991	chr12R	SRR33298384.438729	6	7	E-chr12R-6	E-chr14L-2	chr14L	11014	58529	58549	end
6991_day0_with_selection_repeat2	6991	chr12R	SRR33298384.438729	7	7	E-chr12R-7	E-chr4R-7	chr4R	11014	58529	58549	end
6991_day0_with_selection_repeat2	6991	chr12R	SRR33298384.266996	2	7	E-chr12R-2	E-chr4R-7	chr4R	134	47537	58526	beginning
6991_day0_with_selection_repeat2	6991	chr12R	SRR33298384.266996	3	7	E-chr12R-3	E-chr4R-7	chr4R	134	47537	58526	beginning
6991_day0_with_selection_repeat2	6991	chr12R	SRR33298384.266996	4	7	E-chr12R-4	E-chr14L-2	chr14L	134	47537	58526	beginning
6991_day0_with_selection_repeat2	6991	chr12R	SRR33298384.266996	5	7	E-chr12R-5	E-chr4R-7	chr4R	134	47537	58526	beginning
6991_day0_with_selection_repeat2	6991	chr12R	SRR33298384.266996	6	7	E-chr12R-6	E-chr4R-7	chr4R	134	47537	58526	beginning
6991_day0_with_selection_repeat2	6991	chr12R	SRR33298384.266996	7	7	E-chr12R-7	E-chr4R-7	chr4R	134	47537	58526	beginning
6991_day0_with_selection_repeat2	6991	chr12R	SRR33298384.82591	2	7	E-chr12R-2	E-chr4R-7	chr4R	178	47514	58477	beginning
6991_day0_with_selection_repeat2	6991	chr12R	SRR33298384.82591	3	7	E-chr12R-3	E-chr4R-7	chr4R	178	47514	58477	beginning
6991_day0_with_selection_repeat2	6991	chr12R	SRR33298384.82591	4	7	E-chr12R-4	E-chr4R-7	chr4R	178	47514	58477	beginning
6991_day0_with_selection_repeat2	6991	chr12R	SRR33298384.82591	5	7	E-chr12R-5	E-chr4R-7	chr4R	178	47514	58477	beginning
6991_day0_with_selection_repeat2	6991	chr12R	SRR33298384.82591	6	7	E-chr12R-6	E-chr4R-7	chr4R	178	47514	58477	beginning
6991_day0_with_selection_repeat2	6991	chr12R	SRR33298384.82591	7	7	E-chr12R-7	E-chr4R-7	chr4R	178	47514	58477	beginning
6991_day0_with_selection_repeat2	6991	chr13L	SRR33298384.185796	1	1	E-chr13L-1	E-chr6L-1	chr6L	229	6171	16491	beginning
6991_day0_with_selection_repeat2	6991	chr13L	SRR33298384.45869	1	1	E-chr13L-1	E-chr6L-1	chr6L	203	6126	16454	beginning
6991_day0_with_selection_repeat2	6991	chr13L	SRR33298384.220455	1	1	E-chr13L-1	E-chr16R-1	chr16R	10599	15881	16133	end
6991_day0_with_selection_repeat2	6991	chr14L	SRR33298384.249004	2	5	E-chr14L-2	E-chr4R-7	chr4R	175	30614	46547	beginning
6991_day0_with_selection_repeat2	6991	chr14L	SRR33298384.363646	2	5	E-chr14L-2	E-chr4R-7	chr4R	118	30340	46498	beginning
6991_day0_with_selection_repeat2	6991	chr14L	SRR33298384.159453	2	5	E-chr14L-2	E-chr4R-7	chr4R	343	30753	46108	beginning
6991_day0_with_selection_repeat2	6991	chr14L	SRR33298384.194629	2	5	E-chr14L-2	E-chr4R-7	chr4R	281	30737	46075	beginning
6991_day0_with_selection_repeat2	6991	chr14L	SRR33298384.90872	2	5	E-chr14L-2	E-chr4R-7	chr4R	298	30743	46054	beginning
6991_day0_with_selection_repeat2	6991	chr14L	SRR33298384.334117	2	5	E-chr14L-2	E-chr4R-7	chr4R	259	30699	46032	beginning
6991_day0_with_selection_repeat2	6991	chr14L	SRR33298384.14557	2	5	E-chr14L-2	E-chr4R-7	chr4R	208	30661	45994	beginning
6991_day0_with_selection_repeat2	6991	chr14L	SRR33298384.561249	2	5	E-chr14L-2	E-chr4R-7	chr4R	240	30659	45988	beginning
6991_day0_with_selection_repeat2	6991	chr14L	SRR33298384.351519	2	5	E-chr14L-2	E-chr4R-7	chr4R	201	30652	43660	beginning
6991_day0_with_selection_repeat2	6991	chr14L	SRR33298384.279825	2	5	E-chr14L-2	E-chr4R-7	chr4R	217	30634	45210	beginning
6991_day0_with_selection_repeat2	6991	chr14L	SRR33298384.543840	2	5	E-chr14L-2	E-chr4R-7	chr4R	204	30650	45930	beginning
6991_day0_with_selection_repeat2	6991	chr14L	SRR33298384.114735	2	5	E-chr14L-2	E-chr4R-7	chr4R	254	30651	45969	beginning
6991_day0_with_selection_repeat2	6991	chr14L	SRR33298384.495434	2	5	E-chr14L-2	E-chr4R-7	chr4R	237	30655	45964	beginning
6991_day0_with_selection_repeat2	6991	chr14L	SRR33298384.423826	2	5	E-chr14L-2	E-chr4R-7	chr4R	170	30632	45964	beginning
6991_day0_with_selection_repeat2	6991	chr14L	SRR33298384.162415	2	5	E-chr14L-2	E-chr4R-7	chr4R	192	30636	45963	beginning
6991_day0_with_selection_repeat2	6991	chr14L	SRR33298384.253066	2	5	E-chr14L-2	E-chr4R-7	chr4R	236	30679	45938	beginning
6991_day0_with_selection_repeat2	6991	chr14L	SRR33298384.114351	2	5	E-chr14L-2	E-chr4R-7	chr4R	215	30623	45948	beginning
6991_day0_with_selection_repeat2	6991	chr14L	SRR33298384.288163	2	5	E-chr14L-2	E-chr4R-7	chr4R	171	30611	45953	beginning
6991_day0_with_selection_repeat2	6991	chr14L	SRR33298384.348706	2	5	E-chr14L-2	E-chr4R-7	chr4R	208	30656	45951	beginning
6991_day0_with_selection_repeat2	6991	chr14L	SRR33298384.461558	2	5	E-chr14L-2	E-chr4R-7	chr4R	213	30632	45942	beginning
6991_day0_with_selection_repeat2	6991	chr14L	SRR33298384.233007	2	5	E-chr14L-2	E-chr4R-7	chr4R	166	30617	44383	beginning
6991_day0_with_selection_repeat2	6991	chr14L	SRR33298384.278630	2	5	E-chr14L-2	E-chr4R-7	chr4R	182	30622	45937	beginning
6991_day0_with_selection_repeat2	6991	chr14L	SRR33298384.455533	2	5	E-chr14L-2	E-chr4R-7	chr4R	164	30601	45937	beginning
6991_day0_with_selection_repeat2	6991	chr14L	SRR33298384.541883	2	5	E-chr14L-2	E-chr4R-7	chr4R	210	30650	45944	beginning
6991_day0_with_selection_repeat2	6991	chr14L	SRR33298384.85586	2	5	E-chr14L-2	E-chr4R-7	chr4R	204	30643	45927	beginning
6991_day0_with_selection_repeat2	6991	chr14L	SRR33298384.445258	2	5	E-chr14L-2	E-chr4R-7	chr4R	177	30595	45927	beginning
6991_day0_with_selection_repeat2	6991	chr14L	SRR33298384.114350	2	5	E-chr14L-2	E-chr4R-7	chr4R	135	30592	45915	beginning
6991_day0_with_selection_repeat2	6991	chr14L	SRR33298384.492067	2	5	E-chr14L-2	E-chr4R-7	chr4R	138	30573	45911	beginning
6991_day0_with_selection_repeat2	6991	chr14L	SRR33298384.49749	2	5	E-chr14L-2	E-chr4R-7	chr4R	131	30586	45900	beginning
6991_day0_with_selection_repeat2	6991	chr14L	SRR33298384.366594	2	5	E-chr14L-2	E-chr4R-7	chr4R	160	30580	45906	beginning
6991_day0_with_selection_repeat2	6991	chr14L	SRR33298384.592833	2	5	E-chr14L-2	E-chr4R-7	chr4R	188	30589	45894	beginning
6991_day0_with_selection_repeat2	6991	chr14L	SRR33298384.104952	2	5	E-chr14L-2	E-chr4R-7	chr4R	144	30586	45904	beginning
6991_day0_with_selection_repeat2	6991	chr14L	SRR33298384.114554	2	5	E-chr14L-2	E-chr4R-7	chr4R	169	30588	45894	beginning
6991_day0_with_selection_repeat2	6991	chr14L	SRR33298384.304005	2	5	E-chr14L-2	E-chr4R-7	chr4R	109	30556	45875	beginning
6991_day0_with_selection_repeat2	6991	chr14L	SRR33298384.144075	2	5	E-chr14L-2	E-chr4R-7	chr4R	126	30562	45861	beginning
6991_day0_with_selection_repeat2	6991	chr14L	SRR33298384.282843	2	5	E-chr14L-2	E-chr4R-7	chr4R	102	30505	45835	beginning
6991_day0_with_selection_repeat2	6991	chr14L	SRR33298384.248830	2	5	E-chr14L-2	E-chr4R-7	chr4R	132	30427	45749	beginning
6991_day0_with_selection_repeat2	6991	chr14L	SRR33298384.380056	2	5	E-chr14L-2	E-chr4R-7	chr4R	120	30423	45740	beginning
6991_day0_with_selection_repeat2	6991	chr14L	SRR33298384.177266	2	5	E-chr14L-2	E-chr4R-7	chr4R	131	30494	43611	beginning
6991_day0_with_selection_repeat2	6991	chr14R	SRR33298384.285744	1	1	E-chr14R-1	E-chr6L-1	chr6L	258	6235	15099	beginning
6991_day0_with_selection_repeat2	6991	chr15R	SRR33298384.129326	1	1	E-chr15R-1	E-chr9L-1	chr9L	19270	26130	26296	end
6991_day0_with_selection_repeat2	6991	chr16L	SRR33298384.574794	1	1	E-chr16L-1	E-chr7R-1	chr7R	234	6832	23731	beginning
6991_day0_with_selection_repeat2	6991	chr16L	SRR33298384.131197	1	1	E-chr16L-1	E-chr7R-1	chr7R	19111	25720	25833	end
6991_day0_with_selection_repeat2	6991	chr16R	SRR33298384.538094	1	1	E-chr16R-1	E-chr13L-1	chr13L	192	5396	11736	beginning
6991_day0_with_selection_repeat2	6991	chr16R	SRR33298384.248800	1	1	E-chr16R-1	E-chr14L-5	chr14L	6348	11537	11615	end
6991_day0_with_selection_repeat2	6991	chr2L	SRR33298384.467718	1	1	E-chr2L-1	E-chr8R-1	chr8R	143	5933	15714	beginning
6991_day0_with_selection_repeat2	6991	chr2L	SRR33298384.313055	1	1	E-chr2L-1	E-chr8R-1	chr8R	104	5335	15138	beginning
6991_day0_with_selection_repeat2	6991	chr4R	SRR33298384.290526	1	7	E-chr4R-1	E-chr14L-2	chr14L	6710	54706	55862	end
6991_day0_with_selection_repeat2	6991	chr4R	SRR33298384.290526	2	7	E-chr4R-2	E-chr14L-2	chr14L	6710	54706	55862	end
6991_day0_with_selection_repeat2	6991	chr4R	SRR33298384.290526	3	7	E-chr4R-3	E-chr14L-2	chr14L	6710	54706	55862	end
6991_day0_with_selection_repeat2	6991	chr4R	SRR33298384.290526	4	7	E-chr4R-4	E-chr14L-2	chr14L	6710	54706	55862	end
6991_day0_with_selection_repeat2	6991	chr4R	SRR33298384.290526	6	7	E-chr4R-6	E-chr14L-2	chr14L	6710	54706	55862	end
6991_day0_with_selection_repeat2	6991	chr4R	SRR33298384.290526	7	7	E-chr4R-7	E-chr14L-2	chr14L	6710	54706	55862	end
6991_day0_with_selection_repeat2	6991	chr4R	SRR33298384.278975	1	7	E-chr4R-1	E-chr14L-2	chr14L	9178	56080	56289	end
6991_day0_with_selection_repeat2	6991	chr4R	SRR33298384.278975	2	7	E-chr4R-2	E-chr14L-2	chr14L	9178	56080	56289	end
6991_day0_with_selection_repeat2	6991	chr4R	SRR33298384.278975	3	7	E-chr4R-3	E-chr14L-2	chr14L	9178	56080	56289	end
6991_day0_with_selection_repeat2	6991	chr4R	SRR33298384.278975	4	7	E-chr4R-4	E-chr14L-2	chr14L	9178	56080	56289	end
6991_day0_with_selection_repeat2	6991	chr4R	SRR33298384.278975	6	7	E-chr4R-6	E-chr14L-2	chr14L	9178	56080	56289	end
6991_day0_with_selection_repeat2	6991	chr4R	SRR33298384.278975	7	7	E-chr4R-7	E-chr14L-2	chr14L	9178	56080	56289	end
6991_day0_with_selection_repeat2	6991	chr4R	SRR33298384.560010	1	7	E-chr4R-1	E-chr14L-2	chr14L	8063	55016	55239	end
6991_day0_with_selection_repeat2	6991	chr4R	SRR33298384.560010	2	7	E-chr4R-2	E-chr14L-2	chr14L	8063	55016	55239	end
6991_day0_with_selection_repeat2	6991	chr4R	SRR33298384.560010	3	7	E-chr4R-3	E-chr14L-2	chr14L	8063	55016	55239	end
6991_day0_with_selection_repeat2	6991	chr4R	SRR33298384.560010	4	7	E-chr4R-4	E-chr14L-2	chr14L	8063	55016	55239	end
6991_day0_with_selection_repeat2	6991	chr4R	SRR33298384.560010	6	7	E-chr4R-6	E-chr14L-2	chr14L	8063	55016	55239	end
6991_day0_with_selection_repeat2	6991	chr4R	SRR33298384.560010	7	7	E-chr4R-7	E-chr14L-2	chr14L	8063	55016	55239	end
6991_day0_with_selection_repeat2	6991	chr4R	SRR33298384.574797	1	7	E-chr4R-1	E-chr14L-2	chr14L	8069	55013	55241	end
6991_day0_with_selection_repeat2	6991	chr4R	SRR33298384.574797	2	7	E-chr4R-2	E-chr14L-2	chr14L	8069	55013	55241	end
6991_day0_with_selection_repeat2	6991	chr4R	SRR33298384.574797	3	7	E-chr4R-3	E-chr14L-2	chr14L	8069	55013	55241	end
6991_day0_with_selection_repeat2	6991	chr4R	SRR33298384.574797	4	7	E-chr4R-4	E-chr14L-2	chr14L	8069	55013	55241	end
6991_day0_with_selection_repeat2	6991	chr4R	SRR33298384.574797	6	7	E-chr4R-6	E-chr14L-2	chr14L	8069	55013	55241	end
6991_day0_with_selection_repeat2	6991	chr4R	SRR33298384.574797	7	7	E-chr4R-7	E-chr14L-2	chr14L	8069	55013	55241	end
6991_day0_with_selection_repeat2	6991	chr4R	SRR33298384.522800	1	7	E-chr4R-1	E-chr14L-2	chr14L	6536	53409	53690	end
6991_day0_with_selection_repeat2	6991	chr4R	SRR33298384.522800	2	7	E-chr4R-2	E-chr14L-2	chr14L	6536	53409	53690	end
6991_day0_with_selection_repeat2	6991	chr4R	SRR33298384.522800	3	7	E-chr4R-3	E-chr14L-2	chr14L	6536	53409	53690	end
6991_day0_with_selection_repeat2	6991	chr4R	SRR33298384.522800	4	7	E-chr4R-4	E-chr14L-2	chr14L	6536	53409	53690	end
6991_day0_with_selection_repeat2	6991	chr4R	SRR33298384.522800	6	7	E-chr4R-6	E-chr14L-2	chr14L	6536	53409	53690	end
6991_day0_with_selection_repeat2	6991	chr4R	SRR33298384.522800	7	7	E-chr4R-7	E-chr14L-2	chr14L	6536	53409	53690	end
6991_day0_with_selection_repeat2	6991	chr4R	SRR33298384.86018	1	7	E-chr4R-1	E-chr14L-2	chr14L	8068	55003	55222	end
6991_day0_with_selection_repeat2	6991	chr4R	SRR33298384.86018	2	7	E-chr4R-2	E-chr14L-2	chr14L	8068	55003	55222	end
6991_day0_with_selection_repeat2	6991	chr4R	SRR33298384.86018	3	7	E-chr4R-3	E-chr14L-2	chr14L	8068	55003	55222	end
6991_day0_with_selection_repeat2	6991	chr4R	SRR33298384.86018	4	7	E-chr4R-4	E-chr14L-2	chr14L	8068	55003	55222	end
6991_day0_with_selection_repeat2	6991	chr4R	SRR33298384.86018	6	7	E-chr4R-6	E-chr14L-2	chr14L	8068	55003	55222	end
6991_day0_with_selection_repeat2	6991	chr4R	SRR33298384.86018	7	7	E-chr4R-7	E-chr14L-2	chr14L	8068	55003	55222	end
6991_day0_with_selection_repeat2	6991	chr4R	SRR33298384.109892	1	7	E-chr4R-1	E-chr14L-2	chr14L	8055	54987	55199	end
6991_day0_with_selection_repeat2	6991	chr4R	SRR33298384.109892	2	7	E-chr4R-2	E-chr14L-2	chr14L	8055	54987	55199	end
6991_day0_with_selection_repeat2	6991	chr4R	SRR33298384.109892	3	7	E-chr4R-3	E-chr14L-2	chr14L	8055	54987	55199	end
6991_day0_with_selection_repeat2	6991	chr4R	SRR33298384.109892	4	7	E-chr4R-4	E-chr14L-2	chr14L	8055	54987	55199	end
6991_day0_with_selection_repeat2	6991	chr4R	SRR33298384.109892	7	7	E-chr4R-7	E-chr14L-2	chr14L	8055	54987	55199	end
6991_day0_with_selection_repeat2	6991	chr4R	SRR33298384.394655	2	7	E-chr4R-2	E-chr14L-2	chr14L	7619	54522	54774	end
6991_day0_with_selection_repeat2	6991	chr4R	SRR33298384.394655	3	7	E-chr4R-3	E-chr14L-2	chr14L	7619	54522	54774	end
6991_day0_with_selection_repeat2	6991	chr4R	SRR33298384.394655	4	7	E-chr4R-4	E-chr14L-2	chr14L	7619	54522	54774	end
6991_day0_with_selection_repeat2	6991	chr4R	SRR33298384.394655	6	7	E-chr4R-6	E-chr14L-2	chr14L	7619	54522	54774	end
6991_day0_with_selection_repeat2	6991	chr4R	SRR33298384.394655	7	7	E-chr4R-7	E-chr14L-2	chr14L	7619	54522	54774	end
6991_day0_with_selection_repeat2	6991	chr4R	SRR33298384.326572	1	7	E-chr4R-1	E-chr14L-2	chr14L	8071	54973	55189	end
6991_day0_with_selection_repeat2	6991	chr4R	SRR33298384.326572	2	7	E-chr4R-2	E-chr14L-2	chr14L	8071	54973	55189	end
6991_day0_with_selection_repeat2	6991	chr4R	SRR33298384.326572	3	7	E-chr4R-3	E-chr14L-2	chr14L	8071	54973	55189	end
6991_day0_with_selection_repeat2	6991	chr4R	SRR33298384.326572	4	7	E-chr4R-4	E-chr14L-2	chr14L	8071	54973	55189	end
6991_day0_with_selection_repeat2	6991	chr4R	SRR33298384.326572	6	7	E-chr4R-6	E-chr14L-2	chr14L	8071	54973	55189	end
6991_day0_with_selection_repeat2	6991	chr4R	SRR33298384.326572	7	7	E-chr4R-7	E-chr14L-2	chr14L	8071	54973	55189	end
6991_day0_with_selection_repeat2	6991	chr4R	SRR33298384.249363	1	7	E-chr4R-1	E-chr14L-2	chr14L	8030	54898	55159	end
6991_day0_with_selection_repeat2	6991	chr4R	SRR33298384.249363	2	7	E-chr4R-2	E-chr14L-2	chr14L	8030	54898	55159	end
6991_day0_with_selection_repeat2	6991	chr4R	SRR33298384.249363	3	7	E-chr4R-3	E-chr14L-2	chr14L	8030	54898	55159	end
6991_day0_with_selection_repeat2	6991	chr4R	SRR33298384.249363	4	7	E-chr4R-4	E-chr14L-2	chr14L	8030	54898	55159	end
6991_day0_with_selection_repeat2	6991	chr4R	SRR33298384.249363	7	7	E-chr4R-7	E-chr14L-2	chr14L	8030	54898	55159	end
6991_day0_with_selection_repeat2	6991	chr4R	SRR33298384.272878	1	7	E-chr4R-1	E-chr14L-2	chr14L	8062	54973	55170	end
6991_day0_with_selection_repeat2	6991	chr4R	SRR33298384.272878	2	7	E-chr4R-2	E-chr14L-2	chr14L	8062	54973	55170	end
6991_day0_with_selection_repeat2	6991	chr4R	SRR33298384.272878	3	7	E-chr4R-3	E-chr14L-2	chr14L	8062	54973	55170	end
6991_day0_with_selection_repeat2	6991	chr4R	SRR33298384.272878	4	7	E-chr4R-4	E-chr14L-2	chr14L	8062	54973	55170	end
6991_day0_with_selection_repeat2	6991	chr4R	SRR33298384.272878	6	7	E-chr4R-6	E-chr14L-2	chr14L	8062	54973	55170	end
6991_day0_with_selection_repeat2	6991	chr4R	SRR33298384.272878	7	7	E-chr4R-7	E-chr14L-2	chr14L	8062	54973	55170	end
6991_day0_with_selection_repeat2	6991	chr4R	SRR33298384.147718	7	7	E-chr4R-7	E-chr14L-2	chr14L	248	47114	55181	beginning
6991_day0_with_selection_repeat2	6991	chr4R	SRR33298384.57559	1	7	E-chr4R-1	E-chr14L-2	chr14L	8038	54889	55152	end
6991_day0_with_selection_repeat2	6991	chr4R	SRR33298384.57559	2	7	E-chr4R-2	E-chr14L-2	chr14L	8038	54889	55152	end
6991_day0_with_selection_repeat2	6991	chr4R	SRR33298384.57559	3	7	E-chr4R-3	E-chr14L-2	chr14L	8038	54889	55152	end
6991_day0_with_selection_repeat2	6991	chr4R	SRR33298384.57559	4	7	E-chr4R-4	E-chr14L-2	chr14L	8038	54889	55152	end
6991_day0_with_selection_repeat2	6991	chr4R	SRR33298384.57559	6	7	E-chr4R-6	E-chr14L-2	chr14L	8038	54889	55152	end
6991_day0_with_selection_repeat2	6991	chr4R	SRR33298384.57559	7	7	E-chr4R-7	E-chr14L-2	chr14L	8038	54889	55152	end
6991_day0_with_selection_repeat2	6991	chr4R	SRR33298384.271033	1	7	E-chr4R-1	E-chr14L-2	chr14L	8063	55008	55168	end
6991_day0_with_selection_repeat2	6991	chr4R	SRR33298384.271033	2	7	E-chr4R-2	E-chr14L-2	chr14L	8063	55008	55168	end
6991_day0_with_selection_repeat2	6991	chr4R	SRR33298384.271033	3	7	E-chr4R-3	E-chr14L-2	chr14L	8063	55008	55168	end
6991_day0_with_selection_repeat2	6991	chr4R	SRR33298384.271033	4	7	E-chr4R-4	E-chr14L-2	chr14L	8063	55008	55168	end
6991_day0_with_selection_repeat2	6991	chr4R	SRR33298384.271033	6	7	E-chr4R-6	E-chr14L-2	chr14L	8063	55008	55168	end
6991_day0_with_selection_repeat2	6991	chr4R	SRR33298384.271033	7	7	E-chr4R-7	E-chr14L-2	chr14L	8063	55008	55168	end
6991_day0_with_selection_repeat2	6991	chr4R	SRR33298384.410111	1	7	E-chr4R-1	E-chr14L-2	chr14L	8068	54999	55159	end
6991_day0_with_selection_repeat2	6991	chr4R	SRR33298384.410111	2	7	E-chr4R-2	E-chr14L-2	chr14L	8068	54999	55159	end
6991_day0_with_selection_repeat2	6991	chr4R	SRR33298384.410111	3	7	E-chr4R-3	E-chr14L-2	chr14L	8068	54999	55159	end
6991_day0_with_selection_repeat2	6991	chr4R	SRR33298384.410111	4	7	E-chr4R-4	E-chr14L-2	chr14L	8068	54999	55159	end
6991_day0_with_selection_repeat2	6991	chr4R	SRR33298384.410111	6	7	E-chr4R-6	E-chr14L-2	chr14L	8068	54999	55159	end
6991_day0_with_selection_repeat2	6991	chr4R	SRR33298384.410111	7	7	E-chr4R-7	E-chr14L-2	chr14L	8068	54999	55159	end
6991_day0_with_selection_repeat2	6991	chr4R	SRR33298384.37461	1	7	E-chr4R-1	E-chr14L-2	chr14L	8042	54960	55137	end
6991_day0_with_selection_repeat2	6991	chr4R	SRR33298384.37461	2	7	E-chr4R-2	E-chr14L-2	chr14L	8042	54960	55137	end
6991_day0_with_selection_repeat2	6991	chr4R	SRR33298384.37461	3	7	E-chr4R-3	E-chr14L-2	chr14L	8042	54960	55137	end
6991_day0_with_selection_repeat2	6991	chr4R	SRR33298384.37461	4	7	E-chr4R-4	E-chr14L-2	chr14L	8042	54960	55137	end
6991_day0_with_selection_repeat2	6991	chr4R	SRR33298384.37461	6	7	E-chr4R-6	E-chr14L-2	chr14L	8042	54960	55137	end
6991_day0_with_selection_repeat2	6991	chr4R	SRR33298384.37461	7	7	E-chr4R-7	E-chr14L-2	chr14L	8042	54960	55137	end
6991_day0_with_selection_repeat2	6991	chr4R	SRR33298384.142646	4	7	E-chr4R-4	E-chr14L-2	chr14L	183	47069	55129	beginning
6991_day0_with_selection_repeat2	6991	chr4R	SRR33298384.60517	1	7	E-chr4R-1	E-chr14L-2	chr14L	8048	54921	55116	end
6991_day0_with_selection_repeat2	6991	chr4R	SRR33298384.60517	2	7	E-chr4R-2	E-chr14L-2	chr14L	8048	54921	55116	end
6991_day0_with_selection_repeat2	6991	chr4R	SRR33298384.60517	3	7	E-chr4R-3	E-chr14L-2	chr14L	8048	54921	55116	end
6991_day0_with_selection_repeat2	6991	chr4R	SRR33298384.60517	4	7	E-chr4R-4	E-chr14L-2	chr14L	8048	54921	55116	end
6991_day0_with_selection_repeat2	6991	chr4R	SRR33298384.60517	6	7	E-chr4R-6	E-chr14L-2	chr14L	8048	54921	55116	end
6991_day0_with_selection_repeat2	6991	chr4R	SRR33298384.60517	7	7	E-chr4R-7	E-chr14L-2	chr14L	8048	54921	55116	end
6991_day0_with_selection_repeat2	6991	chr4R	SRR33298384.454968	4	7	E-chr4R-4	E-chr14L-2	chr14L	121	47031	55103	beginning
6991_day0_with_selection_repeat2	6991	chr4R	SRR33298384.554060	1	7	E-chr4R-1	E-chr14L-2	chr14L	8054	54959	55094	end
6991_day0_with_selection_repeat2	6991	chr4R	SRR33298384.554060	2	7	E-chr4R-2	E-chr14L-2	chr14L	8054	54959	55094	end
6991_day0_with_selection_repeat2	6991	chr4R	SRR33298384.554060	3	7	E-chr4R-3	E-chr14L-2	chr14L	8054	54959	55094	end
6991_day0_with_selection_repeat2	6991	chr4R	SRR33298384.554060	4	7	E-chr4R-4	E-chr14L-2	chr14L	8054	54959	55094	end
6991_day0_with_selection_repeat2	6991	chr4R	SRR33298384.554060	6	7	E-chr4R-6	E-chr14L-2	chr14L	8054	54959	55094	end
6991_day0_with_selection_repeat2	6991	chr4R	SRR33298384.554060	7	7	E-chr4R-7	E-chr14L-2	chr14L	8054	54959	55094	end
6991_day0_with_selection_repeat2	6991	chr4R	SRR33298384.403933	1	7	E-chr4R-1	E-chr14L-2	chr14L	8039	54922	55078	end
6991_day0_with_selection_repeat2	6991	chr4R	SRR33298384.403933	2	7	E-chr4R-2	E-chr14L-2	chr14L	8039	54922	55078	end
6991_day0_with_selection_repeat2	6991	chr4R	SRR33298384.403933	3	7	E-chr4R-3	E-chr14L-2	chr14L	8039	54922	55078	end
6991_day0_with_selection_repeat2	6991	chr4R	SRR33298384.403933	4	7	E-chr4R-4	E-chr14L-2	chr14L	8039	54922	55078	end
6991_day0_with_selection_repeat2	6991	chr4R	SRR33298384.403933	6	7	E-chr4R-6	E-chr14L-2	chr14L	8039	54922	55078	end
6991_day0_with_selection_repeat2	6991	chr4R	SRR33298384.403933	7	7	E-chr4R-7	E-chr14L-2	chr14L	8039	54922	55078	end
6991_day0_with_selection_repeat2	6991	chr4R	SRR33298384.331567	1	7	E-chr4R-1	E-chr14L-2	chr14L	8055	54943	55083	end
6991_day0_with_selection_repeat2	6991	chr4R	SRR33298384.331567	3	7	E-chr4R-3	E-chr14L-2	chr14L	8055	54943	55083	end
6991_day0_with_selection_repeat2	6991	chr4R	SRR33298384.331567	4	7	E-chr4R-4	E-chr14L-2	chr14L	8055	54943	55083	end
6991_day0_with_selection_repeat2	6991	chr4R	SRR33298384.331567	6	7	E-chr4R-6	E-chr14L-2	chr14L	8055	54943	55083	end
6991_day0_with_selection_repeat2	6991	chr4R	SRR33298384.331567	7	7	E-chr4R-7	E-chr14L-2	chr14L	8055	54943	55083	end
6991_day0_with_selection_repeat2	6991	chr4R	SRR33298384.51286	6	7	E-chr4R-6	E-chr14L-2	chr14L	223	47022	55052	beginning
6991_day0_with_selection_repeat2	6991	chr4R	SRR33298384.350923	1	7	E-chr4R-1	E-chr14L-2	chr14L	8055	55001	55063	end
6991_day0_with_selection_repeat2	6991	chr4R	SRR33298384.350923	2	7	E-chr4R-2	E-chr14L-2	chr14L	8055	55001	55063	end
6991_day0_with_selection_repeat2	6991	chr4R	SRR33298384.350923	3	7	E-chr4R-3	E-chr14L-2	chr14L	8055	55001	55063	end
6991_day0_with_selection_repeat2	6991	chr4R	SRR33298384.350923	4	7	E-chr4R-4	E-chr14L-2	chr14L	8055	55001	55063	end
6991_day0_with_selection_repeat2	6991	chr4R	SRR33298384.350923	6	7	E-chr4R-6	E-chr14L-2	chr14L	8055	55001	55063	end
6991_day0_with_selection_repeat2	6991	chr4R	SRR33298384.350923	7	7	E-chr4R-7	E-chr14L-2	chr14L	8055	55001	55063	end
6991_day0_with_selection_repeat2	6991	chr4R	SRR33298384.270822	1	7	E-chr4R-1	E-chr14L-2	chr14L	8045	54917	55058	end
6991_day0_with_selection_repeat2	6991	chr4R	SRR33298384.270822	2	7	E-chr4R-2	E-chr14L-2	chr14L	8045	54917	55058	end
6991_day0_with_selection_repeat2	6991	chr4R	SRR33298384.270822	3	7	E-chr4R-3	E-chr14L-2	chr14L	8045	54917	55058	end
6991_day0_with_selection_repeat2	6991	chr4R	SRR33298384.270822	4	7	E-chr4R-4	E-chr14L-2	chr14L	8045	54917	55058	end
6991_day0_with_selection_repeat2	6991	chr4R	SRR33298384.270822	6	7	E-chr4R-6	E-chr14L-2	chr14L	8045	54917	55058	end
6991_day0_with_selection_repeat2	6991	chr4R	SRR33298384.270822	7	7	E-chr4R-7	E-chr14L-2	chr14L	8045	54917	55058	end
6991_day0_with_selection_repeat2	6991	chr4R	SRR33298384.520918	4	7	E-chr4R-4	E-chr14L-2	chr14L	163	47011	55047	beginning
6991_day0_with_selection_repeat2	6991	chr4R	SRR33298384.520918	6	7	E-chr4R-6	E-chr14L-2	chr14L	163	47011	55047	beginning
6991_day0_with_selection_repeat2	6991	chr4R	SRR33298384.543838	1	7	E-chr4R-1	E-chr14L-2	chr14L	8069	54868	55058	end
6991_day0_with_selection_repeat2	6991	chr4R	SRR33298384.543838	2	7	E-chr4R-2	E-chr14L-2	chr14L	8069	54868	55058	end
6991_day0_with_selection_repeat2	6991	chr4R	SRR33298384.543838	3	7	E-chr4R-3	E-chr14L-2	chr14L	8069	54868	55058	end
6991_day0_with_selection_repeat2	6991	chr4R	SRR33298384.543838	4	7	E-chr4R-4	E-chr14L-2	chr14L	8069	54868	55058	end
6991_day0_with_selection_repeat2	6991	chr4R	SRR33298384.543838	6	7	E-chr4R-6	E-chr14L-2	chr14L	8069	54868	55058	end
6991_day0_with_selection_repeat2	6991	chr4R	SRR33298384.543838	7	7	E-chr4R-7	E-chr14L-2	chr14L	8069	54868	55058	end
6991_day0_with_selection_repeat2	6991	chr4R	SRR33298384.184321	1	7	E-chr4R-1	E-chr14L-2	chr14L	7930	54731	54973	end
6991_day0_with_selection_repeat2	6991	chr4R	SRR33298384.184321	2	7	E-chr4R-2	E-chr14L-2	chr14L	7930	54731	54973	end
6991_day0_with_selection_repeat2	6991	chr4R	SRR33298384.184321	3	7	E-chr4R-3	E-chr14L-2	chr14L	7930	54731	54973	end
6991_day0_with_selection_repeat2	6991	chr4R	SRR33298384.184321	4	7	E-chr4R-4	E-chr14L-2	chr14L	7930	54731	54973	end
6991_day0_with_selection_repeat2	6991	chr4R	SRR33298384.184321	6	7	E-chr4R-6	E-chr14L-2	chr14L	7930	54731	54973	end
6991_day0_with_selection_repeat2	6991	chr4R	SRR33298384.184321	7	7	E-chr4R-7	E-chr14L-2	chr14L	7930	54731	54973	end
6991_day0_with_selection_repeat2	6991	chr4R	SRR33298384.583560	4	7	E-chr4R-4	E-chr14L-2	chr14L	160	46829	54841	beginning
6991_day0_with_selection_repeat2	6991	chr7R	SRR33298384.349227	1	1	E-chr7R-1	E-chr16L-1	chr16L	13951	20610	20897	end
6991_day0_with_selection_repeat2	6991	chr7R	SRR33298384.478769	1	1	E-chr7R-1	E-chr14L-1	chr14L	186	6856	20886	beginning
6991_day0_with_selection_repeat2	6991	chr7R	SRR33298384.131782	1	1	E-chr7R-1	E-chr14L-1	chr14L	157	6809	20827	beginning
6991_day0_with_selection_repeat2	6991	chr7R	SRR33298384.366658	1	1	E-chr7R-1	E-chr14L-1	chr14L	139	6776	20817	beginning
6991_day0_with_selection_repeat2	6991	chr7R	SRR33298384.134922	1	1	E-chr7R-1	E-chr16L-1	chr16L	13986	20592	20768	end
6991_day0_with_selection_repeat	6991	chr10L	SRR33298373.491903	1	1	E-chr10L-1	E-chr16L-1	chr16L	320	6913	25283	beginning
6991_day0_with_selection_repeat	6991	chr10L	SRR33298373.545529	1	1	E-chr10L-1	E-chr16L-1	chr16L	18376	24958	25254	end
6991_day0_with_selection_repeat	6991	chr10L	SRR33298373.122658	1	1	E-chr10L-1	E-chr14L-1	chr14L	182	6809	25666	beginning
6991_day0_with_selection_repeat	6991	chr12R	SRR33298373.140192	2	7	E-chr12R-2	E-chr4R-7	chr4R	315	48611	59621	beginning
6991_day0_with_selection_repeat	6991	chr12R	SRR33298373.140192	3	7	E-chr12R-3	E-chr4R-7	chr4R	315	48611	59621	beginning
6991_day0_with_selection_repeat	6991	chr12R	SRR33298373.140192	4	7	E-chr12R-4	E-chr4R-7	chr4R	315	48611	59621	beginning
6991_day0_with_selection_repeat	6991	chr12R	SRR33298373.140192	5	7	E-chr12R-5	E-chr4R-7	chr4R	315	48611	59621	beginning
6991_day0_with_selection_repeat	6991	chr12R	SRR33298373.140192	6	7	E-chr12R-6	E-chr4R-7	chr4R	315	48611	59621	beginning
6991_day0_with_selection_repeat	6991	chr12R	SRR33298373.140192	7	7	E-chr12R-7	E-chr4R-7	chr4R	315	48611	59621	beginning
6991_day0_with_selection_repeat	6991	chr12R	SRR33298373.79080	2	7	E-chr12R-2	E-chr14L-2	chr14L	11351	58684	58829	end
6991_day0_with_selection_repeat	6991	chr12R	SRR33298373.79080	3	7	E-chr12R-3	E-chr14L-2	chr14L	11351	58684	58829	end
6991_day0_with_selection_repeat	6991	chr12R	SRR33298373.79080	4	7	E-chr12R-4	E-chr14L-2	chr14L	11351	58684	58829	end
6991_day0_with_selection_repeat	6991	chr12R	SRR33298373.79080	5	7	E-chr12R-5	E-chr14L-2	chr14L	11351	58684	58829	end
6991_day0_with_selection_repeat	6991	chr12R	SRR33298373.79080	6	7	E-chr12R-6	E-chr14L-2	chr14L	11351	58684	58829	end
6991_day0_with_selection_repeat	6991	chr12R	SRR33298373.79080	7	7	E-chr12R-7	E-chr14L-2	chr14L	11351	58684	58829	end
6991_day0_with_selection_repeat	6991	chr12R	SRR33298373.790288	2	7	E-chr12R-2	E-chr4R-7	chr4R	274	47692	58718	beginning
6991_day0_with_selection_repeat	6991	chr12R	SRR33298373.790288	3	7	E-chr12R-3	E-chr4R-7	chr4R	274	47692	58718	beginning
6991_day0_with_selection_repeat	6991	chr12R	SRR33298373.790288	4	7	E-chr12R-4	E-chr4R-7	chr4R	274	47692	58718	beginning
6991_day0_with_selection_repeat	6991	chr12R	SRR33298373.790288	5	7	E-chr12R-5	E-chr4R-7	chr4R	274	47692	58718	beginning
6991_day0_with_selection_repeat	6991	chr12R	SRR33298373.790288	6	7	E-chr12R-6	E-chr4R-7	chr4R	274	47692	58718	beginning
6991_day0_with_selection_repeat	6991	chr12R	SRR33298373.790288	7	7	E-chr12R-7	E-chr4R-7	chr4R	274	47692	58718	beginning
6991_day0_with_selection_repeat	6991	chr12R	SRR33298373.664086	2	7	E-chr12R-2	E-chr4R-7	chr4R	185	47681	58703	beginning
6991_day0_with_selection_repeat	6991	chr12R	SRR33298373.664086	3	7	E-chr12R-3	E-chr4R-7	chr4R	185	47681	58703	beginning
6991_day0_with_selection_repeat	6991	chr12R	SRR33298373.664086	4	7	E-chr12R-4	E-chr4R-7	chr4R	185	47681	58703	beginning
6991_day0_with_selection_repeat	6991	chr12R	SRR33298373.664086	5	7	E-chr12R-5	E-chr14L-2	chr14L	185	47681	58703	beginning
6991_day0_with_selection_repeat	6991	chr12R	SRR33298373.664086	6	7	E-chr12R-6	E-chr4R-7	chr4R	185	47681	58703	beginning
6991_day0_with_selection_repeat	6991	chr12R	SRR33298373.664086	7	7	E-chr12R-7	E-chr4R-7	chr4R	185	47681	58703	beginning
6991_day0_with_selection_repeat	6991	chr12R	SRR33298373.502867	2	7	E-chr12R-2	E-chr4R-7	chr4R	126	47678	58691	beginning
6991_day0_with_selection_repeat	6991	chr12R	SRR33298373.502867	3	7	E-chr12R-3	E-chr4R-7	chr4R	126	47678	58691	beginning
6991_day0_with_selection_repeat	6991	chr12R	SRR33298373.502867	4	7	E-chr12R-4	E-chr4R-7	chr4R	126	47678	58691	beginning
6991_day0_with_selection_repeat	6991	chr12R	SRR33298373.502867	5	7	E-chr12R-5	E-chr4R-7	chr4R	126	47678	58691	beginning
6991_day0_with_selection_repeat	6991	chr12R	SRR33298373.502867	6	7	E-chr12R-6	E-chr4R-7	chr4R	126	47678	58691	beginning
6991_day0_with_selection_repeat	6991	chr12R	SRR33298373.502867	7	7	E-chr12R-7	E-chr4R-7	chr4R	126	47678	58691	beginning
6991_day0_with_selection_repeat	6991	chr12R	SRR33298373.1022089	2	7	E-chr12R-2	E-chr4R-7	chr4R	265	47678	58700	beginning
6991_day0_with_selection_repeat	6991	chr12R	SRR33298373.1022089	3	7	E-chr12R-3	E-chr4R-7	chr4R	265	47678	58700	beginning
6991_day0_with_selection_repeat	6991	chr12R	SRR33298373.1022089	4	7	E-chr12R-4	E-chr4R-7	chr4R	265	47678	58700	beginning
6991_day0_with_selection_repeat	6991	chr12R	SRR33298373.1022089	5	7	E-chr12R-5	E-chr4R-7	chr4R	265	47678	58700	beginning
6991_day0_with_selection_repeat	6991	chr12R	SRR33298373.1022089	6	7	E-chr12R-6	E-chr4R-7	chr4R	265	47678	58700	beginning
6991_day0_with_selection_repeat	6991	chr12R	SRR33298373.1022089	7	7	E-chr12R-7	E-chr4R-7	chr4R	265	47678	58700	beginning
6991_day0_with_selection_repeat	6991	chr12R	SRR33298373.502120	2	7	E-chr12R-2	E-chr4R-7	chr4R	265	47677	56624	beginning
6991_day0_with_selection_repeat	6991	chr12R	SRR33298373.502120	3	7	E-chr12R-3	E-chr4R-7	chr4R	265	47677	56624	beginning
6991_day0_with_selection_repeat	6991	chr12R	SRR33298373.502120	4	7	E-chr12R-4	E-chr4R-7	chr4R	265	47677	56624	beginning
6991_day0_with_selection_repeat	6991	chr12R	SRR33298373.502120	5	7	E-chr12R-5	E-chr4R-7	chr4R	265	47677	56624	beginning
6991_day0_with_selection_repeat	6991	chr12R	SRR33298373.502120	6	7	E-chr12R-6	E-chr4R-7	chr4R	265	47677	56624	beginning
6991_day0_with_selection_repeat	6991	chr12R	SRR33298373.502120	7	7	E-chr12R-7	E-chr4R-7	chr4R	265	47677	56624	beginning
6991_day0_with_selection_repeat	6991	chr12R	SRR33298373.4868	2	7	E-chr12R-2	E-chr4R-7	chr4R	11028	58447	58672	end
6991_day0_with_selection_repeat	6991	chr12R	SRR33298373.4868	3	7	E-chr12R-3	E-chr14L-2	chr14L	11028	58447	58672	end
6991_day0_with_selection_repeat	6991	chr12R	SRR33298373.4868	4	7	E-chr12R-4	E-chr14L-2	chr14L	11028	58447	58672	end
6991_day0_with_selection_repeat	6991	chr12R	SRR33298373.4868	5	7	E-chr12R-5	E-chr14L-2	chr14L	11028	58447	58672	end
6991_day0_with_selection_repeat	6991	chr12R	SRR33298373.4868	6	7	E-chr12R-6	E-chr14L-2	chr14L	11028	58447	58672	end
6991_day0_with_selection_repeat	6991	chr12R	SRR33298373.4868	7	7	E-chr12R-7	E-chr14L-2	chr14L	11028	58447	58672	end
6991_day0_with_selection_repeat	6991	chr12R	SRR33298373.1020953	2	7	E-chr12R-2	E-chr4R-7	chr4R	227	47646	58659	beginning
6991_day0_with_selection_repeat	6991	chr12R	SRR33298373.1020953	3	7	E-chr12R-3	E-chr4R-7	chr4R	227	47646	58659	beginning
6991_day0_with_selection_repeat	6991	chr12R	SRR33298373.1020953	4	7	E-chr12R-4	E-chr4R-7	chr4R	227	47646	58659	beginning
6991_day0_with_selection_repeat	6991	chr12R	SRR33298373.1020953	5	7	E-chr12R-5	E-chr4R-7	chr4R	227	47646	58659	beginning
6991_day0_with_selection_repeat	6991	chr12R	SRR33298373.1020953	6	7	E-chr12R-6	E-chr4R-7	chr4R	227	47646	58659	beginning
6991_day0_with_selection_repeat	6991	chr12R	SRR33298373.1020953	7	7	E-chr12R-7	E-chr4R-7	chr4R	227	47646	58659	beginning
6991_day0_with_selection_repeat	6991	chr12R	SRR33298373.1099432	2	7	E-chr12R-2	E-chr4R-7	chr4R	248	47644	58660	beginning
6991_day0_with_selection_repeat	6991	chr12R	SRR33298373.1099432	3	7	E-chr12R-3	E-chr4R-7	chr4R	248	47644	58660	beginning
6991_day0_with_selection_repeat	6991	chr12R	SRR33298373.1099432	4	7	E-chr12R-4	E-chr4R-7	chr4R	248	47644	58660	beginning
6991_day0_with_selection_repeat	6991	chr12R	SRR33298373.1099432	5	7	E-chr12R-5	E-chr4R-7	chr4R	248	47644	58660	beginning
6991_day0_with_selection_repeat	6991	chr12R	SRR33298373.1099432	6	7	E-chr12R-6	E-chr4R-7	chr4R	248	47644	58660	beginning
6991_day0_with_selection_repeat	6991	chr12R	SRR33298373.1099432	7	7	E-chr12R-7	E-chr4R-7	chr4R	248	47644	58660	beginning
6991_day0_with_selection_repeat	6991	chr12R	SRR33298373.945687	2	7	E-chr12R-2	E-chr4R-7	chr4R	271	47647	58644	beginning
6991_day0_with_selection_repeat	6991	chr12R	SRR33298373.945687	3	7	E-chr12R-3	E-chr4R-7	chr4R	271	47647	58644	beginning
6991_day0_with_selection_repeat	6991	chr12R	SRR33298373.945687	4	7	E-chr12R-4	E-chr4R-7	chr4R	271	47647	58644	beginning
6991_day0_with_selection_repeat	6991	chr12R	SRR33298373.945687	5	7	E-chr12R-5	E-chr4R-7	chr4R	271	47647	58644	beginning
6991_day0_with_selection_repeat	6991	chr12R	SRR33298373.945687	6	7	E-chr12R-6	E-chr14L-2	chr14L	271	47647	58644	beginning
6991_day0_with_selection_repeat	6991	chr12R	SRR33298373.945687	7	7	E-chr12R-7	E-chr4R-7	chr4R	271	47647	58644	beginning
6991_day0_with_selection_repeat	6991	chr12R	SRR33298373.112065	2	7	E-chr12R-2	E-chr4R-7	chr4R	259	47631	58654	beginning
6991_day0_with_selection_repeat	6991	chr12R	SRR33298373.112065	3	7	E-chr12R-3	E-chr4R-7	chr4R	259	47631	58654	beginning
6991_day0_with_selection_repeat	6991	chr12R	SRR33298373.112065	4	7	E-chr12R-4	E-chr4R-7	chr4R	259	47631	58654	beginning
6991_day0_with_selection_repeat	6991	chr12R	SRR33298373.112065	5	7	E-chr12R-5	E-chr4R-7	chr4R	259	47631	58654	beginning
6991_day0_with_selection_repeat	6991	chr12R	SRR33298373.112065	6	7	E-chr12R-6	E-chr4R-7	chr4R	259	47631	58654	beginning
6991_day0_with_selection_repeat	6991	chr12R	SRR33298373.112065	7	7	E-chr12R-7	E-chr4R-7	chr4R	259	47631	58654	beginning
6991_day0_with_selection_repeat	6991	chr12R	SRR33298373.622654	2	7	E-chr12R-2	E-chr4R-7	chr4R	238	47624	58241	beginning
6991_day0_with_selection_repeat	6991	chr12R	SRR33298373.622654	3	7	E-chr12R-3	E-chr4R-7	chr4R	238	47624	58241	beginning
6991_day0_with_selection_repeat	6991	chr12R	SRR33298373.622654	4	7	E-chr12R-4	E-chr4R-7	chr4R	238	47624	58241	beginning
6991_day0_with_selection_repeat	6991	chr12R	SRR33298373.622654	5	7	E-chr12R-5	E-chr4R-7	chr4R	238	47624	58241	beginning
6991_day0_with_selection_repeat	6991	chr12R	SRR33298373.622654	6	7	E-chr12R-6	E-chr4R-7	chr4R	238	47624	58241	beginning
6991_day0_with_selection_repeat	6991	chr12R	SRR33298373.622654	7	7	E-chr12R-7	E-chr4R-7	chr4R	238	47624	58241	beginning
6991_day0_with_selection_repeat	6991	chr12R	SRR33298373.897824	2	7	E-chr12R-2	E-chr4R-7	chr4R	229	47633	57952	beginning
6991_day0_with_selection_repeat	6991	chr12R	SRR33298373.897824	3	7	E-chr12R-3	E-chr4R-7	chr4R	229	47633	57952	beginning
6991_day0_with_selection_repeat	6991	chr12R	SRR33298373.897824	4	7	E-chr12R-4	E-chr4R-7	chr4R	229	47633	57952	beginning
6991_day0_with_selection_repeat	6991	chr12R	SRR33298373.897824	5	7	E-chr12R-5	E-chr4R-7	chr4R	229	47633	57952	beginning
6991_day0_with_selection_repeat	6991	chr12R	SRR33298373.897824	6	7	E-chr12R-6	E-chr4R-7	chr4R	229	47633	57952	beginning
6991_day0_with_selection_repeat	6991	chr12R	SRR33298373.897824	7	7	E-chr12R-7	E-chr4R-7	chr4R	229	47633	57952	beginning
6991_day0_with_selection_repeat	6991	chr12R	SRR33298373.1470912	2	7	E-chr12R-2	E-chr4R-7	chr4R	283	47638	58640	beginning
6991_day0_with_selection_repeat	6991	chr12R	SRR33298373.1470912	3	7	E-chr12R-3	E-chr4R-7	chr4R	283	47638	58640	beginning
6991_day0_with_selection_repeat	6991	chr12R	SRR33298373.1470912	4	7	E-chr12R-4	E-chr4R-7	chr4R	283	47638	58640	beginning
6991_day0_with_selection_repeat	6991	chr12R	SRR33298373.1470912	5	7	E-chr12R-5	E-chr4R-7	chr4R	283	47638	58640	beginning
6991_day0_with_selection_repeat	6991	chr12R	SRR33298373.1470912	6	7	E-chr12R-6	E-chr4R-7	chr4R	283	47638	58640	beginning
6991_day0_with_selection_repeat	6991	chr12R	SRR33298373.1470912	7	7	E-chr12R-7	E-chr14L-2	chr14L	283	47638	58640	beginning
6991_day0_with_selection_repeat	6991	chr12R	SRR33298373.315372	2	7	E-chr12R-2	E-chr4R-7	chr4R	220	47624	58647	beginning
6991_day0_with_selection_repeat	6991	chr12R	SRR33298373.315372	3	7	E-chr12R-3	E-chr4R-7	chr4R	220	47624	58647	beginning
6991_day0_with_selection_repeat	6991	chr12R	SRR33298373.315372	4	7	E-chr12R-4	E-chr4R-7	chr4R	220	47624	58647	beginning
6991_day0_with_selection_repeat	6991	chr12R	SRR33298373.315372	5	7	E-chr12R-5	E-chr4R-7	chr4R	220	47624	58647	beginning
6991_day0_with_selection_repeat	6991	chr12R	SRR33298373.315372	6	7	E-chr12R-6	E-chr4R-7	chr4R	220	47624	58647	beginning
6991_day0_with_selection_repeat	6991	chr12R	SRR33298373.315372	7	7	E-chr12R-7	E-chr4R-7	chr4R	220	47624	58647	beginning
6991_day0_with_selection_repeat	6991	chr12R	SRR33298373.547984	2	7	E-chr12R-2	E-chr14L-2	chr14L	11017	58361	58634	end
6991_day0_with_selection_repeat	6991	chr12R	SRR33298373.547984	3	7	E-chr12R-3	E-chr14L-2	chr14L	11017	58361	58634	end
6991_day0_with_selection_repeat	6991	chr12R	SRR33298373.547984	4	7	E-chr12R-4	E-chr14L-2	chr14L	11017	58361	58634	end
6991_day0_with_selection_repeat	6991	chr12R	SRR33298373.547984	5	7	E-chr12R-5	E-chr14L-2	chr14L	11017	58361	58634	end
6991_day0_with_selection_repeat	6991	chr12R	SRR33298373.547984	6	7	E-chr12R-6	E-chr14L-2	chr14L	11017	58361	58634	end
6991_day0_with_selection_repeat	6991	chr12R	SRR33298373.547984	7	7	E-chr12R-7	E-chr14L-2	chr14L	11017	58361	58634	end
6991_day0_with_selection_repeat	6991	chr12R	SRR33298373.578291	2	7	E-chr12R-2	E-chr4R-7	chr4R	220	47613	58622	beginning
6991_day0_with_selection_repeat	6991	chr12R	SRR33298373.578291	3	7	E-chr12R-3	E-chr4R-7	chr4R	220	47613	58622	beginning
6991_day0_with_selection_repeat	6991	chr12R	SRR33298373.578291	4	7	E-chr12R-4	E-chr4R-7	chr4R	220	47613	58622	beginning
6991_day0_with_selection_repeat	6991	chr12R	SRR33298373.578291	5	7	E-chr12R-5	E-chr4R-7	chr4R	220	47613	58622	beginning
6991_day0_with_selection_repeat	6991	chr12R	SRR33298373.578291	6	7	E-chr12R-6	E-chr4R-7	chr4R	220	47613	58622	beginning
6991_day0_with_selection_repeat	6991	chr12R	SRR33298373.578291	7	7	E-chr12R-7	E-chr4R-7	chr4R	220	47613	58622	beginning
6991_day0_with_selection_repeat	6991	chr12R	SRR33298373.620187	2	7	E-chr12R-2	E-chr4R-7	chr4R	207	47606	58627	beginning
6991_day0_with_selection_repeat	6991	chr12R	SRR33298373.620187	3	7	E-chr12R-3	E-chr4R-7	chr4R	207	47606	58627	beginning
6991_day0_with_selection_repeat	6991	chr12R	SRR33298373.620187	4	7	E-chr12R-4	E-chr4R-7	chr4R	207	47606	58627	beginning
6991_day0_with_selection_repeat	6991	chr12R	SRR33298373.620187	5	7	E-chr12R-5	E-chr4R-7	chr4R	207	47606	58627	beginning
6991_day0_with_selection_repeat	6991	chr12R	SRR33298373.620187	6	7	E-chr12R-6	E-chr4R-7	chr4R	207	47606	58627	beginning
6991_day0_with_selection_repeat	6991	chr12R	SRR33298373.620187	7	7	E-chr12R-7	E-chr4R-7	chr4R	207	47606	58627	beginning
6991_day0_with_selection_repeat	6991	chr12R	SRR33298373.1110277	2	7	E-chr12R-2	E-chr4R-7	chr4R	200	47615	58629	beginning
6991_day0_with_selection_repeat	6991	chr12R	SRR33298373.1110277	3	7	E-chr12R-3	E-chr4R-7	chr4R	200	47615	58629	beginning
6991_day0_with_selection_repeat	6991	chr12R	SRR33298373.1110277	4	7	E-chr12R-4	E-chr4R-7	chr4R	200	47615	58629	beginning
6991_day0_with_selection_repeat	6991	chr12R	SRR33298373.1110277	5	7	E-chr12R-5	E-chr4R-7	chr4R	200	47615	58629	beginning
6991_day0_with_selection_repeat	6991	chr12R	SRR33298373.1110277	6	7	E-chr12R-6	E-chr4R-7	chr4R	200	47615	58629	beginning
6991_day0_with_selection_repeat	6991	chr12R	SRR33298373.1110277	7	7	E-chr12R-7	E-chr4R-7	chr4R	200	47615	58629	beginning
6991_day0_with_selection_repeat	6991	chr12R	SRR33298373.781648	2	7	E-chr12R-2	E-chr4R-7	chr4R	159	47599	58625	beginning
6991_day0_with_selection_repeat	6991	chr12R	SRR33298373.781648	3	7	E-chr12R-3	E-chr4R-7	chr4R	159	47599	58625	beginning
6991_day0_with_selection_repeat	6991	chr12R	SRR33298373.781648	4	7	E-chr12R-4	E-chr4R-7	chr4R	159	47599	58625	beginning
6991_day0_with_selection_repeat	6991	chr12R	SRR33298373.781648	5	7	E-chr12R-5	E-chr4R-7	chr4R	159	47599	58625	beginning
6991_day0_with_selection_repeat	6991	chr12R	SRR33298373.781648	6	7	E-chr12R-6	E-chr4R-7	chr4R	159	47599	58625	beginning
6991_day0_with_selection_repeat	6991	chr12R	SRR33298373.781648	7	7	E-chr12R-7	E-chr4R-7	chr4R	159	47599	58625	beginning
6991_day0_with_selection_repeat	6991	chr12R	SRR33298373.932407	2	7	E-chr12R-2	E-chr14L-2	chr14L	10327	57730	57933	end
6991_day0_with_selection_repeat	6991	chr12R	SRR33298373.932407	3	7	E-chr12R-3	E-chr14L-2	chr14L	10327	57730	57933	end
6991_day0_with_selection_repeat	6991	chr12R	SRR33298373.932407	4	7	E-chr12R-4	E-chr14L-2	chr14L	10327	57730	57933	end
6991_day0_with_selection_repeat	6991	chr12R	SRR33298373.932407	5	7	E-chr12R-5	E-chr14L-2	chr14L	10327	57730	57933	end
6991_day0_with_selection_repeat	6991	chr12R	SRR33298373.932407	6	7	E-chr12R-6	E-chr14L-2	chr14L	10327	57730	57933	end
6991_day0_with_selection_repeat	6991	chr12R	SRR33298373.932407	7	7	E-chr12R-7	E-chr14L-2	chr14L	10327	57730	57933	end
6991_day0_with_selection_repeat	6991	chr12R	SRR33298373.661439	2	7	E-chr12R-2	E-chr4R-7	chr4R	174	47593	58614	beginning
6991_day0_with_selection_repeat	6991	chr12R	SRR33298373.661439	3	7	E-chr12R-3	E-chr14L-2	chr14L	174	47593	58614	beginning
6991_day0_with_selection_repeat	6991	chr12R	SRR33298373.661439	4	7	E-chr12R-4	E-chr4R-7	chr4R	174	47593	58614	beginning
6991_day0_with_selection_repeat	6991	chr12R	SRR33298373.661439	5	7	E-chr12R-5	E-chr4R-7	chr4R	174	47593	58614	beginning
6991_day0_with_selection_repeat	6991	chr12R	SRR33298373.661439	6	7	E-chr12R-6	E-chr4R-7	chr4R	174	47593	58614	beginning
6991_day0_with_selection_repeat	6991	chr12R	SRR33298373.661439	7	7	E-chr12R-7	E-chr4R-7	chr4R	174	47593	58614	beginning
6991_day0_with_selection_repeat	6991	chr12R	SRR33298373.1140617	2	7	E-chr12R-2	E-chr4R-7	chr4R	222	47604	58613	beginning
6991_day0_with_selection_repeat	6991	chr12R	SRR33298373.1140617	3	7	E-chr12R-3	E-chr4R-7	chr4R	222	47604	58613	beginning
6991_day0_with_selection_repeat	6991	chr12R	SRR33298373.1140617	4	7	E-chr12R-4	E-chr4R-7	chr4R	222	47604	58613	beginning
6991_day0_with_selection_repeat	6991	chr12R	SRR33298373.1140617	5	7	E-chr12R-5	E-chr4R-7	chr4R	222	47604	58613	beginning
6991_day0_with_selection_repeat	6991	chr12R	SRR33298373.1140617	6	7	E-chr12R-6	E-chr4R-7	chr4R	222	47604	58613	beginning
6991_day0_with_selection_repeat	6991	chr12R	SRR33298373.1140617	7	7	E-chr12R-7	E-chr4R-7	chr4R	222	47604	58613	beginning
6991_day0_with_selection_repeat	6991	chr12R	SRR33298373.578290	2	7	E-chr12R-2	E-chr14L-2	chr14L	11024	58415	58605	end
6991_day0_with_selection_repeat	6991	chr12R	SRR33298373.578290	3	7	E-chr12R-3	E-chr14L-2	chr14L	11024	58415	58605	end
6991_day0_with_selection_repeat	6991	chr12R	SRR33298373.578290	4	7	E-chr12R-4	E-chr14L-2	chr14L	11024	58415	58605	end
6991_day0_with_selection_repeat	6991	chr12R	SRR33298373.578290	5	7	E-chr12R-5	E-chr14L-2	chr14L	11024	58415	58605	end
6991_day0_with_selection_repeat	6991	chr12R	SRR33298373.578290	6	7	E-chr12R-6	E-chr14L-2	chr14L	11024	58415	58605	end
6991_day0_with_selection_repeat	6991	chr12R	SRR33298373.578290	7	7	E-chr12R-7	E-chr14L-2	chr14L	11024	58415	58605	end
6991_day0_with_selection_repeat	6991	chr12R	SRR33298373.1110119	2	7	E-chr12R-2	E-chr4R-7	chr4R	179	47595	58604	beginning
6991_day0_with_selection_repeat	6991	chr12R	SRR33298373.1110119	3	7	E-chr12R-3	E-chr4R-7	chr4R	179	47595	58604	beginning
6991_day0_with_selection_repeat	6991	chr12R	SRR33298373.1110119	4	7	E-chr12R-4	E-chr4R-7	chr4R	179	47595	58604	beginning
6991_day0_with_selection_repeat	6991	chr12R	SRR33298373.1110119	5	7	E-chr12R-5	E-chr4R-7	chr4R	179	47595	58604	beginning
6991_day0_with_selection_repeat	6991	chr12R	SRR33298373.1110119	6	7	E-chr12R-6	E-chr4R-7	chr4R	179	47595	58604	beginning
6991_day0_with_selection_repeat	6991	chr12R	SRR33298373.1110119	7	7	E-chr12R-7	E-chr4R-7	chr4R	179	47595	58604	beginning
6991_day0_with_selection_repeat	6991	chr12R	SRR33298373.771811	2	7	E-chr12R-2	E-chr14L-2	chr14L	10989	58414	58571	end
6991_day0_with_selection_repeat	6991	chr12R	SRR33298373.771811	3	7	E-chr12R-3	E-chr14L-2	chr14L	10989	58414	58571	end
6991_day0_with_selection_repeat	6991	chr12R	SRR33298373.771811	4	7	E-chr12R-4	E-chr14L-2	chr14L	10989	58414	58571	end
6991_day0_with_selection_repeat	6991	chr12R	SRR33298373.771811	5	7	E-chr12R-5	E-chr14L-2	chr14L	10989	58414	58571	end
6991_day0_with_selection_repeat	6991	chr12R	SRR33298373.771811	6	7	E-chr12R-6	E-chr14L-2	chr14L	10989	58414	58571	end
6991_day0_with_selection_repeat	6991	chr12R	SRR33298373.771811	7	7	E-chr12R-7	E-chr14L-2	chr14L	10989	58414	58571	end
6991_day0_with_selection_repeat	6991	chr12R	SRR33298373.1080205	2	7	E-chr12R-2	E-chr4R-7	chr4R	207	47580	58577	beginning
6991_day0_with_selection_repeat	6991	chr12R	SRR33298373.1080205	3	7	E-chr12R-3	E-chr4R-7	chr4R	207	47580	58577	beginning
6991_day0_with_selection_repeat	6991	chr12R	SRR33298373.1080205	4	7	E-chr12R-4	E-chr4R-7	chr4R	207	47580	58577	beginning
6991_day0_with_selection_repeat	6991	chr12R	SRR33298373.1080205	5	7	E-chr12R-5	E-chr4R-7	chr4R	207	47580	58577	beginning
6991_day0_with_selection_repeat	6991	chr12R	SRR33298373.1080205	6	7	E-chr12R-6	E-chr4R-7	chr4R	207	47580	58577	beginning
6991_day0_with_selection_repeat	6991	chr12R	SRR33298373.1080205	7	7	E-chr12R-7	E-chr4R-7	chr4R	207	47580	58577	beginning
6991_day0_with_selection_repeat	6991	chr12R	SRR33298373.548051	2	7	E-chr12R-2	E-chr14L-2	chr14L	11022	58406	58597	end
6991_day0_with_selection_repeat	6991	chr12R	SRR33298373.548051	3	7	E-chr12R-3	E-chr14L-2	chr14L	11022	58406	58597	end
6991_day0_with_selection_repeat	6991	chr12R	SRR33298373.548051	4	7	E-chr12R-4	E-chr14L-2	chr14L	11022	58406	58597	end
6991_day0_with_selection_repeat	6991	chr12R	SRR33298373.548051	5	7	E-chr12R-5	E-chr14L-2	chr14L	11022	58406	58597	end
6991_day0_with_selection_repeat	6991	chr12R	SRR33298373.548051	6	7	E-chr12R-6	E-chr14L-2	chr14L	11022	58406	58597	end
6991_day0_with_selection_repeat	6991	chr12R	SRR33298373.548051	7	7	E-chr12R-7	E-chr14L-2	chr14L	11022	58406	58597	end
6991_day0_with_selection_repeat	6991	chr12R	SRR33298373.771860	2	7	E-chr12R-2	E-chr4R-7	chr4R	206	47582	58592	beginning
6991_day0_with_selection_repeat	6991	chr12R	SRR33298373.771860	3	7	E-chr12R-3	E-chr4R-7	chr4R	206	47582	58592	beginning
6991_day0_with_selection_repeat	6991	chr12R	SRR33298373.771860	4	7	E-chr12R-4	E-chr4R-7	chr4R	206	47582	58592	beginning
6991_day0_with_selection_repeat	6991	chr12R	SRR33298373.771860	5	7	E-chr12R-5	E-chr4R-7	chr4R	206	47582	58592	beginning
6991_day0_with_selection_repeat	6991	chr12R	SRR33298373.771860	6	7	E-chr12R-6	E-chr4R-7	chr4R	206	47582	58592	beginning
6991_day0_with_selection_repeat	6991	chr12R	SRR33298373.771860	7	7	E-chr12R-7	E-chr4R-7	chr4R	206	47582	58592	beginning
6991_day0_with_selection_repeat	6991	chr12R	SRR33298373.1526465	2	7	E-chr12R-2	E-chr4R-7	chr4R	167	47580	58586	beginning
6991_day0_with_selection_repeat	6991	chr12R	SRR33298373.1526465	3	7	E-chr12R-3	E-chr4R-7	chr4R	167	47580	58586	beginning
6991_day0_with_selection_repeat	6991	chr12R	SRR33298373.1526465	4	7	E-chr12R-4	E-chr4R-7	chr4R	167	47580	58586	beginning
6991_day0_with_selection_repeat	6991	chr12R	SRR33298373.1526465	5	7	E-chr12R-5	E-chr4R-7	chr4R	167	47580	58586	beginning
6991_day0_with_selection_repeat	6991	chr12R	SRR33298373.1526465	6	7	E-chr12R-6	E-chr4R-7	chr4R	167	47580	58586	beginning
6991_day0_with_selection_repeat	6991	chr12R	SRR33298373.1526465	7	7	E-chr12R-7	E-chr4R-7	chr4R	167	47580	58586	beginning
6991_day0_with_selection_repeat	6991	chr12R	SRR33298373.1128563	2	7	E-chr12R-2	E-chr4R-7	chr4R	181	47575	58592	beginning
6991_day0_with_selection_repeat	6991	chr12R	SRR33298373.1128563	3	7	E-chr12R-3	E-chr4R-7	chr4R	181	47575	58592	beginning
6991_day0_with_selection_repeat	6991	chr12R	SRR33298373.1128563	4	7	E-chr12R-4	E-chr4R-7	chr4R	181	47575	58592	beginning
6991_day0_with_selection_repeat	6991	chr12R	SRR33298373.1128563	5	7	E-chr12R-5	E-chr4R-7	chr4R	181	47575	58592	beginning
6991_day0_with_selection_repeat	6991	chr12R	SRR33298373.1128563	6	7	E-chr12R-6	E-chr4R-7	chr4R	181	47575	58592	beginning
6991_day0_with_selection_repeat	6991	chr12R	SRR33298373.1128563	7	7	E-chr12R-7	E-chr4R-7	chr4R	181	47575	58592	beginning
6991_day0_with_selection_repeat	6991	chr12R	SRR33298373.740876	2	7	E-chr12R-2	E-chr4R-7	chr4R	168	47574	58579	beginning
6991_day0_with_selection_repeat	6991	chr12R	SRR33298373.740876	3	7	E-chr12R-3	E-chr4R-7	chr4R	168	47574	58579	beginning
6991_day0_with_selection_repeat	6991	chr12R	SRR33298373.740876	4	7	E-chr12R-4	E-chr4R-7	chr4R	168	47574	58579	beginning
6991_day0_with_selection_repeat	6991	chr12R	SRR33298373.740876	5	7	E-chr12R-5	E-chr4R-7	chr4R	168	47574	58579	beginning
6991_day0_with_selection_repeat	6991	chr12R	SRR33298373.740876	6	7	E-chr12R-6	E-chr4R-7	chr4R	168	47574	58579	beginning
6991_day0_with_selection_repeat	6991	chr12R	SRR33298373.740876	7	7	E-chr12R-7	E-chr4R-7	chr4R	168	47574	58579	beginning
6991_day0_with_selection_repeat	6991	chr12R	SRR33298373.380894	2	7	E-chr12R-2	E-chr4R-7	chr4R	158	47578	58592	beginning
6991_day0_with_selection_repeat	6991	chr12R	SRR33298373.380894	3	7	E-chr12R-3	E-chr4R-7	chr4R	158	47578	58592	beginning
6991_day0_with_selection_repeat	6991	chr12R	SRR33298373.380894	4	7	E-chr12R-4	E-chr4R-7	chr4R	158	47578	58592	beginning
6991_day0_with_selection_repeat	6991	chr12R	SRR33298373.380894	5	7	E-chr12R-5	E-chr4R-7	chr4R	158	47578	58592	beginning
6991_day0_with_selection_repeat	6991	chr12R	SRR33298373.380894	6	7	E-chr12R-6	E-chr4R-7	chr4R	158	47578	58592	beginning
6991_day0_with_selection_repeat	6991	chr12R	SRR33298373.380894	7	7	E-chr12R-7	E-chr4R-7	chr4R	158	47578	58592	beginning
6991_day0_with_selection_repeat	6991	chr12R	SRR33298373.350820	2	7	E-chr12R-2	E-chr4R-7	chr4R	170	47574	58579	beginning
6991_day0_with_selection_repeat	6991	chr12R	SRR33298373.350820	3	7	E-chr12R-3	E-chr4R-7	chr4R	170	47574	58579	beginning
6991_day0_with_selection_repeat	6991	chr12R	SRR33298373.350820	4	7	E-chr12R-4	E-chr4R-7	chr4R	170	47574	58579	beginning
6991_day0_with_selection_repeat	6991	chr12R	SRR33298373.350820	5	7	E-chr12R-5	E-chr4R-7	chr4R	170	47574	58579	beginning
6991_day0_with_selection_repeat	6991	chr12R	SRR33298373.350820	6	7	E-chr12R-6	E-chr4R-7	chr4R	170	47574	58579	beginning
6991_day0_with_selection_repeat	6991	chr12R	SRR33298373.350820	7	7	E-chr12R-7	E-chr4R-7	chr4R	170	47574	58579	beginning
6991_day0_with_selection_repeat	6991	chr12R	SRR33298373.471720	2	7	E-chr12R-2	E-chr4R-7	chr4R	177	47577	56526	beginning
6991_day0_with_selection_repeat	6991	chr12R	SRR33298373.471720	3	7	E-chr12R-3	E-chr14L-2	chr14L	177	47577	56526	beginning
6991_day0_with_selection_repeat	6991	chr12R	SRR33298373.471720	4	7	E-chr12R-4	E-chr4R-7	chr4R	177	47577	56526	beginning
6991_day0_with_selection_repeat	6991	chr12R	SRR33298373.471720	5	7	E-chr12R-5	E-chr4R-7	chr4R	177	47577	56526	beginning
6991_day0_with_selection_repeat	6991	chr12R	SRR33298373.471720	6	7	E-chr12R-6	E-chr4R-7	chr4R	177	47577	56526	beginning
6991_day0_with_selection_repeat	6991	chr12R	SRR33298373.471720	7	7	E-chr12R-7	E-chr4R-7	chr4R	177	47577	56526	beginning
6991_day0_with_selection_repeat	6991	chr12R	SRR33298373.686081	2	7	E-chr12R-2	E-chr4R-7	chr4R	227	47566	58594	beginning
6991_day0_with_selection_repeat	6991	chr12R	SRR33298373.686081	3	7	E-chr12R-3	E-chr4R-7	chr4R	227	47566	58594	beginning
6991_day0_with_selection_repeat	6991	chr12R	SRR33298373.686081	4	7	E-chr12R-4	E-chr4R-7	chr4R	227	47566	58594	beginning
6991_day0_with_selection_repeat	6991	chr12R	SRR33298373.686081	5	7	E-chr12R-5	E-chr14L-2	chr14L	227	47566	58594	beginning
6991_day0_with_selection_repeat	6991	chr12R	SRR33298373.686081	6	7	E-chr12R-6	E-chr4R-7	chr4R	227	47566	58594	beginning
6991_day0_with_selection_repeat	6991	chr12R	SRR33298373.686081	7	7	E-chr12R-7	E-chr4R-7	chr4R	227	47566	58594	beginning
6991_day0_with_selection_repeat	6991	chr12R	SRR33298373.447771	2	7	E-chr12R-2	E-chr4R-7	chr4R	180	47568	58578	beginning
6991_day0_with_selection_repeat	6991	chr12R	SRR33298373.447771	3	7	E-chr12R-3	E-chr4R-7	chr4R	180	47568	58578	beginning
6991_day0_with_selection_repeat	6991	chr12R	SRR33298373.447771	4	7	E-chr12R-4	E-chr4R-7	chr4R	180	47568	58578	beginning
6991_day0_with_selection_repeat	6991	chr12R	SRR33298373.447771	5	7	E-chr12R-5	E-chr4R-7	chr4R	180	47568	58578	beginning
6991_day0_with_selection_repeat	6991	chr12R	SRR33298373.447771	6	7	E-chr12R-6	E-chr4R-7	chr4R	180	47568	58578	beginning
6991_day0_with_selection_repeat	6991	chr12R	SRR33298373.447771	7	7	E-chr12R-7	E-chr4R-7	chr4R	180	47568	58578	beginning
6991_day0_with_selection_repeat	6991	chr12R	SRR33298373.740994	2	7	E-chr12R-2	E-chr4R-7	chr4R	195	47551	58568	beginning
6991_day0_with_selection_repeat	6991	chr12R	SRR33298373.740994	3	7	E-chr12R-3	E-chr4R-7	chr4R	195	47551	58568	beginning
6991_day0_with_selection_repeat	6991	chr12R	SRR33298373.740994	4	7	E-chr12R-4	E-chr4R-7	chr4R	195	47551	58568	beginning
6991_day0_with_selection_repeat	6991	chr12R	SRR33298373.740994	5	7	E-chr12R-5	E-chr4R-7	chr4R	195	47551	58568	beginning
6991_day0_with_selection_repeat	6991	chr12R	SRR33298373.740994	6	7	E-chr12R-6	E-chr14L-2	chr14L	195	47551	58568	beginning
6991_day0_with_selection_repeat	6991	chr12R	SRR33298373.740994	7	7	E-chr12R-7	E-chr14L-2	chr14L	195	47551	58568	beginning
6991_day0_with_selection_repeat	6991	chr12R	SRR33298373.1018102	2	7	E-chr12R-2	E-chr4R-7	chr4R	156	47559	57824	beginning
6991_day0_with_selection_repeat	6991	chr12R	SRR33298373.1018102	3	7	E-chr12R-3	E-chr4R-7	chr4R	156	47559	57824	beginning
6991_day0_with_selection_repeat	6991	chr12R	SRR33298373.1018102	4	7	E-chr12R-4	E-chr4R-7	chr4R	156	47559	57824	beginning
6991_day0_with_selection_repeat	6991	chr12R	SRR33298373.1018102	5	7	E-chr12R-5	E-chr4R-7	chr4R	156	47559	57824	beginning
6991_day0_with_selection_repeat	6991	chr12R	SRR33298373.1018102	6	7	E-chr12R-6	E-chr14L-2	chr14L	156	47559	57824	beginning
6991_day0_with_selection_repeat	6991	chr12R	SRR33298373.1018102	7	7	E-chr12R-7	E-chr4R-7	chr4R	156	47559	57824	beginning
6991_day0_with_selection_repeat	6991	chr12R	SRR33298373.732566	2	7	E-chr12R-2	E-chr4R-7	chr4R	209	47552	58573	beginning
6991_day0_with_selection_repeat	6991	chr12R	SRR33298373.732566	3	7	E-chr12R-3	E-chr4R-7	chr4R	209	47552	58573	beginning
6991_day0_with_selection_repeat	6991	chr12R	SRR33298373.732566	4	7	E-chr12R-4	E-chr4R-7	chr4R	209	47552	58573	beginning
6991_day0_with_selection_repeat	6991	chr12R	SRR33298373.732566	5	7	E-chr12R-5	E-chr14L-2	chr14L	209	47552	58573	beginning
6991_day0_with_selection_repeat	6991	chr12R	SRR33298373.732566	6	7	E-chr12R-6	E-chr4R-7	chr4R	209	47552	58573	beginning
6991_day0_with_selection_repeat	6991	chr12R	SRR33298373.732566	7	7	E-chr12R-7	E-chr4R-7	chr4R	209	47552	58573	beginning
6991_day0_with_selection_repeat	6991	chr12R	SRR33298373.352017	2	7	E-chr12R-2	E-chr4R-7	chr4R	167	47553	58560	beginning
6991_day0_with_selection_repeat	6991	chr12R	SRR33298373.352017	3	7	E-chr12R-3	E-chr4R-7	chr4R	167	47553	58560	beginning
6991_day0_with_selection_repeat	6991	chr12R	SRR33298373.352017	4	7	E-chr12R-4	E-chr4R-7	chr4R	167	47553	58560	beginning
6991_day0_with_selection_repeat	6991	chr12R	SRR33298373.352017	5	7	E-chr12R-5	E-chr4R-7	chr4R	167	47553	58560	beginning
6991_day0_with_selection_repeat	6991	chr12R	SRR33298373.352017	6	7	E-chr12R-6	E-chr4R-7	chr4R	167	47553	58560	beginning
6991_day0_with_selection_repeat	6991	chr12R	SRR33298373.352017	7	7	E-chr12R-7	E-chr4R-7	chr4R	167	47553	58560	beginning
6991_day0_with_selection_repeat	6991	chr12R	SRR33298373.1476744	2	7	E-chr12R-2	E-chr14L-2	chr14L	9935	57322	57485	end
6991_day0_with_selection_repeat	6991	chr12R	SRR33298373.1476744	3	7	E-chr12R-3	E-chr14L-2	chr14L	9935	57322	57485	end
6991_day0_with_selection_repeat	6991	chr12R	SRR33298373.1476744	4	7	E-chr12R-4	E-chr14L-2	chr14L	9935	57322	57485	end
6991_day0_with_selection_repeat	6991	chr12R	SRR33298373.1476744	5	7	E-chr12R-5	E-chr14L-2	chr14L	9935	57322	57485	end
6991_day0_with_selection_repeat	6991	chr12R	SRR33298373.1476744	6	7	E-chr12R-6	E-chr14L-2	chr14L	9935	57322	57485	end
6991_day0_with_selection_repeat	6991	chr12R	SRR33298373.1476744	7	7	E-chr12R-7	E-chr14L-2	chr14L	9935	57322	57485	end
6991_day0_with_selection_repeat	6991	chr12R	SRR33298373.595267	2	7	E-chr12R-2	E-chr4R-7	chr4R	164	47548	58554	beginning
6991_day0_with_selection_repeat	6991	chr12R	SRR33298373.595267	3	7	E-chr12R-3	E-chr4R-7	chr4R	164	47548	58554	beginning
6991_day0_with_selection_repeat	6991	chr12R	SRR33298373.595267	4	7	E-chr12R-4	E-chr4R-7	chr4R	164	47548	58554	beginning
6991_day0_with_selection_repeat	6991	chr12R	SRR33298373.595267	5	7	E-chr12R-5	E-chr4R-7	chr4R	164	47548	58554	beginning
6991_day0_with_selection_repeat	6991	chr12R	SRR33298373.595267	6	7	E-chr12R-6	E-chr14L-2	chr14L	164	47548	58554	beginning
6991_day0_with_selection_repeat	6991	chr12R	SRR33298373.595267	7	7	E-chr12R-7	E-chr4R-7	chr4R	164	47548	58554	beginning
6991_day0_with_selection_repeat	6991	chr12R	SRR33298373.516638	2	7	E-chr12R-2	E-chr4R-7	chr4R	164	47556	58544	beginning
6991_day0_with_selection_repeat	6991	chr12R	SRR33298373.516638	3	7	E-chr12R-3	E-chr4R-7	chr4R	164	47556	58544	beginning
6991_day0_with_selection_repeat	6991	chr12R	SRR33298373.516638	4	7	E-chr12R-4	E-chr4R-7	chr4R	164	47556	58544	beginning
6991_day0_with_selection_repeat	6991	chr12R	SRR33298373.516638	5	7	E-chr12R-5	E-chr4R-7	chr4R	164	47556	58544	beginning
6991_day0_with_selection_repeat	6991	chr12R	SRR33298373.516638	6	7	E-chr12R-6	E-chr4R-7	chr4R	164	47556	58544	beginning
6991_day0_with_selection_repeat	6991	chr12R	SRR33298373.516638	7	7	E-chr12R-7	E-chr4R-7	chr4R	164	47556	58544	beginning
6991_day0_with_selection_repeat	6991	chr12R	SRR33298373.1140615	2	7	E-chr12R-2	E-chr14L-2	chr14L	11015	58398	58558	end
6991_day0_with_selection_repeat	6991	chr12R	SRR33298373.1140615	3	7	E-chr12R-3	E-chr14L-2	chr14L	11015	58398	58558	end
6991_day0_with_selection_repeat	6991	chr12R	SRR33298373.1140615	4	7	E-chr12R-4	E-chr14L-2	chr14L	11015	58398	58558	end
6991_day0_with_selection_repeat	6991	chr12R	SRR33298373.1140615	5	7	E-chr12R-5	E-chr14L-2	chr14L	11015	58398	58558	end
6991_day0_with_selection_repeat	6991	chr12R	SRR33298373.1140615	6	7	E-chr12R-6	E-chr14L-2	chr14L	11015	58398	58558	end
6991_day0_with_selection_repeat	6991	chr12R	SRR33298373.1140615	7	7	E-chr12R-7	E-chr14L-2	chr14L	11015	58398	58558	end
6991_day0_with_selection_repeat	6991	chr12R	SRR33298373.548068	2	7	E-chr12R-2	E-chr4R-7	chr4R	166	47551	58564	beginning
6991_day0_with_selection_repeat	6991	chr12R	SRR33298373.548068	3	7	E-chr12R-3	E-chr4R-7	chr4R	166	47551	58564	beginning
6991_day0_with_selection_repeat	6991	chr12R	SRR33298373.548068	4	7	E-chr12R-4	E-chr4R-7	chr4R	166	47551	58564	beginning
6991_day0_with_selection_repeat	6991	chr12R	SRR33298373.548068	5	7	E-chr12R-5	E-chr4R-7	chr4R	166	47551	58564	beginning
6991_day0_with_selection_repeat	6991	chr12R	SRR33298373.548068	6	7	E-chr12R-6	E-chr4R-7	chr4R	166	47551	58564	beginning
6991_day0_with_selection_repeat	6991	chr12R	SRR33298373.548068	7	7	E-chr12R-7	E-chr4R-7	chr4R	166	47551	58564	beginning
6991_day0_with_selection_repeat	6991	chr12R	SRR33298373.381670	2	7	E-chr12R-2	E-chr14L-2	chr14L	11014	58387	58549	end
6991_day0_with_selection_repeat	6991	chr12R	SRR33298373.381670	3	7	E-chr12R-3	E-chr14L-2	chr14L	11014	58387	58549	end
6991_day0_with_selection_repeat	6991	chr12R	SRR33298373.381670	4	7	E-chr12R-4	E-chr14L-2	chr14L	11014	58387	58549	end
6991_day0_with_selection_repeat	6991	chr12R	SRR33298373.381670	5	7	E-chr12R-5	E-chr14L-2	chr14L	11014	58387	58549	end
6991_day0_with_selection_repeat	6991	chr12R	SRR33298373.381670	6	7	E-chr12R-6	E-chr14L-2	chr14L	11014	58387	58549	end
6991_day0_with_selection_repeat	6991	chr12R	SRR33298373.381670	7	7	E-chr12R-7	E-chr14L-2	chr14L	11014	58387	58549	end
6991_day0_with_selection_repeat	6991	chr12R	SRR33298373.834305	2	7	E-chr12R-2	E-chr14L-2	chr14L	11016	58386	58551	end
6991_day0_with_selection_repeat	6991	chr12R	SRR33298373.834305	3	7	E-chr12R-3	E-chr14L-2	chr14L	11016	58386	58551	end
6991_day0_with_selection_repeat	6991	chr12R	SRR33298373.834305	4	7	E-chr12R-4	E-chr14L-2	chr14L	11016	58386	58551	end
6991_day0_with_selection_repeat	6991	chr12R	SRR33298373.834305	5	7	E-chr12R-5	E-chr14L-2	chr14L	11016	58386	58551	end
6991_day0_with_selection_repeat	6991	chr12R	SRR33298373.834305	6	7	E-chr12R-6	E-chr14L-2	chr14L	11016	58386	58551	end
6991_day0_with_selection_repeat	6991	chr12R	SRR33298373.834305	7	7	E-chr12R-7	E-chr14L-2	chr14L	11016	58386	58551	end
6991_day0_with_selection_repeat	6991	chr12R	SRR33298373.418383	2	7	E-chr12R-2	E-chr14L-2	chr14L	11022	58417	58550	end
6991_day0_with_selection_repeat	6991	chr12R	SRR33298373.418383	3	7	E-chr12R-3	E-chr14L-2	chr14L	11022	58417	58550	end
6991_day0_with_selection_repeat	6991	chr12R	SRR33298373.418383	4	7	E-chr12R-4	E-chr14L-2	chr14L	11022	58417	58550	end
6991_day0_with_selection_repeat	6991	chr12R	SRR33298373.418383	5	7	E-chr12R-5	E-chr14L-2	chr14L	11022	58417	58550	end
6991_day0_with_selection_repeat	6991	chr12R	SRR33298373.418383	6	7	E-chr12R-6	E-chr14L-2	chr14L	11022	58417	58550	end
6991_day0_with_selection_repeat	6991	chr12R	SRR33298373.418383	7	7	E-chr12R-7	E-chr4R-7	chr4R	11022	58417	58550	end
6991_day0_with_selection_repeat	6991	chr12R	SRR33298373.222180	2	7	E-chr12R-2	E-chr4R-7	chr4R	184	47528	58542	beginning
6991_day0_with_selection_repeat	6991	chr12R	SRR33298373.222180	3	7	E-chr12R-3	E-chr4R-7	chr4R	184	47528	58542	beginning
6991_day0_with_selection_repeat	6991	chr12R	SRR33298373.222180	4	7	E-chr12R-4	E-chr14L-2	chr14L	184	47528	58542	beginning
6991_day0_with_selection_repeat	6991	chr12R	SRR33298373.222180	5	7	E-chr12R-5	E-chr4R-7	chr4R	184	47528	58542	beginning
6991_day0_with_selection_repeat	6991	chr12R	SRR33298373.222180	6	7	E-chr12R-6	E-chr4R-7	chr4R	184	47528	58542	beginning
6991_day0_with_selection_repeat	6991	chr12R	SRR33298373.222180	7	7	E-chr12R-7	E-chr4R-7	chr4R	184	47528	58542	beginning
6991_day0_with_selection_repeat	6991	chr12R	SRR33298373.48089	2	7	E-chr12R-2	E-chr4R-7	chr4R	120	47523	58526	beginning
6991_day0_with_selection_repeat	6991	chr12R	SRR33298373.48089	3	7	E-chr12R-3	E-chr4R-7	chr4R	120	47523	58526	beginning
6991_day0_with_selection_repeat	6991	chr12R	SRR33298373.48089	4	7	E-chr12R-4	E-chr4R-7	chr4R	120	47523	58526	beginning
6991_day0_with_selection_repeat	6991	chr12R	SRR33298373.48089	5	7	E-chr12R-5	E-chr4R-7	chr4R	120	47523	58526	beginning
6991_day0_with_selection_repeat	6991	chr12R	SRR33298373.48089	6	7	E-chr12R-6	E-chr4R-7	chr4R	120	47523	58526	beginning
6991_day0_with_selection_repeat	6991	chr12R	SRR33298373.48089	7	7	E-chr12R-7	E-chr4R-7	chr4R	120	47523	58526	beginning
6991_day0_with_selection_repeat	6991	chr12R	SRR33298373.674068	2	7	E-chr12R-2	E-chr14L-2	chr14L	11012	58426	58537	end
6991_day0_with_selection_repeat	6991	chr12R	SRR33298373.674068	3	7	E-chr12R-3	E-chr14L-2	chr14L	11012	58426	58537	end
6991_day0_with_selection_repeat	6991	chr12R	SRR33298373.674068	4	7	E-chr12R-4	E-chr14L-2	chr14L	11012	58426	58537	end
6991_day0_with_selection_repeat	6991	chr12R	SRR33298373.674068	5	7	E-chr12R-5	E-chr14L-2	chr14L	11012	58426	58537	end
6991_day0_with_selection_repeat	6991	chr12R	SRR33298373.674068	6	7	E-chr12R-6	E-chr14L-2	chr14L	11012	58426	58537	end
6991_day0_with_selection_repeat	6991	chr12R	SRR33298373.674068	7	7	E-chr12R-7	E-chr14L-2	chr14L	11012	58426	58537	end
6991_day0_with_selection_repeat	6991	chr12R	SRR33298373.421782	2	7	E-chr12R-2	E-chr14L-2	chr14L	11027	58424	58542	end
6991_day0_with_selection_repeat	6991	chr12R	SRR33298373.421782	3	7	E-chr12R-3	E-chr14L-2	chr14L	11027	58424	58542	end
6991_day0_with_selection_repeat	6991	chr12R	SRR33298373.421782	4	7	E-chr12R-4	E-chr14L-2	chr14L	11027	58424	58542	end
6991_day0_with_selection_repeat	6991	chr12R	SRR33298373.421782	5	7	E-chr12R-5	E-chr14L-2	chr14L	11027	58424	58542	end
6991_day0_with_selection_repeat	6991	chr12R	SRR33298373.421782	6	7	E-chr12R-6	E-chr14L-2	chr14L	11027	58424	58542	end
6991_day0_with_selection_repeat	6991	chr12R	SRR33298373.421782	7	7	E-chr12R-7	E-chr14L-2	chr14L	11027	58424	58542	end
6991_day0_with_selection_repeat	6991	chr12R	SRR33298373.1404310	2	7	E-chr12R-2	E-chr4R-7	chr4R	127	47558	58516	beginning
6991_day0_with_selection_repeat	6991	chr12R	SRR33298373.1404310	3	7	E-chr12R-3	E-chr4R-7	chr4R	127	47558	58516	beginning
6991_day0_with_selection_repeat	6991	chr12R	SRR33298373.1404310	4	7	E-chr12R-4	E-chr4R-7	chr4R	127	47558	58516	beginning
6991_day0_with_selection_repeat	6991	chr12R	SRR33298373.1404310	5	7	E-chr12R-5	E-chr14L-2	chr14L	127	47558	58516	beginning
6991_day0_with_selection_repeat	6991	chr12R	SRR33298373.1404310	6	7	E-chr12R-6	E-chr4R-7	chr4R	127	47558	58516	beginning
6991_day0_with_selection_repeat	6991	chr12R	SRR33298373.1404310	7	7	E-chr12R-7	E-chr4R-7	chr4R	127	47558	58516	beginning
6991_day0_with_selection_repeat	6991	chr12R	SRR33298373.746137	2	7	E-chr12R-2	E-chr4R-7	chr4R	194	47524	57445	beginning
6991_day0_with_selection_repeat	6991	chr12R	SRR33298373.746137	3	7	E-chr12R-3	E-chr4R-7	chr4R	194	47524	57445	beginning
6991_day0_with_selection_repeat	6991	chr12R	SRR33298373.746137	4	7	E-chr12R-4	E-chr4R-7	chr4R	194	47524	57445	beginning
6991_day0_with_selection_repeat	6991	chr12R	SRR33298373.746137	5	7	E-chr12R-5	E-chr4R-7	chr4R	194	47524	57445	beginning
6991_day0_with_selection_repeat	6991	chr12R	SRR33298373.746137	6	7	E-chr12R-6	E-chr4R-7	chr4R	194	47524	57445	beginning
6991_day0_with_selection_repeat	6991	chr12R	SRR33298373.746137	7	7	E-chr12R-7	E-chr4R-7	chr4R	194	47524	57445	beginning
6991_day0_with_selection_repeat	6991	chr12R	SRR33298373.558090	2	7	E-chr12R-2	E-chr4R-7	chr4R	147	47509	58515	beginning
6991_day0_with_selection_repeat	6991	chr12R	SRR33298373.558090	3	7	E-chr12R-3	E-chr4R-7	chr4R	147	47509	58515	beginning
6991_day0_with_selection_repeat	6991	chr12R	SRR33298373.558090	4	7	E-chr12R-4	E-chr4R-7	chr4R	147	47509	58515	beginning
6991_day0_with_selection_repeat	6991	chr12R	SRR33298373.558090	5	7	E-chr12R-5	E-chr4R-7	chr4R	147	47509	58515	beginning
6991_day0_with_selection_repeat	6991	chr12R	SRR33298373.558090	6	7	E-chr12R-6	E-chr4R-7	chr4R	147	47509	58515	beginning
6991_day0_with_selection_repeat	6991	chr12R	SRR33298373.558090	7	7	E-chr12R-7	E-chr4R-7	chr4R	147	47509	58515	beginning
6991_day0_with_selection_repeat	6991	chr12R	SRR33298373.168902	2	7	E-chr12R-2	E-chr4R-7	chr4R	131	47512	58511	beginning
6991_day0_with_selection_repeat	6991	chr12R	SRR33298373.168902	3	7	E-chr12R-3	E-chr4R-7	chr4R	131	47512	58511	beginning
6991_day0_with_selection_repeat	6991	chr12R	SRR33298373.168902	4	7	E-chr12R-4	E-chr4R-7	chr4R	131	47512	58511	beginning
6991_day0_with_selection_repeat	6991	chr12R	SRR33298373.168902	5	7	E-chr12R-5	E-chr4R-7	chr4R	131	47512	58511	beginning
6991_day0_with_selection_repeat	6991	chr12R	SRR33298373.168902	6	7	E-chr12R-6	E-chr4R-7	chr4R	131	47512	58511	beginning
6991_day0_with_selection_repeat	6991	chr12R	SRR33298373.168902	7	7	E-chr12R-7	E-chr4R-7	chr4R	131	47512	58511	beginning
6991_day0_with_selection_repeat	6991	chr12R	SRR33298373.1272465	2	7	E-chr12R-2	E-chr14L-2	chr14L	9557	56937	57053	end
6991_day0_with_selection_repeat	6991	chr12R	SRR33298373.1272465	3	7	E-chr12R-3	E-chr14L-2	chr14L	9557	56937	57053	end
6991_day0_with_selection_repeat	6991	chr12R	SRR33298373.1272465	4	7	E-chr12R-4	E-chr14L-2	chr14L	9557	56937	57053	end
6991_day0_with_selection_repeat	6991	chr12R	SRR33298373.1272465	5	7	E-chr12R-5	E-chr14L-2	chr14L	9557	56937	57053	end
6991_day0_with_selection_repeat	6991	chr12R	SRR33298373.1272465	6	7	E-chr12R-6	E-chr14L-2	chr14L	9557	56937	57053	end
6991_day0_with_selection_repeat	6991	chr12R	SRR33298373.1272465	7	7	E-chr12R-7	E-chr14L-2	chr14L	9557	56937	57053	end
6991_day0_with_selection_repeat	6991	chr12R	SRR33298373.844343	2	7	E-chr12R-2	E-chr14L-2	chr14L	9995	57406	57484	end
6991_day0_with_selection_repeat	6991	chr12R	SRR33298373.844343	3	7	E-chr12R-3	E-chr14L-2	chr14L	9995	57406	57484	end
6991_day0_with_selection_repeat	6991	chr12R	SRR33298373.844343	4	7	E-chr12R-4	E-chr14L-2	chr14L	9995	57406	57484	end
6991_day0_with_selection_repeat	6991	chr12R	SRR33298373.844343	5	7	E-chr12R-5	E-chr14L-2	chr14L	9995	57406	57484	end
6991_day0_with_selection_repeat	6991	chr12R	SRR33298373.844343	6	7	E-chr12R-6	E-chr14L-2	chr14L	9995	57406	57484	end
6991_day0_with_selection_repeat	6991	chr12R	SRR33298373.844343	7	7	E-chr12R-7	E-chr14L-2	chr14L	9995	57406	57484	end
6991_day0_with_selection_repeat	6991	chr12R	SRR33298373.1525483	2	7	E-chr12R-2	E-chr14L-2	chr14L	11005	58403	58504	end
6991_day0_with_selection_repeat	6991	chr12R	SRR33298373.1525483	3	7	E-chr12R-3	E-chr14L-2	chr14L	11005	58403	58504	end
6991_day0_with_selection_repeat	6991	chr12R	SRR33298373.1525483	4	7	E-chr12R-4	E-chr14L-2	chr14L	11005	58403	58504	end
6991_day0_with_selection_repeat	6991	chr12R	SRR33298373.1525483	5	7	E-chr12R-5	E-chr14L-2	chr14L	11005	58403	58504	end
6991_day0_with_selection_repeat	6991	chr12R	SRR33298373.1525483	6	7	E-chr12R-6	E-chr14L-2	chr14L	11005	58403	58504	end
6991_day0_with_selection_repeat	6991	chr12R	SRR33298373.1525483	7	7	E-chr12R-7	E-chr14L-2	chr14L	11005	58403	58504	end
6991_day0_with_selection_repeat	6991	chr12R	SRR33298373.1089246	2	7	E-chr12R-2	E-chr14L-2	chr14L	8793	56178	56314	end
6991_day0_with_selection_repeat	6991	chr12R	SRR33298373.1089246	3	7	E-chr12R-3	E-chr14L-2	chr14L	8793	56178	56314	end
6991_day0_with_selection_repeat	6991	chr12R	SRR33298373.1089246	4	7	E-chr12R-4	E-chr4R-7	chr4R	8793	56178	56314	end
6991_day0_with_selection_repeat	6991	chr12R	SRR33298373.1089246	5	7	E-chr12R-5	E-chr14L-2	chr14L	8793	56178	56314	end
6991_day0_with_selection_repeat	6991	chr12R	SRR33298373.1089246	6	7	E-chr12R-6	E-chr14L-2	chr14L	8793	56178	56314	end
6991_day0_with_selection_repeat	6991	chr12R	SRR33298373.1089246	7	7	E-chr12R-7	E-chr14L-2	chr14L	8793	56178	56314	end
6991_day0_with_selection_repeat	6991	chr12R	SRR33298373.686034	2	7	E-chr12R-2	E-chr14L-2	chr14L	11013	58385	58505	end
6991_day0_with_selection_repeat	6991	chr12R	SRR33298373.686034	3	7	E-chr12R-3	E-chr14L-2	chr14L	11013	58385	58505	end
6991_day0_with_selection_repeat	6991	chr12R	SRR33298373.686034	4	7	E-chr12R-4	E-chr4R-7	chr4R	11013	58385	58505	end
6991_day0_with_selection_repeat	6991	chr12R	SRR33298373.686034	5	7	E-chr12R-5	E-chr14L-2	chr14L	11013	58385	58505	end
6991_day0_with_selection_repeat	6991	chr12R	SRR33298373.686034	6	7	E-chr12R-6	E-chr14L-2	chr14L	11013	58385	58505	end
6991_day0_with_selection_repeat	6991	chr12R	SRR33298373.686034	7	7	E-chr12R-7	E-chr14L-2	chr14L	11013	58385	58505	end
6991_day0_with_selection_repeat	6991	chr12R	SRR33298373.932349	2	7	E-chr12R-2	E-chr4R-7	chr4R	140	47503	58509	beginning
6991_day0_with_selection_repeat	6991	chr12R	SRR33298373.932349	3	7	E-chr12R-3	E-chr4R-7	chr4R	140	47503	58509	beginning
6991_day0_with_selection_repeat	6991	chr12R	SRR33298373.932349	4	7	E-chr12R-4	E-chr4R-7	chr4R	140	47503	58509	beginning
6991_day0_with_selection_repeat	6991	chr12R	SRR33298373.932349	5	7	E-chr12R-5	E-chr4R-7	chr4R	140	47503	58509	beginning
6991_day0_with_selection_repeat	6991	chr12R	SRR33298373.932349	6	7	E-chr12R-6	E-chr4R-7	chr4R	140	47503	58509	beginning
6991_day0_with_selection_repeat	6991	chr12R	SRR33298373.932349	7	7	E-chr12R-7	E-chr4R-7	chr4R	140	47503	58509	beginning
6991_day0_with_selection_repeat	6991	chr12R	SRR33298373.613045	2	7	E-chr12R-2	E-chr14L-2	chr14L	11012	58370	58499	end
6991_day0_with_selection_repeat	6991	chr12R	SRR33298373.613045	3	7	E-chr12R-3	E-chr4R-7	chr4R	11012	58370	58499	end
6991_day0_with_selection_repeat	6991	chr12R	SRR33298373.613045	4	7	E-chr12R-4	E-chr14L-2	chr14L	11012	58370	58499	end
6991_day0_with_selection_repeat	6991	chr12R	SRR33298373.613045	5	7	E-chr12R-5	E-chr14L-2	chr14L	11012	58370	58499	end
6991_day0_with_selection_repeat	6991	chr12R	SRR33298373.613045	6	7	E-chr12R-6	E-chr14L-2	chr14L	11012	58370	58499	end
6991_day0_with_selection_repeat	6991	chr12R	SRR33298373.613045	7	7	E-chr12R-7	E-chr14L-2	chr14L	11012	58370	58499	end
6991_day0_with_selection_repeat	6991	chr12R	SRR33298373.422102	2	7	E-chr12R-2	E-chr4R-7	chr4R	114	47481	58492	beginning
6991_day0_with_selection_repeat	6991	chr12R	SRR33298373.422102	3	7	E-chr12R-3	E-chr14L-2	chr14L	114	47481	58492	beginning
6991_day0_with_selection_repeat	6991	chr12R	SRR33298373.422102	4	7	E-chr12R-4	E-chr4R-7	chr4R	114	47481	58492	beginning
6991_day0_with_selection_repeat	6991	chr12R	SRR33298373.422102	5	7	E-chr12R-5	E-chr4R-7	chr4R	114	47481	58492	beginning
6991_day0_with_selection_repeat	6991	chr12R	SRR33298373.422102	6	7	E-chr12R-6	E-chr4R-7	chr4R	114	47481	58492	beginning
6991_day0_with_selection_repeat	6991	chr12R	SRR33298373.422102	7	7	E-chr12R-7	E-chr4R-7	chr4R	114	47481	58492	beginning
6991_day0_with_selection_repeat	6991	chr12R	SRR33298373.623850	2	7	E-chr12R-2	E-chr14L-2	chr14L	10987	58331	58479	end
6991_day0_with_selection_repeat	6991	chr12R	SRR33298373.623850	3	7	E-chr12R-3	E-chr14L-2	chr14L	10987	58331	58479	end
6991_day0_with_selection_repeat	6991	chr12R	SRR33298373.623850	4	7	E-chr12R-4	E-chr14L-2	chr14L	10987	58331	58479	end
6991_day0_with_selection_repeat	6991	chr12R	SRR33298373.623850	5	7	E-chr12R-5	E-chr14L-2	chr14L	10987	58331	58479	end
6991_day0_with_selection_repeat	6991	chr12R	SRR33298373.623850	6	7	E-chr12R-6	E-chr14L-2	chr14L	10987	58331	58479	end
6991_day0_with_selection_repeat	6991	chr12R	SRR33298373.623850	7	7	E-chr12R-7	E-chr14L-2	chr14L	10987	58331	58479	end
6991_day0_with_selection_repeat	6991	chr12R	SRR33298373.1110525	2	7	E-chr12R-2	E-chr4R-7	chr4R	138	47490	58479	beginning
6991_day0_with_selection_repeat	6991	chr12R	SRR33298373.1110525	3	7	E-chr12R-3	E-chr4R-7	chr4R	138	47490	58479	beginning
6991_day0_with_selection_repeat	6991	chr12R	SRR33298373.1110525	4	7	E-chr12R-4	E-chr4R-7	chr4R	138	47490	58479	beginning
6991_day0_with_selection_repeat	6991	chr12R	SRR33298373.1110525	5	7	E-chr12R-5	E-chr4R-7	chr4R	138	47490	58479	beginning
6991_day0_with_selection_repeat	6991	chr12R	SRR33298373.1110525	6	7	E-chr12R-6	E-chr4R-7	chr4R	138	47490	58479	beginning
6991_day0_with_selection_repeat	6991	chr12R	SRR33298373.1110525	7	7	E-chr12R-7	E-chr4R-7	chr4R	138	47490	58479	beginning
6991_day0_with_selection_repeat	6991	chr12R	SRR33298373.421064	2	7	E-chr12R-2	E-chr14L-2	chr14L	127	47453	58456	beginning
6991_day0_with_selection_repeat	6991	chr12R	SRR33298373.421064	3	7	E-chr12R-3	E-chr14L-2	chr14L	127	47453	58456	beginning
6991_day0_with_selection_repeat	6991	chr12R	SRR33298373.421064	4	7	E-chr12R-4	E-chr14L-2	chr14L	127	47453	58456	beginning
6991_day0_with_selection_repeat	6991	chr12R	SRR33298373.421064	5	7	E-chr12R-5	E-chr14L-2	chr14L	127	47453	58456	beginning
6991_day0_with_selection_repeat	6991	chr12R	SRR33298373.421064	6	7	E-chr12R-6	E-chr4R-7	chr4R	127	47453	58456	beginning
6991_day0_with_selection_repeat	6991	chr12R	SRR33298373.421064	7	7	E-chr12R-7	E-chr4R-7	chr4R	127	47453	58456	beginning
6991_day0_with_selection_repeat	6991	chr12R	SRR33298373.479587	2	7	E-chr12R-2	E-chr4R-7	chr4R	125	47436	58472	beginning
6991_day0_with_selection_repeat	6991	chr12R	SRR33298373.479587	3	7	E-chr12R-3	E-chr4R-7	chr4R	125	47436	58472	beginning
6991_day0_with_selection_repeat	6991	chr12R	SRR33298373.479587	4	7	E-chr12R-4	E-chr4R-7	chr4R	125	47436	58472	beginning
6991_day0_with_selection_repeat	6991	chr12R	SRR33298373.479587	5	7	E-chr12R-5	E-chr4R-7	chr4R	125	47436	58472	beginning
6991_day0_with_selection_repeat	6991	chr12R	SRR33298373.479587	6	7	E-chr12R-6	E-chr4R-7	chr4R	125	47436	58472	beginning
6991_day0_with_selection_repeat	6991	chr12R	SRR33298373.479587	7	7	E-chr12R-7	E-chr4R-7	chr4R	125	47436	58472	beginning
6991_day0_with_selection_repeat	6991	chr12R	SRR33298373.1441956	2	7	E-chr12R-2	E-chr14L-2	chr14L	173	47417	58436	beginning
6991_day0_with_selection_repeat	6991	chr12R	SRR33298373.1441956	3	7	E-chr12R-3	E-chr4R-7	chr4R	173	47417	58436	beginning
6991_day0_with_selection_repeat	6991	chr12R	SRR33298373.1441956	4	7	E-chr12R-4	E-chr4R-7	chr4R	173	47417	58436	beginning
6991_day0_with_selection_repeat	6991	chr12R	SRR33298373.1441956	5	7	E-chr12R-5	E-chr4R-7	chr4R	173	47417	58436	beginning
6991_day0_with_selection_repeat	6991	chr12R	SRR33298373.1441956	6	7	E-chr12R-6	E-chr4R-7	chr4R	173	47417	58436	beginning
6991_day0_with_selection_repeat	6991	chr12R	SRR33298373.1441956	7	7	E-chr12R-7	E-chr4R-7	chr4R	173	47417	58436	beginning
6991_day0_with_selection_repeat	6991	chr12R	SRR33298373.1080211	2	7	E-chr12R-2	E-chr14L-2	chr14L	10996	58282	58411	end
6991_day0_with_selection_repeat	6991	chr12R	SRR33298373.1080211	3	7	E-chr12R-3	E-chr14L-2	chr14L	10996	58282	58411	end
6991_day0_with_selection_repeat	6991	chr12R	SRR33298373.1080211	4	7	E-chr12R-4	E-chr14L-2	chr14L	10996	58282	58411	end
6991_day0_with_selection_repeat	6991	chr12R	SRR33298373.1080211	5	7	E-chr12R-5	E-chr4R-7	chr4R	10996	58282	58411	end
6991_day0_with_selection_repeat	6991	chr12R	SRR33298373.1080211	6	7	E-chr12R-6	E-chr14L-2	chr14L	10996	58282	58411	end
6991_day0_with_selection_repeat	6991	chr12R	SRR33298373.1080211	7	7	E-chr12R-7	E-chr14L-2	chr14L	10996	58282	58411	end
6991_day0_with_selection_repeat	6991	chr12R	SRR33298373.1269057	2	7	E-chr12R-2	E-chr4R-7	chr4R	139	47349	56611	beginning
6991_day0_with_selection_repeat	6991	chr12R	SRR33298373.1269057	3	7	E-chr12R-3	E-chr4R-7	chr4R	139	47349	56611	beginning
6991_day0_with_selection_repeat	6991	chr12R	SRR33298373.1269057	4	7	E-chr12R-4	E-chr4R-7	chr4R	139	47349	56611	beginning
6991_day0_with_selection_repeat	6991	chr12R	SRR33298373.1269057	5	7	E-chr12R-5	E-chr4R-7	chr4R	139	47349	56611	beginning
6991_day0_with_selection_repeat	6991	chr12R	SRR33298373.1269057	6	7	E-chr12R-6	E-chr4R-7	chr4R	139	47349	56611	beginning
6991_day0_with_selection_repeat	6991	chr12R	SRR33298373.1269057	7	7	E-chr12R-7	E-chr4R-7	chr4R	139	47349	56611	beginning
6991_day0_with_selection_repeat	6991	chr12R	SRR33298373.1110214	2	7	E-chr12R-2	E-chr14L-2	chr14L	11012	58222	58328	end
6991_day0_with_selection_repeat	6991	chr12R	SRR33298373.1110214	3	7	E-chr12R-3	E-chr14L-2	chr14L	11012	58222	58328	end
6991_day0_with_selection_repeat	6991	chr12R	SRR33298373.1110214	4	7	E-chr12R-4	E-chr14L-2	chr14L	11012	58222	58328	end
6991_day0_with_selection_repeat	6991	chr12R	SRR33298373.1110214	5	7	E-chr12R-5	E-chr14L-2	chr14L	11012	58222	58328	end
6991_day0_with_selection_repeat	6991	chr12R	SRR33298373.1110214	6	7	E-chr12R-6	E-chr14L-2	chr14L	11012	58222	58328	end
6991_day0_with_selection_repeat	6991	chr12R	SRR33298373.1110214	7	7	E-chr12R-7	E-chr14L-2	chr14L	11012	58222	58328	end
6991_day0_with_selection_repeat	6991	chr13L	SRR33298373.896473	1	1	E-chr13L-1	E-chr6L-1	chr6L	247	6212	16543	beginning
6991_day0_with_selection_repeat	6991	chr13L	SRR33298373.1068481	1	1	E-chr13L-1	E-chr6L-1	chr6L	207	6182	16491	beginning
6991_day0_with_selection_repeat	6991	chr13L	SRR33298373.1520960	1	1	E-chr13L-1	E-chr2L-1	chr2L	212	6183	16484	beginning
6991_day0_with_selection_repeat	6991	chr13L	SRR33298373.107087	1	1	E-chr13L-1	E-chr6L-1	chr6L	187	6156	16472	beginning
6991_day0_with_selection_repeat	6991	chr13L	SRR33298373.1079946	1	1	E-chr13L-1	E-chr6L-1	chr6L	184	6156	16480	beginning
6991_day0_with_selection_repeat	6991	chr13L	SRR33298373.8939	1	1	E-chr13L-1	E-chr2L-1	chr2L	10311	16282	16464	end
6991_day0_with_selection_repeat	6991	chr13L	SRR33298373.46529	1	1	E-chr13L-1	E-chr6L-1	chr6L	10322	16294	16459	end
6991_day0_with_selection_repeat	6991	chr13L	SRR33298373.797552	1	1	E-chr13L-1	E-chr6L-1	chr6L	10270	16235	16333	end
6991_day0_with_selection_repeat	6991	chr13L	SRR33298373.677153	1	1	E-chr13L-1	E-chr8L-1	chr8L	221	5282	15332	beginning
6991_day0_with_selection_repeat	6991	chr14L	SRR33298373.632444	2	5	E-chr14L-2	E-chr4R-7	chr4R	178	30607	47581	beginning
6991_day0_with_selection_repeat	6991	chr14L	SRR33298373.920216	2	5	E-chr14L-2	E-chr4R-7	chr4R	128	31425	46769	beginning
6991_day0_with_selection_repeat	6991	chr14L	SRR33298373.1173442	2	5	E-chr14L-2	E-chr4R-7	chr4R	217	31383	46716	beginning
6991_day0_with_selection_repeat	6991	chr14L	SRR33298373.350863	2	5	E-chr14L-2	E-chr4R-7	chr4R	180	30595	46715	beginning
6991_day0_with_selection_repeat	6991	chr14L	SRR33298373.1338858	2	5	E-chr14L-2	E-chr4R-7	chr4R	231	30828	46149	beginning
6991_day0_with_selection_repeat	6991	chr14L	SRR33298373.413849	2	5	E-chr14L-2	E-chr4R-7	chr4R	342	30776	46106	beginning
6991_day0_with_selection_repeat	6991	chr14L	SRR33298373.1002895	2	5	E-chr14L-2	E-chr4R-7	chr4R	306	30778	46100	beginning
6991_day0_with_selection_repeat	6991	chr14L	SRR33298373.453063	2	5	E-chr14L-2	E-chr4R-7	chr4R	243	30731	46074	beginning
6991_day0_with_selection_repeat	6991	chr14L	SRR33298373.1032466	2	5	E-chr14L-2	E-chr4R-7	chr4R	270	30714	46047	beginning
6991_day0_with_selection_repeat	6991	chr14L	SRR33298373.16644	2	5	E-chr14L-2	E-chr4R-7	chr4R	243	30697	46023	beginning
6991_day0_with_selection_repeat	6991	chr14L	SRR33298373.1388795	2	5	E-chr14L-2	E-chr4R-7	chr4R	253	30692	46027	beginning
6991_day0_with_selection_repeat	6991	chr14L	SRR33298373.729457	2	5	E-chr14L-2	E-chr4R-7	chr4R	235	30696	46025	beginning
6991_day0_with_selection_repeat	6991	chr14L	SRR33298373.374354	2	5	E-chr14L-2	E-chr4R-7	chr4R	245	30696	46019	beginning
6991_day0_with_selection_repeat	6991	chr14L	SRR33298373.902505	2	5	E-chr14L-2	E-chr4R-7	chr4R	286	30702	46008	beginning
6991_day0_with_selection_repeat	6991	chr14L	SRR33298373.308009	2	5	E-chr14L-2	E-chr4R-7	chr4R	244	30672	46007	beginning
6991_day0_with_selection_repeat	6991	chr14L	SRR33298373.758804	2	5	E-chr14L-2	E-chr4R-7	chr4R	228	30675	46008	beginning
6991_day0_with_selection_repeat	6991	chr14L	SRR33298373.884933	2	5	E-chr14L-2	E-chr4R-7	chr4R	245	30682	46005	beginning
6991_day0_with_selection_repeat	6991	chr14L	SRR33298373.991313	2	5	E-chr14L-2	E-chr4R-7	chr4R	216	30665	45989	beginning
6991_day0_with_selection_repeat	6991	chr14L	SRR33298373.1115420	2	5	E-chr14L-2	E-chr4R-7	chr4R	225	30660	45994	beginning
6991_day0_with_selection_repeat	6991	chr14L	SRR33298373.656833	2	5	E-chr14L-2	E-chr4R-7	chr4R	224	30656	46001	beginning
6991_day0_with_selection_repeat	6991	chr14L	SRR33298373.650824	2	5	E-chr14L-2	E-chr4R-7	chr4R	211	30658	45987	beginning
6991_day0_with_selection_repeat	6991	chr14L	SRR33298373.171337	2	5	E-chr14L-2	E-chr4R-7	chr4R	204	30655	45993	beginning
6991_day0_with_selection_repeat	6991	chr14L	SRR33298373.1079864	2	5	E-chr14L-2	E-chr4R-7	chr4R	207	30649	45981	beginning
6991_day0_with_selection_repeat	6991	chr14L	SRR33298373.9639	2	5	E-chr14L-2	E-chr4R-7	chr4R	190	30645	45970	beginning
6991_day0_with_selection_repeat	6991	chr14L	SRR33298373.1110058	2	5	E-chr14L-2	E-chr4R-7	chr4R	189	30649	45981	beginning
6991_day0_with_selection_repeat	6991	chr14L	SRR33298373.1087950	2	5	E-chr14L-2	E-chr4R-7	chr4R	244	30669	45969	beginning
6991_day0_with_selection_repeat	6991	chr14L	SRR33298373.1043143	2	5	E-chr14L-2	E-chr4R-7	chr4R	276	30651	45976	beginning
6991_day0_with_selection_repeat	6991	chr14L	SRR33298373.234885	2	5	E-chr14L-2	E-chr4R-7	chr4R	217	30687	45975	beginning
6991_day0_with_selection_repeat	6991	chr14L	SRR33298373.1504856	2	5	E-chr14L-2	E-chr4R-7	chr4R	199	30630	45971	beginning
6991_day0_with_selection_repeat	6991	chr14L	SRR33298373.1110204	2	5	E-chr14L-2	E-chr4R-7	chr4R	170	30630	45972	beginning
6991_day0_with_selection_repeat	6991	chr14L	SRR33298373.195424	2	5	E-chr14L-2	E-chr4R-7	chr4R	180	30637	45966	beginning
6991_day0_with_selection_repeat	6991	chr14L	SRR33298373.677183	2	5	E-chr14L-2	E-chr4R-7	chr4R	218	30642	45956	beginning
6991_day0_with_selection_repeat	6991	chr14L	SRR33298373.201182	2	5	E-chr14L-2	E-chr4R-7	chr4R	15336	45780	45967	end
6991_day0_with_selection_repeat	6991	chr14L	SRR33298373.508413	2	5	E-chr14L-2	E-chr4R-7	chr4R	197	30635	45963	beginning
6991_day0_with_selection_repeat	6991	chr14L	SRR33298373.659742	2	5	E-chr14L-2	E-chr4R-7	chr4R	163	30631	45956	beginning
6991_day0_with_selection_repeat	6991	chr14L	SRR33298373.453008	2	5	E-chr14L-2	E-chr4R-7	chr4R	188	30636	45964	beginning
6991_day0_with_selection_repeat	6991	chr14L	SRR33298373.727224	2	5	E-chr14L-2	E-chr4R-7	chr4R	175	30624	45962	beginning
6991_day0_with_selection_repeat	6991	chr14L	SRR33298373.408970	2	5	E-chr14L-2	E-chr4R-7	chr4R	230	30646	44997	beginning
6991_day0_with_selection_repeat	6991	chr14L	SRR33298373.991362	2	5	E-chr14L-2	E-chr4R-7	chr4R	231	30632	45966	beginning
6991_day0_with_selection_repeat	6991	chr14L	SRR33298373.1043464	2	5	E-chr14L-2	E-chr4R-7	chr4R	185	30615	45953	beginning
6991_day0_with_selection_repeat	6991	chr14L	SRR33298373.1173698	2	5	E-chr14L-2	E-chr4R-7	chr4R	182	30617	45962	beginning
6991_day0_with_selection_repeat	6991	chr14L	SRR33298373.610539	2	5	E-chr14L-2	E-chr4R-7	chr4R	182	30634	45955	beginning
6991_day0_with_selection_repeat	6991	chr14L	SRR33298373.1257206	2	5	E-chr14L-2	E-chr4R-7	chr4R	157	30616	45947	beginning
6991_day0_with_selection_repeat	6991	chr14L	SRR33298373.1524765	2	5	E-chr14L-2	E-chr4R-7	chr4R	173	30615	45950	beginning
6991_day0_with_selection_repeat	6991	chr14L	SRR33298373.516405	2	5	E-chr14L-2	E-chr4R-7	chr4R	191	30615	45944	beginning
6991_day0_with_selection_repeat	6991	chr14L	SRR33298373.502617	2	5	E-chr14L-2	E-chr4R-7	chr4R	181	30616	43883	beginning
6991_day0_with_selection_repeat	6991	chr14L	SRR33298373.1075443	2	5	E-chr14L-2	E-chr4R-7	chr4R	159	30609	45947	beginning
6991_day0_with_selection_repeat	6991	chr14L	SRR33298373.621626	2	5	E-chr14L-2	E-chr4R-7	chr4R	182	30620	45600	beginning
6991_day0_with_selection_repeat	6991	chr14L	SRR33298373.671920	2	5	E-chr14L-2	E-chr4R-7	chr4R	217	30605	45930	beginning
6991_day0_with_selection_repeat	6991	chr14L	SRR33298373.972077	2	5	E-chr14L-2	E-chr4R-7	chr4R	15343	45809	45932	end
6991_day0_with_selection_repeat	6991	chr14L	SRR33298373.1457479	2	5	E-chr14L-2	E-chr4R-7	chr4R	187	30599	45931	beginning
6991_day0_with_selection_repeat	6991	chr14L	SRR33298373.350991	2	5	E-chr14L-2	E-chr4R-7	chr4R	158	30596	45934	beginning
6991_day0_with_selection_repeat	6991	chr14L	SRR33298373.388215	2	5	E-chr14L-2	E-chr4R-7	chr4R	160	30582	45934	beginning
6991_day0_with_selection_repeat	6991	chr14L	SRR33298373.916800	2	5	E-chr14L-2	E-chr4R-7	chr4R	191	30645	45929	beginning
6991_day0_with_selection_repeat	6991	chr14L	SRR33298373.613225	2	5	E-chr14L-2	E-chr4R-7	chr4R	149	30597	45919	beginning
6991_day0_with_selection_repeat	6991	chr14L	SRR33298373.991388	2	5	E-chr14L-2	E-chr4R-7	chr4R	166	30599	45914	beginning
6991_day0_with_selection_repeat	6991	chr14L	SRR33298373.452676	2	5	E-chr14L-2	E-chr4R-7	chr4R	160	30608	45924	beginning
6991_day0_with_selection_repeat	6991	chr14L	SRR33298373.918899	2	5	E-chr14L-2	E-chr4R-7	chr4R	166	30601	45926	beginning
6991_day0_with_selection_repeat	6991	chr14L	SRR33298373.294575	2	5	E-chr14L-2	E-chr4R-7	chr4R	167	30588	45917	beginning
6991_day0_with_selection_repeat	6991	chr14L	SRR33298373.1425676	2	5	E-chr14L-2	E-chr4R-7	chr4R	194	30588	45925	beginning
6991_day0_with_selection_repeat	6991	chr14L	SRR33298373.327592	2	5	E-chr14L-2	E-chr4R-7	chr4R	15367	45788	45935	end
6991_day0_with_selection_repeat	6991	chr14L	SRR33298373.283976	2	5	E-chr14L-2	E-chr4R-7	chr4R	151	30582	45910	beginning
6991_day0_with_selection_repeat	6991	chr14L	SRR33298373.509452	2	5	E-chr14L-2	E-chr4R-7	chr4R	147	30591	45921	beginning
6991_day0_with_selection_repeat	6991	chr14L	SRR33298373.372751	2	5	E-chr14L-2	E-chr4R-7	chr4R	137	30584	45922	beginning
6991_day0_with_selection_repeat	6991	chr14L	SRR33298373.421133	2	5	E-chr14L-2	E-chr4R-7	chr4R	228	30641	45903	beginning
6991_day0_with_selection_repeat	6991	chr14L	SRR33298373.607701	2	5	E-chr14L-2	E-chr4R-7	chr4R	126	30587	45908	beginning
6991_day0_with_selection_repeat	6991	chr14L	SRR33298373.341566	2	5	E-chr14L-2	E-chr4R-7	chr4R	157	30584	45919	beginning
6991_day0_with_selection_repeat	6991	chr14L	SRR33298373.50556	2	5	E-chr14L-2	E-chr4R-7	chr4R	140	30582	45917	beginning
6991_day0_with_selection_repeat	6991	chr14L	SRR33298373.475477	2	5	E-chr14L-2	E-chr4R-7	chr4R	140	30585	45923	beginning
6991_day0_with_selection_repeat	6991	chr14L	SRR33298373.403765	2	5	E-chr14L-2	E-chr4R-7	chr4R	135	30576	45917	beginning
6991_day0_with_selection_repeat	6991	chr14L	SRR33298373.992728	2	5	E-chr14L-2	E-chr4R-7	chr4R	127	30567	44992	beginning
6991_day0_with_selection_repeat	6991	chr14L	SRR33298373.421976	2	5	E-chr14L-2	E-chr4R-7	chr4R	146	30587	45909	beginning
6991_day0_with_selection_repeat	6991	chr14L	SRR33298373.623917	2	5	E-chr14L-2	E-chr4R-7	chr4R	157	30571	45925	beginning
6991_day0_with_selection_repeat	6991	chr14L	SRR33298373.573507	2	5	E-chr14L-2	E-chr4R-7	chr4R	142	30584	45907	beginning
6991_day0_with_selection_repeat	6991	chr14L	SRR33298373.1090207	2	5	E-chr14L-2	E-chr4R-7	chr4R	129	30562	45891	beginning
6991_day0_with_selection_repeat	6991	chr14L	SRR33298373.1455650	2	5	E-chr14L-2	E-chr4R-7	chr4R	135	30565	44428	beginning
6991_day0_with_selection_repeat	6991	chr14L	SRR33298373.447359	2	5	E-chr14L-2	E-chr4R-7	chr4R	139	30581	45901	beginning
6991_day0_with_selection_repeat	6991	chr14L	SRR33298373.460789	2	5	E-chr14L-2	E-chr4R-7	chr4R	154	30567	45901	beginning
6991_day0_with_selection_repeat	6991	chr14L	SRR33298373.622661	2	5	E-chr14L-2	E-chr4R-7	chr4R	144	30584	45899	beginning
6991_day0_with_selection_repeat	6991	chr14L	SRR33298373.543809	2	5	E-chr14L-2	E-chr4R-7	chr4R	134	30573	45896	beginning
6991_day0_with_selection_repeat	6991	chr14L	SRR33298373.1054781	2	5	E-chr14L-2	E-chr4R-7	chr4R	178	30576	45349	beginning
6991_day0_with_selection_repeat	6991	chr14L	SRR33298373.445015	2	5	E-chr14L-2	E-chr4R-7	chr4R	153	30561	45234	beginning
6991_day0_with_selection_repeat	6991	chr14L	SRR33298373.575623	2	5	E-chr14L-2	E-chr4R-7	chr4R	101	30550	45888	beginning
6991_day0_with_selection_repeat	6991	chr14L	SRR33298373.647660	2	5	E-chr14L-2	E-chr4R-7	chr4R	114	30555	45885	beginning
6991_day0_with_selection_repeat	6991	chr14L	SRR33298373.645144	2	5	E-chr14L-2	E-chr4R-7	chr4R	124	30561	45875	beginning
6991_day0_with_selection_repeat	6991	chr14L	SRR33298373.285677	2	5	E-chr14L-2	E-chr4R-7	chr4R	122	30556	45886	beginning
6991_day0_with_selection_repeat	6991	chr14L	SRR33298373.607554	2	5	E-chr14L-2	E-chr4R-7	chr4R	160	30575	45872	beginning
6991_day0_with_selection_repeat	6991	chr14L	SRR33298373.1047439	2	5	E-chr14L-2	E-chr4R-7	chr4R	101	30549	45882	beginning
6991_day0_with_selection_repeat	6991	chr14L	SRR33298373.658044	2	5	E-chr14L-2	E-chr4R-7	chr4R	171	30566	45869	beginning
6991_day0_with_selection_repeat	6991	chr14L	SRR33298373.918990	2	5	E-chr14L-2	E-chr4R-7	chr4R	189	30533	45863	beginning
6991_day0_with_selection_repeat	6991	chr14L	SRR33298373.402716	2	5	E-chr14L-2	E-chr4R-7	chr4R	142	30541	45860	beginning
6991_day0_with_selection_repeat	6991	chr14L	SRR33298373.516602	2	5	E-chr14L-2	E-chr4R-7	chr4R	127	30550	45856	beginning
6991_day0_with_selection_repeat	6991	chr14L	SRR33298373.296318	2	5	E-chr14L-2	E-chr4R-7	chr4R	154	30534	45858	beginning
6991_day0_with_selection_repeat	6991	chr14L	SRR33298373.807385	2	5	E-chr14L-2	E-chr4R-7	chr4R	209	30551	45838	beginning
6991_day0_with_selection_repeat	6991	chr14L	SRR33298373.173525	2	5	E-chr14L-2	E-chr4R-7	chr4R	119	30528	43550	beginning
6991_day0_with_selection_repeat	6991	chr14L	SRR33298373.1084763	2	5	E-chr14L-2	E-chr4R-7	chr4R	119	30527	45837	beginning
6991_day0_with_selection_repeat	6991	chr14L	SRR33298373.1385151	2	5	E-chr14L-2	E-chr4R-7	chr4R	86	30495	45820	beginning
6991_day0_with_selection_repeat	6991	chr14L	SRR33298373.490623	2	5	E-chr14L-2	E-chr4R-7	chr4R	198	30544	45807	beginning
6991_day0_with_selection_repeat	6991	chr14L	SRR33298373.732702	2	5	E-chr14L-2	E-chr4R-7	chr4R	121	30519	45820	beginning
6991_day0_with_selection_repeat	6991	chr14L	SRR33298373.1239275	2	5	E-chr14L-2	E-chr4R-7	chr4R	65	30488	45804	beginning
6991_day0_with_selection_repeat	6991	chr14L	SRR33298373.686347	2	5	E-chr14L-2	E-chr4R-7	chr4R	212	30494	45772	beginning
6991_day0_with_selection_repeat	6991	chr14L	SRR33298373.833340	2	5	E-chr14L-2	E-chr4R-7	chr4R	179	30481	45799	beginning
6991_day0_with_selection_repeat	6991	chr14L	SRR33298373.436838	2	5	E-chr14L-2	E-chr4R-5	chr4R	15328	45698	45808	end
6991_day0_with_selection_repeat	6991	chr14L	SRR33298373.51192	2	5	E-chr14L-2	E-chr4R-7	chr4R	174	30505	45037	beginning
6991_day0_with_selection_repeat	6991	chr14L	SRR33298373.659525	2	5	E-chr14L-2	E-chr4R-7	chr4R	172	30615	45798	beginning
6991_day0_with_selection_repeat	6991	chr14L	SRR33298373.1137820	2	5	E-chr14L-2	E-chr4R-7	chr4R	181	30573	45771	beginning
6991_day0_with_selection_repeat	6991	chr14L	SRR33298373.945684	2	5	E-chr14L-2	E-chr4R-7	chr4R	217	30523	45744	beginning
6991_day0_with_selection_repeat	6991	chr14L	SRR33298373.892298	2	5	E-chr14L-2	E-chr4R-7	chr4R	13761	43389	43554	end
6991_day0_with_selection_repeat	6991	chr14R	SRR33298373.897522	1	1	E-chr14R-1	E-chr9L-1	chr9L	8375	15456	15646	end
6991_day0_with_selection_repeat	6991	chr14R	SRR33298373.1266643	1	1	E-chr14R-1	E-chr14L-1	chr14L	9169	15784	15973	end
6991_day0_with_selection_repeat	6991	chr14R	SRR33298373.942862	1	1	E-chr14R-1	E-chr13L-1	chr13L	163	5639	14791	beginning
6991_day0_with_selection_repeat	6991	chr15R	SRR33298373.1005330	1	1	E-chr15R-1	E-chr14L-2	chr14L	255	6798	26012	beginning
6991_day0_with_selection_repeat	6991	chr16L	SRR33298373.866272	1	1	E-chr16L-1	E-chr7R-1	chr7R	213	6859	25987	beginning
6991_day0_with_selection_repeat	6991	chr16L	SRR33298373.72080	1	1	E-chr16L-1	E-chr14L-1	chr14L	160	6814	25929	beginning
6991_day0_with_selection_repeat	6991	chr16L	SRR33298373.77745	1	1	E-chr16L-1	E-chr7R-1	chr7R	19075	25718	25878	end
6991_day0_with_selection_repeat	6991	chr16L	SRR33298373.1242849	1	1	E-chr16L-1	E-chr14L-1	chr14L	133	6783	25266	beginning
6991_day0_with_selection_repeat	6991	chr16L	SRR33298373.444245	1	1	E-chr16L-1	E-chr14L-1	chr14L	18446	25114	25232	end
6991_day0_with_selection_repeat	6991	chr16L	SRR33298373.1347703	1	1	E-chr16L-1	E-chr7R-1	chr7R	101	6752	25843	beginning
6991_day0_with_selection_repeat	6991	chr16L	SRR33298373.235321	1	1	E-chr16L-1	E-chr7R-1	chr7R	19107	25758	25829	end
6991_day0_with_selection_repeat	6991	chr16R	SRR33298373.72733	1	1	E-chr16R-1	E-chr14L-5	chr14L	70	5253	11600	beginning
6991_day0_with_selection_repeat	6991	chr2L	SRR33298373.284052	1	1	E-chr2L-1	E-chr8R-1	chr8R	162	5629	15428	beginning
6991_day0_with_selection_repeat	6991	chr4R	SRR33298373.1523100	1	7	E-chr4R-1	E-chr14L-2	chr14L	8058	55547	55760	end
6991_day0_with_selection_repeat	6991	chr4R	SRR33298373.1523100	2	7	E-chr4R-2	E-chr14L-2	chr14L	8058	55547	55760	end
6991_day0_with_selection_repeat	6991	chr4R	SRR33298373.1523100	3	7	E-chr4R-3	E-chr14L-2	chr14L	8058	55547	55760	end
6991_day0_with_selection_repeat	6991	chr4R	SRR33298373.1523100	4	7	E-chr4R-4	E-chr14L-2	chr14L	8058	55547	55760	end
6991_day0_with_selection_repeat	6991	chr4R	SRR33298373.1523100	6	7	E-chr4R-6	E-chr14L-2	chr14L	8058	55547	55760	end
6991_day0_with_selection_repeat	6991	chr4R	SRR33298373.1523100	7	7	E-chr4R-7	E-chr14L-2	chr14L	8058	55547	55760	end
6991_day0_with_selection_repeat	6991	chr4R	SRR33298373.73890	1	7	E-chr4R-1	E-chr14L-2	chr14L	8054	54895	55615	end
6991_day0_with_selection_repeat	6991	chr4R	SRR33298373.73890	2	7	E-chr4R-2	E-chr14L-2	chr14L	8054	54895	55615	end
6991_day0_with_selection_repeat	6991	chr4R	SRR33298373.73890	3	7	E-chr4R-3	E-chr14L-2	chr14L	8054	54895	55615	end
6991_day0_with_selection_repeat	6991	chr4R	SRR33298373.73890	4	7	E-chr4R-4	E-chr14L-2	chr14L	8054	54895	55615	end
6991_day0_with_selection_repeat	6991	chr4R	SRR33298373.73890	6	7	E-chr4R-6	E-chr14L-2	chr14L	8054	54895	55615	end
6991_day0_with_selection_repeat	6991	chr4R	SRR33298373.73890	7	7	E-chr4R-7	E-chr14L-2	chr14L	8054	54895	55615	end
6991_day0_with_selection_repeat	6991	chr4R	SRR33298373.1084721	1	7	E-chr4R-1	E-chr14L-2	chr14L	7619	54799	55151	end
6991_day0_with_selection_repeat	6991	chr4R	SRR33298373.1084721	2	7	E-chr4R-2	E-chr14L-2	chr14L	7619	54799	55151	end
6991_day0_with_selection_repeat	6991	chr4R	SRR33298373.1084721	3	7	E-chr4R-3	E-chr14L-2	chr14L	7619	54799	55151	end
6991_day0_with_selection_repeat	6991	chr4R	SRR33298373.1084721	4	7	E-chr4R-4	E-chr14L-2	chr14L	7619	54799	55151	end
6991_day0_with_selection_repeat	6991	chr4R	SRR33298373.1084721	6	7	E-chr4R-6	E-chr14L-2	chr14L	7619	54799	55151	end
6991_day0_with_selection_repeat	6991	chr4R	SRR33298373.1084721	7	7	E-chr4R-7	E-chr14L-2	chr14L	7619	54799	55151	end
6991_day0_with_selection_repeat	6991	chr4R	SRR33298373.645130	1	7	E-chr4R-1	E-chr14L-2	chr14L	8056	55210	55387	end
6991_day0_with_selection_repeat	6991	chr4R	SRR33298373.645130	2	7	E-chr4R-2	E-chr14L-2	chr14L	8056	55210	55387	end
6991_day0_with_selection_repeat	6991	chr4R	SRR33298373.645130	3	7	E-chr4R-3	E-chr14L-2	chr14L	8056	55210	55387	end
6991_day0_with_selection_repeat	6991	chr4R	SRR33298373.645130	4	7	E-chr4R-4	E-chr14L-2	chr14L	8056	55210	55387	end
6991_day0_with_selection_repeat	6991	chr4R	SRR33298373.645130	6	7	E-chr4R-6	E-chr14L-2	chr14L	8056	55210	55387	end
6991_day0_with_selection_repeat	6991	chr4R	SRR33298373.645130	7	7	E-chr4R-7	E-chr14L-2	chr14L	8056	55210	55387	end
6991_day0_with_selection_repeat	6991	chr4R	SRR33298373.235134	1	7	E-chr4R-1	E-chr14L-2	chr14L	8059	55009	55339	end
6991_day0_with_selection_repeat	6991	chr4R	SRR33298373.235134	2	7	E-chr4R-2	E-chr14L-2	chr14L	8059	55009	55339	end
6991_day0_with_selection_repeat	6991	chr4R	SRR33298373.235134	3	7	E-chr4R-3	E-chr14L-2	chr14L	8059	55009	55339	end
6991_day0_with_selection_repeat	6991	chr4R	SRR33298373.235134	4	7	E-chr4R-4	E-chr14L-2	chr14L	8059	55009	55339	end
6991_day0_with_selection_repeat	6991	chr4R	SRR33298373.235134	6	7	E-chr4R-6	E-chr14L-2	chr14L	8059	55009	55339	end
6991_day0_with_selection_repeat	6991	chr4R	SRR33298373.235134	7	7	E-chr4R-7	E-chr14L-2	chr14L	8059	55009	55339	end
6991_day0_with_selection_repeat	6991	chr4R	SRR33298373.645163	4	7	E-chr4R-4	E-chr14L-2	chr14L	335	47243	54948	beginning
6991_day0_with_selection_repeat	6991	chr4R	SRR33298373.645163	7	7	E-chr4R-7	E-chr14L-2	chr14L	335	47243	54948	beginning
6991_day0_with_selection_repeat	6991	chr4R	SRR33298373.578364	1	7	E-chr4R-1	E-chr14L-2	chr14L	6170	53171	53414	end
6991_day0_with_selection_repeat	6991	chr4R	SRR33298373.578364	2	7	E-chr4R-2	E-chr14L-2	chr14L	6170	53171	53414	end
6991_day0_with_selection_repeat	6991	chr4R	SRR33298373.578364	3	7	E-chr4R-3	E-chr14L-2	chr14L	6170	53171	53414	end
6991_day0_with_selection_repeat	6991	chr4R	SRR33298373.578364	4	7	E-chr4R-4	E-chr14L-2	chr14L	6170	53171	53414	end
6991_day0_with_selection_repeat	6991	chr4R	SRR33298373.578364	6	7	E-chr4R-6	E-chr14L-2	chr14L	6170	53171	53414	end
6991_day0_with_selection_repeat	6991	chr4R	SRR33298373.578364	7	7	E-chr4R-7	E-chr14L-2	chr14L	6170	53171	53414	end
6991_day0_with_selection_repeat	6991	chr4R	SRR33298373.1047455	1	7	E-chr4R-1	E-chr14L-2	chr14L	8046	54996	55294	end
6991_day0_with_selection_repeat	6991	chr4R	SRR33298373.1047455	3	7	E-chr4R-3	E-chr14L-2	chr14L	8046	54996	55294	end
6991_day0_with_selection_repeat	6991	chr4R	SRR33298373.1047455	4	7	E-chr4R-4	E-chr14L-2	chr14L	8046	54996	55294	end
6991_day0_with_selection_repeat	6991	chr4R	SRR33298373.1047455	6	7	E-chr4R-6	E-chr14L-2	chr14L	8046	54996	55294	end
6991_day0_with_selection_repeat	6991	chr4R	SRR33298373.1047455	7	7	E-chr4R-7	E-chr14L-2	chr14L	8046	54996	55294	end
6991_day0_with_selection_repeat	6991	chr4R	SRR33298373.1502636	6	7	E-chr4R-6	E-chr14L-2	chr14L	294	47238	55285	beginning
6991_day0_with_selection_repeat	6991	chr4R	SRR33298373.1532667	7	7	E-chr4R-7	E-chr14L-2	chr14L	277	47229	55291	beginning
6991_day0_with_selection_repeat	6991	chr4R	SRR33298373.13963	4	7	E-chr4R-4	E-chr14L-2	chr14L	265	47189	55254	beginning
6991_day0_with_selection_repeat	6991	chr4R	SRR33298373.421023	2	7	E-chr4R-2	E-chr14L-2	chr14L	8077	55007	55203	end
6991_day0_with_selection_repeat	6991	chr4R	SRR33298373.421023	4	7	E-chr4R-4	E-chr14L-2	chr14L	8077	55007	55203	end
6991_day0_with_selection_repeat	6991	chr4R	SRR33298373.421023	6	7	E-chr4R-6	E-chr14L-2	chr14L	8077	55007	55203	end
6991_day0_with_selection_repeat	6991	chr4R	SRR33298373.421023	7	7	E-chr4R-7	E-chr14L-2	chr14L	8077	55007	55203	end
6991_day0_with_selection_repeat	6991	chr4R	SRR33298373.701209	1	7	E-chr4R-1	E-chr14L-2	chr14L	5980	52924	53130	end
6991_day0_with_selection_repeat	6991	chr4R	SRR33298373.701209	2	7	E-chr4R-2	E-chr14L-2	chr14L	5980	52924	53130	end
6991_day0_with_selection_repeat	6991	chr4R	SRR33298373.701209	3	7	E-chr4R-3	E-chr14L-2	chr14L	5980	52924	53130	end
6991_day0_with_selection_repeat	6991	chr4R	SRR33298373.701209	4	7	E-chr4R-4	E-chr14L-2	chr14L	5980	52924	53130	end
6991_day0_with_selection_repeat	6991	chr4R	SRR33298373.701209	6	7	E-chr4R-6	E-chr14L-2	chr14L	5980	52924	53130	end
6991_day0_with_selection_repeat	6991	chr4R	SRR33298373.701209	7	7	E-chr4R-7	E-chr14L-2	chr14L	5980	52924	53130	end
6991_day0_with_selection_repeat	6991	chr4R	SRR33298373.1031409	1	7	E-chr4R-1	E-chr14L-2	chr14L	8042	54979	55190	end
6991_day0_with_selection_repeat	6991	chr4R	SRR33298373.1031409	2	7	E-chr4R-2	E-chr14L-2	chr14L	8042	54979	55190	end
6991_day0_with_selection_repeat	6991	chr4R	SRR33298373.1031409	3	7	E-chr4R-3	E-chr14L-2	chr14L	8042	54979	55190	end
6991_day0_with_selection_repeat	6991	chr4R	SRR33298373.1031409	4	7	E-chr4R-4	E-chr14L-2	chr14L	8042	54979	55190	end
6991_day0_with_selection_repeat	6991	chr4R	SRR33298373.1031409	6	7	E-chr4R-6	E-chr14L-2	chr14L	8042	54979	55190	end
6991_day0_with_selection_repeat	6991	chr4R	SRR33298373.1031409	7	7	E-chr4R-7	E-chr14L-2	chr14L	8042	54979	55190	end
6991_day0_with_selection_repeat	6991	chr4R	SRR33298373.1521197	4	7	E-chr4R-4	E-chr14L-2	chr14L	225	47145	55212	beginning
6991_day0_with_selection_repeat	6991	chr4R	SRR33298373.447401	1	7	E-chr4R-1	E-chr14L-2	chr14L	7672	54620	54808	end
6991_day0_with_selection_repeat	6991	chr4R	SRR33298373.447401	2	7	E-chr4R-2	E-chr14L-2	chr14L	7672	54620	54808	end
6991_day0_with_selection_repeat	6991	chr4R	SRR33298373.447401	3	7	E-chr4R-3	E-chr14L-2	chr14L	7672	54620	54808	end
6991_day0_with_selection_repeat	6991	chr4R	SRR33298373.447401	4	7	E-chr4R-4	E-chr14L-2	chr14L	7672	54620	54808	end
6991_day0_with_selection_repeat	6991	chr4R	SRR33298373.447401	6	7	E-chr4R-6	E-chr14L-2	chr14L	7672	54620	54808	end
6991_day0_with_selection_repeat	6991	chr4R	SRR33298373.447401	7	7	E-chr4R-7	E-chr14L-2	chr14L	7672	54620	54808	end
6991_day0_with_selection_repeat	6991	chr4R	SRR33298373.1526245	1	7	E-chr4R-1	E-chr14L-2	chr14L	8066	54978	55204	end
6991_day0_with_selection_repeat	6991	chr4R	SRR33298373.1526245	2	7	E-chr4R-2	E-chr14L-2	chr14L	8066	54978	55204	end
6991_day0_with_selection_repeat	6991	chr4R	SRR33298373.1526245	3	7	E-chr4R-3	E-chr14L-2	chr14L	8066	54978	55204	end
6991_day0_with_selection_repeat	6991	chr4R	SRR33298373.1526245	4	7	E-chr4R-4	E-chr14L-2	chr14L	8066	54978	55204	end
6991_day0_with_selection_repeat	6991	chr4R	SRR33298373.1526245	6	7	E-chr4R-6	E-chr14L-2	chr14L	8066	54978	55204	end
6991_day0_with_selection_repeat	6991	chr4R	SRR33298373.1526245	7	7	E-chr4R-7	E-chr14L-2	chr14L	8066	54978	55204	end
6991_day0_with_selection_repeat	6991	chr4R	SRR33298373.1140465	2	7	E-chr4R-2	E-chr14L-2	chr14L	6152	53088	53292	end
6991_day0_with_selection_repeat	6991	chr4R	SRR33298373.1140465	3	7	E-chr4R-3	E-chr14L-2	chr14L	6152	53088	53292	end
6991_day0_with_selection_repeat	6991	chr4R	SRR33298373.1140465	4	7	E-chr4R-4	E-chr14L-2	chr14L	6152	53088	53292	end
6991_day0_with_selection_repeat	6991	chr4R	SRR33298373.1140465	6	7	E-chr4R-6	E-chr14L-2	chr14L	6152	53088	53292	end
6991_day0_with_selection_repeat	6991	chr4R	SRR33298373.1140465	7	7	E-chr4R-7	E-chr14L-2	chr14L	6152	53088	53292	end
6991_day0_with_selection_repeat	6991	chr4R	SRR33298373.1003567	1	7	E-chr4R-1	E-chr14L-2	chr14L	8059	55001	55194	end
6991_day0_with_selection_repeat	6991	chr4R	SRR33298373.1003567	2	7	E-chr4R-2	E-chr14L-2	chr14L	8059	55001	55194	end
6991_day0_with_selection_repeat	6991	chr4R	SRR33298373.1003567	3	7	E-chr4R-3	E-chr14L-2	chr14L	8059	55001	55194	end
6991_day0_with_selection_repeat	6991	chr4R	SRR33298373.1003567	4	7	E-chr4R-4	E-chr14L-2	chr14L	8059	55001	55194	end
6991_day0_with_selection_repeat	6991	chr4R	SRR33298373.1003567	6	7	E-chr4R-6	E-chr14L-2	chr14L	8059	55001	55194	end
6991_day0_with_selection_repeat	6991	chr4R	SRR33298373.1003567	7	7	E-chr4R-7	E-chr14L-2	chr14L	8059	55001	55194	end
6991_day0_with_selection_repeat	6991	chr4R	SRR33298373.140445	1	7	E-chr4R-1	E-chr14L-2	chr14L	8040	54954	55182	end
6991_day0_with_selection_repeat	6991	chr4R	SRR33298373.140445	2	7	E-chr4R-2	E-chr14L-2	chr14L	8040	54954	55182	end
6991_day0_with_selection_repeat	6991	chr4R	SRR33298373.140445	3	7	E-chr4R-3	E-chr14L-2	chr14L	8040	54954	55182	end
6991_day0_with_selection_repeat	6991	chr4R	SRR33298373.140445	4	7	E-chr4R-4	E-chr14L-2	chr14L	8040	54954	55182	end
6991_day0_with_selection_repeat	6991	chr4R	SRR33298373.140445	6	7	E-chr4R-6	E-chr14L-2	chr14L	8040	54954	55182	end
6991_day0_with_selection_repeat	6991	chr4R	SRR33298373.140445	7	7	E-chr4R-7	E-chr14L-2	chr14L	8040	54954	55182	end
6991_day0_with_selection_repeat	6991	chr4R	SRR33298373.645385	1	7	E-chr4R-1	E-chr14L-2	chr14L	8056	54990	55187	end
6991_day0_with_selection_repeat	6991	chr4R	SRR33298373.645385	2	7	E-chr4R-2	E-chr14L-2	chr14L	8056	54990	55187	end
6991_day0_with_selection_repeat	6991	chr4R	SRR33298373.645385	3	7	E-chr4R-3	E-chr14L-2	chr14L	8056	54990	55187	end
6991_day0_with_selection_repeat	6991	chr4R	SRR33298373.645385	4	7	E-chr4R-4	E-chr14L-2	chr14L	8056	54990	55187	end
6991_day0_with_selection_repeat	6991	chr4R	SRR33298373.645385	6	7	E-chr4R-6	E-chr14L-2	chr14L	8056	54990	55187	end
6991_day0_with_selection_repeat	6991	chr4R	SRR33298373.645385	7	7	E-chr4R-7	E-chr14L-2	chr14L	8056	54990	55187	end
6991_day0_with_selection_repeat	6991	chr4R	SRR33298373.254939	1	7	E-chr4R-1	E-chr14L-2	chr14L	8057	54988	55187	end
6991_day0_with_selection_repeat	6991	chr4R	SRR33298373.254939	2	7	E-chr4R-2	E-chr14L-2	chr14L	8057	54988	55187	end
6991_day0_with_selection_repeat	6991	chr4R	SRR33298373.254939	3	7	E-chr4R-3	E-chr14L-2	chr14L	8057	54988	55187	end
6991_day0_with_selection_repeat	6991	chr4R	SRR33298373.254939	4	7	E-chr4R-4	E-chr14L-2	chr14L	8057	54988	55187	end
6991_day0_with_selection_repeat	6991	chr4R	SRR33298373.254939	6	7	E-chr4R-6	E-chr14L-2	chr14L	8057	54988	55187	end
6991_day0_with_selection_repeat	6991	chr4R	SRR33298373.254939	7	7	E-chr4R-7	E-chr14L-2	chr14L	8057	54988	55187	end
6991_day0_with_selection_repeat	6991	chr4R	SRR33298373.707893	1	7	E-chr4R-1	E-chr14L-2	chr14L	8056	54998	55184	end
6991_day0_with_selection_repeat	6991	chr4R	SRR33298373.707893	2	7	E-chr4R-2	E-chr14L-2	chr14L	8056	54998	55184	end
6991_day0_with_selection_repeat	6991	chr4R	SRR33298373.707893	3	7	E-chr4R-3	E-chr14L-2	chr14L	8056	54998	55184	end
6991_day0_with_selection_repeat	6991	chr4R	SRR33298373.707893	4	7	E-chr4R-4	E-chr14L-2	chr14L	8056	54998	55184	end
6991_day0_with_selection_repeat	6991	chr4R	SRR33298373.707893	6	7	E-chr4R-6	E-chr14L-2	chr14L	8056	54998	55184	end
6991_day0_with_selection_repeat	6991	chr4R	SRR33298373.707893	7	7	E-chr4R-7	E-chr14L-2	chr14L	8056	54998	55184	end
6991_day0_with_selection_repeat	6991	chr4R	SRR33298373.893498	2	7	E-chr4R-2	E-chr14L-2	chr14L	184	47125	55173	beginning
6991_day0_with_selection_repeat	6991	chr4R	SRR33298373.1173419	1	7	E-chr4R-1	E-chr14L-2	chr14L	8056	54972	55167	end
6991_day0_with_selection_repeat	6991	chr4R	SRR33298373.1173419	2	7	E-chr4R-2	E-chr14L-2	chr14L	8056	54972	55167	end
6991_day0_with_selection_repeat	6991	chr4R	SRR33298373.1173419	3	7	E-chr4R-3	E-chr14L-2	chr14L	8056	54972	55167	end
6991_day0_with_selection_repeat	6991	chr4R	SRR33298373.1173419	4	7	E-chr4R-4	E-chr14L-2	chr14L	8056	54972	55167	end
6991_day0_with_selection_repeat	6991	chr4R	SRR33298373.1173419	6	7	E-chr4R-6	E-chr14L-2	chr14L	8056	54972	55167	end
6991_day0_with_selection_repeat	6991	chr4R	SRR33298373.1173419	7	7	E-chr4R-7	E-chr14L-2	chr14L	8056	54972	55167	end
6991_day0_with_selection_repeat	6991	chr4R	SRR33298373.374472	1	7	E-chr4R-1	E-chr14L-2	chr14L	8040	54971	55171	end
6991_day0_with_selection_repeat	6991	chr4R	SRR33298373.374472	2	7	E-chr4R-2	E-chr14L-2	chr14L	8040	54971	55171	end
6991_day0_with_selection_repeat	6991	chr4R	SRR33298373.374472	3	7	E-chr4R-3	E-chr14L-2	chr14L	8040	54971	55171	end
6991_day0_with_selection_repeat	6991	chr4R	SRR33298373.374472	4	7	E-chr4R-4	E-chr14L-2	chr14L	8040	54971	55171	end
6991_day0_with_selection_repeat	6991	chr4R	SRR33298373.374472	6	7	E-chr4R-6	E-chr14L-2	chr14L	8040	54971	55171	end
6991_day0_with_selection_repeat	6991	chr4R	SRR33298373.374472	7	7	E-chr4R-7	E-chr14L-2	chr14L	8040	54971	55171	end
6991_day0_with_selection_repeat	6991	chr4R	SRR33298373.421222	1	7	E-chr4R-1	E-chr14L-2	chr14L	8058	54962	55168	end
6991_day0_with_selection_repeat	6991	chr4R	SRR33298373.421222	2	7	E-chr4R-2	E-chr14L-2	chr14L	8058	54962	55168	end
6991_day0_with_selection_repeat	6991	chr4R	SRR33298373.421222	3	7	E-chr4R-3	E-chr14L-2	chr14L	8058	54962	55168	end
6991_day0_with_selection_repeat	6991	chr4R	SRR33298373.421222	4	7	E-chr4R-4	E-chr14L-2	chr14L	8058	54962	55168	end
6991_day0_with_selection_repeat	6991	chr4R	SRR33298373.421222	6	7	E-chr4R-6	E-chr14L-2	chr14L	8058	54962	55168	end
6991_day0_with_selection_repeat	6991	chr4R	SRR33298373.421222	7	7	E-chr4R-7	E-chr14L-2	chr14L	8058	54962	55168	end
6991_day0_with_selection_repeat	6991	chr4R	SRR33298373.558893	1	7	E-chr4R-1	E-chr14L-2	chr14L	8052	54972	55144	end
6991_day0_with_selection_repeat	6991	chr4R	SRR33298373.558893	2	7	E-chr4R-2	E-chr14L-2	chr14L	8052	54972	55144	end
6991_day0_with_selection_repeat	6991	chr4R	SRR33298373.558893	3	7	E-chr4R-3	E-chr14L-2	chr14L	8052	54972	55144	end
6991_day0_with_selection_repeat	6991	chr4R	SRR33298373.558893	4	7	E-chr4R-4	E-chr14L-2	chr14L	8052	54972	55144	end
6991_day0_with_selection_repeat	6991	chr4R	SRR33298373.558893	7	7	E-chr4R-7	E-chr14L-2	chr14L	8052	54972	55144	end
6991_day0_with_selection_repeat	6991	chr4R	SRR33298373.645394	1	7	E-chr4R-1	E-chr14L-2	chr14L	8057	54990	55142	end
6991_day0_with_selection_repeat	6991	chr4R	SRR33298373.645394	2	7	E-chr4R-2	E-chr14L-2	chr14L	8057	54990	55142	end
6991_day0_with_selection_repeat	6991	chr4R	SRR33298373.645394	3	7	E-chr4R-3	E-chr14L-2	chr14L	8057	54990	55142	end
6991_day0_with_selection_repeat	6991	chr4R	SRR33298373.645394	4	7	E-chr4R-4	E-chr14L-2	chr14L	8057	54990	55142	end
6991_day0_with_selection_repeat	6991	chr4R	SRR33298373.645394	6	7	E-chr4R-6	E-chr14L-2	chr14L	8057	54990	55142	end
6991_day0_with_selection_repeat	6991	chr4R	SRR33298373.645394	7	7	E-chr4R-7	E-chr14L-2	chr14L	8057	54990	55142	end
6991_day0_with_selection_repeat	6991	chr4R	SRR33298373.614488	1	7	E-chr4R-1	E-chr14L-2	chr14L	8052	54979	55138	end
6991_day0_with_selection_repeat	6991	chr4R	SRR33298373.614488	2	7	E-chr4R-2	E-chr14L-2	chr14L	8052	54979	55138	end
6991_day0_with_selection_repeat	6991	chr4R	SRR33298373.614488	3	7	E-chr4R-3	E-chr14L-2	chr14L	8052	54979	55138	end
6991_day0_with_selection_repeat	6991	chr4R	SRR33298373.614488	4	7	E-chr4R-4	E-chr14L-2	chr14L	8052	54979	55138	end
6991_day0_with_selection_repeat	6991	chr4R	SRR33298373.614488	6	7	E-chr4R-6	E-chr14L-2	chr14L	8052	54979	55138	end
6991_day0_with_selection_repeat	6991	chr4R	SRR33298373.614488	7	7	E-chr4R-7	E-chr14L-2	chr14L	8052	54979	55138	end
6991_day0_with_selection_repeat	6991	chr4R	SRR33298373.991497	2	7	E-chr4R-2	E-chr14L-2	chr14L	258	47073	55133	beginning
6991_day0_with_selection_repeat	6991	chr4R	SRR33298373.1090089	7	7	E-chr4R-7	E-chr14L-2	chr14L	145	47078	55134	beginning
6991_day0_with_selection_repeat	6991	chr4R	SRR33298373.778154	1	7	E-chr4R-1	E-chr14L-2	chr14L	8058	54966	55131	end
6991_day0_with_selection_repeat	6991	chr4R	SRR33298373.778154	2	7	E-chr4R-2	E-chr14L-2	chr14L	8058	54966	55131	end
6991_day0_with_selection_repeat	6991	chr4R	SRR33298373.778154	3	7	E-chr4R-3	E-chr14L-2	chr14L	8058	54966	55131	end
6991_day0_with_selection_repeat	6991	chr4R	SRR33298373.778154	4	7	E-chr4R-4	E-chr14L-2	chr14L	8058	54966	55131	end
6991_day0_with_selection_repeat	6991	chr4R	SRR33298373.778154	6	7	E-chr4R-6	E-chr14L-2	chr14L	8058	54966	55131	end
6991_day0_with_selection_repeat	6991	chr4R	SRR33298373.778154	7	7	E-chr4R-7	E-chr14L-2	chr14L	8058	54966	55131	end
6991_day0_with_selection_repeat	6991	chr4R	SRR33298373.1000908	1	7	E-chr4R-1	E-chr14L-2	chr14L	8051	54971	55126	end
6991_day0_with_selection_repeat	6991	chr4R	SRR33298373.1000908	2	7	E-chr4R-2	E-chr14L-2	chr14L	8051	54971	55126	end
6991_day0_with_selection_repeat	6991	chr4R	SRR33298373.1000908	3	7	E-chr4R-3	E-chr14L-2	chr14L	8051	54971	55126	end
6991_day0_with_selection_repeat	6991	chr4R	SRR33298373.1000908	4	7	E-chr4R-4	E-chr14L-2	chr14L	8051	54971	55126	end
6991_day0_with_selection_repeat	6991	chr4R	SRR33298373.1000908	6	7	E-chr4R-6	E-chr14L-2	chr14L	8051	54971	55126	end
6991_day0_with_selection_repeat	6991	chr4R	SRR33298373.1000908	7	7	E-chr4R-7	E-chr14L-2	chr14L	8051	54971	55126	end
6991_day0_with_selection_repeat	6991	chr4R	SRR33298373.470223	1	7	E-chr4R-1	E-chr14L-2	chr14L	6863	53795	53940	end
6991_day0_with_selection_repeat	6991	chr4R	SRR33298373.470223	2	7	E-chr4R-2	E-chr14L-2	chr14L	6863	53795	53940	end
6991_day0_with_selection_repeat	6991	chr4R	SRR33298373.470223	3	7	E-chr4R-3	E-chr14L-2	chr14L	6863	53795	53940	end
6991_day0_with_selection_repeat	6991	chr4R	SRR33298373.470223	4	7	E-chr4R-4	E-chr14L-2	chr14L	6863	53795	53940	end
6991_day0_with_selection_repeat	6991	chr4R	SRR33298373.470223	6	7	E-chr4R-6	E-chr14L-2	chr14L	6863	53795	53940	end
6991_day0_with_selection_repeat	6991	chr4R	SRR33298373.470223	7	7	E-chr4R-7	E-chr14L-2	chr14L	6863	53795	53940	end
6991_day0_with_selection_repeat	6991	chr4R	SRR33298373.688616	1	7	E-chr4R-1	E-chr14L-2	chr14L	8060	55011	55129	end
6991_day0_with_selection_repeat	6991	chr4R	SRR33298373.688616	2	7	E-chr4R-2	E-chr14L-2	chr14L	8060	55011	55129	end
6991_day0_with_selection_repeat	6991	chr4R	SRR33298373.688616	3	7	E-chr4R-3	E-chr14L-2	chr14L	8060	55011	55129	end
6991_day0_with_selection_repeat	6991	chr4R	SRR33298373.688616	4	7	E-chr4R-4	E-chr14L-2	chr14L	8060	55011	55129	end
6991_day0_with_selection_repeat	6991	chr4R	SRR33298373.688616	6	7	E-chr4R-6	E-chr14L-2	chr14L	8060	55011	55129	end
6991_day0_with_selection_repeat	6991	chr4R	SRR33298373.688616	7	7	E-chr4R-7	E-chr14L-2	chr14L	8060	55011	55129	end
6991_day0_with_selection_repeat	6991	chr4R	SRR33298373.1525608	1	7	E-chr4R-1	E-chr14L-2	chr14L	8058	55031	55129	end
6991_day0_with_selection_repeat	6991	chr4R	SRR33298373.1525608	2	7	E-chr4R-2	E-chr14L-2	chr14L	8058	55031	55129	end
6991_day0_with_selection_repeat	6991	chr4R	SRR33298373.1525608	3	7	E-chr4R-3	E-chr14L-2	chr14L	8058	55031	55129	end
6991_day0_with_selection_repeat	6991	chr4R	SRR33298373.1525608	4	7	E-chr4R-4	E-chr14L-2	chr14L	8058	55031	55129	end
6991_day0_with_selection_repeat	6991	chr4R	SRR33298373.1525608	6	7	E-chr4R-6	E-chr14L-2	chr14L	8058	55031	55129	end
6991_day0_with_selection_repeat	6991	chr4R	SRR33298373.1525608	7	7	E-chr4R-7	E-chr14L-2	chr14L	8058	55031	55129	end
6991_day0_with_selection_repeat	6991	chr4R	SRR33298373.321454	1	7	E-chr4R-1	E-chr14L-2	chr14L	8052	54962	55126	end
6991_day0_with_selection_repeat	6991	chr4R	SRR33298373.321454	2	7	E-chr4R-2	E-chr14L-2	chr14L	8052	54962	55126	end
6991_day0_with_selection_repeat	6991	chr4R	SRR33298373.321454	3	7	E-chr4R-3	E-chr14L-2	chr14L	8052	54962	55126	end
6991_day0_with_selection_repeat	6991	chr4R	SRR33298373.321454	4	7	E-chr4R-4	E-chr14L-2	chr14L	8052	54962	55126	end
6991_day0_with_selection_repeat	6991	chr4R	SRR33298373.321454	6	7	E-chr4R-6	E-chr14L-2	chr14L	8052	54962	55126	end
6991_day0_with_selection_repeat	6991	chr4R	SRR33298373.321454	7	7	E-chr4R-7	E-chr14L-2	chr14L	8052	54962	55126	end
6991_day0_with_selection_repeat	6991	chr4R	SRR33298373.1166762	2	7	E-chr4R-2	E-chr14L-2	chr14L	157	47059	55127	beginning
6991_day0_with_selection_repeat	6991	chr4R	SRR33298373.617217	1	7	E-chr4R-1	E-chr14L-2	chr14L	8044	54974	55113	end
6991_day0_with_selection_repeat	6991	chr4R	SRR33298373.617217	2	7	E-chr4R-2	E-chr14L-2	chr14L	8044	54974	55113	end
6991_day0_with_selection_repeat	6991	chr4R	SRR33298373.617217	3	7	E-chr4R-3	E-chr14L-2	chr14L	8044	54974	55113	end
6991_day0_with_selection_repeat	6991	chr4R	SRR33298373.617217	4	7	E-chr4R-4	E-chr14L-2	chr14L	8044	54974	55113	end
6991_day0_with_selection_repeat	6991	chr4R	SRR33298373.617217	6	7	E-chr4R-6	E-chr14L-2	chr14L	8044	54974	55113	end
6991_day0_with_selection_repeat	6991	chr4R	SRR33298373.617217	7	7	E-chr4R-7	E-chr14L-2	chr14L	8044	54974	55113	end
6991_day0_with_selection_repeat	6991	chr4R	SRR33298373.1487952	1	7	E-chr4R-1	E-chr14L-2	chr14L	8056	54930	55118	end
6991_day0_with_selection_repeat	6991	chr4R	SRR33298373.1487952	2	7	E-chr4R-2	E-chr14L-2	chr14L	8056	54930	55118	end
6991_day0_with_selection_repeat	6991	chr4R	SRR33298373.1487952	3	7	E-chr4R-3	E-chr14L-2	chr14L	8056	54930	55118	end
6991_day0_with_selection_repeat	6991	chr4R	SRR33298373.1487952	4	7	E-chr4R-4	E-chr14L-2	chr14L	8056	54930	55118	end
6991_day0_with_selection_repeat	6991	chr4R	SRR33298373.1487952	6	7	E-chr4R-6	E-chr14L-2	chr14L	8056	54930	55118	end
6991_day0_with_selection_repeat	6991	chr4R	SRR33298373.1487952	7	7	E-chr4R-7	E-chr14L-2	chr14L	8056	54930	55118	end
6991_day0_with_selection_repeat	6991	chr4R	SRR33298373.112583	2	7	E-chr4R-2	E-chr14L-2	chr14L	8093	54980	55124	end
6991_day0_with_selection_repeat	6991	chr4R	SRR33298373.112583	3	7	E-chr4R-3	E-chr14L-2	chr14L	8093	54980	55124	end
6991_day0_with_selection_repeat	6991	chr4R	SRR33298373.112583	4	7	E-chr4R-4	E-chr14L-2	chr14L	8093	54980	55124	end
6991_day0_with_selection_repeat	6991	chr4R	SRR33298373.112583	6	7	E-chr4R-6	E-chr14L-2	chr14L	8093	54980	55124	end
6991_day0_with_selection_repeat	6991	chr4R	SRR33298373.112583	7	7	E-chr4R-7	E-chr14L-2	chr14L	8093	54980	55124	end
6991_day0_with_selection_repeat	6991	chr4R	SRR33298373.236880	1	7	E-chr4R-1	E-chr14L-2	chr14L	8055	54989	55116	end
6991_day0_with_selection_repeat	6991	chr4R	SRR33298373.236880	2	7	E-chr4R-2	E-chr14L-2	chr14L	8055	54989	55116	end
6991_day0_with_selection_repeat	6991	chr4R	SRR33298373.236880	3	7	E-chr4R-3	E-chr14L-2	chr14L	8055	54989	55116	end
6991_day0_with_selection_repeat	6991	chr4R	SRR33298373.236880	4	7	E-chr4R-4	E-chr14L-2	chr14L	8055	54989	55116	end
6991_day0_with_selection_repeat	6991	chr4R	SRR33298373.236880	6	7	E-chr4R-6	E-chr14L-2	chr14L	8055	54989	55116	end
6991_day0_with_selection_repeat	6991	chr4R	SRR33298373.236880	7	7	E-chr4R-7	E-chr14L-2	chr14L	8055	54989	55116	end
6991_day0_with_selection_repeat	6991	chr4R	SRR33298373.350798	1	7	E-chr4R-1	E-chr14L-2	chr14L	8053	54947	55110	end
6991_day0_with_selection_repeat	6991	chr4R	SRR33298373.350798	2	7	E-chr4R-2	E-chr14L-2	chr14L	8053	54947	55110	end
6991_day0_with_selection_repeat	6991	chr4R	SRR33298373.350798	3	7	E-chr4R-3	E-chr14L-2	chr14L	8053	54947	55110	end
6991_day0_with_selection_repeat	6991	chr4R	SRR33298373.350798	4	7	E-chr4R-4	E-chr14L-2	chr14L	8053	54947	55110	end
6991_day0_with_selection_repeat	6991	chr4R	SRR33298373.350798	6	7	E-chr4R-6	E-chr14L-2	chr14L	8053	54947	55110	end
6991_day0_with_selection_repeat	6991	chr4R	SRR33298373.350798	7	7	E-chr4R-7	E-chr14L-2	chr14L	8053	54947	55110	end
6991_day0_with_selection_repeat	6991	chr4R	SRR33298373.1173420	1	7	E-chr4R-1	E-chr14L-2	chr14L	8054	54975	55110	end
6991_day0_with_selection_repeat	6991	chr4R	SRR33298373.1173420	2	7	E-chr4R-2	E-chr14L-2	chr14L	8054	54975	55110	end
6991_day0_with_selection_repeat	6991	chr4R	SRR33298373.1173420	3	7	E-chr4R-3	E-chr14L-2	chr14L	8054	54975	55110	end
6991_day0_with_selection_repeat	6991	chr4R	SRR33298373.1173420	4	7	E-chr4R-4	E-chr14L-2	chr14L	8054	54975	55110	end
6991_day0_with_selection_repeat	6991	chr4R	SRR33298373.1173420	6	7	E-chr4R-6	E-chr14L-2	chr14L	8054	54975	55110	end
6991_day0_with_selection_repeat	6991	chr4R	SRR33298373.1173420	7	7	E-chr4R-7	E-chr14L-2	chr14L	8054	54975	55110	end
6991_day0_with_selection_repeat	6991	chr4R	SRR33298373.944756	1	7	E-chr4R-1	E-chr14L-2	chr14L	8031	54960	55073	end
6991_day0_with_selection_repeat	6991	chr4R	SRR33298373.944756	2	7	E-chr4R-2	E-chr14L-2	chr14L	8031	54960	55073	end
6991_day0_with_selection_repeat	6991	chr4R	SRR33298373.944756	3	7	E-chr4R-3	E-chr14L-2	chr14L	8031	54960	55073	end
6991_day0_with_selection_repeat	6991	chr4R	SRR33298373.944756	4	7	E-chr4R-4	E-chr14L-2	chr14L	8031	54960	55073	end
6991_day0_with_selection_repeat	6991	chr4R	SRR33298373.944756	6	7	E-chr4R-6	E-chr14L-2	chr14L	8031	54960	55073	end
6991_day0_with_selection_repeat	6991	chr4R	SRR33298373.944756	7	7	E-chr4R-7	E-chr14L-2	chr14L	8031	54960	55073	end
6991_day0_with_selection_repeat	6991	chr4R	SRR33298373.688115	1	7	E-chr4R-1	E-chr14L-2	chr14L	8057	54986	55094	end
6991_day0_with_selection_repeat	6991	chr4R	SRR33298373.688115	2	7	E-chr4R-2	E-chr14L-2	chr14L	8057	54986	55094	end
6991_day0_with_selection_repeat	6991	chr4R	SRR33298373.688115	3	7	E-chr4R-3	E-chr14L-2	chr14L	8057	54986	55094	end
6991_day0_with_selection_repeat	6991	chr4R	SRR33298373.688115	4	7	E-chr4R-4	E-chr14L-2	chr14L	8057	54986	55094	end
6991_day0_with_selection_repeat	6991	chr4R	SRR33298373.688115	6	7	E-chr4R-6	E-chr14L-2	chr14L	8057	54986	55094	end
6991_day0_with_selection_repeat	6991	chr4R	SRR33298373.688115	7	7	E-chr4R-7	E-chr14L-2	chr14L	8057	54986	55094	end
6991_day0_with_selection_repeat	6991	chr4R	SRR33298373.1247084	1	7	E-chr4R-1	E-chr14L-2	chr14L	221	47055	55057	beginning
6991_day0_with_selection_repeat	6991	chr4R	SRR33298373.350882	1	7	E-chr4R-1	E-chr14L-2	chr14L	8063	54997	55084	end
6991_day0_with_selection_repeat	6991	chr4R	SRR33298373.350882	2	7	E-chr4R-2	E-chr14L-2	chr14L	8063	54997	55084	end
6991_day0_with_selection_repeat	6991	chr4R	SRR33298373.350882	3	7	E-chr4R-3	E-chr14L-2	chr14L	8063	54997	55084	end
6991_day0_with_selection_repeat	6991	chr4R	SRR33298373.350882	4	7	E-chr4R-4	E-chr14L-2	chr14L	8063	54997	55084	end
6991_day0_with_selection_repeat	6991	chr4R	SRR33298373.350882	7	7	E-chr4R-7	E-chr14L-2	chr14L	8063	54997	55084	end
6991_day0_with_selection_repeat	6991	chr4R	SRR33298373.216147	1	7	E-chr4R-1	E-chr14L-2	chr14L	6827	53752	53852	end
6991_day0_with_selection_repeat	6991	chr4R	SRR33298373.216147	2	7	E-chr4R-2	E-chr14L-2	chr14L	6827	53752	53852	end
6991_day0_with_selection_repeat	6991	chr4R	SRR33298373.216147	3	7	E-chr4R-3	E-chr14L-2	chr14L	6827	53752	53852	end
6991_day0_with_selection_repeat	6991	chr4R	SRR33298373.216147	4	7	E-chr4R-4	E-chr14L-2	chr14L	6827	53752	53852	end
6991_day0_with_selection_repeat	6991	chr4R	SRR33298373.216147	6	7	E-chr4R-6	E-chr14L-2	chr14L	6827	53752	53852	end
6991_day0_with_selection_repeat	6991	chr4R	SRR33298373.216147	7	7	E-chr4R-7	E-chr14L-2	chr14L	6827	53752	53852	end
6991_day0_with_selection_repeat	6991	chr4R	SRR33298373.821721	1	7	E-chr4R-1	E-chr14L-2	chr14L	8053	54921	55087	end
6991_day0_with_selection_repeat	6991	chr4R	SRR33298373.821721	2	7	E-chr4R-2	E-chr14L-2	chr14L	8053	54921	55087	end
6991_day0_with_selection_repeat	6991	chr4R	SRR33298373.821721	3	7	E-chr4R-3	E-chr14L-2	chr14L	8053	54921	55087	end
6991_day0_with_selection_repeat	6991	chr4R	SRR33298373.821721	4	7	E-chr4R-4	E-chr14L-2	chr14L	8053	54921	55087	end
6991_day0_with_selection_repeat	6991	chr4R	SRR33298373.821721	6	7	E-chr4R-6	E-chr14L-2	chr14L	8053	54921	55087	end
6991_day0_with_selection_repeat	6991	chr4R	SRR33298373.821721	7	7	E-chr4R-7	E-chr14L-2	chr14L	8053	54921	55087	end
6991_day0_with_selection_repeat	6991	chr4R	SRR33298373.516058	1	7	E-chr4R-1	E-chr14L-2	chr14L	8054	54954	55073	end
6991_day0_with_selection_repeat	6991	chr4R	SRR33298373.516058	2	7	E-chr4R-2	E-chr14L-2	chr14L	8054	54954	55073	end
6991_day0_with_selection_repeat	6991	chr4R	SRR33298373.516058	3	7	E-chr4R-3	E-chr14L-2	chr14L	8054	54954	55073	end
6991_day0_with_selection_repeat	6991	chr4R	SRR33298373.516058	4	7	E-chr4R-4	E-chr14L-2	chr14L	8054	54954	55073	end
6991_day0_with_selection_repeat	6991	chr4R	SRR33298373.516058	6	7	E-chr4R-6	E-chr14L-2	chr14L	8054	54954	55073	end
6991_day0_with_selection_repeat	6991	chr4R	SRR33298373.516058	7	7	E-chr4R-7	E-chr14L-2	chr14L	8054	54954	55073	end
6991_day0_with_selection_repeat	6991	chr4R	SRR33298373.1206800	2	7	E-chr4R-2	E-chr14L-2	chr14L	8083	54952	55068	end
6991_day0_with_selection_repeat	6991	chr4R	SRR33298373.1206800	3	7	E-chr4R-3	E-chr14L-2	chr14L	8083	54952	55068	end
6991_day0_with_selection_repeat	6991	chr4R	SRR33298373.1206800	4	7	E-chr4R-4	E-chr14L-2	chr14L	8083	54952	55068	end
6991_day0_with_selection_repeat	6991	chr4R	SRR33298373.1206800	6	7	E-chr4R-6	E-chr14L-2	chr14L	8083	54952	55068	end
6991_day0_with_selection_repeat	6991	chr4R	SRR33298373.1206800	7	7	E-chr4R-7	E-chr14L-2	chr14L	8083	54952	55068	end
6991_day0_with_selection_repeat	6991	chr4R	SRR33298373.659741	7	7	E-chr4R-7	E-chr14L-2	chr14L	231	46993	54996	beginning
6991_day0_with_selection_repeat	6991	chr4R	SRR33298373.634406	2	7	E-chr4R-2	E-chr14L-2	chr14L	7924	54836	54913	end
6991_day0_with_selection_repeat	6991	chr4R	SRR33298373.634406	3	7	E-chr4R-3	E-chr14L-2	chr14L	7924	54836	54913	end
6991_day0_with_selection_repeat	6991	chr4R	SRR33298373.634406	4	7	E-chr4R-4	E-chr14L-2	chr14L	7924	54836	54913	end
6991_day0_with_selection_repeat	6991	chr4R	SRR33298373.634406	6	7	E-chr4R-6	E-chr14L-2	chr14L	7924	54836	54913	end
6991_day0_with_selection_repeat	6991	chr4R	SRR33298373.634406	7	7	E-chr4R-7	E-chr14L-2	chr14L	7924	54836	54913	end
6991_day0_with_selection_repeat	6991	chr4R	SRR33298373.937549	1	7	E-chr4R-1	E-chr14L-2	chr14L	194	47008	55033	beginning
6991_day0_with_selection_repeat	6991	chr4R	SRR33298373.937549	7	7	E-chr4R-7	E-chr14L-2	chr14L	194	47008	55033	beginning
6991_day0_with_selection_repeat	6991	chr4R	SRR33298373.797398	1	7	E-chr4R-1	E-chr14L-2	chr14L	8058	54890	55040	end
6991_day0_with_selection_repeat	6991	chr4R	SRR33298373.797398	2	7	E-chr4R-2	E-chr14L-2	chr14L	8058	54890	55040	end
6991_day0_with_selection_repeat	6991	chr4R	SRR33298373.797398	3	7	E-chr4R-3	E-chr14L-2	chr14L	8058	54890	55040	end
6991_day0_with_selection_repeat	6991	chr4R	SRR33298373.797398	4	7	E-chr4R-4	E-chr14L-2	chr14L	8058	54890	55040	end
6991_day0_with_selection_repeat	6991	chr4R	SRR33298373.797398	6	7	E-chr4R-6	E-chr14L-2	chr14L	8058	54890	55040	end
6991_day0_with_selection_repeat	6991	chr4R	SRR33298373.1110272	2	7	E-chr4R-2	E-chr14L-2	chr14L	8040	54832	55025	end
6991_day0_with_selection_repeat	6991	chr4R	SRR33298373.1110272	3	7	E-chr4R-3	E-chr14L-2	chr14L	8040	54832	55025	end
6991_day0_with_selection_repeat	6991	chr4R	SRR33298373.1110272	4	7	E-chr4R-4	E-chr14L-2	chr14L	8040	54832	55025	end
6991_day0_with_selection_repeat	6991	chr4R	SRR33298373.1110272	6	7	E-chr4R-6	E-chr14L-2	chr14L	8040	54832	55025	end
6991_day0_with_selection_repeat	6991	chr4R	SRR33298373.1110272	7	7	E-chr4R-7	E-chr14L-2	chr14L	8040	54832	55025	end
6991_day0_with_selection_repeat	6991	chr4R	SRR33298373.659505	1	7	E-chr4R-1	E-chr14L-2	chr14L	8064	54890	55031	end
6991_day0_with_selection_repeat	6991	chr4R	SRR33298373.659505	2	7	E-chr4R-2	E-chr14L-2	chr14L	8064	54890	55031	end
6991_day0_with_selection_repeat	6991	chr4R	SRR33298373.659505	3	7	E-chr4R-3	E-chr14L-2	chr14L	8064	54890	55031	end
6991_day0_with_selection_repeat	6991	chr4R	SRR33298373.659505	6	7	E-chr4R-6	E-chr14L-2	chr14L	8064	54890	55031	end
6991_day0_with_selection_repeat	6991	chr4R	SRR33298373.659505	7	7	E-chr4R-7	E-chr14L-2	chr14L	8064	54890	55031	end
6991_day0_with_selection_repeat	6991	chr4R	SRR33298373.855302	2	7	E-chr4R-2	E-chr14L-2	chr14L	195	46785	54841	beginning
6991_day0_with_selection_repeat	6991	chr4R	SRR33298373.641530	1	7	E-chr4R-1	E-chr14L-2	chr14L	6261	51967	52109	end
6991_day0_with_selection_repeat	6991	chr4R	SRR33298373.641530	3	7	E-chr4R-3	E-chr14L-2	chr14L	6261	51967	52109	end
6991_day0_with_selection_repeat	6991	chr4R	SRR33298373.641530	4	7	E-chr4R-4	E-chr14L-2	chr14L	6261	51967	52109	end
6991_day0_with_selection_repeat	6991	chr4R	SRR33298373.641530	6	7	E-chr4R-6	E-chr14L-2	chr14L	6261	51967	52109	end
6991_day0_with_selection_repeat	6991	chr4R	SRR33298373.641530	7	7	E-chr4R-7	E-chr14L-2	chr14L	6261	51967	52109	end
6991_day0_with_selection_repeat	6991	chr5L	SRR33298373.260098	1	1	E-chr5L-1	E-chr10L-1	chr10L	5817	12525	12782	end
6991_day0_with_selection_repeat	6991	chr7R	SRR33298373.754255	1	1	E-chr7R-1	E-chr14L-1	chr14L	261	6891	20896	beginning
6991_day0_with_selection_repeat	6991	chr7R	SRR33298373.1236979	1	1	E-chr7R-1	E-chr14L-1	chr14L	14038	20684	20914	end
6991_day0_with_selection_repeat	6991	chr7R	SRR33298373.741107	1	1	E-chr7R-1	E-chr14L-1	chr14L	14037	20688	20876	end
6991_day0_with_selection_repeat	6991	chr7R	SRR33298373.817243	1	1	E-chr7R-1	E-chr14L-1	chr14L	14041	20694	20843	end
6991_day0_with_selection_repeat	6991	chr7R	SRR33298373.789560	1	1	E-chr7R-1	E-chr16L-1	chr16L	14011	20649	20814	end
6991_day0_with_selection_repeat	6991	chr7R	SRR33298373.516417	1	1	E-chr7R-1	E-chr14L-1	chr14L	141	6808	20827	beginning
6991_day0_with_selection_repeat	6991	chr7R	SRR33298373.1395949	1	1	E-chr7R-1	E-chr16L-1	chr16L	14024	20675	20814	end
6991_day0_with_selection_repeat	6991	chr7R	SRR33298373.946722	1	1	E-chr7R-1	E-chr16L-1	chr16L	13993	20659	20736	end
7172_day0_with_selection	7172	chr12R	SRR33298432.133513	2	8	E-chr12R-2	E-chr16L-3	chr16L	10962	66456	66565	end
7172_day0_with_selection	7172	chr12R	SRR33298432.133513	3	8	E-chr12R-3	E-chr16L-3	chr16L	10962	66456	66565	end
7172_day0_with_selection	7172	chr12R	SRR33298432.133513	4	8	E-chr12R-4	E-chr4R-7	chr4R	10962	66456	66565	end
7172_day0_with_selection	7172	chr12R	SRR33298432.133513	5	8	E-chr12R-5	E-chr16L-3	chr16L	10962	66456	66565	end
7172_day0_with_selection	7172	chr12R	SRR33298432.111013	2	8	E-chr12R-2	E-chr4R-7	chr4R	327	54547	63991	beginning
7172_day0_with_selection	7172	chr12R	SRR33298432.111013	3	8	E-chr12R-3	E-chr4R-7	chr4R	327	54547	63991	beginning
7172_day0_with_selection	7172	chr12R	SRR33298432.111013	4	8	E-chr12R-4	E-chr4R-7	chr4R	327	54547	63991	beginning
7172_day0_with_selection	7172	chr12R	SRR33298432.111013	5	8	E-chr12R-5	E-chr4R-7	chr4R	327	54547	63991	beginning
7172_day0_with_selection	7172	chr12R	SRR33298432.125647	2	8	E-chr12R-2	E-chr4R-7	chr4R	281	54474	65489	beginning
7172_day0_with_selection	7172	chr12R	SRR33298432.125647	3	8	E-chr12R-3	E-chr4R-7	chr4R	281	54474	65489	beginning
7172_day0_with_selection	7172	chr12R	SRR33298432.125647	4	8	E-chr12R-4	E-chr4R-7	chr4R	281	54474	65489	beginning
7172_day0_with_selection	7172	chr12R	SRR33298432.125647	5	8	E-chr12R-5	E-chr4R-7	chr4R	281	54474	65489	beginning
7172_day0_with_selection	7172	chr12R	SRR33298432.245818	2	8	E-chr12R-2	E-chr4R-7	chr4R	216	54435	65454	beginning
7172_day0_with_selection	7172	chr12R	SRR33298432.245818	3	8	E-chr12R-3	E-chr4R-7	chr4R	216	54435	65454	beginning
7172_day0_with_selection	7172	chr12R	SRR33298432.245818	4	8	E-chr12R-4	E-chr4R-7	chr4R	216	54435	65454	beginning
7172_day0_with_selection	7172	chr12R	SRR33298432.245818	5	8	E-chr12R-5	E-chr4R-7	chr4R	216	54435	65454	beginning
7172_day0_with_selection	7172	chr12R	SRR33298432.112706	2	8	E-chr12R-2	E-chr16L-3	chr16L	11032	65232	65459	end
7172_day0_with_selection	7172	chr12R	SRR33298432.112706	3	8	E-chr12R-3	E-chr16L-3	chr16L	11032	65232	65459	end
7172_day0_with_selection	7172	chr12R	SRR33298432.112706	4	8	E-chr12R-4	E-chr4R-7	chr4R	11032	65232	65459	end
7172_day0_with_selection	7172	chr12R	SRR33298432.112706	5	8	E-chr12R-5	E-chr16L-3	chr16L	11032	65232	65459	end
7172_day0_with_selection	7172	chr12R	SRR33298432.230238	2	8	E-chr12R-2	E-chr4R-7	chr4R	258	54446	65438	beginning
7172_day0_with_selection	7172	chr12R	SRR33298432.230238	3	8	E-chr12R-3	E-chr4R-7	chr4R	258	54446	65438	beginning
7172_day0_with_selection	7172	chr12R	SRR33298432.230238	4	8	E-chr12R-4	E-chr4R-7	chr4R	258	54446	65438	beginning
7172_day0_with_selection	7172	chr12R	SRR33298432.230238	5	8	E-chr12R-5	E-chr4R-7	chr4R	258	54446	65438	beginning
7172_day0_with_selection	7172	chr12R	SRR33298432.37064	2	8	E-chr12R-2	E-chr4R-7	chr4R	216	54425	65446	beginning
7172_day0_with_selection	7172	chr12R	SRR33298432.37064	3	8	E-chr12R-3	E-chr4R-7	chr4R	216	54425	65446	beginning
7172_day0_with_selection	7172	chr12R	SRR33298432.37064	4	8	E-chr12R-4	E-chr4R-7	chr4R	216	54425	65446	beginning
7172_day0_with_selection	7172	chr12R	SRR33298432.37064	5	8	E-chr12R-5	E-chr4R-7	chr4R	216	54425	65446	beginning
7172_day0_with_selection	7172	chr12R	SRR33298432.88033	2	8	E-chr12R-2	E-chr16L-3	chr16L	11011	65199	65426	end
7172_day0_with_selection	7172	chr12R	SRR33298432.88033	3	8	E-chr12R-3	E-chr16L-3	chr16L	11011	65199	65426	end
7172_day0_with_selection	7172	chr12R	SRR33298432.88033	4	8	E-chr12R-4	E-chr4R-7	chr4R	11011	65199	65426	end
7172_day0_with_selection	7172	chr12R	SRR33298432.88033	5	8	E-chr12R-5	E-chr16L-3	chr16L	11011	65199	65426	end
7172_day0_with_selection	7172	chr12R	SRR33298432.202472	2	8	E-chr12R-2	E-chr4R-7	chr4R	216	54409	65430	beginning
7172_day0_with_selection	7172	chr12R	SRR33298432.202472	3	8	E-chr12R-3	E-chr4R-7	chr4R	216	54409	65430	beginning
7172_day0_with_selection	7172	chr12R	SRR33298432.202472	4	8	E-chr12R-4	E-chr4R-7	chr4R	216	54409	65430	beginning
7172_day0_with_selection	7172	chr12R	SRR33298432.202472	5	8	E-chr12R-5	E-chr4R-7	chr4R	216	54409	65430	beginning
7172_day0_with_selection	7172	chr12R	SRR33298432.158335	2	8	E-chr12R-2	E-chr4R-7	chr4R	197	54395	65415	beginning
7172_day0_with_selection	7172	chr12R	SRR33298432.158335	3	8	E-chr12R-3	E-chr4R-7	chr4R	197	54395	65415	beginning
7172_day0_with_selection	7172	chr12R	SRR33298432.158335	4	8	E-chr12R-4	E-chr4R-7	chr4R	197	54395	65415	beginning
7172_day0_with_selection	7172	chr12R	SRR33298432.158335	5	8	E-chr12R-5	E-chr4R-7	chr4R	197	54395	65415	beginning
7172_day0_with_selection	7172	chr12R	SRR33298432.24544	2	8	E-chr12R-2	E-chr4R-7	chr4R	200	54405	65404	beginning
7172_day0_with_selection	7172	chr12R	SRR33298432.24544	3	8	E-chr12R-3	E-chr4R-7	chr4R	200	54405	65404	beginning
7172_day0_with_selection	7172	chr12R	SRR33298432.24544	4	8	E-chr12R-4	E-chr4R-7	chr4R	200	54405	65404	beginning
7172_day0_with_selection	7172	chr12R	SRR33298432.24544	5	8	E-chr12R-5	E-chr4R-7	chr4R	200	54405	65404	beginning
7172_day0_with_selection	7172	chr12R	SRR33298432.293674	2	8	E-chr12R-2	E-chr4R-7	chr4R	148	54381	63143	beginning
7172_day0_with_selection	7172	chr12R	SRR33298432.293674	3	8	E-chr12R-3	E-chr4R-7	chr4R	148	54381	63143	beginning
7172_day0_with_selection	7172	chr12R	SRR33298432.293674	4	8	E-chr12R-4	E-chr4R-7	chr4R	148	54381	63143	beginning
7172_day0_with_selection	7172	chr12R	SRR33298432.293674	5	8	E-chr12R-5	E-chr4R-7	chr4R	148	54381	63143	beginning
7172_day0_with_selection	7172	chr12R	SRR33298432.262145	2	8	E-chr12R-2	E-chr4R-7	chr4R	206	54407	65403	beginning
7172_day0_with_selection	7172	chr12R	SRR33298432.262145	3	8	E-chr12R-3	E-chr4R-7	chr4R	206	54407	65403	beginning
7172_day0_with_selection	7172	chr12R	SRR33298432.262145	4	8	E-chr12R-4	E-chr4R-7	chr4R	206	54407	65403	beginning
7172_day0_with_selection	7172	chr12R	SRR33298432.262145	5	8	E-chr12R-5	E-chr4R-7	chr4R	206	54407	65403	beginning
7172_day0_with_selection	7172	chr12R	SRR33298432.181171	2	8	E-chr12R-2	E-chr4R-7	chr4R	207	54401	65396	beginning
7172_day0_with_selection	7172	chr12R	SRR33298432.181171	3	8	E-chr12R-3	E-chr4R-7	chr4R	207	54401	65396	beginning
7172_day0_with_selection	7172	chr12R	SRR33298432.181171	4	8	E-chr12R-4	E-chr4R-7	chr4R	207	54401	65396	beginning
7172_day0_with_selection	7172	chr12R	SRR33298432.181171	5	8	E-chr12R-5	E-chr4R-7	chr4R	207	54401	65396	beginning
7172_day0_with_selection	7172	chr12R	SRR33298432.243465	2	8	E-chr12R-2	E-chr4R-7	chr4R	188	54384	65376	beginning
7172_day0_with_selection	7172	chr12R	SRR33298432.243465	3	8	E-chr12R-3	E-chr4R-7	chr4R	188	54384	65376	beginning
7172_day0_with_selection	7172	chr12R	SRR33298432.243465	4	8	E-chr12R-4	E-chr4R-7	chr4R	188	54384	65376	beginning
7172_day0_with_selection	7172	chr12R	SRR33298432.243465	5	8	E-chr12R-5	E-chr4R-7	chr4R	188	54384	65376	beginning
7172_day0_with_selection	7172	chr12R	SRR33298432.265590	2	8	E-chr12R-2	E-chr16L-3	chr16L	11015	65184	65389	end
7172_day0_with_selection	7172	chr12R	SRR33298432.265590	3	8	E-chr12R-3	E-chr16L-3	chr16L	11015	65184	65389	end
7172_day0_with_selection	7172	chr12R	SRR33298432.265590	4	8	E-chr12R-4	E-chr4R-7	chr4R	11015	65184	65389	end
7172_day0_with_selection	7172	chr12R	SRR33298432.265590	5	8	E-chr12R-5	E-chr16L-3	chr16L	11015	65184	65389	end
7172_day0_with_selection	7172	chr12R	SRR33298432.90437	2	8	E-chr12R-2	E-chr4R-7	chr4R	199	54368	65388	beginning
7172_day0_with_selection	7172	chr12R	SRR33298432.90437	3	8	E-chr12R-3	E-chr4R-7	chr4R	199	54368	65388	beginning
7172_day0_with_selection	7172	chr12R	SRR33298432.90437	4	8	E-chr12R-4	E-chr4R-7	chr4R	199	54368	65388	beginning
7172_day0_with_selection	7172	chr12R	SRR33298432.90437	5	8	E-chr12R-5	E-chr4R-7	chr4R	199	54368	65388	beginning
7172_day0_with_selection	7172	chr12R	SRR33298432.259462	2	8	E-chr12R-2	E-chr16L-3	chr16L	9399	63591	63779	end
7172_day0_with_selection	7172	chr12R	SRR33298432.259462	3	8	E-chr12R-3	E-chr16L-3	chr16L	9399	63591	63779	end
7172_day0_with_selection	7172	chr12R	SRR33298432.259462	4	8	E-chr12R-4	E-chr4R-7	chr4R	9399	63591	63779	end
7172_day0_with_selection	7172	chr12R	SRR33298432.259462	5	8	E-chr12R-5	E-chr16L-3	chr16L	9399	63591	63779	end
7172_day0_with_selection	7172	chr12R	SRR33298432.154650	2	8	E-chr12R-2	E-chr4R-7	chr4R	184	54363	65375	beginning
7172_day0_with_selection	7172	chr12R	SRR33298432.154650	3	8	E-chr12R-3	E-chr4R-7	chr4R	184	54363	65375	beginning
7172_day0_with_selection	7172	chr12R	SRR33298432.154650	4	8	E-chr12R-4	E-chr4R-7	chr4R	184	54363	65375	beginning
7172_day0_with_selection	7172	chr12R	SRR33298432.154650	5	8	E-chr12R-5	E-chr4R-7	chr4R	184	54363	65375	beginning
7172_day0_with_selection	7172	chr12R	SRR33298432.244362	2	8	E-chr12R-2	E-chr16L-3	chr16L	11030	65181	65393	end
7172_day0_with_selection	7172	chr12R	SRR33298432.244362	3	8	E-chr12R-3	E-chr16L-3	chr16L	11030	65181	65393	end
7172_day0_with_selection	7172	chr12R	SRR33298432.244362	4	8	E-chr12R-4	E-chr4R-7	chr4R	11030	65181	65393	end
7172_day0_with_selection	7172	chr12R	SRR33298432.244362	5	8	E-chr12R-5	E-chr16L-3	chr16L	11030	65181	65393	end
7172_day0_with_selection	7172	chr12R	SRR33298432.284193	2	8	E-chr12R-2	E-chr4R-7	chr4R	193	54357	65377	beginning
7172_day0_with_selection	7172	chr12R	SRR33298432.284193	3	8	E-chr12R-3	E-chr4R-7	chr4R	193	54357	65377	beginning
7172_day0_with_selection	7172	chr12R	SRR33298432.284193	4	8	E-chr12R-4	E-chr4R-7	chr4R	193	54357	65377	beginning
7172_day0_with_selection	7172	chr12R	SRR33298432.284193	5	8	E-chr12R-5	E-chr4R-7	chr4R	193	54357	65377	beginning
7172_day0_with_selection	7172	chr12R	SRR33298432.24857	2	8	E-chr12R-2	E-chr16L-3	chr16L	11018	65174	65376	end
7172_day0_with_selection	7172	chr12R	SRR33298432.24857	3	8	E-chr12R-3	E-chr16L-3	chr16L	11018	65174	65376	end
7172_day0_with_selection	7172	chr12R	SRR33298432.24857	4	8	E-chr12R-4	E-chr4R-7	chr4R	11018	65174	65376	end
7172_day0_with_selection	7172	chr12R	SRR33298432.24857	5	8	E-chr12R-5	E-chr16L-3	chr16L	11018	65174	65376	end
7172_day0_with_selection	7172	chr12R	SRR33298432.251921	2	8	E-chr12R-2	E-chr4R-7	chr4R	146	54345	65370	beginning
7172_day0_with_selection	7172	chr12R	SRR33298432.251921	3	8	E-chr12R-3	E-chr4R-7	chr4R	146	54345	65370	beginning
7172_day0_with_selection	7172	chr12R	SRR33298432.251921	4	8	E-chr12R-4	E-chr4R-7	chr4R	146	54345	65370	beginning
7172_day0_with_selection	7172	chr12R	SRR33298432.251921	5	8	E-chr12R-5	E-chr4R-7	chr4R	146	54345	65370	beginning
7172_day0_with_selection	7172	chr12R	SRR33298432.209072	2	8	E-chr12R-2	E-chr4R-7	chr4R	150	54349	65365	beginning
7172_day0_with_selection	7172	chr12R	SRR33298432.209072	3	8	E-chr12R-3	E-chr4R-7	chr4R	150	54349	65365	beginning
7172_day0_with_selection	7172	chr12R	SRR33298432.209072	4	8	E-chr12R-4	E-chr4R-7	chr4R	150	54349	65365	beginning
7172_day0_with_selection	7172	chr12R	SRR33298432.209072	5	8	E-chr12R-5	E-chr4R-7	chr4R	150	54349	65365	beginning
7172_day0_with_selection	7172	chr12R	SRR33298432.104618	2	8	E-chr12R-2	E-chr16L-3	chr16L	11017	65216	65368	end
7172_day0_with_selection	7172	chr12R	SRR33298432.104618	3	8	E-chr12R-3	E-chr16L-3	chr16L	11017	65216	65368	end
7172_day0_with_selection	7172	chr12R	SRR33298432.104618	4	8	E-chr12R-4	E-chr4R-7	chr4R	11017	65216	65368	end
7172_day0_with_selection	7172	chr12R	SRR33298432.104618	5	8	E-chr12R-5	E-chr16L-3	chr16L	11017	65216	65368	end
7172_day0_with_selection	7172	chr12R	SRR33298432.158787	2	8	E-chr12R-2	E-chr4R-7	chr4R	270	54355	65363	beginning
7172_day0_with_selection	7172	chr12R	SRR33298432.158787	3	8	E-chr12R-3	E-chr4R-7	chr4R	270	54355	65363	beginning
7172_day0_with_selection	7172	chr12R	SRR33298432.158787	4	8	E-chr12R-4	E-chr4R-7	chr4R	270	54355	65363	beginning
7172_day0_with_selection	7172	chr12R	SRR33298432.158787	5	8	E-chr12R-5	E-chr16L-3	chr16L	270	54355	65363	beginning
7172_day0_with_selection	7172	chr12R	SRR33298432.24670	2	8	E-chr12R-2	E-chr4R-7	chr4R	228	54358	65363	beginning
7172_day0_with_selection	7172	chr12R	SRR33298432.24670	3	8	E-chr12R-3	E-chr4R-7	chr4R	228	54358	65363	beginning
7172_day0_with_selection	7172	chr12R	SRR33298432.24670	4	8	E-chr12R-4	E-chr4R-7	chr4R	228	54358	65363	beginning
7172_day0_with_selection	7172	chr12R	SRR33298432.24670	5	8	E-chr12R-5	E-chr4R-7	chr4R	228	54358	65363	beginning
7172_day0_with_selection	7172	chr12R	SRR33298432.173769	2	8	E-chr12R-2	E-chr4R-7	chr4R	124	54344	65359	beginning
7172_day0_with_selection	7172	chr12R	SRR33298432.173769	3	8	E-chr12R-3	E-chr4R-7	chr4R	124	54344	65359	beginning
7172_day0_with_selection	7172	chr12R	SRR33298432.173769	4	8	E-chr12R-4	E-chr4R-7	chr4R	124	54344	65359	beginning
7172_day0_with_selection	7172	chr12R	SRR33298432.173769	5	8	E-chr12R-5	E-chr4R-7	chr4R	124	54344	65359	beginning
7172_day0_with_selection	7172	chr12R	SRR33298432.270402	2	8	E-chr12R-2	E-chr16L-3	chr16L	11015	65213	65367	end
7172_day0_with_selection	7172	chr12R	SRR33298432.270402	3	8	E-chr12R-3	E-chr16L-3	chr16L	11015	65213	65367	end
7172_day0_with_selection	7172	chr12R	SRR33298432.270402	4	8	E-chr12R-4	E-chr4R-7	chr4R	11015	65213	65367	end
7172_day0_with_selection	7172	chr12R	SRR33298432.270402	5	8	E-chr12R-5	E-chr16L-3	chr16L	11015	65213	65367	end
7172_day0_with_selection	7172	chr12R	SRR33298432.25186	2	8	E-chr12R-2	E-chr4R-7	chr4R	147	54346	65361	beginning
7172_day0_with_selection	7172	chr12R	SRR33298432.25186	3	8	E-chr12R-3	E-chr4R-7	chr4R	147	54346	65361	beginning
7172_day0_with_selection	7172	chr12R	SRR33298432.25186	4	8	E-chr12R-4	E-chr4R-7	chr4R	147	54346	65361	beginning
7172_day0_with_selection	7172	chr12R	SRR33298432.25186	5	8	E-chr12R-5	E-chr4R-7	chr4R	147	54346	65361	beginning
7172_day0_with_selection	7172	chr12R	SRR33298432.88609	2	8	E-chr12R-2	E-chr4R-7	chr4R	150	54342	65364	beginning
7172_day0_with_selection	7172	chr12R	SRR33298432.88609	3	8	E-chr12R-3	E-chr4R-7	chr4R	150	54342	65364	beginning
7172_day0_with_selection	7172	chr12R	SRR33298432.88609	4	8	E-chr12R-4	E-chr4R-7	chr4R	150	54342	65364	beginning
7172_day0_with_selection	7172	chr12R	SRR33298432.88609	5	8	E-chr12R-5	E-chr4R-7	chr4R	150	54342	65364	beginning
7172_day0_with_selection	7172	chr12R	SRR33298432.108440	2	8	E-chr12R-2	E-chr16L-3	chr16L	10982	65150	65357	end
7172_day0_with_selection	7172	chr12R	SRR33298432.108440	3	8	E-chr12R-3	E-chr4R-7	chr4R	10982	65150	65357	end
7172_day0_with_selection	7172	chr12R	SRR33298432.108440	4	8	E-chr12R-4	E-chr4R-7	chr4R	10982	65150	65357	end
7172_day0_with_selection	7172	chr12R	SRR33298432.108440	5	8	E-chr12R-5	E-chr16L-3	chr16L	10982	65150	65357	end
7172_day0_with_selection	7172	chr12R	SRR33298432.293915	2	8	E-chr12R-2	E-chr4R-7	chr4R	226	54335	65359	beginning
7172_day0_with_selection	7172	chr12R	SRR33298432.293915	3	8	E-chr12R-3	E-chr4R-7	chr4R	226	54335	65359	beginning
7172_day0_with_selection	7172	chr12R	SRR33298432.293915	4	8	E-chr12R-4	E-chr4R-7	chr4R	226	54335	65359	beginning
7172_day0_with_selection	7172	chr12R	SRR33298432.293915	5	8	E-chr12R-5	E-chr4R-7	chr4R	226	54335	65359	beginning
7172_day0_with_selection	7172	chr12R	SRR33298432.160557	2	8	E-chr12R-2	E-chr4R-7	chr4R	137	54336	65343	beginning
7172_day0_with_selection	7172	chr12R	SRR33298432.160557	3	8	E-chr12R-3	E-chr4R-7	chr4R	137	54336	65343	beginning
7172_day0_with_selection	7172	chr12R	SRR33298432.160557	4	8	E-chr12R-4	E-chr4R-7	chr4R	137	54336	65343	beginning
7172_day0_with_selection	7172	chr12R	SRR33298432.160557	5	8	E-chr12R-5	E-chr4R-7	chr4R	137	54336	65343	beginning
7172_day0_with_selection	7172	chr12R	SRR33298432.159606	2	8	E-chr12R-2	E-chr16L-3	chr16L	11019	65205	65353	end
7172_day0_with_selection	7172	chr12R	SRR33298432.159606	3	8	E-chr12R-3	E-chr16L-3	chr16L	11019	65205	65353	end
7172_day0_with_selection	7172	chr12R	SRR33298432.159606	4	8	E-chr12R-4	E-chr4R-7	chr4R	11019	65205	65353	end
7172_day0_with_selection	7172	chr12R	SRR33298432.159606	5	8	E-chr12R-5	E-chr16L-3	chr16L	11019	65205	65353	end
7172_day0_with_selection	7172	chr12R	SRR33298432.262621	2	8	E-chr12R-2	E-chr16L-3	chr16L	11028	65209	65352	end
7172_day0_with_selection	7172	chr12R	SRR33298432.262621	3	8	E-chr12R-3	E-chr16L-3	chr16L	11028	65209	65352	end
7172_day0_with_selection	7172	chr12R	SRR33298432.262621	4	8	E-chr12R-4	E-chr4R-7	chr4R	11028	65209	65352	end
7172_day0_with_selection	7172	chr12R	SRR33298432.262621	5	8	E-chr12R-5	E-chr16L-3	chr16L	11028	65209	65352	end
7172_day0_with_selection	7172	chr12R	SRR33298432.55096	2	8	E-chr12R-2	E-chr4R-7	chr4R	127	54325	65339	beginning
7172_day0_with_selection	7172	chr12R	SRR33298432.55096	3	8	E-chr12R-3	E-chr4R-7	chr4R	127	54325	65339	beginning
7172_day0_with_selection	7172	chr12R	SRR33298432.55096	4	8	E-chr12R-4	E-chr4R-7	chr4R	127	54325	65339	beginning
7172_day0_with_selection	7172	chr12R	SRR33298432.55096	5	8	E-chr12R-5	E-chr4R-7	chr4R	127	54325	65339	beginning
7172_day0_with_selection	7172	chr12R	SRR33298432.97544	2	8	E-chr12R-2	E-chr4R-7	chr4R	141	54323	64093	beginning
7172_day0_with_selection	7172	chr12R	SRR33298432.97544	3	8	E-chr12R-3	E-chr4R-7	chr4R	141	54323	64093	beginning
7172_day0_with_selection	7172	chr12R	SRR33298432.97544	4	8	E-chr12R-4	E-chr4R-7	chr4R	141	54323	64093	beginning
7172_day0_with_selection	7172	chr12R	SRR33298432.97544	5	8	E-chr12R-5	E-chr4R-7	chr4R	141	54323	64093	beginning
7172_day0_with_selection	7172	chr12R	SRR33298432.201028	2	8	E-chr12R-2	E-chr16L-3	chr16L	11018	65213	65333	end
7172_day0_with_selection	7172	chr12R	SRR33298432.201028	3	8	E-chr12R-3	E-chr16L-3	chr16L	11018	65213	65333	end
7172_day0_with_selection	7172	chr12R	SRR33298432.201028	4	8	E-chr12R-4	E-chr4R-7	chr4R	11018	65213	65333	end
7172_day0_with_selection	7172	chr12R	SRR33298432.201028	5	8	E-chr12R-5	E-chr4R-7	chr4R	11018	65213	65333	end
7172_day0_with_selection	7172	chr12R	SRR33298432.174455	2	8	E-chr12R-2	E-chr4R-7	chr4R	158	54320	65331	beginning
7172_day0_with_selection	7172	chr12R	SRR33298432.174455	3	8	E-chr12R-3	E-chr4R-7	chr4R	158	54320	65331	beginning
7172_day0_with_selection	7172	chr12R	SRR33298432.174455	4	8	E-chr12R-4	E-chr4R-7	chr4R	158	54320	65331	beginning
7172_day0_with_selection	7172	chr12R	SRR33298432.174455	5	8	E-chr12R-5	E-chr4R-7	chr4R	158	54320	65331	beginning
7172_day0_with_selection	7172	chr12R	SRR33298432.86515	2	8	E-chr12R-2	E-chr16L-3	chr16L	11030	65211	65332	end
7172_day0_with_selection	7172	chr12R	SRR33298432.86515	3	8	E-chr12R-3	E-chr16L-3	chr16L	11030	65211	65332	end
7172_day0_with_selection	7172	chr12R	SRR33298432.86515	4	8	E-chr12R-4	E-chr4R-7	chr4R	11030	65211	65332	end
7172_day0_with_selection	7172	chr12R	SRR33298432.86515	5	8	E-chr12R-5	E-chr16L-3	chr16L	11030	65211	65332	end
7172_day0_with_selection	7172	chr12R	SRR33298432.34383	2	8	E-chr12R-2	E-chr4R-7	chr4R	144	54291	65298	beginning
7172_day0_with_selection	7172	chr12R	SRR33298432.34383	3	8	E-chr12R-3	E-chr4R-7	chr4R	144	54291	65298	beginning
7172_day0_with_selection	7172	chr12R	SRR33298432.34383	4	8	E-chr12R-4	E-chr4R-7	chr4R	144	54291	65298	beginning
7172_day0_with_selection	7172	chr12R	SRR33298432.34383	5	8	E-chr12R-5	E-chr4R-7	chr4R	144	54291	65298	beginning
7172_day0_with_selection	7172	chr12R	SRR33298432.181161	2	8	E-chr12R-2	E-chr16L-3	chr16L	11019	65199	65295	end
7172_day0_with_selection	7172	chr12R	SRR33298432.181161	3	8	E-chr12R-3	E-chr16L-3	chr16L	11019	65199	65295	end
7172_day0_with_selection	7172	chr12R	SRR33298432.181161	4	8	E-chr12R-4	E-chr4R-7	chr4R	11019	65199	65295	end
7172_day0_with_selection	7172	chr12R	SRR33298432.181161	5	8	E-chr12R-5	E-chr16L-3	chr16L	11019	65199	65295	end
7172_day0_with_selection	7172	chr12R	SRR33298432.50835	2	8	E-chr12R-2	E-chr4R-7	chr4R	137	54272	65279	beginning
7172_day0_with_selection	7172	chr12R	SRR33298432.50835	3	8	E-chr12R-3	E-chr4R-7	chr4R	137	54272	65279	beginning
7172_day0_with_selection	7172	chr12R	SRR33298432.50835	4	8	E-chr12R-4	E-chr4R-7	chr4R	137	54272	65279	beginning
7172_day0_with_selection	7172	chr12R	SRR33298432.50835	5	8	E-chr12R-5	E-chr4R-7	chr4R	137	54272	65279	beginning
7172_day0_with_selection	7172	chr12R	SRR33298432.149967	2	8	E-chr12R-2	E-chr4R-7	chr4R	10958	64909	65115	end
7172_day0_with_selection	7172	chr12R	SRR33298432.149967	3	8	E-chr12R-3	E-chr16L-3	chr16L	10958	64909	65115	end
7172_day0_with_selection	7172	chr12R	SRR33298432.149967	4	8	E-chr12R-4	E-chr4R-7	chr4R	10958	64909	65115	end
7172_day0_with_selection	7172	chr12R	SRR33298432.149967	5	8	E-chr12R-5	E-chr16L-3	chr16L	10958	64909	65115	end
7172_day0_with_selection	7172	chr13L	SRR33298432.57272	1	1	E-chr13L-1	E-chr14L-3	chr14L	191	5690	15940	beginning
7172_day0_with_selection	7172	chr14L	SRR33298432.129555	2	3	E-chr14L-2	E-chr4R-7	chr4R	265	20926	36265	beginning
7172_day0_with_selection	7172	chr14L	SRR33298432.269116	2	3	E-chr14L-2	E-chr16L-3	chr16L	205	19294	35737	beginning
7172_day0_with_selection	7172	chr14L	SRR33298432.286832	2	3	E-chr14L-2	E-chr16L-3	chr16L	16314	35343	35482	end
7172_day0_with_selection	7172	chr14L	SRR33298432.24715	2	3	E-chr14L-2	E-chr4R-7	chr4R	303	20134	35469	beginning
7172_day0_with_selection	7172	chr14L	SRR33298432.102088	2	3	E-chr14L-2	E-chr16L-3	chr16L	15368	34753	34887	end
7172_day0_with_selection	7172	chr14L	SRR33298432.119295	2	3	E-chr14L-2	E-chr4R-7	chr4R	229	19491	34821	beginning
7172_day0_with_selection	7172	chr14L	SRR33298432.279076	2	3	E-chr14L-2	E-chr4R-7	chr4R	220	19439	34762	beginning
7172_day0_with_selection	7172	chr14L	SRR33298432.267678	2	3	E-chr14L-2	E-chr4R-7	chr4R	255	19387	34722	beginning
7172_day0_with_selection	7172	chr14L	SRR33298432.112479	2	3	E-chr14L-2	E-chr4R-7	chr4R	260	19396	34720	beginning
7172_day0_with_selection	7172	chr14L	SRR33298432.329474	2	3	E-chr14L-2	E-chr16L-3	chr16L	15333	34458	34717	end
7172_day0_with_selection	7172	chr14L	SRR33298432.236556	2	3	E-chr14L-2	E-chr16L-3	chr16L	15328	34463	34710	end
7172_day0_with_selection	7172	chr14L	SRR33298432.200134	2	3	E-chr14L-2	E-chr4R-7	chr4R	241	19374	34713	beginning
7172_day0_with_selection	7172	chr14L	SRR33298432.24572	2	3	E-chr14L-2	E-chr4R-7	chr4R	233	19364	34711	beginning
7172_day0_with_selection	7172	chr14L	SRR33298432.179151	2	3	E-chr14L-2	E-chr16L-3	chr16L	15326	34451	34695	end
7172_day0_with_selection	7172	chr14L	SRR33298432.134254	2	3	E-chr14L-2	E-chr16L-3	chr16L	15317	34594	34705	end
7172_day0_with_selection	7172	chr14L	SRR33298432.86673	2	3	E-chr14L-2	E-chr16L-3	chr16L	15316	34444	34694	end
7172_day0_with_selection	7172	chr14L	SRR33298432.11912	2	3	E-chr14L-2	E-chr4R-7	chr4R	235	19370	34702	beginning
7172_day0_with_selection	7172	chr14L	SRR33298432.129981	2	3	E-chr14L-2	E-chr4R-7	chr4R	229	19364	34689	beginning
7172_day0_with_selection	7172	chr14L	SRR33298432.97759	2	3	E-chr14L-2	E-chr4R-7	chr4R	237	19363	34701	beginning
7172_day0_with_selection	7172	chr14L	SRR33298432.92120	2	3	E-chr14L-2	E-chr16L-3	chr16L	15331	34475	34699	end
7172_day0_with_selection	7172	chr14L	SRR33298432.207623	2	3	E-chr14L-2	E-chr4R-7	chr4R	235	19374	34701	beginning
7172_day0_with_selection	7172	chr14L	SRR33298432.118125	2	3	E-chr14L-2	E-chr4R-7	chr4R	237	19363	34700	beginning
7172_day0_with_selection	7172	chr14L	SRR33298432.107014	2	3	E-chr14L-2	E-chr4R-7	chr4R	223	19357	34689	beginning
7172_day0_with_selection	7172	chr14L	SRR33298432.100715	2	3	E-chr14L-2	E-chr16L-3	chr16L	15343	34477	34687	end
7172_day0_with_selection	7172	chr14L	SRR33298432.2813	2	3	E-chr14L-2	E-chr4R-7	chr4R	189	19344	33531	beginning
7172_day0_with_selection	7172	chr14L	SRR33298432.54121	2	3	E-chr14L-2	E-chr16L-3	chr16L	15338	34474	34689	end
7172_day0_with_selection	7172	chr14L	SRR33298432.127943	2	3	E-chr14L-2	E-chr4R-7	chr4R	216	19348	34690	beginning
7172_day0_with_selection	7172	chr14L	SRR33298432.163883	2	3	E-chr14L-2	E-chr4R-7	chr4R	216	19345	34685	beginning
7172_day0_with_selection	7172	chr14L	SRR33298432.267258	2	3	E-chr14L-2	E-chr4R-7	chr4R	227	19353	34683	beginning
7172_day0_with_selection	7172	chr14L	SRR33298432.107008	2	3	E-chr14L-2	E-chr16L-3	chr16L	15319	34470	34661	end
7172_day0_with_selection	7172	chr14L	SRR33298432.267333	2	3	E-chr14L-2	E-chr16L-3	chr16L	15335	34458	34681	end
7172_day0_with_selection	7172	chr14L	SRR33298432.4499	2	3	E-chr14L-2	E-chr4R-7	chr4R	218	19341	34684	beginning
7172_day0_with_selection	7172	chr14L	SRR33298432.21682	2	3	E-chr14L-2	E-chr4R-7	chr4R	207	19338	34681	beginning
7172_day0_with_selection	7172	chr14L	SRR33298432.121600	2	3	E-chr14L-2	E-chr16L-3	chr16L	15333	34467	34675	end
7172_day0_with_selection	7172	chr14L	SRR33298432.161423	2	3	E-chr14L-2	E-chr4R-7	chr4R	197	19308	34677	beginning
7172_day0_with_selection	7172	chr14L	SRR33298432.265697	2	3	E-chr14L-2	E-chr4R-7	chr4R	215	19339	34664	beginning
7172_day0_with_selection	7172	chr14L	SRR33298432.99852	2	3	E-chr14L-2	E-chr4R-7	chr4R	188	19339	34675	beginning
7172_day0_with_selection	7172	chr14L	SRR33298432.201185	2	3	E-chr14L-2	E-chr4R-7	chr4R	184	19324	34692	beginning
7172_day0_with_selection	7172	chr14L	SRR33298432.250425	2	3	E-chr14L-2	E-chr4R-7	chr4R	250	19360	32717	beginning
7172_day0_with_selection	7172	chr14L	SRR33298432.206231	2	3	E-chr14L-2	E-chr16L-3	chr16L	15332	34457	34673	end
7172_day0_with_selection	7172	chr14L	SRR33298432.237751	2	3	E-chr14L-2	E-chr4R-7	chr4R	193	19333	34669	beginning
7172_day0_with_selection	7172	chr14L	SRR33298432.238429	2	3	E-chr14L-2	E-chr4R-7	chr4R	174	19323	34664	beginning
7172_day0_with_selection	7172	chr14L	SRR33298432.181256	2	3	E-chr14L-2	E-chr4R-7	chr4R	205	19339	34666	beginning
7172_day0_with_selection	7172	chr14L	SRR33298432.288146	2	3	E-chr14L-2	E-chr4R-7	chr4R	187	19322	34665	beginning
7172_day0_with_selection	7172	chr14L	SRR33298432.51360	2	3	E-chr14L-2	E-chr4R-7	chr4R	211	19340	34664	beginning
7172_day0_with_selection	7172	chr14L	SRR33298432.241446	2	3	E-chr14L-2	E-chr16L-3	chr16L	15334	34467	34667	end
7172_day0_with_selection	7172	chr14L	SRR33298432.70946	2	3	E-chr14L-2	E-chr4R-7	chr4R	194	19329	34665	beginning
7172_day0_with_selection	7172	chr14L	SRR33298432.237592	2	3	E-chr14L-2	E-chr16L-3	chr16L	15335	34472	34669	end
7172_day0_with_selection	7172	chr14L	SRR33298432.31095	2	3	E-chr14L-2	E-chr4R-7	chr4R	195	19328	34656	beginning
7172_day0_with_selection	7172	chr14L	SRR33298432.275501	2	3	E-chr14L-2	E-chr4R-7	chr4R	15379	34411	34682	end
7172_day0_with_selection	7172	chr14L	SRR33298432.184213	2	3	E-chr14L-2	E-chr4R-7	chr4R	231	19351	34647	beginning
7172_day0_with_selection	7172	chr14L	SRR33298432.115691	2	3	E-chr14L-2	E-chr16L-3	chr16L	15334	34465	34658	end
7172_day0_with_selection	7172	chr14L	SRR33298432.29060	2	3	E-chr14L-2	E-chr4R-7	chr4R	189	19321	34655	beginning
7172_day0_with_selection	7172	chr14L	SRR33298432.34119	2	3	E-chr14L-2	E-chr4R-7	chr4R	166	19311	34645	beginning
7172_day0_with_selection	7172	chr14L	SRR33298432.249641	2	3	E-chr14L-2	E-chr4R-7	chr4R	194	19325	34651	beginning
7172_day0_with_selection	7172	chr14L	SRR33298432.109866	2	3	E-chr14L-2	E-chr16L-3	chr16L	15328	34466	34657	end
7172_day0_with_selection	7172	chr14L	SRR33298432.268474	2	3	E-chr14L-2	E-chr4R-7	chr4R	220	19349	34627	beginning
7172_day0_with_selection	7172	chr14L	SRR33298432.294933	2	3	E-chr14L-2	E-chr4R-7	chr4R	211	19337	34655	beginning
7172_day0_with_selection	7172	chr14L	SRR33298432.285768	2	3	E-chr14L-2	E-chr4R-7	chr4R	212	19315	34657	beginning
7172_day0_with_selection	7172	chr14L	SRR33298432.150785	2	3	E-chr14L-2	E-chr4R-7	chr4R	181	19316	34646	beginning
7172_day0_with_selection	7172	chr14L	SRR33298432.229121	2	3	E-chr14L-2	E-chr4R-7	chr4R	165	19301	34625	beginning
7172_day0_with_selection	7172	chr14L	SRR33298432.295290	2	3	E-chr14L-2	E-chr4R-7	chr4R	175	19308	34646	beginning
7172_day0_with_selection	7172	chr14L	SRR33298432.113708	2	3	E-chr14L-2	E-chr4R-7	chr4R	189	19328	34635	beginning
7172_day0_with_selection	7172	chr14L	SRR33298432.265777	2	3	E-chr14L-2	E-chr4R-7	chr4R	184	19312	34640	beginning
7172_day0_with_selection	7172	chr14L	SRR33298432.105140	2	3	E-chr14L-2	E-chr4R-7	chr4R	170	19305	34652	beginning
7172_day0_with_selection	7172	chr14L	SRR33298432.221996	2	3	E-chr14L-2	E-chr16L-3	chr16L	15350	34460	34645	end
7172_day0_with_selection	7172	chr14L	SRR33298432.5176	2	3	E-chr14L-2	E-chr4R-7	chr4R	172	19302	34636	beginning
7172_day0_with_selection	7172	chr14L	SRR33298432.175858	2	3	E-chr14L-2	E-chr16L-3	chr16L	15345	34453	34646	end
7172_day0_with_selection	7172	chr14L	SRR33298432.252073	2	3	E-chr14L-2	E-chr4R-7	chr4R	187	19304	34638	beginning
7172_day0_with_selection	7172	chr14L	SRR33298432.298954	2	3	E-chr14L-2	E-chr4R-7	chr4R	188	19302	34635	beginning
7172_day0_with_selection	7172	chr14L	SRR33298432.269585	2	3	E-chr14L-2	E-chr4R-7	chr4R	172	19301	34640	beginning
7172_day0_with_selection	7172	chr14L	SRR33298432.145393	2	3	E-chr14L-2	E-chr4R-7	chr4R	174	19305	34637	beginning
7172_day0_with_selection	7172	chr14L	SRR33298432.224297	2	3	E-chr14L-2	E-chr4R-7	chr4R	160	19303	34636	beginning
7172_day0_with_selection	7172	chr14L	SRR33298432.70920	2	3	E-chr14L-2	E-chr16L-3	chr16L	15344	34477	34636	end
7172_day0_with_selection	7172	chr14L	SRR33298432.159620	2	3	E-chr14L-2	E-chr4R-7	chr4R	164	19293	34631	beginning
7172_day0_with_selection	7172	chr14L	SRR33298432.158305	2	3	E-chr14L-2	E-chr4R-7	chr4R	187	19309	34628	beginning
7172_day0_with_selection	7172	chr14L	SRR33298432.285360	2	3	E-chr14L-2	E-chr4R-7	chr4R	156	19286	34636	beginning
7172_day0_with_selection	7172	chr14L	SRR33298432.168976	2	3	E-chr14L-2	E-chr16L-3	chr16L	15342	34476	34634	end
7172_day0_with_selection	7172	chr14L	SRR33298432.297037	2	3	E-chr14L-2	E-chr4R-7	chr4R	166	19297	34626	beginning
7172_day0_with_selection	7172	chr14L	SRR33298432.312345	2	3	E-chr14L-2	E-chr16L-3	chr16L	15357	34471	34636	end
7172_day0_with_selection	7172	chr14L	SRR33298432.68586	2	3	E-chr14L-2	E-chr4R-7	chr4R	166	19292	33042	beginning
7172_day0_with_selection	7172	chr14L	SRR33298432.206263	2	3	E-chr14L-2	E-chr4R-7	chr4R	150	19280	34626	beginning
7172_day0_with_selection	7172	chr14L	SRR33298432.58657	2	3	E-chr14L-2	E-chr16L-3	chr16L	15341	34478	34630	end
7172_day0_with_selection	7172	chr14L	SRR33298432.31563	2	3	E-chr14L-2	E-chr4R-7	chr4R	157	19298	34606	beginning
7172_day0_with_selection	7172	chr14L	SRR33298432.93735	2	3	E-chr14L-2	E-chr4R-7	chr4R	157	19287	34624	beginning
7172_day0_with_selection	7172	chr14L	SRR33298432.34976	2	3	E-chr14L-2	E-chr16L-3	chr16L	15327	34450	34616	end
7172_day0_with_selection	7172	chr14L	SRR33298432.89376	2	3	E-chr14L-2	E-chr16L-3	chr16L	15348	34478	34634	end
7172_day0_with_selection	7172	chr14L	SRR33298432.148892	2	3	E-chr14L-2	E-chr16L-3	chr16L	15330	34461	34627	end
7172_day0_with_selection	7172	chr14L	SRR33298432.53920	2	3	E-chr14L-2	E-chr4R-7	chr4R	170	19294	34608	beginning
7172_day0_with_selection	7172	chr14L	SRR33298432.25036	2	3	E-chr14L-2	E-chr16L-3	chr16L	15331	34460	34622	end
7172_day0_with_selection	7172	chr14L	SRR33298432.102513	2	3	E-chr14L-2	E-chr4R-7	chr4R	159	19292	34616	beginning
7172_day0_with_selection	7172	chr14L	SRR33298432.57402	2	3	E-chr14L-2	E-chr4R-7	chr4R	170	19285	32656	beginning
7172_day0_with_selection	7172	chr14L	SRR33298432.215057	2	3	E-chr14L-2	E-chr16L-3	chr16L	158	19254	34611	beginning
7172_day0_with_selection	7172	chr14L	SRR33298432.160571	2	3	E-chr14L-2	E-chr4R-7	chr4R	149	19286	34614	beginning
7172_day0_with_selection	7172	chr14L	SRR33298432.54856	2	3	E-chr14L-2	E-chr16L-3	chr16L	15335	34449	34609	end
7172_day0_with_selection	7172	chr14L	SRR33298432.259087	2	3	E-chr14L-2	E-chr4R-7	chr4R	161	19293	34609	beginning
7172_day0_with_selection	7172	chr14L	SRR33298432.250564	2	3	E-chr14L-2	E-chr4R-7	chr4R	142	19272	34611	beginning
7172_day0_with_selection	7172	chr14L	SRR33298432.85840	2	3	E-chr14L-2	E-chr4R-7	chr4R	158	19278	34606	beginning
7172_day0_with_selection	7172	chr14L	SRR33298432.174292	2	3	E-chr14L-2	E-chr16L-3	chr16L	15287	34411	34553	end
7172_day0_with_selection	7172	chr14L	SRR33298432.245213	2	3	E-chr14L-2	E-chr16L-3	chr16L	15337	34467	34608	end
7172_day0_with_selection	7172	chr14L	SRR33298432.233256	2	3	E-chr14L-2	E-chr4R-7	chr4R	137	19271	34608	beginning
7172_day0_with_selection	7172	chr14L	SRR33298432.101926	2	3	E-chr14L-2	E-chr16L-3	chr16L	15336	34459	34605	end
7172_day0_with_selection	7172	chr14L	SRR33298432.325575	2	3	E-chr14L-2	E-chr4R-7	chr4R	117	19250	32872	beginning
7172_day0_with_selection	7172	chr14L	SRR33298432.193647	2	3	E-chr14L-2	E-chr16L-3	chr16L	15343	34468	34599	end
7172_day0_with_selection	7172	chr14L	SRR33298432.33774	2	3	E-chr14L-2	E-chr4R-7	chr4R	189	19284	34569	beginning
7172_day0_with_selection	7172	chr14L	SRR33298432.174023	2	3	E-chr14L-2	E-chr16L-3	chr16L	15330	34474	34594	end
7172_day0_with_selection	7172	chr14L	SRR33298432.141701	2	3	E-chr14L-2	E-chr4R-7	chr4R	127	19262	34595	beginning
7172_day0_with_selection	7172	chr14L	SRR33298432.173449	2	3	E-chr14L-2	E-chr4R-7	chr4R	121	19254	34588	beginning
7172_day0_with_selection	7172	chr14L	SRR33298432.238539	2	3	E-chr14L-2	E-chr16L-3	chr16L	14628	33726	33914	end
7172_day0_with_selection	7172	chr14L	SRR33298432.54125	2	3	E-chr14L-2	E-chr16L-3	chr16L	15291	34413	34582	end
7172_day0_with_selection	7172	chr14L	SRR33298432.199425	2	3	E-chr14L-2	E-chr16L-3	chr16L	15331	34430	34590	end
7172_day0_with_selection	7172	chr14L	SRR33298432.122431	2	3	E-chr14L-2	E-chr4R-7	chr4R	133	19256	34586	beginning
7172_day0_with_selection	7172	chr14L	SRR33298432.253090	2	3	E-chr14L-2	E-chr16L-3	chr16L	15333	34461	34587	end
7172_day0_with_selection	7172	chr14L	SRR33298432.209849	2	3	E-chr14L-2	E-chr4R-7	chr4R	148	19287	34569	beginning
7172_day0_with_selection	7172	chr14L	SRR33298432.311827	2	3	E-chr14L-2	E-chr16L-3	chr16L	15326	34434	34582	end
7172_day0_with_selection	7172	chr14L	SRR33298432.236170	2	3	E-chr14L-2	E-chr4R-7	chr4R	169	19287	34563	beginning
7172_day0_with_selection	7172	chr14L	SRR33298432.111269	2	3	E-chr14L-2	E-chr4R-7	chr4R	15116	34191	34368	end
7172_day0_with_selection	7172	chr14L	SRR33298432.290007	2	3	E-chr14L-2	E-chr4R-7	chr4R	175	19244	34561	beginning
7172_day0_with_selection	7172	chr14L	SRR33298432.57383	2	3	E-chr14L-2	E-chr16L-3	chr16L	15333	34453	34562	end
7172_day0_with_selection	7172	chr14L	SRR33298432.22752	2	3	E-chr14L-2	E-chr4R-7	chr4R	122	19236	34566	beginning
7172_day0_with_selection	7172	chr14L	SRR33298432.96638	2	3	E-chr14L-2	E-chr4R-7	chr4R	123	19245	34560	beginning
7172_day0_with_selection	7172	chr14L	SRR33298432.147862	2	3	E-chr14L-2	E-chr4R-7	chr4R	93	19220	34541	beginning
7172_day0_with_selection	7172	chr14L	SRR33298432.296696	2	3	E-chr14L-2	E-chr4R-7	chr4R	119	19226	34549	beginning
7172_day0_with_selection	7172	chr14L	SRR33298432.147969	2	3	E-chr14L-2	E-chr4R-7	chr4R	149	19224	34532	beginning
7172_day0_with_selection	7172	chr14L	SRR33298432.245286	2	3	E-chr14L-2	E-chr16L-3	chr16L	15309	34428	34526	end
7172_day0_with_selection	7172	chr14L	SRR33298432.325443	2	3	E-chr14L-2	E-chr4R-7	chr4R	126	19235	34520	beginning
7172_day0_with_selection	7172	chr14L	SRR33298432.165698	2	3	E-chr14L-2	E-chr4R-7	chr4R	81	19206	34523	beginning
7172_day0_with_selection	7172	chr14L	SRR33298432.4299	2	3	E-chr14L-2	E-chr16L-3	chr16L	15311	34383	34516	end
7172_day0_with_selection	7172	chr14L	SRR33298432.72881	2	3	E-chr14L-2	E-chr4R-7	chr4R	72	19189	34504	beginning
7172_day0_with_selection	7172	chr14L	SRR33298432.48565	2	3	E-chr14L-2	E-chr16L-3	chr16L	15230	34285	34409	end
7172_day0_with_selection	7172	chr14L	SRR33298432.311754	2	3	E-chr14L-2	E-chr16L-3	chr16L	177	19285	34401	beginning
7172_day0_with_selection	7172	chr15R	SRR33298432.243714	1	1	E-chr15R-1	E-chr4R-7	chr4R	216	6863	26078	beginning
7172_day0_with_selection	7172	chr15R	SRR33298432.327609	1	1	E-chr15R-1	E-chr12R-8	chr12R	195	6841	26054	beginning
7172_day0_with_selection	7172	chr16L	SRR33298432.131220	2	3	E-chr16L-2	E-chr4R-7	chr4R	343	20468	39626	beginning
7172_day0_with_selection	7172	chr16L	SRR33298432.131220	3	3	E-chr16L-3	E-chr4R-7	chr4R	343	20468	39626	beginning
7172_day0_with_selection	7172	chr16L	SRR33298432.134448	2	3	E-chr16L-2	E-chr4R-7	chr4R	304	20457	39580	beginning
7172_day0_with_selection	7172	chr16L	SRR33298432.134448	3	3	E-chr16L-3	E-chr4R-7	chr4R	304	20457	39580	beginning
7172_day0_with_selection	7172	chr16L	SRR33298432.101253	2	3	E-chr16L-2	E-chr4R-7	chr4R	328	20467	39570	beginning
7172_day0_with_selection	7172	chr16L	SRR33298432.101253	3	3	E-chr16L-3	E-chr4R-7	chr4R	328	20467	39570	beginning
7172_day0_with_selection	7172	chr16L	SRR33298432.141150	2	3	E-chr16L-2	E-chr4R-7	chr4R	311	20445	39553	beginning
7172_day0_with_selection	7172	chr16L	SRR33298432.141150	3	3	E-chr16L-3	E-chr4R-7	chr4R	311	20445	39553	beginning
7172_day0_with_selection	7172	chr16L	SRR33298432.55044	2	3	E-chr16L-2	E-chr4R-7	chr4R	288	20431	39537	beginning
7172_day0_with_selection	7172	chr16L	SRR33298432.55044	3	3	E-chr16L-3	E-chr4R-7	chr4R	288	20431	39537	beginning
7172_day0_with_selection	7172	chr16L	SRR33298432.253453	2	3	E-chr16L-2	E-chr4R-7	chr4R	274	20416	39529	beginning
7172_day0_with_selection	7172	chr16L	SRR33298432.253453	3	3	E-chr16L-3	E-chr4R-7	chr4R	274	20416	39529	beginning
7172_day0_with_selection	7172	chr16L	SRR33298432.201016	2	3	E-chr16L-2	E-chr4R-7	chr4R	243	20391	39512	beginning
7172_day0_with_selection	7172	chr16L	SRR33298432.201016	3	3	E-chr16L-3	E-chr4R-7	chr4R	243	20391	39512	beginning
7172_day0_with_selection	7172	chr16L	SRR33298432.140616	2	3	E-chr16L-2	E-chr4R-7	chr4R	246	20402	39516	beginning
7172_day0_with_selection	7172	chr16L	SRR33298432.140616	3	3	E-chr16L-3	E-chr4R-7	chr4R	246	20402	39516	beginning
7172_day0_with_selection	7172	chr16L	SRR33298432.109739	2	3	E-chr16L-2	E-chr4R-7	chr4R	256	20397	39495	beginning
7172_day0_with_selection	7172	chr16L	SRR33298432.109739	3	3	E-chr16L-3	E-chr4R-7	chr4R	256	20397	39495	beginning
7172_day0_with_selection	7172	chr16L	SRR33298432.327632	2	3	E-chr16L-2	E-chr4R-7	chr4R	259	20397	39502	beginning
7172_day0_with_selection	7172	chr16L	SRR33298432.327632	3	3	E-chr16L-3	E-chr15R-1	chr15R	259	20397	39502	beginning
7172_day0_with_selection	7172	chr16L	SRR33298432.249863	2	3	E-chr16L-2	E-chr4R-7	chr4R	268	20407	39496	beginning
7172_day0_with_selection	7172	chr16L	SRR33298432.249863	3	3	E-chr16L-3	E-chr4R-7	chr4R	268	20407	39496	beginning
7172_day0_with_selection	7172	chr16L	SRR33298432.28788	3	3	E-chr16L-3	E-chr4R-7	chr4R	214	20383	39490	beginning
7172_day0_with_selection	7172	chr16L	SRR33298432.253874	2	3	E-chr16L-2	E-chr4R-7	chr4R	244	20382	39491	beginning
7172_day0_with_selection	7172	chr16L	SRR33298432.253874	3	3	E-chr16L-3	E-chr4R-7	chr4R	244	20382	39491	beginning
7172_day0_with_selection	7172	chr16L	SRR33298432.85494	2	3	E-chr16L-2	E-chr4R-7	chr4R	221	20367	39486	beginning
7172_day0_with_selection	7172	chr16L	SRR33298432.85494	3	3	E-chr16L-3	E-chr4R-7	chr4R	221	20367	39486	beginning
7172_day0_with_selection	7172	chr16L	SRR33298432.117510	2	3	E-chr16L-2	E-chr4R-7	chr4R	242	20378	39481	beginning
7172_day0_with_selection	7172	chr16L	SRR33298432.117510	3	3	E-chr16L-3	E-chr4R-7	chr4R	242	20378	39481	beginning
7172_day0_with_selection	7172	chr16L	SRR33298432.199900	2	3	E-chr16L-2	E-chr4R-7	chr4R	238	20358	39483	beginning
7172_day0_with_selection	7172	chr16L	SRR33298432.199900	3	3	E-chr16L-3	E-chr4R-7	chr4R	238	20358	39483	beginning
7172_day0_with_selection	7172	chr16L	SRR33298432.83618	2	3	E-chr16L-2	E-chr4R-7	chr4R	221	20356	39480	beginning
7172_day0_with_selection	7172	chr16L	SRR33298432.83618	3	3	E-chr16L-3	E-chr4R-7	chr4R	221	20356	39480	beginning
7172_day0_with_selection	7172	chr16L	SRR33298432.83722	3	3	E-chr16L-3	E-chr4R-7	chr4R	19144	39291	39482	end
7172_day0_with_selection	7172	chr16L	SRR33298432.163435	2	3	E-chr16L-2	E-chr4R-7	chr4R	283	20371	39468	beginning
7172_day0_with_selection	7172	chr16L	SRR33298432.163435	3	3	E-chr16L-3	E-chr4R-7	chr4R	283	20371	39468	beginning
7172_day0_with_selection	7172	chr16L	SRR33298432.234658	2	3	E-chr16L-2	E-chr4R-7	chr4R	211	20363	39469	beginning
7172_day0_with_selection	7172	chr16L	SRR33298432.234658	3	3	E-chr16L-3	E-chr4R-7	chr4R	211	20363	39469	beginning
7172_day0_with_selection	7172	chr16L	SRR33298432.97300	2	3	E-chr16L-2	E-chr4R-7	chr4R	229	20355	39474	beginning
7172_day0_with_selection	7172	chr16L	SRR33298432.97300	3	3	E-chr16L-3	E-chr4R-7	chr4R	229	20355	39474	beginning
7172_day0_with_selection	7172	chr16L	SRR33298432.110888	2	3	E-chr16L-2	E-chr4R-7	chr4R	224	20379	38510	beginning
7172_day0_with_selection	7172	chr16L	SRR33298432.110888	3	3	E-chr16L-3	E-chr4R-7	chr4R	224	20379	38510	beginning
7172_day0_with_selection	7172	chr16L	SRR33298432.160672	2	3	E-chr16L-2	E-chr4R-7	chr4R	230	20358	39464	beginning
7172_day0_with_selection	7172	chr16L	SRR33298432.160672	3	3	E-chr16L-3	E-chr4R-7	chr4R	230	20358	39464	beginning
7172_day0_with_selection	7172	chr16L	SRR33298432.173940	2	3	E-chr16L-2	E-chr4R-7	chr4R	216	20356	39470	beginning
7172_day0_with_selection	7172	chr16L	SRR33298432.173940	3	3	E-chr16L-3	E-chr4R-7	chr4R	216	20356	39470	beginning
7172_day0_with_selection	7172	chr16L	SRR33298432.16330	2	3	E-chr16L-2	E-chr4R-7	chr4R	212	20340	39463	beginning
7172_day0_with_selection	7172	chr16L	SRR33298432.16330	3	3	E-chr16L-3	E-chr4R-7	chr4R	212	20340	39463	beginning
7172_day0_with_selection	7172	chr16L	SRR33298432.174773	2	3	E-chr16L-2	E-chr4R-7	chr4R	188	20339	39466	beginning
7172_day0_with_selection	7172	chr16L	SRR33298432.174773	3	3	E-chr16L-3	E-chr4R-7	chr4R	188	20339	39466	beginning
7172_day0_with_selection	7172	chr16L	SRR33298432.291113	2	3	E-chr16L-2	E-chr4R-7	chr4R	182	20347	39469	beginning
7172_day0_with_selection	7172	chr16L	SRR33298432.291113	3	3	E-chr16L-3	E-chr4R-7	chr4R	182	20347	39469	beginning
7172_day0_with_selection	7172	chr16L	SRR33298432.16539	2	3	E-chr16L-2	E-chr4R-7	chr4R	194	20343	39246	beginning
7172_day0_with_selection	7172	chr16L	SRR33298432.16539	3	3	E-chr16L-3	E-chr4R-7	chr4R	194	20343	39246	beginning
7172_day0_with_selection	7172	chr16L	SRR33298432.213742	2	3	E-chr16L-2	E-chr4R-7	chr4R	216	20354	39464	beginning
7172_day0_with_selection	7172	chr16L	SRR33298432.213742	3	3	E-chr16L-3	E-chr4R-7	chr4R	216	20354	39464	beginning
7172_day0_with_selection	7172	chr16L	SRR33298432.30036	2	3	E-chr16L-2	E-chr4R-7	chr4R	232	20342	39460	beginning
7172_day0_with_selection	7172	chr16L	SRR33298432.30036	3	3	E-chr16L-3	E-chr4R-7	chr4R	232	20342	39460	beginning
7172_day0_with_selection	7172	chr16L	SRR33298432.61713	2	3	E-chr16L-2	E-chr4R-7	chr4R	294	20372	39452	beginning
7172_day0_with_selection	7172	chr16L	SRR33298432.61713	3	3	E-chr16L-3	E-chr4R-7	chr4R	294	20372	39452	beginning
7172_day0_with_selection	7172	chr16L	SRR33298432.269218	2	3	E-chr16L-2	E-chr4R-7	chr4R	222	20358	39456	beginning
7172_day0_with_selection	7172	chr16L	SRR33298432.269218	3	3	E-chr16L-3	E-chr4R-7	chr4R	222	20358	39456	beginning
7172_day0_with_selection	7172	chr16L	SRR33298432.269625	2	3	E-chr16L-2	E-chr4R-7	chr4R	222	20355	39445	beginning
7172_day0_with_selection	7172	chr16L	SRR33298432.127820	3	3	E-chr16L-3	E-chr4R-7	chr4R	19133	39236	39447	end
7172_day0_with_selection	7172	chr16L	SRR33298432.17505	2	3	E-chr16L-2	E-chr4R-7	chr4R	198	20347	39445	beginning
7172_day0_with_selection	7172	chr16L	SRR33298432.17505	3	3	E-chr16L-3	E-chr4R-7	chr4R	198	20347	39445	beginning
7172_day0_with_selection	7172	chr16L	SRR33298432.28169	2	3	E-chr16L-2	E-chr4R-7	chr4R	223	20312	39447	beginning
7172_day0_with_selection	7172	chr16L	SRR33298432.28169	3	3	E-chr16L-3	E-chr4R-7	chr4R	223	20312	39447	beginning
7172_day0_with_selection	7172	chr16L	SRR33298432.116772	2	3	E-chr16L-2	E-chr4R-7	chr4R	185	20323	39431	beginning
7172_day0_with_selection	7172	chr16L	SRR33298432.116772	3	3	E-chr16L-3	E-chr4R-7	chr4R	185	20323	39431	beginning
7172_day0_with_selection	7172	chr16L	SRR33298432.243172	2	3	E-chr16L-2	E-chr4R-7	chr4R	190	20335	39437	beginning
7172_day0_with_selection	7172	chr16L	SRR33298432.243172	3	3	E-chr16L-3	E-chr4R-7	chr4R	190	20335	39437	beginning
7172_day0_with_selection	7172	chr16L	SRR33298432.127010	2	3	E-chr16L-2	E-chr4R-7	chr4R	171	20316	39430	beginning
7172_day0_with_selection	7172	chr16L	SRR33298432.127010	3	3	E-chr16L-3	E-chr4R-7	chr4R	171	20316	39430	beginning
7172_day0_with_selection	7172	chr16L	SRR33298432.265418	2	3	E-chr16L-2	E-chr4R-7	chr4R	231	20348	39436	beginning
7172_day0_with_selection	7172	chr16L	SRR33298432.265418	3	3	E-chr16L-3	E-chr4R-7	chr4R	231	20348	39436	beginning
7172_day0_with_selection	7172	chr16L	SRR33298432.51954	2	3	E-chr16L-2	E-chr4R-7	chr4R	174	20316	39429	beginning
7172_day0_with_selection	7172	chr16L	SRR33298432.51954	3	3	E-chr16L-3	E-chr4R-7	chr4R	174	20316	39429	beginning
7172_day0_with_selection	7172	chr16L	SRR33298432.113720	2	3	E-chr16L-2	E-chr4R-7	chr4R	182	20315	39419	beginning
7172_day0_with_selection	7172	chr16L	SRR33298432.113720	3	3	E-chr16L-3	E-chr4R-7	chr4R	182	20315	39419	beginning
7172_day0_with_selection	7172	chr16L	SRR33298432.106661	2	3	E-chr16L-2	E-chr4R-7	chr4R	155	20310	39420	beginning
7172_day0_with_selection	7172	chr16L	SRR33298432.106661	3	3	E-chr16L-3	E-chr4R-7	chr4R	155	20310	39420	beginning
7172_day0_with_selection	7172	chr16L	SRR33298432.94200	2	3	E-chr16L-2	E-chr4R-7	chr4R	157	20304	39428	beginning
7172_day0_with_selection	7172	chr16L	SRR33298432.94200	3	3	E-chr16L-3	E-chr4R-7	chr4R	157	20304	39428	beginning
7172_day0_with_selection	7172	chr16L	SRR33298432.133593	2	3	E-chr16L-2	E-chr4R-7	chr4R	175	20320	39413	beginning
7172_day0_with_selection	7172	chr16L	SRR33298432.133593	3	3	E-chr16L-3	E-chr4R-7	chr4R	175	20320	39413	beginning
7172_day0_with_selection	7172	chr16L	SRR33298432.175641	2	3	E-chr16L-2	E-chr4R-7	chr4R	19104	39227	39413	end
7172_day0_with_selection	7172	chr16L	SRR33298432.154834	2	3	E-chr16L-2	E-chr4R-7	chr4R	174	20300	39414	beginning
7172_day0_with_selection	7172	chr16L	SRR33298432.154834	3	3	E-chr16L-3	E-chr4R-7	chr4R	174	20300	39414	beginning
7172_day0_with_selection	7172	chr16L	SRR33298432.110158	2	3	E-chr16L-2	E-chr4R-7	chr4R	195	20318	39421	beginning
7172_day0_with_selection	7172	chr16L	SRR33298432.110158	3	3	E-chr16L-3	E-chr4R-7	chr4R	195	20318	39421	beginning
7172_day0_with_selection	7172	chr16L	SRR33298432.86901	2	3	E-chr16L-2	E-chr4R-7	chr4R	201	20300	39395	beginning
7172_day0_with_selection	7172	chr16L	SRR33298432.86901	3	3	E-chr16L-3	E-chr4R-7	chr4R	201	20300	39395	beginning
7172_day0_with_selection	7172	chr16L	SRR33298432.146200	2	3	E-chr16L-2	E-chr4R-7	chr4R	213	20310	39377	beginning
7172_day0_with_selection	7172	chr16L	SRR33298432.146200	3	3	E-chr16L-3	E-chr4R-7	chr4R	213	20310	39377	beginning
7172_day0_with_selection	7172	chr16L	SRR33298432.287007	2	3	E-chr16L-2	E-chr4R-7	chr4R	171	20309	39407	beginning
7172_day0_with_selection	7172	chr16L	SRR33298432.287007	3	3	E-chr16L-3	E-chr4R-7	chr4R	171	20309	39407	beginning
7172_day0_with_selection	7172	chr16L	SRR33298432.160773	2	3	E-chr16L-2	E-chr4R-7	chr4R	147	20280	39402	beginning
7172_day0_with_selection	7172	chr16L	SRR33298432.160773	3	3	E-chr16L-3	E-chr4R-7	chr4R	147	20280	39402	beginning
7172_day0_with_selection	7172	chr16L	SRR33298432.204754	2	3	E-chr16L-2	E-chr4R-7	chr4R	205	20349	39399	beginning
7172_day0_with_selection	7172	chr16L	SRR33298432.204754	3	3	E-chr16L-3	E-chr4R-7	chr4R	205	20349	39399	beginning
7172_day0_with_selection	7172	chr16L	SRR33298432.24773	2	3	E-chr16L-2	E-chr4R-7	chr4R	147	20284	39398	beginning
7172_day0_with_selection	7172	chr16L	SRR33298432.24773	3	3	E-chr16L-3	E-chr4R-7	chr4R	147	20284	39398	beginning
7172_day0_with_selection	7172	chr16L	SRR33298432.145280	2	3	E-chr16L-2	E-chr4R-7	chr4R	167	20291	39398	beginning
7172_day0_with_selection	7172	chr16L	SRR33298432.145280	3	3	E-chr16L-3	E-chr4R-7	chr4R	167	20291	39398	beginning
7172_day0_with_selection	7172	chr16L	SRR33298432.219453	2	3	E-chr16L-2	E-chr4R-7	chr4R	156	20288	39383	beginning
7172_day0_with_selection	7172	chr16L	SRR33298432.219453	3	3	E-chr16L-3	E-chr4R-7	chr4R	156	20288	39383	beginning
7172_day0_with_selection	7172	chr16L	SRR33298432.265718	2	3	E-chr16L-2	E-chr4R-7	chr4R	136	20278	39381	beginning
7172_day0_with_selection	7172	chr16L	SRR33298432.265718	3	3	E-chr16L-3	E-chr4R-7	chr4R	136	20278	39381	beginning
7172_day0_with_selection	7172	chr16L	SRR33298432.58833	3	3	E-chr16L-3	E-chr4R-7	chr4R	194	20273	39346	beginning
7172_day0_with_selection	7172	chr16L	SRR33298432.266501	2	3	E-chr16L-2	E-chr4R-7	chr4R	131	20266	39366	beginning
7172_day0_with_selection	7172	chr16L	SRR33298432.266501	3	3	E-chr16L-3	E-chr4R-7	chr4R	131	20266	39366	beginning
7172_day0_with_selection	7172	chr16L	SRR33298432.32013	2	3	E-chr16L-2	E-chr4R-7	chr4R	170	20268	39386	beginning
7172_day0_with_selection	7172	chr16L	SRR33298432.32013	3	3	E-chr16L-3	E-chr4R-7	chr4R	170	20268	39386	beginning
7172_day0_with_selection	7172	chr16L	SRR33298432.159548	2	3	E-chr16L-2	E-chr4R-7	chr4R	202	20238	39377	beginning
7172_day0_with_selection	7172	chr16L	SRR33298432.159548	3	3	E-chr16L-3	E-chr4R-7	chr4R	202	20238	39377	beginning
7172_day0_with_selection	7172	chr16L	SRR33298432.289395	2	3	E-chr16L-2	E-chr4R-7	chr4R	113	20258	37542	beginning
7172_day0_with_selection	7172	chr16L	SRR33298432.289395	3	3	E-chr16L-3	E-chr4R-7	chr4R	113	20258	37542	beginning
7172_day0_with_selection	7172	chr16L	SRR33298432.28740	2	3	E-chr16L-2	E-chr4R-7	chr4R	136	20270	39369	beginning
7172_day0_with_selection	7172	chr16L	SRR33298432.28740	3	3	E-chr16L-3	E-chr4R-7	chr4R	136	20270	39369	beginning
7172_day0_with_selection	7172	chr16L	SRR33298432.164786	2	3	E-chr16L-2	E-chr4R-7	chr4R	129	20269	39375	beginning
7172_day0_with_selection	7172	chr16L	SRR33298432.164786	3	3	E-chr16L-3	E-chr4R-7	chr4R	129	20269	39375	beginning
7172_day0_with_selection	7172	chr16L	SRR33298432.52989	2	3	E-chr16L-2	E-chr4R-7	chr4R	161	20278	39363	beginning
7172_day0_with_selection	7172	chr16L	SRR33298432.52989	3	3	E-chr16L-3	E-chr4R-7	chr4R	161	20278	39363	beginning
7172_day0_with_selection	7172	chr16L	SRR33298432.166685	2	3	E-chr16L-2	E-chr4R-7	chr4R	138	20255	39368	beginning
7172_day0_with_selection	7172	chr16L	SRR33298432.166685	3	3	E-chr16L-3	E-chr4R-7	chr4R	138	20255	39368	beginning
7172_day0_with_selection	7172	chr16L	SRR33298432.261982	2	3	E-chr16L-2	E-chr4R-7	chr4R	121	20258	39366	beginning
7172_day0_with_selection	7172	chr16L	SRR33298432.261982	3	3	E-chr16L-3	E-chr4R-7	chr4R	121	20258	39366	beginning
7172_day0_with_selection	7172	chr16L	SRR33298432.173649	2	3	E-chr16L-2	E-chr4R-7	chr4R	136	20251	39367	beginning
7172_day0_with_selection	7172	chr16L	SRR33298432.173649	3	3	E-chr16L-3	E-chr4R-7	chr4R	136	20251	39367	beginning
7172_day0_with_selection	7172	chr16L	SRR33298432.277176	3	3	E-chr16L-3	E-chr4R-7	chr4R	19060	39152	39338	end
7172_day0_with_selection	7172	chr16L	SRR33298432.303975	2	3	E-chr16L-2	E-chr4R-7	chr4R	153	20276	39351	beginning
7172_day0_with_selection	7172	chr16L	SRR33298432.303975	3	3	E-chr16L-3	E-chr4R-7	chr4R	153	20276	39351	beginning
7172_day0_with_selection	7172	chr16L	SRR33298432.265442	2	3	E-chr16L-2	E-chr4R-7	chr4R	134	20236	39330	beginning
7172_day0_with_selection	7172	chr16L	SRR33298432.255508	2	3	E-chr16L-2	E-chr4R-7	chr4R	96	20236	39342	beginning
7172_day0_with_selection	7172	chr16L	SRR33298432.255508	3	3	E-chr16L-3	E-chr4R-7	chr4R	96	20236	39342	beginning
7172_day0_with_selection	7172	chr16L	SRR33298432.140613	2	3	E-chr16L-2	E-chr4R-7	chr4R	114	20219	39325	beginning
7172_day0_with_selection	7172	chr16L	SRR33298432.140613	3	3	E-chr16L-3	E-chr4R-7	chr4R	114	20219	39325	beginning
7172_day0_with_selection	7172	chr16L	SRR33298432.76405	2	3	E-chr16L-2	E-chr4R-7	chr4R	194	20267	39319	beginning
7172_day0_with_selection	7172	chr16L	SRR33298432.76405	3	3	E-chr16L-3	E-chr4R-7	chr4R	194	20267	39319	beginning
7172_day0_with_selection	7172	chr16L	SRR33298432.132659	2	3	E-chr16L-2	E-chr4R-7	chr4R	100	20191	39253	beginning
7172_day0_with_selection	7172	chr16L	SRR33298432.132659	3	3	E-chr16L-3	E-chr4R-7	chr4R	100	20191	39253	beginning
7172_day0_with_selection	7172	chr16L	SRR33298432.188061	2	3	E-chr16L-2	E-chr4R-7	chr4R	67	20102	39181	beginning
7172_day0_with_selection	7172	chr16L	SRR33298432.188061	3	3	E-chr16L-3	E-chr4R-7	chr4R	67	20102	39181	beginning
7172_day0_with_selection	7172	chr16R	SRR33298432.177252	1	1	E-chr16R-1	E-chr14L-3	chr14L	256	5450	11800	beginning
7172_day0_with_selection	7172	chr16R	SRR33298432.315476	1	1	E-chr16R-1	E-chr14L-3	chr14L	6355	11550	11664	end
7172_day0_with_selection	7172	chr4R	SRR33298432.133828	1	7	E-chr4R-1	E-chr16L-3	chr16L	7782	54630	54754	end
7172_day0_with_selection	7172	chr4R	SRR33298432.133828	2	7	E-chr4R-2	E-chr16L-3	chr16L	7782	54630	54754	end
7172_day0_with_selection	7172	chr4R	SRR33298432.133828	3	7	E-chr4R-3	E-chr16L-3	chr16L	7782	54630	54754	end
7172_day0_with_selection	7172	chr4R	SRR33298432.133828	4	7	E-chr4R-4	E-chr16L-3	chr16L	7782	54630	54754	end
7172_day0_with_selection	7172	chr4R	SRR33298432.133828	6	7	E-chr4R-6	E-chr16L-3	chr16L	7782	54630	54754	end
7172_day0_with_selection	7172	chr4R	SRR33298432.133828	7	7	E-chr4R-7	E-chr16L-3	chr16L	7782	54630	54754	end
7172_day0_with_selection	7172	chr4R	SRR33298432.54294	1	7	E-chr4R-1	E-chr16L-3	chr16L	8142	55443	55544	end
7172_day0_with_selection	7172	chr4R	SRR33298432.54294	2	7	E-chr4R-2	E-chr16L-3	chr16L	8142	55443	55544	end
7172_day0_with_selection	7172	chr4R	SRR33298432.54294	3	7	E-chr4R-3	E-chr16L-3	chr16L	8142	55443	55544	end
7172_day0_with_selection	7172	chr4R	SRR33298432.54294	4	7	E-chr4R-4	E-chr16L-3	chr16L	8142	55443	55544	end
7172_day0_with_selection	7172	chr4R	SRR33298432.54294	6	7	E-chr4R-6	E-chr16L-3	chr16L	8142	55443	55544	end
7172_day0_with_selection	7172	chr4R	SRR33298432.54294	7	7	E-chr4R-7	E-chr16L-3	chr16L	8142	55443	55544	end
7172_day0_with_selection	7172	chr4R	SRR33298432.155633	1	7	E-chr4R-1	E-chr16L-3	chr16L	8059	54986	55298	end
7172_day0_with_selection	7172	chr4R	SRR33298432.155633	2	7	E-chr4R-2	E-chr16L-3	chr16L	8059	54986	55298	end
7172_day0_with_selection	7172	chr4R	SRR33298432.155633	3	7	E-chr4R-3	E-chr16L-3	chr16L	8059	54986	55298	end
7172_day0_with_selection	7172	chr4R	SRR33298432.155633	4	7	E-chr4R-4	E-chr16L-3	chr16L	8059	54986	55298	end
7172_day0_with_selection	7172	chr4R	SRR33298432.155633	6	7	E-chr4R-6	E-chr16L-3	chr16L	8059	54986	55298	end
7172_day0_with_selection	7172	chr4R	SRR33298432.155633	7	7	E-chr4R-7	E-chr16L-3	chr16L	8059	54986	55298	end
7172_day0_with_selection	7172	chr4R	SRR33298432.99262	7	7	E-chr4R-7	E-chr16L-3	chr16L	259	47164	55225	beginning
7172_day0_with_selection	7172	chr4R	SRR33298432.307631	1	7	E-chr4R-1	E-chr16L-3	chr16L	8063	55013	55224	end
7172_day0_with_selection	7172	chr4R	SRR33298432.307631	2	7	E-chr4R-2	E-chr16L-3	chr16L	8063	55013	55224	end
7172_day0_with_selection	7172	chr4R	SRR33298432.307631	3	7	E-chr4R-3	E-chr16L-3	chr16L	8063	55013	55224	end
7172_day0_with_selection	7172	chr4R	SRR33298432.307631	4	7	E-chr4R-4	E-chr16L-3	chr16L	8063	55013	55224	end
7172_day0_with_selection	7172	chr4R	SRR33298432.307631	6	7	E-chr4R-6	E-chr16L-3	chr16L	8063	55013	55224	end
7172_day0_with_selection	7172	chr4R	SRR33298432.307631	7	7	E-chr4R-7	E-chr16L-3	chr16L	8063	55013	55224	end
7172_day0_with_selection	7172	chr4R	SRR33298432.83906	1	7	E-chr4R-1	E-chr16L-3	chr16L	6820	53768	53988	end
7172_day0_with_selection	7172	chr4R	SRR33298432.83906	2	7	E-chr4R-2	E-chr16L-3	chr16L	6820	53768	53988	end
7172_day0_with_selection	7172	chr4R	SRR33298432.83906	3	7	E-chr4R-3	E-chr16L-3	chr16L	6820	53768	53988	end
7172_day0_with_selection	7172	chr4R	SRR33298432.83906	4	7	E-chr4R-4	E-chr16L-3	chr16L	6820	53768	53988	end
7172_day0_with_selection	7172	chr4R	SRR33298432.83906	6	7	E-chr4R-6	E-chr16L-3	chr16L	6820	53768	53988	end
7172_day0_with_selection	7172	chr4R	SRR33298432.83906	7	7	E-chr4R-7	E-chr16L-3	chr16L	6820	53768	53988	end
7172_day0_with_selection	7172	chr4R	SRR33298432.51683	1	7	E-chr4R-1	E-chr16L-3	chr16L	8049	54998	55207	end
7172_day0_with_selection	7172	chr4R	SRR33298432.51683	2	7	E-chr4R-2	E-chr16L-3	chr16L	8049	54998	55207	end
7172_day0_with_selection	7172	chr4R	SRR33298432.51683	3	7	E-chr4R-3	E-chr16L-3	chr16L	8049	54998	55207	end
7172_day0_with_selection	7172	chr4R	SRR33298432.51683	4	7	E-chr4R-4	E-chr16L-3	chr16L	8049	54998	55207	end
7172_day0_with_selection	7172	chr4R	SRR33298432.51683	6	7	E-chr4R-6	E-chr16L-3	chr16L	8049	54998	55207	end
7172_day0_with_selection	7172	chr4R	SRR33298432.51683	7	7	E-chr4R-7	E-chr16L-3	chr16L	8049	54998	55207	end
7172_day0_with_selection	7172	chr4R	SRR33298432.271245	2	7	E-chr4R-2	E-chr16L-3	chr16L	272	47159	54707	beginning
7172_day0_with_selection	7172	chr4R	SRR33298432.149832	1	7	E-chr4R-1	E-chr16L-3	chr16L	8073	55010	55207	end
7172_day0_with_selection	7172	chr4R	SRR33298432.149832	2	7	E-chr4R-2	E-chr16L-3	chr16L	8073	55010	55207	end
7172_day0_with_selection	7172	chr4R	SRR33298432.149832	3	7	E-chr4R-3	E-chr16L-3	chr16L	8073	55010	55207	end
7172_day0_with_selection	7172	chr4R	SRR33298432.149832	4	7	E-chr4R-4	E-chr16L-3	chr16L	8073	55010	55207	end
7172_day0_with_selection	7172	chr4R	SRR33298432.149832	6	7	E-chr4R-6	E-chr16L-3	chr16L	8073	55010	55207	end
7172_day0_with_selection	7172	chr4R	SRR33298432.149832	7	7	E-chr4R-7	E-chr16L-3	chr16L	8073	55010	55207	end
7172_day0_with_selection	7172	chr4R	SRR33298432.16868	1	7	E-chr4R-1	E-chr16L-3	chr16L	8058	55004	55182	end
7172_day0_with_selection	7172	chr4R	SRR33298432.16868	2	7	E-chr4R-2	E-chr16L-3	chr16L	8058	55004	55182	end
7172_day0_with_selection	7172	chr4R	SRR33298432.16868	3	7	E-chr4R-3	E-chr16L-3	chr16L	8058	55004	55182	end
7172_day0_with_selection	7172	chr4R	SRR33298432.16868	4	7	E-chr4R-4	E-chr16L-3	chr16L	8058	55004	55182	end
7172_day0_with_selection	7172	chr4R	SRR33298432.16868	6	7	E-chr4R-6	E-chr16L-3	chr16L	8058	55004	55182	end
7172_day0_with_selection	7172	chr4R	SRR33298432.16868	7	7	E-chr4R-7	E-chr16L-3	chr16L	8058	55004	55182	end
7172_day0_with_selection	7172	chr4R	SRR33298432.252078	1	7	E-chr4R-1	E-chr16L-3	chr16L	236	47137	55186	beginning
7172_day0_with_selection	7172	chr4R	SRR33298432.27424	1	7	E-chr4R-1	E-chr16L-3	chr16L	8074	55033	55176	end
7172_day0_with_selection	7172	chr4R	SRR33298432.27424	2	7	E-chr4R-2	E-chr16L-3	chr16L	8074	55033	55176	end
7172_day0_with_selection	7172	chr4R	SRR33298432.27424	3	7	E-chr4R-3	E-chr16L-3	chr16L	8074	55033	55176	end
7172_day0_with_selection	7172	chr4R	SRR33298432.27424	4	7	E-chr4R-4	E-chr16L-3	chr16L	8074	55033	55176	end
7172_day0_with_selection	7172	chr4R	SRR33298432.27424	6	7	E-chr4R-6	E-chr16L-3	chr16L	8074	55033	55176	end
7172_day0_with_selection	7172	chr4R	SRR33298432.27424	7	7	E-chr4R-7	E-chr16L-3	chr16L	8074	55033	55176	end
7172_day0_with_selection	7172	chr4R	SRR33298432.246150	1	7	E-chr4R-1	E-chr16L-3	chr16L	8063	55003	55160	end
7172_day0_with_selection	7172	chr4R	SRR33298432.246150	2	7	E-chr4R-2	E-chr16L-3	chr16L	8063	55003	55160	end
7172_day0_with_selection	7172	chr4R	SRR33298432.246150	3	7	E-chr4R-3	E-chr16L-3	chr16L	8063	55003	55160	end
7172_day0_with_selection	7172	chr4R	SRR33298432.246150	4	7	E-chr4R-4	E-chr16L-3	chr16L	8063	55003	55160	end
7172_day0_with_selection	7172	chr4R	SRR33298432.246150	6	7	E-chr4R-6	E-chr16L-3	chr16L	8063	55003	55160	end
7172_day0_with_selection	7172	chr4R	SRR33298432.246150	7	7	E-chr4R-7	E-chr16L-3	chr16L	8063	55003	55160	end
7172_day0_with_selection	7172	chr4R	SRR33298432.24979	1	7	E-chr4R-1	E-chr16L-3	chr16L	8067	55023	55140	end
7172_day0_with_selection	7172	chr4R	SRR33298432.24979	2	7	E-chr4R-2	E-chr16L-3	chr16L	8067	55023	55140	end
7172_day0_with_selection	7172	chr4R	SRR33298432.24979	3	7	E-chr4R-3	E-chr16L-3	chr16L	8067	55023	55140	end
7172_day0_with_selection	7172	chr4R	SRR33298432.24979	4	7	E-chr4R-4	E-chr16L-3	chr16L	8067	55023	55140	end
7172_day0_with_selection	7172	chr4R	SRR33298432.24979	6	7	E-chr4R-6	E-chr16L-3	chr16L	8067	55023	55140	end
7172_day0_with_selection	7172	chr4R	SRR33298432.24979	7	7	E-chr4R-7	E-chr16L-3	chr16L	8067	55023	55140	end
7172_day0_with_selection	7172	chr4R	SRR33298432.121353	1	7	E-chr4R-1	E-chr16L-3	chr16L	8054	54996	55128	end
7172_day0_with_selection	7172	chr4R	SRR33298432.121353	2	7	E-chr4R-2	E-chr16L-3	chr16L	8054	54996	55128	end
7172_day0_with_selection	7172	chr4R	SRR33298432.121353	3	7	E-chr4R-3	E-chr16L-3	chr16L	8054	54996	55128	end
7172_day0_with_selection	7172	chr4R	SRR33298432.121353	4	7	E-chr4R-4	E-chr16L-3	chr16L	8054	54996	55128	end
7172_day0_with_selection	7172	chr4R	SRR33298432.121353	6	7	E-chr4R-6	E-chr16L-3	chr16L	8054	54996	55128	end
7172_day0_with_selection	7172	chr4R	SRR33298432.121353	7	7	E-chr4R-7	E-chr16L-3	chr16L	8054	54996	55128	end
7172_day0_with_selection	7172	chr4R	SRR33298432.130010	1	7	E-chr4R-1	E-chr16L-3	chr16L	8062	55012	55125	end
7172_day0_with_selection	7172	chr4R	SRR33298432.130010	2	7	E-chr4R-2	E-chr16L-3	chr16L	8062	55012	55125	end
7172_day0_with_selection	7172	chr4R	SRR33298432.130010	3	7	E-chr4R-3	E-chr16L-3	chr16L	8062	55012	55125	end
7172_day0_with_selection	7172	chr4R	SRR33298432.130010	4	7	E-chr4R-4	E-chr16L-3	chr16L	8062	55012	55125	end
7172_day0_with_selection	7172	chr4R	SRR33298432.130010	6	7	E-chr4R-6	E-chr16L-3	chr16L	8062	55012	55125	end
7172_day0_with_selection	7172	chr4R	SRR33298432.130010	7	7	E-chr4R-7	E-chr16L-3	chr16L	8062	55012	55125	end
7172_day0_with_selection	7172	chr4R	SRR33298432.296034	1	7	E-chr4R-1	E-chr16L-3	chr16L	7056	53995	54120	end
7172_day0_with_selection	7172	chr4R	SRR33298432.296034	2	7	E-chr4R-2	E-chr16L-3	chr16L	7056	53995	54120	end
7172_day0_with_selection	7172	chr4R	SRR33298432.296034	3	7	E-chr4R-3	E-chr16L-3	chr16L	7056	53995	54120	end
7172_day0_with_selection	7172	chr4R	SRR33298432.296034	4	7	E-chr4R-4	E-chr16L-3	chr16L	7056	53995	54120	end
7172_day0_with_selection	7172	chr4R	SRR33298432.296034	6	7	E-chr4R-6	E-chr16L-3	chr16L	7056	53995	54120	end
7172_day0_with_selection	7172	chr4R	SRR33298432.296034	7	7	E-chr4R-7	E-chr16L-3	chr16L	7056	53995	54120	end
7172_day0_with_selection	7172	chr4R	SRR33298432.131146	1	7	E-chr4R-1	E-chr16L-3	chr16L	7772	54649	54814	end
7172_day0_with_selection	7172	chr4R	SRR33298432.131146	2	7	E-chr4R-2	E-chr16L-3	chr16L	7772	54649	54814	end
7172_day0_with_selection	7172	chr4R	SRR33298432.131146	3	7	E-chr4R-3	E-chr16L-3	chr16L	7772	54649	54814	end
7172_day0_with_selection	7172	chr4R	SRR33298432.131146	4	7	E-chr4R-4	E-chr16L-3	chr16L	7772	54649	54814	end
7172_day0_with_selection	7172	chr4R	SRR33298432.131146	6	7	E-chr4R-6	E-chr16L-3	chr16L	7772	54649	54814	end
7172_day0_with_selection	7172	chr4R	SRR33298432.131146	7	7	E-chr4R-7	E-chr16L-3	chr16L	7772	54649	54814	end
7172_day0_with_selection	7172	chr4R	SRR33298432.24910	1	7	E-chr4R-1	E-chr16L-3	chr16L	8056	55010	55074	end
7172_day0_with_selection	7172	chr4R	SRR33298432.24910	2	7	E-chr4R-2	E-chr16L-3	chr16L	8056	55010	55074	end
7172_day0_with_selection	7172	chr4R	SRR33298432.24910	3	7	E-chr4R-3	E-chr16L-3	chr16L	8056	55010	55074	end
7172_day0_with_selection	7172	chr4R	SRR33298432.24910	4	7	E-chr4R-4	E-chr16L-3	chr16L	8056	55010	55074	end
7172_day0_with_selection	7172	chr4R	SRR33298432.24910	6	7	E-chr4R-6	E-chr16L-3	chr16L	8056	55010	55074	end
7172_day0_with_selection	7172	chr4R	SRR33298432.24910	7	7	E-chr4R-7	E-chr16L-3	chr16L	8056	55010	55074	end
7172_day0_with_selection	7172	chr4R	SRR33298432.234620	1	7	E-chr4R-1	E-chr16L-3	chr16L	8063	54961	55076	end
7172_day0_with_selection	7172	chr4R	SRR33298432.234620	2	7	E-chr4R-2	E-chr16L-3	chr16L	8063	54961	55076	end
7172_day0_with_selection	7172	chr4R	SRR33298432.234620	3	7	E-chr4R-3	E-chr16L-3	chr16L	8063	54961	55076	end
7172_day0_with_selection	7172	chr4R	SRR33298432.234620	4	7	E-chr4R-4	E-chr16L-3	chr16L	8063	54961	55076	end
7172_day0_with_selection	7172	chr4R	SRR33298432.234620	6	7	E-chr4R-6	E-chr16L-3	chr16L	8063	54961	55076	end
7172_day0_with_selection	7172	chr4R	SRR33298432.234620	7	7	E-chr4R-7	E-chr16L-3	chr16L	8063	54961	55076	end
7172_day0_with_selection	7172	chr4R	SRR33298432.28156	1	7	E-chr4R-1	E-chr16L-3	chr16L	8063	54990	55028	end
7172_day0_with_selection	7172	chr4R	SRR33298432.28156	2	7	E-chr4R-2	E-chr16L-3	chr16L	8063	54990	55028	end
7172_day0_with_selection	7172	chr4R	SRR33298432.28156	3	7	E-chr4R-3	E-chr16L-3	chr16L	8063	54990	55028	end
7172_day0_with_selection	7172	chr4R	SRR33298432.28156	4	7	E-chr4R-4	E-chr16L-3	chr16L	8063	54990	55028	end
7172_day0_with_selection	7172	chr4R	SRR33298432.28156	6	7	E-chr4R-6	E-chr16L-3	chr16L	8063	54990	55028	end
7172_day0_with_selection	7172	chr4R	SRR33298432.28156	7	7	E-chr4R-7	E-chr16L-3	chr16L	8063	54990	55028	end
7172_day0_with_selection	7172	chr4R	SRR33298432.150132	1	7	E-chr4R-1	E-chr16L-3	chr16L	8077	54865	55011	end
7172_day0_with_selection	7172	chr4R	SRR33298432.150132	2	7	E-chr4R-2	E-chr16L-3	chr16L	8077	54865	55011	end
7172_day0_with_selection	7172	chr4R	SRR33298432.150132	3	7	E-chr4R-3	E-chr16L-3	chr16L	8077	54865	55011	end
7172_day0_with_selection	7172	chr4R	SRR33298432.150132	6	7	E-chr4R-6	E-chr16L-3	chr16L	8077	54865	55011	end
7172_day0_with_selection	7172	chr4R	SRR33298432.150132	7	7	E-chr4R-7	E-chr16L-3	chr16L	8077	54865	55011	end
7172_day0_with_selection	7172	chr4R	SRR33298432.254342	6	7	E-chr4R-6	E-chr12R-8	chr12R	238	46926	54984	beginning
7172_day0_with_selection	7172	chr4R	SRR33298432.254342	7	7	E-chr4R-7	E-chr12R-8	chr12R	238	46926	54984	beginning
7172_day0_with_selection	7172	chr4R	SRR33298432.28252	1	7	E-chr4R-1	E-chr16L-3	chr16L	8002	54657	54776	end
7172_day0_with_selection	7172	chr4R	SRR33298432.28252	2	7	E-chr4R-2	E-chr16L-3	chr16L	8002	54657	54776	end
7172_day0_with_selection	7172	chr4R	SRR33298432.28252	3	7	E-chr4R-3	E-chr12R-8	chr12R	8002	54657	54776	end
7172_day0_with_selection	7172	chr4R	SRR33298432.28252	4	7	E-chr4R-4	E-chr16L-3	chr16L	8002	54657	54776	end
7172_day0_with_selection	7172	chr4R	SRR33298432.28252	7	7	E-chr4R-7	E-chr16L-3	chr16L	8002	54657	54776	end
7172_day0_with_selection	7172	chr5R	SRR33298432.328531	1	1	E-chr5R-1	E-chr13L-1	chr13L	147	5604	12837	beginning
7172_day0_with_selection	7172	chr6L	SRR33298432.77931	1	1	E-chr6L-1	E-chr14L-3	chr14L	18165	23526	23662	end
7172_day0_with_selection	7172	chr7R	SRR33298432.28381	1	1	E-chr7R-1	E-chr16L-1	chr16L	149	6784	20820	beginning
7302_day0_with_selection	7302	chr10L	SRR33298452.573441	1	1	E-chr10L-1	E-chr14R-1	chr14R	18900	25405	25603	end
7302_day0_with_selection	7302	chr12R	SRR33298452.28754	2	6	E-chr12R-2	E-chr4R-7	chr4R	214	40991	52016	beginning
7302_day0_with_selection	7302	chr12R	SRR33298452.28754	3	6	E-chr12R-3	E-chr4R-7	chr4R	214	40991	52016	beginning
7302_day0_with_selection	7302	chr12R	SRR33298452.28754	4	6	E-chr12R-4	E-chr4R-7	chr4R	214	40991	52016	beginning
7302_day0_with_selection	7302	chr12R	SRR33298452.28754	5	6	E-chr12R-5	E-chr4R-7	chr4R	214	40991	52016	beginning
7302_day0_with_selection	7302	chr12R	SRR33298452.115382	2	6	E-chr12R-2	E-chr4R-7	chr4R	161	40722	49504	beginning
7302_day0_with_selection	7302	chr12R	SRR33298452.115382	3	6	E-chr12R-3	E-chr4R-7	chr4R	161	40722	49504	beginning
7302_day0_with_selection	7302	chr12R	SRR33298452.115382	4	6	E-chr12R-4	E-chr4R-7	chr4R	161	40722	49504	beginning
7302_day0_with_selection	7302	chr12R	SRR33298452.115382	5	6	E-chr12R-5	E-chr4R-7	chr4R	161	40722	49504	beginning
7302_day0_with_selection	7302	chr12R	SRR33298452.517697	2	6	E-chr12R-2	E-chr4R-7	chr4R	341	40887	51905	beginning
7302_day0_with_selection	7302	chr12R	SRR33298452.517697	3	6	E-chr12R-3	E-chr4R-7	chr4R	341	40887	51905	beginning
7302_day0_with_selection	7302	chr12R	SRR33298452.517697	4	6	E-chr12R-4	E-chr4R-7	chr4R	341	40887	51905	beginning
7302_day0_with_selection	7302	chr12R	SRR33298452.517697	5	6	E-chr12R-5	E-chr4R-7	chr4R	341	40887	51905	beginning
7302_day0_with_selection	7302	chr12R	SRR33298452.522723	2	6	E-chr12R-2	E-chr4R-7	chr4R	300	40875	51885	beginning
7302_day0_with_selection	7302	chr12R	SRR33298452.522723	3	6	E-chr12R-3	E-chr4R-7	chr4R	300	40875	51885	beginning
7302_day0_with_selection	7302	chr12R	SRR33298452.522723	4	6	E-chr12R-4	E-chr4R-7	chr4R	300	40875	51885	beginning
7302_day0_with_selection	7302	chr12R	SRR33298452.522723	5	6	E-chr12R-5	E-chr4R-7	chr4R	300	40875	51885	beginning
7302_day0_with_selection	7302	chr12R	SRR33298452.144443	2	6	E-chr12R-2	E-chr4R-7	chr4R	299	40860	50890	beginning
7302_day0_with_selection	7302	chr12R	SRR33298452.144443	3	6	E-chr12R-3	E-chr4R-7	chr4R	299	40860	50890	beginning
7302_day0_with_selection	7302	chr12R	SRR33298452.144443	4	6	E-chr12R-4	E-chr4R-7	chr4R	299	40860	50890	beginning
7302_day0_with_selection	7302	chr12R	SRR33298452.144443	5	6	E-chr12R-5	E-chr4R-7	chr4R	299	40860	50890	beginning
7302_day0_with_selection	7302	chr12R	SRR33298452.615826	2	6	E-chr12R-2	E-chr4R-7	chr4R	258	40850	51861	beginning
7302_day0_with_selection	7302	chr12R	SRR33298452.615826	3	6	E-chr12R-3	E-chr4R-7	chr4R	258	40850	51861	beginning
7302_day0_with_selection	7302	chr12R	SRR33298452.615826	4	6	E-chr12R-4	E-chr4R-7	chr4R	258	40850	51861	beginning
7302_day0_with_selection	7302	chr12R	SRR33298452.615826	5	6	E-chr12R-5	E-chr4R-7	chr4R	258	40850	51861	beginning
7302_day0_with_selection	7302	chr12R	SRR33298452.318985	2	6	E-chr12R-2	E-chr4R-7	chr4R	234	40830	51845	beginning
7302_day0_with_selection	7302	chr12R	SRR33298452.318985	3	6	E-chr12R-3	E-chr4R-7	chr4R	234	40830	51845	beginning
7302_day0_with_selection	7302	chr12R	SRR33298452.318985	4	6	E-chr12R-4	E-chr4R-7	chr4R	234	40830	51845	beginning
7302_day0_with_selection	7302	chr12R	SRR33298452.318985	5	6	E-chr12R-5	E-chr4R-7	chr4R	234	40830	51845	beginning
7302_day0_with_selection	7302	chr12R	SRR33298452.95698	2	6	E-chr12R-2	E-chr4R-7	chr4R	232	40818	51842	beginning
7302_day0_with_selection	7302	chr12R	SRR33298452.95698	3	6	E-chr12R-3	E-chr4R-7	chr4R	232	40818	51842	beginning
7302_day0_with_selection	7302	chr12R	SRR33298452.95698	4	6	E-chr12R-4	E-chr4R-7	chr4R	232	40818	51842	beginning
7302_day0_with_selection	7302	chr12R	SRR33298452.95698	5	6	E-chr12R-5	E-chr4R-7	chr4R	232	40818	51842	beginning
7302_day0_with_selection	7302	chr12R	SRR33298452.478762	2	6	E-chr12R-2	E-chr4R-7	chr4R	233	40818	50344	beginning
7302_day0_with_selection	7302	chr12R	SRR33298452.478762	3	6	E-chr12R-3	E-chr4R-7	chr4R	233	40818	50344	beginning
7302_day0_with_selection	7302	chr12R	SRR33298452.478762	4	6	E-chr12R-4	E-chr4R-7	chr4R	233	40818	50344	beginning
7302_day0_with_selection	7302	chr12R	SRR33298452.478762	5	6	E-chr12R-5	E-chr4R-7	chr4R	233	40818	50344	beginning
7302_day0_with_selection	7302	chr12R	SRR33298452.207461	2	6	E-chr12R-2	E-chr4R-7	chr4R	258	40808	51812	beginning
7302_day0_with_selection	7302	chr12R	SRR33298452.207461	3	6	E-chr12R-3	E-chr4R-7	chr4R	258	40808	51812	beginning
7302_day0_with_selection	7302	chr12R	SRR33298452.207461	4	6	E-chr12R-4	E-chr4R-7	chr4R	258	40808	51812	beginning
7302_day0_with_selection	7302	chr12R	SRR33298452.207461	5	6	E-chr12R-5	E-chr4R-7	chr4R	258	40808	51812	beginning
7302_day0_with_selection	7302	chr12R	SRR33298452.106939	2	6	E-chr12R-2	E-chr14L-2	chr14L	11020	51671	51819	end
7302_day0_with_selection	7302	chr12R	SRR33298452.106939	3	6	E-chr12R-3	E-chr14L-2	chr14L	11020	51671	51819	end
7302_day0_with_selection	7302	chr12R	SRR33298452.106939	4	6	E-chr12R-4	E-chr14L-2	chr14L	11020	51671	51819	end
7302_day0_with_selection	7302	chr12R	SRR33298452.106939	5	6	E-chr12R-5	E-chr14L-2	chr14L	11020	51671	51819	end
7302_day0_with_selection	7302	chr12R	SRR33298452.604587	2	6	E-chr12R-2	E-chr14L-2	chr14L	11013	51581	51814	end
7302_day0_with_selection	7302	chr12R	SRR33298452.604587	3	6	E-chr12R-3	E-chr14L-2	chr14L	11013	51581	51814	end
7302_day0_with_selection	7302	chr12R	SRR33298452.604587	4	6	E-chr12R-4	E-chr14L-2	chr14L	11013	51581	51814	end
7302_day0_with_selection	7302	chr12R	SRR33298452.604587	5	6	E-chr12R-5	E-chr14L-2	chr14L	11013	51581	51814	end
7302_day0_with_selection	7302	chr12R	SRR33298452.400090	2	6	E-chr12R-2	E-chr14L-2	chr14L	11025	51547	51811	end
7302_day0_with_selection	7302	chr12R	SRR33298452.400090	3	6	E-chr12R-3	E-chr14L-2	chr14L	11025	51547	51811	end
7302_day0_with_selection	7302	chr12R	SRR33298452.400090	4	6	E-chr12R-4	E-chr14L-2	chr14L	11025	51547	51811	end
7302_day0_with_selection	7302	chr12R	SRR33298452.400090	5	6	E-chr12R-5	E-chr14L-2	chr14L	11025	51547	51811	end
7302_day0_with_selection	7302	chr12R	SRR33298452.356039	2	6	E-chr12R-2	E-chr14L-2	chr14L	10400	50984	51192	end
7302_day0_with_selection	7302	chr12R	SRR33298452.356039	3	6	E-chr12R-3	E-chr14L-2	chr14L	10400	50984	51192	end
7302_day0_with_selection	7302	chr12R	SRR33298452.356039	4	6	E-chr12R-4	E-chr14L-2	chr14L	10400	50984	51192	end
7302_day0_with_selection	7302	chr12R	SRR33298452.356039	5	6	E-chr12R-5	E-chr14L-2	chr14L	10400	50984	51192	end
7302_day0_with_selection	7302	chr12R	SRR33298452.95545	2	6	E-chr12R-2	E-chr4R-7	chr4R	243	40792	51806	beginning
7302_day0_with_selection	7302	chr12R	SRR33298452.95545	3	6	E-chr12R-3	E-chr4R-7	chr4R	243	40792	51806	beginning
7302_day0_with_selection	7302	chr12R	SRR33298452.95545	4	6	E-chr12R-4	E-chr4R-7	chr4R	243	40792	51806	beginning
7302_day0_with_selection	7302	chr12R	SRR33298452.95545	5	6	E-chr12R-5	E-chr4R-7	chr4R	243	40792	51806	beginning
7302_day0_with_selection	7302	chr12R	SRR33298452.188265	2	6	E-chr12R-2	E-chr4R-7	chr4R	209	40779	51792	beginning
7302_day0_with_selection	7302	chr12R	SRR33298452.188265	3	6	E-chr12R-3	E-chr4R-7	chr4R	209	40779	51792	beginning
7302_day0_with_selection	7302	chr12R	SRR33298452.188265	4	6	E-chr12R-4	E-chr4R-7	chr4R	209	40779	51792	beginning
7302_day0_with_selection	7302	chr12R	SRR33298452.188265	5	6	E-chr12R-5	E-chr4R-7	chr4R	209	40779	51792	beginning
7302_day0_with_selection	7302	chr12R	SRR33298452.162171	2	6	E-chr12R-2	E-chr4R-7	chr4R	201	40780	51787	beginning
7302_day0_with_selection	7302	chr12R	SRR33298452.162171	3	6	E-chr12R-3	E-chr4R-7	chr4R	201	40780	51787	beginning
7302_day0_with_selection	7302	chr12R	SRR33298452.162171	4	6	E-chr12R-4	E-chr4R-7	chr4R	201	40780	51787	beginning
7302_day0_with_selection	7302	chr12R	SRR33298452.162171	5	6	E-chr12R-5	E-chr4R-7	chr4R	201	40780	51787	beginning
7302_day0_with_selection	7302	chr12R	SRR33298452.455795	2	6	E-chr12R-2	E-chr4R-7	chr4R	239	40782	51784	beginning
7302_day0_with_selection	7302	chr12R	SRR33298452.455795	3	6	E-chr12R-3	E-chr4R-7	chr4R	239	40782	51784	beginning
7302_day0_with_selection	7302	chr12R	SRR33298452.455795	4	6	E-chr12R-4	E-chr4R-7	chr4R	239	40782	51784	beginning
7302_day0_with_selection	7302	chr12R	SRR33298452.455795	5	6	E-chr12R-5	E-chr4R-7	chr4R	239	40782	51784	beginning
7302_day0_with_selection	7302	chr12R	SRR33298452.448264	2	6	E-chr12R-2	E-chr4R-7	chr4R	174	40778	51777	beginning
7302_day0_with_selection	7302	chr12R	SRR33298452.448264	3	6	E-chr12R-3	E-chr4R-7	chr4R	174	40778	51777	beginning
7302_day0_with_selection	7302	chr12R	SRR33298452.448264	4	6	E-chr12R-4	E-chr4R-7	chr4R	174	40778	51777	beginning
7302_day0_with_selection	7302	chr12R	SRR33298452.448264	5	6	E-chr12R-5	E-chr4R-7	chr4R	174	40778	51777	beginning
7302_day0_with_selection	7302	chr12R	SRR33298452.587717	2	6	E-chr12R-2	E-chr4R-7	chr4R	187	40772	51784	beginning
7302_day0_with_selection	7302	chr12R	SRR33298452.587717	3	6	E-chr12R-3	E-chr4R-7	chr4R	187	40772	51784	beginning
7302_day0_with_selection	7302	chr12R	SRR33298452.587717	4	6	E-chr12R-4	E-chr4R-7	chr4R	187	40772	51784	beginning
7302_day0_with_selection	7302	chr12R	SRR33298452.587717	5	6	E-chr12R-5	E-chr4R-7	chr4R	187	40772	51784	beginning
7302_day0_with_selection	7302	chr12R	SRR33298452.585057	2	6	E-chr12R-2	E-chr4R-7	chr4R	187	40765	51773	beginning
7302_day0_with_selection	7302	chr12R	SRR33298452.585057	3	6	E-chr12R-3	E-chr4R-7	chr4R	187	40765	51773	beginning
7302_day0_with_selection	7302	chr12R	SRR33298452.585057	4	6	E-chr12R-4	E-chr4R-7	chr4R	187	40765	51773	beginning
7302_day0_with_selection	7302	chr12R	SRR33298452.585057	5	6	E-chr12R-5	E-chr4R-7	chr4R	187	40765	51773	beginning
7302_day0_with_selection	7302	chr12R	SRR33298452.405514	2	6	E-chr12R-2	E-chr4R-7	chr4R	178	40773	51771	beginning
7302_day0_with_selection	7302	chr12R	SRR33298452.405514	3	6	E-chr12R-3	E-chr4R-7	chr4R	178	40773	51771	beginning
7302_day0_with_selection	7302	chr12R	SRR33298452.405514	4	6	E-chr12R-4	E-chr4R-7	chr4R	178	40773	51771	beginning
7302_day0_with_selection	7302	chr12R	SRR33298452.405514	5	6	E-chr12R-5	E-chr4R-7	chr4R	178	40773	51771	beginning
7302_day0_with_selection	7302	chr12R	SRR33298452.530259	2	6	E-chr12R-2	E-chr14L-2	chr14L	11010	51600	51771	end
7302_day0_with_selection	7302	chr12R	SRR33298452.530259	3	6	E-chr12R-3	E-chr14L-2	chr14L	11010	51600	51771	end
7302_day0_with_selection	7302	chr12R	SRR33298452.530259	4	6	E-chr12R-4	E-chr14L-2	chr14L	11010	51600	51771	end
7302_day0_with_selection	7302	chr12R	SRR33298452.530259	5	6	E-chr12R-5	E-chr14L-2	chr14L	11010	51600	51771	end
7302_day0_with_selection	7302	chr12R	SRR33298452.585603	2	6	E-chr12R-2	E-chr14L-2	chr14L	11005	51562	51777	end
7302_day0_with_selection	7302	chr12R	SRR33298452.585603	3	6	E-chr12R-3	E-chr14L-2	chr14L	11005	51562	51777	end
7302_day0_with_selection	7302	chr12R	SRR33298452.585603	4	6	E-chr12R-4	E-chr14L-2	chr14L	11005	51562	51777	end
7302_day0_with_selection	7302	chr12R	SRR33298452.585603	5	6	E-chr12R-5	E-chr14L-2	chr14L	11005	51562	51777	end
7302_day0_with_selection	7302	chr12R	SRR33298452.465996	2	6	E-chr12R-2	E-chr4R-7	chr4R	183	40759	51764	beginning
7302_day0_with_selection	7302	chr12R	SRR33298452.465996	3	6	E-chr12R-3	E-chr4R-7	chr4R	183	40759	51764	beginning
7302_day0_with_selection	7302	chr12R	SRR33298452.465996	4	6	E-chr12R-4	E-chr4R-7	chr4R	183	40759	51764	beginning
7302_day0_with_selection	7302	chr12R	SRR33298452.465996	5	6	E-chr12R-5	E-chr4R-7	chr4R	183	40759	51764	beginning
7302_day0_with_selection	7302	chr12R	SRR33298452.530177	2	6	E-chr12R-2	E-chr4R-7	chr4R	220	40767	51760	beginning
7302_day0_with_selection	7302	chr12R	SRR33298452.530177	3	6	E-chr12R-3	E-chr14L-2	chr14L	220	40767	51760	beginning
7302_day0_with_selection	7302	chr12R	SRR33298452.530177	4	6	E-chr12R-4	E-chr14L-2	chr14L	220	40767	51760	beginning
7302_day0_with_selection	7302	chr12R	SRR33298452.530177	5	6	E-chr12R-5	E-chr4R-7	chr4R	220	40767	51760	beginning
7302_day0_with_selection	7302	chr12R	SRR33298452.226376	2	6	E-chr12R-2	E-chr4R-7	chr4R	11037	51590	51769	end
7302_day0_with_selection	7302	chr12R	SRR33298452.226376	3	6	E-chr12R-3	E-chr14L-2	chr14L	11037	51590	51769	end
7302_day0_with_selection	7302	chr12R	SRR33298452.226376	4	6	E-chr12R-4	E-chr14L-2	chr14L	11037	51590	51769	end
7302_day0_with_selection	7302	chr12R	SRR33298452.226376	5	6	E-chr12R-5	E-chr14L-2	chr14L	11037	51590	51769	end
7302_day0_with_selection	7302	chr12R	SRR33298452.588528	2	6	E-chr12R-2	E-chr14L-2	chr14L	11006	51602	51768	end
7302_day0_with_selection	7302	chr12R	SRR33298452.588528	3	6	E-chr12R-3	E-chr14L-2	chr14L	11006	51602	51768	end
7302_day0_with_selection	7302	chr12R	SRR33298452.588528	4	6	E-chr12R-4	E-chr14L-2	chr14L	11006	51602	51768	end
7302_day0_with_selection	7302	chr12R	SRR33298452.588528	5	6	E-chr12R-5	E-chr14L-2	chr14L	11006	51602	51768	end
7302_day0_with_selection	7302	chr12R	SRR33298452.492854	2	6	E-chr12R-2	E-chr4R-7	chr4R	201	40756	51772	beginning
7302_day0_with_selection	7302	chr12R	SRR33298452.492854	3	6	E-chr12R-3	E-chr4R-7	chr4R	201	40756	51772	beginning
7302_day0_with_selection	7302	chr12R	SRR33298452.492854	4	6	E-chr12R-4	E-chr4R-7	chr4R	201	40756	51772	beginning
7302_day0_with_selection	7302	chr12R	SRR33298452.492854	5	6	E-chr12R-5	E-chr4R-7	chr4R	201	40756	51772	beginning
7302_day0_with_selection	7302	chr12R	SRR33298452.507377	2	6	E-chr12R-2	E-chr4R-7	chr4R	190	40765	51756	beginning
7302_day0_with_selection	7302	chr12R	SRR33298452.507377	3	6	E-chr12R-3	E-chr4R-7	chr4R	190	40765	51756	beginning
7302_day0_with_selection	7302	chr12R	SRR33298452.507377	4	6	E-chr12R-4	E-chr4R-7	chr4R	190	40765	51756	beginning
7302_day0_with_selection	7302	chr12R	SRR33298452.507377	5	6	E-chr12R-5	E-chr4R-7	chr4R	190	40765	51756	beginning
7302_day0_with_selection	7302	chr12R	SRR33298452.448111	2	6	E-chr12R-2	E-chr14L-2	chr14L	11028	51602	51776	end
7302_day0_with_selection	7302	chr12R	SRR33298452.448111	3	6	E-chr12R-3	E-chr14L-2	chr14L	11028	51602	51776	end
7302_day0_with_selection	7302	chr12R	SRR33298452.448111	4	6	E-chr12R-4	E-chr14L-2	chr14L	11028	51602	51776	end
7302_day0_with_selection	7302	chr12R	SRR33298452.448111	5	6	E-chr12R-5	E-chr14L-2	chr14L	11028	51602	51776	end
7302_day0_with_selection	7302	chr12R	SRR33298452.602052	2	6	E-chr12R-2	E-chr4R-7	chr4R	190	40755	51761	beginning
7302_day0_with_selection	7302	chr12R	SRR33298452.602052	3	6	E-chr12R-3	E-chr4R-7	chr4R	190	40755	51761	beginning
7302_day0_with_selection	7302	chr12R	SRR33298452.602052	4	6	E-chr12R-4	E-chr4R-7	chr4R	190	40755	51761	beginning
7302_day0_with_selection	7302	chr12R	SRR33298452.602052	5	6	E-chr12R-5	E-chr4R-7	chr4R	190	40755	51761	beginning
7302_day0_with_selection	7302	chr12R	SRR33298452.474913	2	6	E-chr12R-2	E-chr14L-2	chr14L	11035	51587	51769	end
7302_day0_with_selection	7302	chr12R	SRR33298452.474913	3	6	E-chr12R-3	E-chr14L-2	chr14L	11035	51587	51769	end
7302_day0_with_selection	7302	chr12R	SRR33298452.474913	4	6	E-chr12R-4	E-chr14L-2	chr14L	11035	51587	51769	end
7302_day0_with_selection	7302	chr12R	SRR33298452.474913	5	6	E-chr12R-5	E-chr14L-2	chr14L	11035	51587	51769	end
7302_day0_with_selection	7302	chr12R	SRR33298452.210685	2	6	E-chr12R-2	E-chr4R-7	chr4R	178	40736	51756	beginning
7302_day0_with_selection	7302	chr12R	SRR33298452.210685	3	6	E-chr12R-3	E-chr4R-7	chr4R	178	40736	51756	beginning
7302_day0_with_selection	7302	chr12R	SRR33298452.210685	4	6	E-chr12R-4	E-chr14L-2	chr14L	178	40736	51756	beginning
7302_day0_with_selection	7302	chr12R	SRR33298452.210685	5	6	E-chr12R-5	E-chr4R-7	chr4R	178	40736	51756	beginning
7302_day0_with_selection	7302	chr12R	SRR33298452.206163	2	6	E-chr12R-2	E-chr4R-7	chr4R	161	40739	51755	beginning
7302_day0_with_selection	7302	chr12R	SRR33298452.206163	3	6	E-chr12R-3	E-chr4R-7	chr4R	161	40739	51755	beginning
7302_day0_with_selection	7302	chr12R	SRR33298452.206163	4	6	E-chr12R-4	E-chr4R-7	chr4R	161	40739	51755	beginning
7302_day0_with_selection	7302	chr12R	SRR33298452.206163	5	6	E-chr12R-5	E-chr4R-7	chr4R	161	40739	51755	beginning
7302_day0_with_selection	7302	chr12R	SRR33298452.206163	6	6	E-chr12R-6	E-chr4R-7	chr4R	161	40739	51755	beginning
7302_day0_with_selection	7302	chr12R	SRR33298452.287246	2	6	E-chr12R-2	E-chr4R-7	chr4R	171	40737	51747	beginning
7302_day0_with_selection	7302	chr12R	SRR33298452.287246	3	6	E-chr12R-3	E-chr4R-7	chr4R	171	40737	51747	beginning
7302_day0_with_selection	7302	chr12R	SRR33298452.287246	4	6	E-chr12R-4	E-chr4R-7	chr4R	171	40737	51747	beginning
7302_day0_with_selection	7302	chr12R	SRR33298452.287246	5	6	E-chr12R-5	E-chr4R-7	chr4R	171	40737	51747	beginning
7302_day0_with_selection	7302	chr12R	SRR33298452.217752	2	6	E-chr12R-2	E-chr4R-7	chr4R	137	40726	51739	beginning
7302_day0_with_selection	7302	chr12R	SRR33298452.217752	3	6	E-chr12R-3	E-chr4R-7	chr4R	137	40726	51739	beginning
7302_day0_with_selection	7302	chr12R	SRR33298452.217752	4	6	E-chr12R-4	E-chr4R-7	chr4R	137	40726	51739	beginning
7302_day0_with_selection	7302	chr12R	SRR33298452.217752	5	6	E-chr12R-5	E-chr4R-7	chr4R	137	40726	51739	beginning
7302_day0_with_selection	7302	chr12R	SRR33298452.84921	2	6	E-chr12R-2	E-chr4R-7	chr4R	210	40757	51739	beginning
7302_day0_with_selection	7302	chr12R	SRR33298452.84921	3	6	E-chr12R-3	E-chr4R-7	chr4R	210	40757	51739	beginning
7302_day0_with_selection	7302	chr12R	SRR33298452.84921	4	6	E-chr12R-4	E-chr4R-7	chr4R	210	40757	51739	beginning
7302_day0_with_selection	7302	chr12R	SRR33298452.84921	5	6	E-chr12R-5	E-chr4R-7	chr4R	210	40757	51739	beginning
7302_day0_with_selection	7302	chr12R	SRR33298452.367503	2	6	E-chr12R-2	E-chr4R-5	chr4R	142	40727	51740	beginning
7302_day0_with_selection	7302	chr12R	SRR33298452.367503	3	6	E-chr12R-3	E-chr4R-7	chr4R	142	40727	51740	beginning
7302_day0_with_selection	7302	chr12R	SRR33298452.367503	4	6	E-chr12R-4	E-chr4R-7	chr4R	142	40727	51740	beginning
7302_day0_with_selection	7302	chr12R	SRR33298452.367503	5	6	E-chr12R-5	E-chr4R-7	chr4R	142	40727	51740	beginning
7302_day0_with_selection	7302	chr12R	SRR33298452.265114	2	6	E-chr12R-2	E-chr14L-2	chr14L	11022	51595	51744	end
7302_day0_with_selection	7302	chr12R	SRR33298452.265114	3	6	E-chr12R-3	E-chr14L-2	chr14L	11022	51595	51744	end
7302_day0_with_selection	7302	chr12R	SRR33298452.265114	4	6	E-chr12R-4	E-chr14L-2	chr14L	11022	51595	51744	end
7302_day0_with_selection	7302	chr12R	SRR33298452.265114	5	6	E-chr12R-5	E-chr14L-2	chr14L	11022	51595	51744	end
7302_day0_with_selection	7302	chr12R	SRR33298452.257698	2	6	E-chr12R-2	E-chr4R-7	chr4R	129	40723	51737	beginning
7302_day0_with_selection	7302	chr12R	SRR33298452.257698	3	6	E-chr12R-3	E-chr4R-7	chr4R	129	40723	51737	beginning
7302_day0_with_selection	7302	chr12R	SRR33298452.257698	4	6	E-chr12R-4	E-chr4R-7	chr4R	129	40723	51737	beginning
7302_day0_with_selection	7302	chr12R	SRR33298452.257698	5	6	E-chr12R-5	E-chr4R-7	chr4R	129	40723	51737	beginning
7302_day0_with_selection	7302	chr12R	SRR33298452.604489	2	6	E-chr12R-2	E-chr14L-2	chr14L	11009	51571	51747	end
7302_day0_with_selection	7302	chr12R	SRR33298452.604489	3	6	E-chr12R-3	E-chr4R-7	chr4R	11009	51571	51747	end
7302_day0_with_selection	7302	chr12R	SRR33298452.604489	4	6	E-chr12R-4	E-chr14L-2	chr14L	11009	51571	51747	end
7302_day0_with_selection	7302	chr12R	SRR33298452.604489	5	6	E-chr12R-5	E-chr14L-2	chr14L	11009	51571	51747	end
7302_day0_with_selection	7302	chr12R	SRR33298452.604267	2	6	E-chr12R-2	E-chr4R-7	chr4R	170	40727	51729	beginning
7302_day0_with_selection	7302	chr12R	SRR33298452.604267	3	6	E-chr12R-3	E-chr4R-7	chr4R	170	40727	51729	beginning
7302_day0_with_selection	7302	chr12R	SRR33298452.604267	4	6	E-chr12R-4	E-chr4R-7	chr4R	170	40727	51729	beginning
7302_day0_with_selection	7302	chr12R	SRR33298452.604267	5	6	E-chr12R-5	E-chr14L-2	chr14L	170	40727	51729	beginning
7302_day0_with_selection	7302	chr12R	SRR33298452.470726	2	6	E-chr12R-2	E-chr4R-7	chr4R	180	40753	51745	beginning
7302_day0_with_selection	7302	chr12R	SRR33298452.470726	3	6	E-chr12R-3	E-chr4R-7	chr4R	180	40753	51745	beginning
7302_day0_with_selection	7302	chr12R	SRR33298452.470726	4	6	E-chr12R-4	E-chr4R-7	chr4R	180	40753	51745	beginning
7302_day0_with_selection	7302	chr12R	SRR33298452.470726	5	6	E-chr12R-5	E-chr4R-7	chr4R	180	40753	51745	beginning
7302_day0_with_selection	7302	chr12R	SRR33298452.531455	2	6	E-chr12R-2	E-chr4R-7	chr4R	202	40723	51739	beginning
7302_day0_with_selection	7302	chr12R	SRR33298452.531455	3	6	E-chr12R-3	E-chr4R-7	chr4R	202	40723	51739	beginning
7302_day0_with_selection	7302	chr12R	SRR33298452.531455	4	6	E-chr12R-4	E-chr4R-7	chr4R	202	40723	51739	beginning
7302_day0_with_selection	7302	chr12R	SRR33298452.531455	5	6	E-chr12R-5	E-chr14L-2	chr14L	202	40723	51739	beginning
7302_day0_with_selection	7302	chr12R	SRR33298452.547088	2	6	E-chr12R-2	E-chr14L-2	chr14L	11016	51581	51745	end
7302_day0_with_selection	7302	chr12R	SRR33298452.547088	3	6	E-chr12R-3	E-chr14L-2	chr14L	11016	51581	51745	end
7302_day0_with_selection	7302	chr12R	SRR33298452.547088	4	6	E-chr12R-4	E-chr14L-2	chr14L	11016	51581	51745	end
7302_day0_with_selection	7302	chr12R	SRR33298452.547088	5	6	E-chr12R-5	E-chr14L-2	chr14L	11016	51581	51745	end
7302_day0_with_selection	7302	chr12R	SRR33298452.202454	2	6	E-chr12R-2	E-chr4R-7	chr4R	160	40731	51731	beginning
7302_day0_with_selection	7302	chr12R	SRR33298452.202454	3	6	E-chr12R-3	E-chr4R-7	chr4R	160	40731	51731	beginning
7302_day0_with_selection	7302	chr12R	SRR33298452.202454	4	6	E-chr12R-4	E-chr4R-7	chr4R	160	40731	51731	beginning
7302_day0_with_selection	7302	chr12R	SRR33298452.202454	5	6	E-chr12R-5	E-chr4R-7	chr4R	160	40731	51731	beginning
7302_day0_with_selection	7302	chr12R	SRR33298452.1162	2	6	E-chr12R-2	E-chr4R-7	chr4R	165	40718	51732	beginning
7302_day0_with_selection	7302	chr12R	SRR33298452.1162	3	6	E-chr12R-3	E-chr4R-7	chr4R	165	40718	51732	beginning
7302_day0_with_selection	7302	chr12R	SRR33298452.1162	4	6	E-chr12R-4	E-chr4R-7	chr4R	165	40718	51732	beginning
7302_day0_with_selection	7302	chr12R	SRR33298452.1162	5	6	E-chr12R-5	E-chr4R-7	chr4R	165	40718	51732	beginning
7302_day0_with_selection	7302	chr12R	SRR33298452.590550	2	6	E-chr12R-2	E-chr4R-7	chr4R	155	40723	51736	beginning
7302_day0_with_selection	7302	chr12R	SRR33298452.590550	3	6	E-chr12R-3	E-chr4R-7	chr4R	155	40723	51736	beginning
7302_day0_with_selection	7302	chr12R	SRR33298452.590550	4	6	E-chr12R-4	E-chr4R-7	chr4R	155	40723	51736	beginning
7302_day0_with_selection	7302	chr12R	SRR33298452.590550	5	6	E-chr12R-5	E-chr4R-7	chr4R	155	40723	51736	beginning
7302_day0_with_selection	7302	chr12R	SRR33298452.602372	2	6	E-chr12R-2	E-chr14L-2	chr14L	10968	51526	51714	end
7302_day0_with_selection	7302	chr12R	SRR33298452.602372	3	6	E-chr12R-3	E-chr14L-2	chr14L	10968	51526	51714	end
7302_day0_with_selection	7302	chr12R	SRR33298452.602372	4	6	E-chr12R-4	E-chr14L-2	chr14L	10968	51526	51714	end
7302_day0_with_selection	7302	chr12R	SRR33298452.602372	5	6	E-chr12R-5	E-chr14L-2	chr14L	10968	51526	51714	end
7302_day0_with_selection	7302	chr12R	SRR33298452.304291	2	6	E-chr12R-2	E-chr14L-2	chr14L	10755	51354	51472	end
7302_day0_with_selection	7302	chr12R	SRR33298452.304291	3	6	E-chr12R-3	E-chr14L-2	chr14L	10755	51354	51472	end
7302_day0_with_selection	7302	chr12R	SRR33298452.304291	4	6	E-chr12R-4	E-chr14L-2	chr14L	10755	51354	51472	end
7302_day0_with_selection	7302	chr12R	SRR33298452.304291	5	6	E-chr12R-5	E-chr14L-2	chr14L	10755	51354	51472	end
7302_day0_with_selection	7302	chr12R	SRR33298452.397901	2	6	E-chr12R-2	E-chr14L-2	chr14L	10999	51577	51722	end
7302_day0_with_selection	7302	chr12R	SRR33298452.397901	3	6	E-chr12R-3	E-chr14L-2	chr14L	10999	51577	51722	end
7302_day0_with_selection	7302	chr12R	SRR33298452.397901	4	6	E-chr12R-4	E-chr14L-2	chr14L	10999	51577	51722	end
7302_day0_with_selection	7302	chr12R	SRR33298452.397901	5	6	E-chr12R-5	E-chr14L-2	chr14L	10999	51577	51722	end
7302_day0_with_selection	7302	chr12R	SRR33298452.531331	2	6	E-chr12R-2	E-chr4R-7	chr4R	139	40719	51729	beginning
7302_day0_with_selection	7302	chr12R	SRR33298452.531331	3	6	E-chr12R-3	E-chr4R-7	chr4R	139	40719	51729	beginning
7302_day0_with_selection	7302	chr12R	SRR33298452.531331	4	6	E-chr12R-4	E-chr4R-7	chr4R	139	40719	51729	beginning
7302_day0_with_selection	7302	chr12R	SRR33298452.531331	5	6	E-chr12R-5	E-chr4R-7	chr4R	139	40719	51729	beginning
7302_day0_with_selection	7302	chr12R	SRR33298452.227059	2	6	E-chr12R-2	E-chr14L-2	chr14L	11022	51547	51731	end
7302_day0_with_selection	7302	chr12R	SRR33298452.227059	3	6	E-chr12R-3	E-chr14L-2	chr14L	11022	51547	51731	end
7302_day0_with_selection	7302	chr12R	SRR33298452.227059	4	6	E-chr12R-4	E-chr14L-2	chr14L	11022	51547	51731	end
7302_day0_with_selection	7302	chr12R	SRR33298452.227059	5	6	E-chr12R-5	E-chr14L-2	chr14L	11022	51547	51731	end
7302_day0_with_selection	7302	chr12R	SRR33298452.207124	2	6	E-chr12R-2	E-chr4R-7	chr4R	179	40713	51697	beginning
7302_day0_with_selection	7302	chr12R	SRR33298452.207124	3	6	E-chr12R-3	E-chr4R-7	chr4R	179	40713	51697	beginning
7302_day0_with_selection	7302	chr12R	SRR33298452.207124	4	6	E-chr12R-4	E-chr4R-7	chr4R	179	40713	51697	beginning
7302_day0_with_selection	7302	chr12R	SRR33298452.207124	5	6	E-chr12R-5	E-chr4R-7	chr4R	179	40713	51697	beginning
7302_day0_with_selection	7302	chr12R	SRR33298452.523817	2	6	E-chr12R-2	E-chr4R-7	chr4R	118	40711	51722	beginning
7302_day0_with_selection	7302	chr12R	SRR33298452.523817	3	6	E-chr12R-3	E-chr4R-7	chr4R	118	40711	51722	beginning
7302_day0_with_selection	7302	chr12R	SRR33298452.523817	4	6	E-chr12R-4	E-chr4R-7	chr4R	118	40711	51722	beginning
7302_day0_with_selection	7302	chr12R	SRR33298452.523817	5	6	E-chr12R-5	E-chr4R-7	chr4R	118	40711	51722	beginning
7302_day0_with_selection	7302	chr12R	SRR33298452.46579	2	6	E-chr12R-2	E-chr14L-2	chr14L	11027	51604	51719	end
7302_day0_with_selection	7302	chr12R	SRR33298452.46579	3	6	E-chr12R-3	E-chr14L-2	chr14L	11027	51604	51719	end
7302_day0_with_selection	7302	chr12R	SRR33298452.46579	4	6	E-chr12R-4	E-chr14L-2	chr14L	11027	51604	51719	end
7302_day0_with_selection	7302	chr12R	SRR33298452.46579	5	6	E-chr12R-5	E-chr14L-2	chr14L	11027	51604	51719	end
7302_day0_with_selection	7302	chr12R	SRR33298452.530377	2	6	E-chr12R-2	E-chr4R-7	chr4R	169	40712	51715	beginning
7302_day0_with_selection	7302	chr12R	SRR33298452.530377	3	6	E-chr12R-3	E-chr4R-7	chr4R	169	40712	51715	beginning
7302_day0_with_selection	7302	chr12R	SRR33298452.530377	4	6	E-chr12R-4	E-chr4R-7	chr4R	169	40712	51715	beginning
7302_day0_with_selection	7302	chr12R	SRR33298452.530377	5	6	E-chr12R-5	E-chr4R-7	chr4R	169	40712	51715	beginning
7302_day0_with_selection	7302	chr12R	SRR33298452.597777	2	6	E-chr12R-2	E-chr4R-7	chr4R	140	40710	51717	beginning
7302_day0_with_selection	7302	chr12R	SRR33298452.597777	3	6	E-chr12R-3	E-chr4R-7	chr4R	140	40710	51717	beginning
7302_day0_with_selection	7302	chr12R	SRR33298452.597777	4	6	E-chr12R-4	E-chr4R-7	chr4R	140	40710	51717	beginning
7302_day0_with_selection	7302	chr12R	SRR33298452.597777	5	6	E-chr12R-5	E-chr4R-7	chr4R	140	40710	51717	beginning
7302_day0_with_selection	7302	chr12R	SRR33298452.455084	2	6	E-chr12R-2	E-chr4R-7	chr4R	151	40704	51732	beginning
7302_day0_with_selection	7302	chr12R	SRR33298452.455084	3	6	E-chr12R-3	E-chr4R-7	chr4R	151	40704	51732	beginning
7302_day0_with_selection	7302	chr12R	SRR33298452.455084	4	6	E-chr12R-4	E-chr4R-7	chr4R	151	40704	51732	beginning
7302_day0_with_selection	7302	chr12R	SRR33298452.455084	5	6	E-chr12R-5	E-chr4R-7	chr4R	151	40704	51732	beginning
7302_day0_with_selection	7302	chr12R	SRR33298452.609571	2	6	E-chr12R-2	E-chr4R-7	chr4R	165	40719	50896	beginning
7302_day0_with_selection	7302	chr12R	SRR33298452.609571	3	6	E-chr12R-3	E-chr4R-7	chr4R	165	40719	50896	beginning
7302_day0_with_selection	7302	chr12R	SRR33298452.609571	4	6	E-chr12R-4	E-chr4R-7	chr4R	165	40719	50896	beginning
7302_day0_with_selection	7302	chr12R	SRR33298452.609571	5	6	E-chr12R-5	E-chr14L-2	chr14L	165	40719	50896	beginning
7302_day0_with_selection	7302	chr12R	SRR33298452.609571	6	6	E-chr12R-6	E-chr4R-7	chr4R	165	40719	50896	beginning
7302_day0_with_selection	7302	chr12R	SRR33298452.204873	2	6	E-chr12R-2	E-chr4R-7	chr4R	139	40699	51714	beginning
7302_day0_with_selection	7302	chr12R	SRR33298452.204873	3	6	E-chr12R-3	E-chr4R-7	chr4R	139	40699	51714	beginning
7302_day0_with_selection	7302	chr12R	SRR33298452.204873	4	6	E-chr12R-4	E-chr4R-7	chr4R	139	40699	51714	beginning
7302_day0_with_selection	7302	chr12R	SRR33298452.204873	5	6	E-chr12R-5	E-chr4R-7	chr4R	139	40699	51714	beginning
7302_day0_with_selection	7302	chr12R	SRR33298452.586009	2	6	E-chr12R-2	E-chr4R-7	chr4R	219	40707	51709	beginning
7302_day0_with_selection	7302	chr12R	SRR33298452.586009	3	6	E-chr12R-3	E-chr4R-7	chr4R	219	40707	51709	beginning
7302_day0_with_selection	7302	chr12R	SRR33298452.586009	4	6	E-chr12R-4	E-chr4R-7	chr4R	219	40707	51709	beginning
7302_day0_with_selection	7302	chr12R	SRR33298452.586009	5	6	E-chr12R-5	E-chr4R-7	chr4R	219	40707	51709	beginning
7302_day0_with_selection	7302	chr12R	SRR33298452.533510	2	6	E-chr12R-2	E-chr4R-7	chr4R	144	40685	51705	beginning
7302_day0_with_selection	7302	chr12R	SRR33298452.533510	3	6	E-chr12R-3	E-chr4R-7	chr4R	144	40685	51705	beginning
7302_day0_with_selection	7302	chr12R	SRR33298452.533510	4	6	E-chr12R-4	E-chr4R-7	chr4R	144	40685	51705	beginning
7302_day0_with_selection	7302	chr12R	SRR33298452.533510	5	6	E-chr12R-5	E-chr4R-7	chr4R	144	40685	51705	beginning
7302_day0_with_selection	7302	chr12R	SRR33298452.318176	2	6	E-chr12R-2	E-chr4R-7	chr4R	131	40707	51706	beginning
7302_day0_with_selection	7302	chr12R	SRR33298452.318176	3	6	E-chr12R-3	E-chr4R-7	chr4R	131	40707	51706	beginning
7302_day0_with_selection	7302	chr12R	SRR33298452.318176	4	6	E-chr12R-4	E-chr4R-7	chr4R	131	40707	51706	beginning
7302_day0_with_selection	7302	chr12R	SRR33298452.318176	5	6	E-chr12R-5	E-chr4R-7	chr4R	131	40707	51706	beginning
7302_day0_with_selection	7302	chr12R	SRR33298452.208387	2	6	E-chr12R-2	E-chr14L-2	chr14L	11010	51569	51722	end
7302_day0_with_selection	7302	chr12R	SRR33298452.208387	3	6	E-chr12R-3	E-chr14L-2	chr14L	11010	51569	51722	end
7302_day0_with_selection	7302	chr12R	SRR33298452.208387	4	6	E-chr12R-4	E-chr14L-2	chr14L	11010	51569	51722	end
7302_day0_with_selection	7302	chr12R	SRR33298452.208387	5	6	E-chr12R-5	E-chr4R-7	chr4R	11010	51569	51722	end
7302_day0_with_selection	7302	chr12R	SRR33298452.583166	2	6	E-chr12R-2	E-chr4R-7	chr4R	116	40687	51709	beginning
7302_day0_with_selection	7302	chr12R	SRR33298452.583166	3	6	E-chr12R-3	E-chr4R-7	chr4R	116	40687	51709	beginning
7302_day0_with_selection	7302	chr12R	SRR33298452.583166	4	6	E-chr12R-4	E-chr4R-7	chr4R	116	40687	51709	beginning
7302_day0_with_selection	7302	chr12R	SRR33298452.583166	5	6	E-chr12R-5	E-chr4R-7	chr4R	116	40687	51709	beginning
7302_day0_with_selection	7302	chr12R	SRR33298452.531291	2	6	E-chr12R-2	E-chr4R-7	chr4R	142	40696	51707	beginning
7302_day0_with_selection	7302	chr12R	SRR33298452.531291	3	6	E-chr12R-3	E-chr14L-2	chr14L	142	40696	51707	beginning
7302_day0_with_selection	7302	chr12R	SRR33298452.531291	4	6	E-chr12R-4	E-chr4R-7	chr4R	142	40696	51707	beginning
7302_day0_with_selection	7302	chr12R	SRR33298452.531291	5	6	E-chr12R-5	E-chr4R-7	chr4R	142	40696	51707	beginning
7302_day0_with_selection	7302	chr12R	SRR33298452.595636	2	6	E-chr12R-2	E-chr4R-7	chr4R	140	40695	51703	beginning
7302_day0_with_selection	7302	chr12R	SRR33298452.595636	3	6	E-chr12R-3	E-chr4R-7	chr4R	140	40695	51703	beginning
7302_day0_with_selection	7302	chr12R	SRR33298452.595636	4	6	E-chr12R-4	E-chr4R-7	chr4R	140	40695	51703	beginning
7302_day0_with_selection	7302	chr12R	SRR33298452.595636	5	6	E-chr12R-5	E-chr14L-2	chr14L	140	40695	51703	beginning
7302_day0_with_selection	7302	chr12R	SRR33298452.349575	2	6	E-chr12R-2	E-chr14L-2	chr14L	11010	51594	51701	end
7302_day0_with_selection	7302	chr12R	SRR33298452.349575	3	6	E-chr12R-3	E-chr14L-2	chr14L	11010	51594	51701	end
7302_day0_with_selection	7302	chr12R	SRR33298452.349575	4	6	E-chr12R-4	E-chr14L-2	chr14L	11010	51594	51701	end
7302_day0_with_selection	7302	chr12R	SRR33298452.349575	5	6	E-chr12R-5	E-chr14L-2	chr14L	11010	51594	51701	end
7302_day0_with_selection	7302	chr12R	SRR33298452.584821	2	6	E-chr12R-2	E-chr4R-7	chr4R	210	40710	51689	beginning
7302_day0_with_selection	7302	chr12R	SRR33298452.584821	3	6	E-chr12R-3	E-chr14L-2	chr14L	210	40710	51689	beginning
7302_day0_with_selection	7302	chr12R	SRR33298452.584821	4	6	E-chr12R-4	E-chr4R-7	chr4R	210	40710	51689	beginning
7302_day0_with_selection	7302	chr12R	SRR33298452.584821	5	6	E-chr12R-5	E-chr4R-7	chr4R	210	40710	51689	beginning
7302_day0_with_selection	7302	chr12R	SRR33298452.455448	2	6	E-chr12R-2	E-chr14L-2	chr14L	11009	51545	51697	end
7302_day0_with_selection	7302	chr12R	SRR33298452.455448	3	6	E-chr12R-3	E-chr14L-2	chr14L	11009	51545	51697	end
7302_day0_with_selection	7302	chr12R	SRR33298452.455448	4	6	E-chr12R-4	E-chr14L-2	chr14L	11009	51545	51697	end
7302_day0_with_selection	7302	chr12R	SRR33298452.455448	5	6	E-chr12R-5	E-chr14L-2	chr14L	11009	51545	51697	end
7302_day0_with_selection	7302	chr12R	SRR33298452.594727	2	6	E-chr12R-2	E-chr4R-7	chr4R	170	40690	51690	beginning
7302_day0_with_selection	7302	chr12R	SRR33298452.594727	3	6	E-chr12R-3	E-chr14L-2	chr14L	170	40690	51690	beginning
7302_day0_with_selection	7302	chr12R	SRR33298452.594727	4	6	E-chr12R-4	E-chr4R-7	chr4R	170	40690	51690	beginning
7302_day0_with_selection	7302	chr12R	SRR33298452.594727	5	6	E-chr12R-5	E-chr4R-7	chr4R	170	40690	51690	beginning
7302_day0_with_selection	7302	chr12R	SRR33298452.26127	2	6	E-chr12R-2	E-chr4R-7	chr4R	124	40679	51705	beginning
7302_day0_with_selection	7302	chr12R	SRR33298452.26127	3	6	E-chr12R-3	E-chr4R-7	chr4R	124	40679	51705	beginning
7302_day0_with_selection	7302	chr12R	SRR33298452.26127	4	6	E-chr12R-4	E-chr14L-2	chr14L	124	40679	51705	beginning
7302_day0_with_selection	7302	chr12R	SRR33298452.26127	5	6	E-chr12R-5	E-chr4R-7	chr4R	124	40679	51705	beginning
7302_day0_with_selection	7302	chr12R	SRR33298452.127571	2	6	E-chr12R-2	E-chr4R-7	chr4R	169	40688	50854	beginning
7302_day0_with_selection	7302	chr12R	SRR33298452.127571	3	6	E-chr12R-3	E-chr4R-7	chr4R	169	40688	50854	beginning
7302_day0_with_selection	7302	chr12R	SRR33298452.127571	4	6	E-chr12R-4	E-chr4R-7	chr4R	169	40688	50854	beginning
7302_day0_with_selection	7302	chr12R	SRR33298452.127571	5	6	E-chr12R-5	E-chr4R-7	chr4R	169	40688	50854	beginning
7302_day0_with_selection	7302	chr12R	SRR33298452.162427	2	6	E-chr12R-2	E-chr4R-7	chr4R	135	40680	51692	beginning
7302_day0_with_selection	7302	chr12R	SRR33298452.162427	3	6	E-chr12R-3	E-chr4R-7	chr4R	135	40680	51692	beginning
7302_day0_with_selection	7302	chr12R	SRR33298452.162427	4	6	E-chr12R-4	E-chr4R-7	chr4R	135	40680	51692	beginning
7302_day0_with_selection	7302	chr12R	SRR33298452.162427	5	6	E-chr12R-5	E-chr4R-7	chr4R	135	40680	51692	beginning
7302_day0_with_selection	7302	chr12R	SRR33298452.127861	2	6	E-chr12R-2	E-chr4R-7	chr4R	119	40679	51692	beginning
7302_day0_with_selection	7302	chr12R	SRR33298452.127861	3	6	E-chr12R-3	E-chr4R-7	chr4R	119	40679	51692	beginning
7302_day0_with_selection	7302	chr12R	SRR33298452.127861	4	6	E-chr12R-4	E-chr4R-7	chr4R	119	40679	51692	beginning
7302_day0_with_selection	7302	chr12R	SRR33298452.127861	5	6	E-chr12R-5	E-chr4R-7	chr4R	119	40679	51692	beginning
7302_day0_with_selection	7302	chr12R	SRR33298452.584668	2	6	E-chr12R-2	E-chr14L-2	chr14L	11028	51609	51702	end
7302_day0_with_selection	7302	chr12R	SRR33298452.584668	3	6	E-chr12R-3	E-chr14L-2	chr14L	11028	51609	51702	end
7302_day0_with_selection	7302	chr12R	SRR33298452.584668	4	6	E-chr12R-4	E-chr14L-2	chr14L	11028	51609	51702	end
7302_day0_with_selection	7302	chr12R	SRR33298452.584668	5	6	E-chr12R-5	E-chr14L-2	chr14L	11028	51609	51702	end
7302_day0_with_selection	7302	chr12R	SRR33298452.224078	2	6	E-chr12R-2	E-chr4R-7	chr4R	157	40685	51691	beginning
7302_day0_with_selection	7302	chr12R	SRR33298452.224078	3	6	E-chr12R-3	E-chr4R-7	chr4R	157	40685	51691	beginning
7302_day0_with_selection	7302	chr12R	SRR33298452.224078	4	6	E-chr12R-4	E-chr4R-7	chr4R	157	40685	51691	beginning
7302_day0_with_selection	7302	chr12R	SRR33298452.224078	5	6	E-chr12R-5	E-chr4R-7	chr4R	157	40685	51691	beginning
7302_day0_with_selection	7302	chr12R	SRR33298452.585410	2	6	E-chr12R-2	E-chr14L-2	chr14L	8700	49270	49377	end
7302_day0_with_selection	7302	chr12R	SRR33298452.585410	3	6	E-chr12R-3	E-chr14L-2	chr14L	8700	49270	49377	end
7302_day0_with_selection	7302	chr12R	SRR33298452.585410	4	6	E-chr12R-4	E-chr14L-2	chr14L	8700	49270	49377	end
7302_day0_with_selection	7302	chr12R	SRR33298452.585410	5	6	E-chr12R-5	E-chr14L-2	chr14L	8700	49270	49377	end
7302_day0_with_selection	7302	chr12R	SRR33298452.351814	2	6	E-chr12R-2	E-chr4R-7	chr4R	148	40674	51683	beginning
7302_day0_with_selection	7302	chr12R	SRR33298452.351814	3	6	E-chr12R-3	E-chr4R-7	chr4R	148	40674	51683	beginning
7302_day0_with_selection	7302	chr12R	SRR33298452.351814	4	6	E-chr12R-4	E-chr14L-2	chr14L	148	40674	51683	beginning
7302_day0_with_selection	7302	chr12R	SRR33298452.351814	5	6	E-chr12R-5	E-chr14L-2	chr14L	148	40674	51683	beginning
7302_day0_with_selection	7302	chr12R	SRR33298452.277342	2	6	E-chr12R-2	E-chr4R-7	chr4R	186	40761	51665	beginning
7302_day0_with_selection	7302	chr12R	SRR33298452.277342	3	6	E-chr12R-3	E-chr4R-7	chr4R	186	40761	51665	beginning
7302_day0_with_selection	7302	chr12R	SRR33298452.277342	4	6	E-chr12R-4	E-chr4R-7	chr4R	186	40761	51665	beginning
7302_day0_with_selection	7302	chr12R	SRR33298452.277342	5	6	E-chr12R-5	E-chr4R-7	chr4R	186	40761	51665	beginning
7302_day0_with_selection	7302	chr12R	SRR33298452.588232	2	6	E-chr12R-2	E-chr4R-7	chr4R	90	40673	51679	beginning
7302_day0_with_selection	7302	chr12R	SRR33298452.588232	3	6	E-chr12R-3	E-chr4R-7	chr4R	90	40673	51679	beginning
7302_day0_with_selection	7302	chr12R	SRR33298452.588232	4	6	E-chr12R-4	E-chr4R-7	chr4R	90	40673	51679	beginning
7302_day0_with_selection	7302	chr12R	SRR33298452.588232	5	6	E-chr12R-5	E-chr4R-7	chr4R	90	40673	51679	beginning
7302_day0_with_selection	7302	chr12R	SRR33298452.230563	2	6	E-chr12R-2	E-chr4R-7	chr4R	166	40670	51680	beginning
7302_day0_with_selection	7302	chr12R	SRR33298452.230563	3	6	E-chr12R-3	E-chr4R-7	chr4R	166	40670	51680	beginning
7302_day0_with_selection	7302	chr12R	SRR33298452.230563	4	6	E-chr12R-4	E-chr4R-7	chr4R	166	40670	51680	beginning
7302_day0_with_selection	7302	chr12R	SRR33298452.230563	5	6	E-chr12R-5	E-chr4R-7	chr4R	166	40670	51680	beginning
7302_day0_with_selection	7302	chr12R	SRR33298452.431825	2	6	E-chr12R-2	E-chr4R-7	chr4R	146	40664	51277	beginning
7302_day0_with_selection	7302	chr12R	SRR33298452.431825	3	6	E-chr12R-3	E-chr4R-7	chr4R	146	40664	51277	beginning
7302_day0_with_selection	7302	chr12R	SRR33298452.431825	4	6	E-chr12R-4	E-chr4R-7	chr4R	146	40664	51277	beginning
7302_day0_with_selection	7302	chr12R	SRR33298452.431825	5	6	E-chr12R-5	E-chr4R-7	chr4R	146	40664	51277	beginning
7302_day0_with_selection	7302	chr12R	SRR33298452.435397	2	6	E-chr12R-2	E-chr4R-7	chr4R	11012	51522	51669	end
7302_day0_with_selection	7302	chr12R	SRR33298452.435397	3	6	E-chr12R-3	E-chr14L-2	chr14L	11012	51522	51669	end
7302_day0_with_selection	7302	chr12R	SRR33298452.435397	4	6	E-chr12R-4	E-chr14L-2	chr14L	11012	51522	51669	end
7302_day0_with_selection	7302	chr12R	SRR33298452.435397	5	6	E-chr12R-5	E-chr14L-2	chr14L	11012	51522	51669	end
7302_day0_with_selection	7302	chr12R	SRR33298452.595394	2	6	E-chr12R-2	E-chr4R-7	chr4R	149	40658	51654	beginning
7302_day0_with_selection	7302	chr12R	SRR33298452.595394	3	6	E-chr12R-3	E-chr4R-7	chr4R	149	40658	51654	beginning
7302_day0_with_selection	7302	chr12R	SRR33298452.595394	4	6	E-chr12R-4	E-chr4R-7	chr4R	149	40658	51654	beginning
7302_day0_with_selection	7302	chr12R	SRR33298452.595394	5	6	E-chr12R-5	E-chr4R-7	chr4R	149	40658	51654	beginning
7302_day0_with_selection	7302	chr12R	SRR33298452.176375	2	6	E-chr12R-2	E-chr4R-7	chr4R	166	40674	51666	beginning
7302_day0_with_selection	7302	chr12R	SRR33298452.176375	3	6	E-chr12R-3	E-chr4R-7	chr4R	166	40674	51666	beginning
7302_day0_with_selection	7302	chr12R	SRR33298452.176375	4	6	E-chr12R-4	E-chr4R-7	chr4R	166	40674	51666	beginning
7302_day0_with_selection	7302	chr12R	SRR33298452.176375	5	6	E-chr12R-5	E-chr4R-7	chr4R	166	40674	51666	beginning
7302_day0_with_selection	7302	chr12R	SRR33298452.314754	2	6	E-chr12R-2	E-chr4R-7	chr4R	208	40650	51633	beginning
7302_day0_with_selection	7302	chr12R	SRR33298452.314754	3	6	E-chr12R-3	E-chr4R-7	chr4R	208	40650	51633	beginning
7302_day0_with_selection	7302	chr12R	SRR33298452.314754	4	6	E-chr12R-4	E-chr4R-7	chr4R	208	40650	51633	beginning
7302_day0_with_selection	7302	chr12R	SRR33298452.314754	5	6	E-chr12R-5	E-chr4R-7	chr4R	208	40650	51633	beginning
7302_day0_with_selection	7302	chr12R	SRR33298452.601366	2	6	E-chr12R-2	E-chr14L-2	chr14L	11007	51510	51664	end
7302_day0_with_selection	7302	chr12R	SRR33298452.601366	3	6	E-chr12R-3	E-chr4R-7	chr4R	11007	51510	51664	end
7302_day0_with_selection	7302	chr12R	SRR33298452.601366	4	6	E-chr12R-4	E-chr14L-2	chr14L	11007	51510	51664	end
7302_day0_with_selection	7302	chr12R	SRR33298452.601366	5	6	E-chr12R-5	E-chr14L-2	chr14L	11007	51510	51664	end
7302_day0_with_selection	7302	chr12R	SRR33298452.24828	2	6	E-chr12R-2	E-chr4R-7	chr4R	161	40663	51640	beginning
7302_day0_with_selection	7302	chr12R	SRR33298452.24828	3	6	E-chr12R-3	E-chr4R-7	chr4R	161	40663	51640	beginning
7302_day0_with_selection	7302	chr12R	SRR33298452.24828	4	6	E-chr12R-4	E-chr4R-7	chr4R	161	40663	51640	beginning
7302_day0_with_selection	7302	chr12R	SRR33298452.24828	5	6	E-chr12R-5	E-chr14L-2	chr14L	161	40663	51640	beginning
7302_day0_with_selection	7302	chr12R	SRR33298452.198425	2	6	E-chr12R-2	E-chr14L-2	chr14L	11014	51506	51661	end
7302_day0_with_selection	7302	chr12R	SRR33298452.198425	3	6	E-chr12R-3	E-chr14L-2	chr14L	11014	51506	51661	end
7302_day0_with_selection	7302	chr12R	SRR33298452.198425	4	6	E-chr12R-4	E-chr14L-2	chr14L	11014	51506	51661	end
7302_day0_with_selection	7302	chr12R	SRR33298452.198425	5	6	E-chr12R-5	E-chr14L-2	chr14L	11014	51506	51661	end
7302_day0_with_selection	7302	chr12R	SRR33298452.293374	2	6	E-chr12R-2	E-chr4R-7	chr4R	93	40639	51655	beginning
7302_day0_with_selection	7302	chr12R	SRR33298452.293374	3	6	E-chr12R-3	E-chr4R-7	chr4R	93	40639	51655	beginning
7302_day0_with_selection	7302	chr12R	SRR33298452.293374	4	6	E-chr12R-4	E-chr4R-7	chr4R	93	40639	51655	beginning
7302_day0_with_selection	7302	chr12R	SRR33298452.293374	5	6	E-chr12R-5	E-chr4R-7	chr4R	93	40639	51655	beginning
7302_day0_with_selection	7302	chr12R	SRR33298452.604478	2	6	E-chr12R-2	E-chr4R-7	chr4R	140	40641	51384	beginning
7302_day0_with_selection	7302	chr12R	SRR33298452.604478	3	6	E-chr12R-3	E-chr4R-7	chr4R	140	40641	51384	beginning
7302_day0_with_selection	7302	chr12R	SRR33298452.604478	4	6	E-chr12R-4	E-chr4R-7	chr4R	140	40641	51384	beginning
7302_day0_with_selection	7302	chr12R	SRR33298452.604478	5	6	E-chr12R-5	E-chr4R-7	chr4R	140	40641	51384	beginning
7302_day0_with_selection	7302	chr12R	SRR33298452.571974	2	6	E-chr12R-2	E-chr14L-2	chr14L	10989	51458	51636	end
7302_day0_with_selection	7302	chr12R	SRR33298452.571974	3	6	E-chr12R-3	E-chr14L-2	chr14L	10989	51458	51636	end
7302_day0_with_selection	7302	chr12R	SRR33298452.571974	4	6	E-chr12R-4	E-chr14L-2	chr14L	10989	51458	51636	end
7302_day0_with_selection	7302	chr12R	SRR33298452.571974	5	6	E-chr12R-5	E-chr14L-2	chr14L	10989	51458	51636	end
7302_day0_with_selection	7302	chr12R	SRR33298452.427244	2	6	E-chr12R-2	E-chr4R-7	chr4R	11018	51585	51646	end
7302_day0_with_selection	7302	chr12R	SRR33298452.427244	3	6	E-chr12R-3	E-chr14L-2	chr14L	11018	51585	51646	end
7302_day0_with_selection	7302	chr12R	SRR33298452.427244	4	6	E-chr12R-4	E-chr14L-2	chr14L	11018	51585	51646	end
7302_day0_with_selection	7302	chr12R	SRR33298452.427244	5	6	E-chr12R-5	E-chr14L-2	chr14L	11018	51585	51646	end
7302_day0_with_selection	7302	chr12R	SRR33298452.312600	2	6	E-chr12R-2	E-chr4R-7	chr4R	8905	49447	49538	end
7302_day0_with_selection	7302	chr12R	SRR33298452.312600	3	6	E-chr12R-3	E-chr4R-7	chr4R	8905	49447	49538	end
7302_day0_with_selection	7302	chr12R	SRR33298452.312600	4	6	E-chr12R-4	E-chr14L-2	chr14L	8905	49447	49538	end
7302_day0_with_selection	7302	chr12R	SRR33298452.312600	5	6	E-chr12R-5	E-chr14L-2	chr14L	8905	49447	49538	end
7302_day0_with_selection	7302	chr12R	SRR33298452.32801	2	6	E-chr12R-2	E-chr4R-7	chr4R	241	40654	51632	beginning
7302_day0_with_selection	7302	chr12R	SRR33298452.32801	3	6	E-chr12R-3	E-chr4R-7	chr4R	241	40654	51632	beginning
7302_day0_with_selection	7302	chr12R	SRR33298452.32801	4	6	E-chr12R-4	E-chr4R-7	chr4R	241	40654	51632	beginning
7302_day0_with_selection	7302	chr12R	SRR33298452.32801	5	6	E-chr12R-5	E-chr4R-7	chr4R	241	40654	51632	beginning
7302_day0_with_selection	7302	chr12R	SRR33298452.376893	2	6	E-chr12R-2	E-chr14L-2	chr14L	11013	51544	51643	end
7302_day0_with_selection	7302	chr12R	SRR33298452.376893	3	6	E-chr12R-3	E-chr14L-2	chr14L	11013	51544	51643	end
7302_day0_with_selection	7302	chr12R	SRR33298452.376893	4	6	E-chr12R-4	E-chr14L-2	chr14L	11013	51544	51643	end
7302_day0_with_selection	7302	chr12R	SRR33298452.376893	5	6	E-chr12R-5	E-chr14L-2	chr14L	11013	51544	51643	end
7302_day0_with_selection	7302	chr12R	SRR33298452.457554	2	6	E-chr12R-2	E-chr14L-2	chr14L	11017	51508	51619	end
7302_day0_with_selection	7302	chr12R	SRR33298452.457554	3	6	E-chr12R-3	E-chr4R-7	chr4R	11017	51508	51619	end
7302_day0_with_selection	7302	chr12R	SRR33298452.457554	4	6	E-chr12R-4	E-chr14L-2	chr14L	11017	51508	51619	end
7302_day0_with_selection	7302	chr12R	SRR33298452.457554	5	6	E-chr12R-5	E-chr14L-2	chr14L	11017	51508	51619	end
7302_day0_with_selection	7302	chr12R	SRR33298452.50212	2	6	E-chr12R-2	E-chr14L-2	chr14L	11014	51550	51620	end
7302_day0_with_selection	7302	chr12R	SRR33298452.50212	3	6	E-chr12R-3	E-chr14L-2	chr14L	11014	51550	51620	end
7302_day0_with_selection	7302	chr12R	SRR33298452.50212	4	6	E-chr12R-4	E-chr14L-2	chr14L	11014	51550	51620	end
7302_day0_with_selection	7302	chr12R	SRR33298452.50212	5	6	E-chr12R-5	E-chr14L-2	chr14L	11014	51550	51620	end
7302_day0_with_selection	7302	chr12R	SRR33298452.122256	2	6	E-chr12R-2	E-chr4R-7	chr4R	134	40600	51597	beginning
7302_day0_with_selection	7302	chr12R	SRR33298452.122256	3	6	E-chr12R-3	E-chr4R-7	chr4R	134	40600	51597	beginning
7302_day0_with_selection	7302	chr12R	SRR33298452.122256	4	6	E-chr12R-4	E-chr4R-7	chr4R	134	40600	51597	beginning
7302_day0_with_selection	7302	chr12R	SRR33298452.122256	5	6	E-chr12R-5	E-chr4R-7	chr4R	134	40600	51597	beginning
7302_day0_with_selection	7302	chr12R	SRR33298452.213122	2	6	E-chr12R-2	E-chr14L-2	chr14L	10997	51523	51595	end
7302_day0_with_selection	7302	chr12R	SRR33298452.213122	3	6	E-chr12R-3	E-chr14L-2	chr14L	10997	51523	51595	end
7302_day0_with_selection	7302	chr12R	SRR33298452.213122	4	6	E-chr12R-4	E-chr14L-2	chr14L	10997	51523	51595	end
7302_day0_with_selection	7302	chr12R	SRR33298452.213122	5	6	E-chr12R-5	E-chr14L-2	chr14L	10997	51523	51595	end
7302_day0_with_selection	7302	chr12R	SRR33298452.487684	2	6	E-chr12R-2	E-chr4R-7	chr4R	172	40600	51581	beginning
7302_day0_with_selection	7302	chr12R	SRR33298452.487684	3	6	E-chr12R-3	E-chr4R-7	chr4R	172	40600	51581	beginning
7302_day0_with_selection	7302	chr12R	SRR33298452.487684	4	6	E-chr12R-4	E-chr4R-7	chr4R	172	40600	51581	beginning
7302_day0_with_selection	7302	chr12R	SRR33298452.487684	5	6	E-chr12R-5	E-chr4R-7	chr4R	172	40600	51581	beginning
7302_day0_with_selection	7302	chr12R	SRR33298452.223579	2	6	E-chr12R-2	E-chr14L-2	chr14L	11021	51501	51606	end
7302_day0_with_selection	7302	chr12R	SRR33298452.223579	3	6	E-chr12R-3	E-chr14L-2	chr14L	11021	51501	51606	end
7302_day0_with_selection	7302	chr12R	SRR33298452.223579	4	6	E-chr12R-4	E-chr14L-2	chr14L	11021	51501	51606	end
7302_day0_with_selection	7302	chr12R	SRR33298452.223579	5	6	E-chr12R-5	E-chr14L-2	chr14L	11021	51501	51606	end
7302_day0_with_selection	7302	chr12R	SRR33298452.515897	2	6	E-chr12R-2	E-chr4R-7	chr4R	11001	51447	51595	end
7302_day0_with_selection	7302	chr12R	SRR33298452.515897	3	6	E-chr12R-3	E-chr14L-2	chr14L	11001	51447	51595	end
7302_day0_with_selection	7302	chr12R	SRR33298452.515897	4	6	E-chr12R-4	E-chr14L-2	chr14L	11001	51447	51595	end
7302_day0_with_selection	7302	chr12R	SRR33298452.515897	5	6	E-chr12R-5	E-chr14L-2	chr14L	11001	51447	51595	end
7302_day0_with_selection	7302	chr12R	SRR33298452.491591	2	6	E-chr12R-2	E-chr4R-7	chr4R	182	40591	51556	beginning
7302_day0_with_selection	7302	chr12R	SRR33298452.491591	3	6	E-chr12R-3	E-chr4R-7	chr4R	182	40591	51556	beginning
7302_day0_with_selection	7302	chr12R	SRR33298452.491591	4	6	E-chr12R-4	E-chr4R-7	chr4R	182	40591	51556	beginning
7302_day0_with_selection	7302	chr12R	SRR33298452.491591	5	6	E-chr12R-5	E-chr4R-7	chr4R	182	40591	51556	beginning
7302_day0_with_selection	7302	chr12R	SRR33298452.544346	2	6	E-chr12R-2	E-chr4R-7	chr4R	118	40581	51590	beginning
7302_day0_with_selection	7302	chr12R	SRR33298452.544346	3	6	E-chr12R-3	E-chr4R-7	chr4R	118	40581	51590	beginning
7302_day0_with_selection	7302	chr12R	SRR33298452.544346	4	6	E-chr12R-4	E-chr4R-7	chr4R	118	40581	51590	beginning
7302_day0_with_selection	7302	chr12R	SRR33298452.544346	5	6	E-chr12R-5	E-chr4R-7	chr4R	118	40581	51590	beginning
7302_day0_with_selection	7302	chr12R	SRR33298452.530855	2	6	E-chr12R-2	E-chr4R-7	chr4R	11001	51436	51568	end
7302_day0_with_selection	7302	chr12R	SRR33298452.530855	3	6	E-chr12R-3	E-chr14L-2	chr14L	11001	51436	51568	end
7302_day0_with_selection	7302	chr12R	SRR33298452.530855	4	6	E-chr12R-4	E-chr14L-2	chr14L	11001	51436	51568	end
7302_day0_with_selection	7302	chr12R	SRR33298452.530855	5	6	E-chr12R-5	E-chr14L-2	chr14L	11001	51436	51568	end
7302_day0_with_selection	7302	chr12R	SRR33298452.505573	2	6	E-chr12R-2	E-chr4R-7	chr4R	10990	51486	51554	end
7302_day0_with_selection	7302	chr12R	SRR33298452.505573	3	6	E-chr12R-3	E-chr14L-2	chr14L	10990	51486	51554	end
7302_day0_with_selection	7302	chr12R	SRR33298452.505573	4	6	E-chr12R-4	E-chr14L-2	chr14L	10990	51486	51554	end
7302_day0_with_selection	7302	chr12R	SRR33298452.505573	5	6	E-chr12R-5	E-chr14L-2	chr14L	10990	51486	51554	end
7302_day0_with_selection	7302	chr12R	SRR33298452.368432	2	6	E-chr12R-2	E-chr14L-2	chr14L	10980	51355	51489	end
7302_day0_with_selection	7302	chr12R	SRR33298452.368432	3	6	E-chr12R-3	E-chr14L-2	chr14L	10980	51355	51489	end
7302_day0_with_selection	7302	chr12R	SRR33298452.368432	4	6	E-chr12R-4	E-chr14L-2	chr14L	10980	51355	51489	end
7302_day0_with_selection	7302	chr12R	SRR33298452.368432	5	6	E-chr12R-5	E-chr4R-7	chr4R	10980	51355	51489	end
7302_day0_with_selection	7302	chr12R	SRR33298452.251194	2	6	E-chr12R-2	E-chr14L-2	chr14L	10543	50880	50992	end
7302_day0_with_selection	7302	chr12R	SRR33298452.251194	3	6	E-chr12R-3	E-chr14L-2	chr14L	10543	50880	50992	end
7302_day0_with_selection	7302	chr12R	SRR33298452.251194	4	6	E-chr12R-4	E-chr4R-7	chr4R	10543	50880	50992	end
7302_day0_with_selection	7302	chr12R	SRR33298452.251194	5	6	E-chr12R-5	E-chr14L-2	chr14L	10543	50880	50992	end
7302_day0_with_selection	7302	chr12R	SRR33298452.315069	2	6	E-chr12R-2	E-chr4R-7	chr4R	232	40394	51345	beginning
7302_day0_with_selection	7302	chr12R	SRR33298452.315069	3	6	E-chr12R-3	E-chr14L-2	chr14L	232	40394	51345	beginning
7302_day0_with_selection	7302	chr12R	SRR33298452.315069	4	6	E-chr12R-4	E-chr4R-7	chr4R	232	40394	51345	beginning
7302_day0_with_selection	7302	chr12R	SRR33298452.315069	5	6	E-chr12R-5	E-chr4R-7	chr4R	232	40394	51345	beginning
7302_day0_with_selection	7302	chr12R	SRR33298452.226731	2	6	E-chr12R-2	E-chr14L-2	chr14L	10912	51148	51299	end
7302_day0_with_selection	7302	chr12R	SRR33298452.226731	3	6	E-chr12R-3	E-chr14L-2	chr14L	10912	51148	51299	end
7302_day0_with_selection	7302	chr12R	SRR33298452.226731	4	6	E-chr12R-4	E-chr14L-2	chr14L	10912	51148	51299	end
7302_day0_with_selection	7302	chr12R	SRR33298452.226731	5	6	E-chr12R-5	E-chr14L-2	chr14L	10912	51148	51299	end
7302_day0_with_selection	7302	chr13L	SRR33298452.320199	4	4	E-chr13L-4	E-chr14L-2	chr14L	181	24930	35233	beginning
7302_day0_with_selection	7302	chr13L	SRR33298452.265719	4	4	E-chr13L-4	E-chr14L-2	chr14L	112	24861	35169	beginning
7302_day0_with_selection	7302	chr13L	SRR33298452.532597	4	4	E-chr13L-4	E-chr14L-2	chr14L	82	24832	35144	beginning
7302_day0_with_selection	7302	chr14L	SRR33298452.422069	2	5	E-chr14L-2	E-chr4R-7	chr4R	201	30844	46164	beginning
7302_day0_with_selection	7302	chr14L	SRR33298452.594201	2	5	E-chr14L-2	E-chr4R-7	chr4R	260	30733	46068	beginning
7302_day0_with_selection	7302	chr14L	SRR33298452.248477	2	5	E-chr14L-2	E-chr4R-7	chr4R	279	30717	46050	beginning
7302_day0_with_selection	7302	chr14L	SRR33298452.85015	2	5	E-chr14L-2	E-chr4R-7	chr4R	285	30735	46055	beginning
7302_day0_with_selection	7302	chr14L	SRR33298452.352491	2	5	E-chr14L-2	E-chr4R-7	chr4R	268	30731	46058	beginning
7302_day0_with_selection	7302	chr14L	SRR33298452.154386	2	5	E-chr14L-2	E-chr4R-7	chr4R	224	30694	46019	beginning
7302_day0_with_selection	7302	chr14L	SRR33298452.584079	2	5	E-chr14L-2	E-chr4R-7	chr4R	235	30690	46009	beginning
7302_day0_with_selection	7302	chr14L	SRR33298452.57243	2	5	E-chr14L-2	E-chr4R-7	chr4R	230	30682	46014	beginning
7302_day0_with_selection	7302	chr14L	SRR33298452.105626	2	5	E-chr14L-2	E-chr4R-7	chr4R	312	30719	46000	beginning
7302_day0_with_selection	7302	chr14L	SRR33298452.25150	2	5	E-chr14L-2	E-chr4R-7	chr4R	214	30653	46007	beginning
7302_day0_with_selection	7302	chr14L	SRR33298452.603397	2	5	E-chr14L-2	E-chr4R-7	chr4R	243	30675	46012	beginning
7302_day0_with_selection	7302	chr14L	SRR33298452.194082	2	5	E-chr14L-2	E-chr4R-7	chr4R	234	30683	44837	beginning
7302_day0_with_selection	7302	chr14L	SRR33298452.274191	2	5	E-chr14L-2	E-chr4R-7	chr4R	219	30644	45996	beginning
7302_day0_with_selection	7302	chr14L	SRR33298452.149947	2	5	E-chr14L-2	E-chr4R-7	chr4R	219	30674	45986	beginning
7302_day0_with_selection	7302	chr14L	SRR33298452.103551	2	5	E-chr14L-2	E-chr4R-7	chr4R	224	30673	45942	beginning
7302_day0_with_selection	7302	chr14L	SRR33298452.600348	2	5	E-chr14L-2	E-chr4R-7	chr4R	201	30663	45979	beginning
7302_day0_with_selection	7302	chr14L	SRR33298452.477589	2	5	E-chr14L-2	E-chr4R-7	chr4R	215	30661	45978	beginning
7302_day0_with_selection	7302	chr14L	SRR33298452.109140	2	5	E-chr14L-2	E-chr4R-7	chr4R	221	30658	45978	beginning
7302_day0_with_selection	7302	chr14L	SRR33298452.532253	2	5	E-chr14L-2	E-chr4R-7	chr4R	213	30652	45983	beginning
7302_day0_with_selection	7302	chr14L	SRR33298452.603368	2	5	E-chr14L-2	E-chr4R-7	chr4R	227	30671	45955	beginning
7302_day0_with_selection	7302	chr14L	SRR33298452.587315	2	5	E-chr14L-2	E-chr4R-7	chr4R	233	30655	45977	beginning
7302_day0_with_selection	7302	chr14L	SRR33298452.630851	2	5	E-chr14L-2	E-chr4R-7	chr4R	207	30651	45984	beginning
7302_day0_with_selection	7302	chr14L	SRR33298452.546442	2	5	E-chr14L-2	E-chr4R-7	chr4R	249	30663	45979	beginning
7302_day0_with_selection	7302	chr14L	SRR33298452.84759	2	5	E-chr14L-2	E-chr4R-7	chr4R	196	30632	45969	beginning
7302_day0_with_selection	7302	chr14L	SRR33298452.78654	2	5	E-chr14L-2	E-chr4R-7	chr4R	219	30631	45958	beginning
7302_day0_with_selection	7302	chr14L	SRR33298452.440560	2	5	E-chr14L-2	E-chr4R-7	chr4R	196	30640	45962	beginning
7302_day0_with_selection	7302	chr14L	SRR33298452.32180	2	5	E-chr14L-2	E-chr4R-7	chr4R	126	30612	45951	beginning
7302_day0_with_selection	7302	chr14L	SRR33298452.376545	2	5	E-chr14L-2	E-chr4R-7	chr4R	150	30621	45955	beginning
7302_day0_with_selection	7302	chr14L	SRR33298452.456662	2	5	E-chr14L-2	E-chr4R-7	chr4R	178	30626	45950	beginning
7302_day0_with_selection	7302	chr14L	SRR33298452.218327	2	5	E-chr14L-2	E-chr4R-7	chr4R	202	30629	45943	beginning
7302_day0_with_selection	7302	chr14L	SRR33298452.396784	2	5	E-chr14L-2	E-chr4R-7	chr4R	157	30612	45950	beginning
7302_day0_with_selection	7302	chr14L	SRR33298452.632767	2	5	E-chr14L-2	E-chr4R-7	chr4R	174	30612	45949	beginning
7302_day0_with_selection	7302	chr14L	SRR33298452.48864	2	5	E-chr14L-2	E-chr4R-7	chr4R	280	30627	45908	beginning
7302_day0_with_selection	7302	chr14L	SRR33298452.584598	2	5	E-chr14L-2	E-chr4R-7	chr4R	148	30603	45940	beginning
7302_day0_with_selection	7302	chr14L	SRR33298452.583862	2	5	E-chr14L-2	E-chr4R-7	chr4R	213	30625	45938	beginning
7302_day0_with_selection	7302	chr14L	SRR33298452.306671	2	5	E-chr14L-2	E-chr4R-7	chr4R	149	30605	45930	beginning
7302_day0_with_selection	7302	chr14L	SRR33298452.533345	2	5	E-chr14L-2	E-chr4R-7	chr4R	157	30599	45931	beginning
7302_day0_with_selection	7302	chr14L	SRR33298452.189136	2	5	E-chr14L-2	E-chr4R-7	chr4R	169	30596	43516	beginning
7302_day0_with_selection	7302	chr14L	SRR33298452.177789	2	5	E-chr14L-2	E-chr4R-7	chr4R	164	30587	45920	beginning
7302_day0_with_selection	7302	chr14L	SRR33298452.503618	2	5	E-chr14L-2	E-chr4R-7	chr4R	180	30620	45919	beginning
7302_day0_with_selection	7302	chr14L	SRR33298452.269572	2	5	E-chr14L-2	E-chr4R-7	chr4R	195	30606	45919	beginning
7302_day0_with_selection	7302	chr14L	SRR33298452.662110	2	5	E-chr14L-2	E-chr4R-7	chr4R	169	30586	45919	beginning
7302_day0_with_selection	7302	chr14L	SRR33298452.11661	2	5	E-chr14L-2	E-chr4R-7	chr4R	177	30588	45925	beginning
7302_day0_with_selection	7302	chr14L	SRR33298452.592088	2	5	E-chr14L-2	E-chr4R-7	chr4R	179	30576	45915	beginning
7302_day0_with_selection	7302	chr14L	SRR33298452.29046	2	5	E-chr14L-2	E-chr4R-7	chr4R	235	30580	45907	beginning
7302_day0_with_selection	7302	chr14L	SRR33298452.559140	2	5	E-chr14L-2	E-chr4R-7	chr4R	137	30590	45915	beginning
7302_day0_with_selection	7302	chr14L	SRR33298452.138192	2	5	E-chr14L-2	E-chr4R-7	chr4R	127	30568	45867	beginning
7302_day0_with_selection	7302	chr14L	SRR33298452.12398	2	5	E-chr14L-2	E-chr4R-7	chr4R	159	30575	45910	beginning
7302_day0_with_selection	7302	chr14L	SRR33298452.210338	2	5	E-chr14L-2	E-chr4R-7	chr4R	173	30600	45882	beginning
7302_day0_with_selection	7302	chr14L	SRR33298452.397205	2	5	E-chr14L-2	E-chr4R-7	chr4R	182	30597	45909	beginning
7302_day0_with_selection	7302	chr14L	SRR33298452.256079	2	5	E-chr14L-2	E-chr4R-7	chr4R	15337	45794	45904	end
7302_day0_with_selection	7302	chr14L	SRR33298452.561716	2	5	E-chr14L-2	E-chr4R-7	chr4R	120	30577	45905	beginning
7302_day0_with_selection	7302	chr14L	SRR33298452.146035	2	5	E-chr14L-2	E-chr4R-7	chr4R	196	30604	45848	beginning
7302_day0_with_selection	7302	chr14L	SRR33298452.367129	2	5	E-chr14L-2	E-chr4R-7	chr4R	195	30581	45905	beginning
7302_day0_with_selection	7302	chr14L	SRR33298452.294028	2	5	E-chr14L-2	E-chr4R-7	chr4R	156	30564	45889	beginning
7302_day0_with_selection	7302	chr14L	SRR33298452.210105	2	5	E-chr14L-2	E-chr4R-7	chr4R	150	30568	45877	beginning
7302_day0_with_selection	7302	chr14L	SRR33298452.592223	2	5	E-chr14L-2	E-chr4R-7	chr4R	141	30570	45887	beginning
7302_day0_with_selection	7302	chr14L	SRR33298452.28866	2	5	E-chr14L-2	E-chr4R-7	chr4R	131	30571	45878	beginning
7302_day0_with_selection	7302	chr14L	SRR33298452.229304	2	5	E-chr14L-2	E-chr4R-7	chr4R	15326	45683	45884	end
7302_day0_with_selection	7302	chr14L	SRR33298452.31504	2	5	E-chr14L-2	E-chr4R-7	chr4R	173	30588	45877	beginning
7302_day0_with_selection	7302	chr14L	SRR33298452.276333	2	5	E-chr14L-2	E-chr4R-7	chr4R	246	30626	45869	beginning
7302_day0_with_selection	7302	chr14L	SRR33298452.226581	2	5	E-chr14L-2	E-chr4R-7	chr4R	99	30555	45884	beginning
7302_day0_with_selection	7302	chr14L	SRR33298452.24816	2	5	E-chr14L-2	E-chr4R-7	chr4R	178	30611	45858	beginning
7302_day0_with_selection	7302	chr14L	SRR33298452.571005	2	5	E-chr14L-2	E-chr4R-7	chr4R	163	30529	44964	beginning
7302_day0_with_selection	7302	chr14L	SRR33298452.81666	2	5	E-chr14L-2	E-chr4R-7	chr4R	125	30543	45852	beginning
7302_day0_with_selection	7302	chr14L	SRR33298452.157508	2	5	E-chr14L-2	E-chr4R-7	chr4R	144	30500	45801	beginning
7302_day0_with_selection	7302	chr14L	SRR33298452.574373	2	5	E-chr14L-2	E-chr4R-7	chr4R	86	30488	45818	beginning
7302_day0_with_selection	7302	chr14L	SRR33298452.339949	2	5	E-chr14L-2	E-chr4R-7	chr4R	124	30500	45746	beginning
7302_day0_with_selection	7302	chr14L	SRR33298452.638735	2	5	E-chr14L-2	E-chr4R-7	chr4R	202	30538	45778	beginning
7302_day0_with_selection	7302	chr14L	SRR33298452.638945	2	5	E-chr14L-2	E-chr4R-7	chr4R	109	30520	45278	beginning
7302_day0_with_selection	7302	chr14L	SRR33298452.308558	2	5	E-chr14L-2	E-chr4R-7	chr4R	107	30470	45777	beginning
7302_day0_with_selection	7302	chr14L	SRR33298452.208835	2	5	E-chr14L-2	E-chr4R-7	chr4R	15260	45573	45720	end
7302_day0_with_selection	7302	chr14R	SRR33298452.246202	1	1	E-chr14R-1	E-chr14L-1	chr14L	160	6783	14366	beginning
7302_day0_with_selection	7302	chr14R	SRR33298452.217955	1	1	E-chr14R-1	E-chr14L-1	chr14L	9170	15786	15939	end
7302_day0_with_selection	7302	chr15R	SRR33298452.199294	1	1	E-chr15R-1	E-chr12R-6	chr12R	19183	25811	26063	end
7302_day0_with_selection	7302	chr15R	SRR33298452.517230	1	1	E-chr15R-1	E-chr12R-6	chr12R	173	6820	26038	beginning
7302_day0_with_selection	7302	chr15R	SRR33298452.369216	1	1	E-chr15R-1	E-chr13L-4	chr13L	19205	25847	25957	end
7302_day0_with_selection	7302	chr15R	SRR33298452.262761	1	1	E-chr15R-1	E-chr12R-6	chr12R	19107	25763	25913	end
7302_day0_with_selection	7302	chr15R	SRR33298452.571494	1	1	E-chr15R-1	E-chr16L-1	chr16L	18955	25609	25762	end
7302_day0_with_selection	7302	chr16L	SRR33298452.466847	1	1	E-chr16L-1	E-chr7R-1	chr7R	19040	25686	25886	end
7302_day0_with_selection	7302	chr16L	SRR33298452.632558	1	1	E-chr16L-1	E-chr7R-1	chr7R	270	6892	25896	beginning
7302_day0_with_selection	7302	chr16L	SRR33298452.422165	1	1	E-chr16L-1	E-chr7R-1	chr7R	18937	25494	25735	end
7302_day0_with_selection	7302	chr2L	SRR33298452.59861	1	1	E-chr2L-1	E-chr8R-1	chr8R	9773	15242	15415	end
7302_day0_with_selection	7302	chr4R	SRR33298452.83974	1	7	E-chr4R-1	E-chr14L-2	chr14L	8054	54947	57172	end
7302_day0_with_selection	7302	chr4R	SRR33298452.83974	2	7	E-chr4R-2	E-chr14L-2	chr14L	8054	54947	57172	end
7302_day0_with_selection	7302	chr4R	SRR33298452.83974	3	7	E-chr4R-3	E-chr14L-2	chr14L	8054	54947	57172	end
7302_day0_with_selection	7302	chr4R	SRR33298452.83974	4	7	E-chr4R-4	E-chr14L-2	chr14L	8054	54947	57172	end
7302_day0_with_selection	7302	chr4R	SRR33298452.83974	6	7	E-chr4R-6	E-chr14L-2	chr14L	8054	54947	57172	end
7302_day0_with_selection	7302	chr4R	SRR33298452.83974	7	7	E-chr4R-7	E-chr14L-2	chr14L	8054	54947	57172	end
7302_day0_with_selection	7302	chr4R	SRR33298452.207860	2	7	E-chr4R-2	E-chr14L-2	chr14L	8667	55508	55665	end
7302_day0_with_selection	7302	chr4R	SRR33298452.207860	3	7	E-chr4R-3	E-chr14L-2	chr14L	8667	55508	55665	end
7302_day0_with_selection	7302	chr4R	SRR33298452.207860	4	7	E-chr4R-4	E-chr14L-2	chr14L	8667	55508	55665	end
7302_day0_with_selection	7302	chr4R	SRR33298452.207860	6	7	E-chr4R-6	E-chr14L-2	chr14L	8667	55508	55665	end
7302_day0_with_selection	7302	chr4R	SRR33298452.207860	7	7	E-chr4R-7	E-chr14L-2	chr14L	8667	55508	55665	end
7302_day0_with_selection	7302	chr4R	SRR33298452.393468	1	7	E-chr4R-1	E-chr14L-2	chr14L	8123	55432	55617	end
7302_day0_with_selection	7302	chr4R	SRR33298452.393468	2	7	E-chr4R-2	E-chr14L-2	chr14L	8123	55432	55617	end
7302_day0_with_selection	7302	chr4R	SRR33298452.393468	3	7	E-chr4R-3	E-chr14L-2	chr14L	8123	55432	55617	end
7302_day0_with_selection	7302	chr4R	SRR33298452.393468	4	7	E-chr4R-4	E-chr14L-2	chr14L	8123	55432	55617	end
7302_day0_with_selection	7302	chr4R	SRR33298452.393468	6	7	E-chr4R-6	E-chr14L-2	chr14L	8123	55432	55617	end
7302_day0_with_selection	7302	chr4R	SRR33298452.393468	7	7	E-chr4R-7	E-chr14L-2	chr14L	8123	55432	55617	end
7302_day0_with_selection	7302	chr4R	SRR33298452.595312	6	7	E-chr4R-6	E-chr14L-2	chr14L	354	47283	55347	beginning
7302_day0_with_selection	7302	chr4R	SRR33298452.478217	2	7	E-chr4R-2	E-chr14L-2	chr14L	191	47217	55362	beginning
7302_day0_with_selection	7302	chr4R	SRR33298452.536173	1	7	E-chr4R-1	E-chr14L-2	chr14L	8063	55014	55317	end
7302_day0_with_selection	7302	chr4R	SRR33298452.536173	2	7	E-chr4R-2	E-chr14L-2	chr14L	8063	55014	55317	end
7302_day0_with_selection	7302	chr4R	SRR33298452.536173	3	7	E-chr4R-3	E-chr14L-2	chr14L	8063	55014	55317	end
7302_day0_with_selection	7302	chr4R	SRR33298452.536173	4	7	E-chr4R-4	E-chr14L-2	chr14L	8063	55014	55317	end
7302_day0_with_selection	7302	chr4R	SRR33298452.536173	6	7	E-chr4R-6	E-chr14L-2	chr14L	8063	55014	55317	end
7302_day0_with_selection	7302	chr4R	SRR33298452.536173	7	7	E-chr4R-7	E-chr14L-2	chr14L	8063	55014	55317	end
7302_day0_with_selection	7302	chr4R	SRR33298452.191276	1	7	E-chr4R-1	E-chr14L-2	chr14L	8061	55088	55260	end
7302_day0_with_selection	7302	chr4R	SRR33298452.191276	2	7	E-chr4R-2	E-chr14L-2	chr14L	8061	55088	55260	end
7302_day0_with_selection	7302	chr4R	SRR33298452.191276	3	7	E-chr4R-3	E-chr14L-2	chr14L	8061	55088	55260	end
7302_day0_with_selection	7302	chr4R	SRR33298452.191276	4	7	E-chr4R-4	E-chr14L-2	chr14L	8061	55088	55260	end
7302_day0_with_selection	7302	chr4R	SRR33298452.191276	6	7	E-chr4R-6	E-chr14L-2	chr14L	8061	55088	55260	end
7302_day0_with_selection	7302	chr4R	SRR33298452.191276	7	7	E-chr4R-7	E-chr14L-2	chr14L	8061	55088	55260	end
7302_day0_with_selection	7302	chr4R	SRR33298452.585361	1	7	E-chr4R-1	E-chr14L-2	chr14L	8079	54985	55261	end
7302_day0_with_selection	7302	chr4R	SRR33298452.585361	2	7	E-chr4R-2	E-chr14L-2	chr14L	8079	54985	55261	end
7302_day0_with_selection	7302	chr4R	SRR33298452.585361	3	7	E-chr4R-3	E-chr14L-2	chr14L	8079	54985	55261	end
7302_day0_with_selection	7302	chr4R	SRR33298452.585361	4	7	E-chr4R-4	E-chr14L-2	chr14L	8079	54985	55261	end
7302_day0_with_selection	7302	chr4R	SRR33298452.585361	6	7	E-chr4R-6	E-chr14L-2	chr14L	8079	54985	55261	end
7302_day0_with_selection	7302	chr4R	SRR33298452.585361	7	7	E-chr4R-7	E-chr14L-2	chr14L	8079	54985	55261	end
7302_day0_with_selection	7302	chr4R	SRR33298452.491358	4	7	E-chr4R-4	E-chr14L-2	chr14L	252	47183	55241	beginning
7302_day0_with_selection	7302	chr4R	SRR33298452.268981	7	7	E-chr4R-7	E-chr14L-2	chr14L	231	47177	55240	beginning
7302_day0_with_selection	7302	chr4R	SRR33298452.472067	2	7	E-chr4R-2	E-chr14L-2	chr14L	197	47168	55232	beginning
7302_day0_with_selection	7302	chr4R	SRR33298452.558294	1	7	E-chr4R-1	E-chr14L-2	chr14L	8043	54976	55212	end
7302_day0_with_selection	7302	chr4R	SRR33298452.558294	2	7	E-chr4R-2	E-chr14L-2	chr14L	8043	54976	55212	end
7302_day0_with_selection	7302	chr4R	SRR33298452.558294	3	7	E-chr4R-3	E-chr14L-2	chr14L	8043	54976	55212	end
7302_day0_with_selection	7302	chr4R	SRR33298452.558294	4	7	E-chr4R-4	E-chr14L-2	chr14L	8043	54976	55212	end
7302_day0_with_selection	7302	chr4R	SRR33298452.558294	6	7	E-chr4R-6	E-chr14L-2	chr14L	8043	54976	55212	end
7302_day0_with_selection	7302	chr4R	SRR33298452.558294	7	7	E-chr4R-7	E-chr14L-2	chr14L	8043	54976	55212	end
7302_day0_with_selection	7302	chr4R	SRR33298452.265019	3	7	E-chr4R-3	E-chr14L-2	chr14L	235	47164	55220	beginning
7302_day0_with_selection	7302	chr4R	SRR33298452.395953	1	7	E-chr4R-1	E-chr14L-2	chr14L	8091	54994	55213	end
7302_day0_with_selection	7302	chr4R	SRR33298452.395953	2	7	E-chr4R-2	E-chr14L-2	chr14L	8091	54994	55213	end
7302_day0_with_selection	7302	chr4R	SRR33298452.395953	3	7	E-chr4R-3	E-chr14L-2	chr14L	8091	54994	55213	end
7302_day0_with_selection	7302	chr4R	SRR33298452.395953	4	7	E-chr4R-4	E-chr14L-2	chr14L	8091	54994	55213	end
7302_day0_with_selection	7302	chr4R	SRR33298452.395953	6	7	E-chr4R-6	E-chr14L-2	chr14L	8091	54994	55213	end
7302_day0_with_selection	7302	chr4R	SRR33298452.395953	7	7	E-chr4R-7	E-chr14L-2	chr14L	8091	54994	55213	end
7302_day0_with_selection	7302	chr4R	SRR33298452.627640	3	7	E-chr4R-3	E-chr14L-2	chr14L	240	47134	55167	beginning
7302_day0_with_selection	7302	chr4R	SRR33298452.459555	4	7	E-chr4R-4	E-chr14L-2	chr14L	212	47135	55189	beginning
7302_day0_with_selection	7302	chr4R	SRR33298452.160947	1	7	E-chr4R-1	E-chr14L-2	chr14L	8061	55002	55194	end
7302_day0_with_selection	7302	chr4R	SRR33298452.160947	2	7	E-chr4R-2	E-chr14L-2	chr14L	8061	55002	55194	end
7302_day0_with_selection	7302	chr4R	SRR33298452.160947	3	7	E-chr4R-3	E-chr14L-2	chr14L	8061	55002	55194	end
7302_day0_with_selection	7302	chr4R	SRR33298452.160947	4	7	E-chr4R-4	E-chr14L-2	chr14L	8061	55002	55194	end
7302_day0_with_selection	7302	chr4R	SRR33298452.160947	6	7	E-chr4R-6	E-chr14L-2	chr14L	8061	55002	55194	end
7302_day0_with_selection	7302	chr4R	SRR33298452.160947	7	7	E-chr4R-7	E-chr14L-2	chr14L	8061	55002	55194	end
7302_day0_with_selection	7302	chr4R	SRR33298452.513193	2	7	E-chr4R-2	E-chr14L-2	chr14L	236	47130	55195	beginning
7302_day0_with_selection	7302	chr4R	SRR33298452.583576	2	7	E-chr4R-2	E-chr14L-2	chr14L	228	47126	55174	beginning
7302_day0_with_selection	7302	chr4R	SRR33298452.583576	4	7	E-chr4R-4	E-chr14L-2	chr14L	228	47126	55174	beginning
7302_day0_with_selection	7302	chr4R	SRR33298452.350449	7	7	E-chr4R-7	E-chr14L-2	chr14L	178	47124	54855	beginning
7302_day0_with_selection	7302	chr4R	SRR33298452.144164	1	7	E-chr4R-1	E-chr14L-2	chr14L	8066	55021	55179	end
7302_day0_with_selection	7302	chr4R	SRR33298452.144164	2	7	E-chr4R-2	E-chr14L-2	chr14L	8066	55021	55179	end
7302_day0_with_selection	7302	chr4R	SRR33298452.144164	3	7	E-chr4R-3	E-chr14L-2	chr14L	8066	55021	55179	end
7302_day0_with_selection	7302	chr4R	SRR33298452.144164	4	7	E-chr4R-4	E-chr14L-2	chr14L	8066	55021	55179	end
7302_day0_with_selection	7302	chr4R	SRR33298452.144164	6	7	E-chr4R-6	E-chr14L-2	chr14L	8066	55021	55179	end
7302_day0_with_selection	7302	chr4R	SRR33298452.144164	7	7	E-chr4R-7	E-chr14L-2	chr14L	8066	55021	55179	end
7302_day0_with_selection	7302	chr4R	SRR33298452.148902	1	7	E-chr4R-1	E-chr14L-2	chr14L	8063	54953	55177	end
7302_day0_with_selection	7302	chr4R	SRR33298452.148902	2	7	E-chr4R-2	E-chr14L-2	chr14L	8063	54953	55177	end
7302_day0_with_selection	7302	chr4R	SRR33298452.148902	3	7	E-chr4R-3	E-chr14L-2	chr14L	8063	54953	55177	end
7302_day0_with_selection	7302	chr4R	SRR33298452.148902	4	7	E-chr4R-4	E-chr14L-2	chr14L	8063	54953	55177	end
7302_day0_with_selection	7302	chr4R	SRR33298452.148902	6	7	E-chr4R-6	E-chr14L-2	chr14L	8063	54953	55177	end
7302_day0_with_selection	7302	chr4R	SRR33298452.148902	7	7	E-chr4R-7	E-chr14L-2	chr14L	8063	54953	55177	end
7302_day0_with_selection	7302	chr4R	SRR33298452.305369	4	7	E-chr4R-4	E-chr14L-2	chr14L	169	47113	55170	beginning
7302_day0_with_selection	7302	chr4R	SRR33298452.374062	1	7	E-chr4R-1	E-chr14L-2	chr14L	8042	54970	55167	end
7302_day0_with_selection	7302	chr4R	SRR33298452.374062	3	7	E-chr4R-3	E-chr14L-2	chr14L	8042	54970	55167	end
7302_day0_with_selection	7302	chr4R	SRR33298452.374062	6	7	E-chr4R-6	E-chr14L-2	chr14L	8042	54970	55167	end
7302_day0_with_selection	7302	chr4R	SRR33298452.374062	7	7	E-chr4R-7	E-chr14L-2	chr14L	8042	54970	55167	end
7302_day0_with_selection	7302	chr4R	SRR33298452.407238	4	7	E-chr4R-4	E-chr14L-2	chr14L	223	47106	55165	beginning
7302_day0_with_selection	7302	chr4R	SRR33298452.226164	1	7	E-chr4R-1	E-chr14L-2	chr14L	8067	54973	55165	end
7302_day0_with_selection	7302	chr4R	SRR33298452.226164	2	7	E-chr4R-2	E-chr14L-2	chr14L	8067	54973	55165	end
7302_day0_with_selection	7302	chr4R	SRR33298452.226164	3	7	E-chr4R-3	E-chr14L-2	chr14L	8067	54973	55165	end
7302_day0_with_selection	7302	chr4R	SRR33298452.226164	4	7	E-chr4R-4	E-chr14L-2	chr14L	8067	54973	55165	end
7302_day0_with_selection	7302	chr4R	SRR33298452.226164	6	7	E-chr4R-6	E-chr14L-2	chr14L	8067	54973	55165	end
7302_day0_with_selection	7302	chr4R	SRR33298452.226164	7	7	E-chr4R-7	E-chr14L-2	chr14L	8067	54973	55165	end
7302_day0_with_selection	7302	chr4R	SRR33298452.366248	1	7	E-chr4R-1	E-chr14L-2	chr14L	8060	54989	55155	end
7302_day0_with_selection	7302	chr4R	SRR33298452.366248	2	7	E-chr4R-2	E-chr14L-2	chr14L	8060	54989	55155	end
7302_day0_with_selection	7302	chr4R	SRR33298452.366248	3	7	E-chr4R-3	E-chr14L-2	chr14L	8060	54989	55155	end
7302_day0_with_selection	7302	chr4R	SRR33298452.366248	4	7	E-chr4R-4	E-chr14L-2	chr14L	8060	54989	55155	end
7302_day0_with_selection	7302	chr4R	SRR33298452.366248	6	7	E-chr4R-6	E-chr14L-2	chr14L	8060	54989	55155	end
7302_day0_with_selection	7302	chr4R	SRR33298452.366248	7	7	E-chr4R-7	E-chr14L-2	chr14L	8060	54989	55155	end
7302_day0_with_selection	7302	chr4R	SRR33298452.84044	1	7	E-chr4R-1	E-chr14L-2	chr14L	8055	54946	55149	end
7302_day0_with_selection	7302	chr4R	SRR33298452.84044	2	7	E-chr4R-2	E-chr14L-2	chr14L	8055	54946	55149	end
7302_day0_with_selection	7302	chr4R	SRR33298452.84044	3	7	E-chr4R-3	E-chr14L-2	chr14L	8055	54946	55149	end
7302_day0_with_selection	7302	chr4R	SRR33298452.84044	4	7	E-chr4R-4	E-chr14L-2	chr14L	8055	54946	55149	end
7302_day0_with_selection	7302	chr4R	SRR33298452.84044	6	7	E-chr4R-6	E-chr14L-2	chr14L	8055	54946	55149	end
7302_day0_with_selection	7302	chr4R	SRR33298452.84044	7	7	E-chr4R-7	E-chr14L-2	chr14L	8055	54946	55149	end
7302_day0_with_selection	7302	chr4R	SRR33298452.424263	1	7	E-chr4R-1	E-chr14L-2	chr14L	8052	54953	55142	end
7302_day0_with_selection	7302	chr4R	SRR33298452.424263	2	7	E-chr4R-2	E-chr14L-2	chr14L	8052	54953	55142	end
7302_day0_with_selection	7302	chr4R	SRR33298452.424263	3	7	E-chr4R-3	E-chr14L-2	chr14L	8052	54953	55142	end
7302_day0_with_selection	7302	chr4R	SRR33298452.424263	4	7	E-chr4R-4	E-chr14L-2	chr14L	8052	54953	55142	end
7302_day0_with_selection	7302	chr4R	SRR33298452.424263	6	7	E-chr4R-6	E-chr14L-2	chr14L	8052	54953	55142	end
7302_day0_with_selection	7302	chr4R	SRR33298452.424263	7	7	E-chr4R-7	E-chr14L-2	chr14L	8052	54953	55142	end
7302_day0_with_selection	7302	chr4R	SRR33298452.393714	1	7	E-chr4R-1	E-chr14L-2	chr14L	8056	54965	55142	end
7302_day0_with_selection	7302	chr4R	SRR33298452.393714	2	7	E-chr4R-2	E-chr14L-2	chr14L	8056	54965	55142	end
7302_day0_with_selection	7302	chr4R	SRR33298452.393714	3	7	E-chr4R-3	E-chr14L-2	chr14L	8056	54965	55142	end
7302_day0_with_selection	7302	chr4R	SRR33298452.393714	4	7	E-chr4R-4	E-chr14L-2	chr14L	8056	54965	55142	end
7302_day0_with_selection	7302	chr4R	SRR33298452.393714	5	7	E-chr4R-5	E-chr14L-2	chr14L	8056	54965	55142	end
7302_day0_with_selection	7302	chr4R	SRR33298452.393714	6	7	E-chr4R-6	E-chr14L-2	chr14L	8056	54965	55142	end
7302_day0_with_selection	7302	chr4R	SRR33298452.393714	7	7	E-chr4R-7	E-chr14L-2	chr14L	8056	54965	55142	end
7302_day0_with_selection	7302	chr4R	SRR33298452.207085	1	7	E-chr4R-1	E-chr14L-2	chr14L	8062	55007	55145	end
7302_day0_with_selection	7302	chr4R	SRR33298452.207085	2	7	E-chr4R-2	E-chr14L-2	chr14L	8062	55007	55145	end
7302_day0_with_selection	7302	chr4R	SRR33298452.207085	3	7	E-chr4R-3	E-chr14L-2	chr14L	8062	55007	55145	end
7302_day0_with_selection	7302	chr4R	SRR33298452.207085	4	7	E-chr4R-4	E-chr14L-2	chr14L	8062	55007	55145	end
7302_day0_with_selection	7302	chr4R	SRR33298452.207085	6	7	E-chr4R-6	E-chr14L-2	chr14L	8062	55007	55145	end
7302_day0_with_selection	7302	chr4R	SRR33298452.207085	7	7	E-chr4R-7	E-chr14L-2	chr14L	8062	55007	55145	end
7302_day0_with_selection	7302	chr4R	SRR33298452.585724	1	7	E-chr4R-1	E-chr14L-2	chr14L	197	47081	55135	beginning
7302_day0_with_selection	7302	chr4R	SRR33298452.97535	2	7	E-chr4R-2	E-chr14L-2	chr14L	163	47080	55136	beginning
7302_day0_with_selection	7302	chr4R	SRR33298452.354539	1	7	E-chr4R-1	E-chr14L-2	chr14L	8053	54981	55134	end
7302_day0_with_selection	7302	chr4R	SRR33298452.354539	2	7	E-chr4R-2	E-chr14L-2	chr14L	8053	54981	55134	end
7302_day0_with_selection	7302	chr4R	SRR33298452.354539	3	7	E-chr4R-3	E-chr14L-2	chr14L	8053	54981	55134	end
7302_day0_with_selection	7302	chr4R	SRR33298452.354539	4	7	E-chr4R-4	E-chr14L-2	chr14L	8053	54981	55134	end
7302_day0_with_selection	7302	chr4R	SRR33298452.354539	6	7	E-chr4R-6	E-chr14L-2	chr14L	8053	54981	55134	end
7302_day0_with_selection	7302	chr4R	SRR33298452.354539	7	7	E-chr4R-7	E-chr14L-2	chr14L	8053	54981	55134	end
7302_day0_with_selection	7302	chr4R	SRR33298452.443421	7	7	E-chr4R-7	E-chr14L-2	chr14L	167	47074	55112	beginning
7302_day0_with_selection	7302	chr4R	SRR33298452.314713	1	7	E-chr4R-1	E-chr14L-2	chr14L	8066	54969	55120	end
7302_day0_with_selection	7302	chr4R	SRR33298452.314713	2	7	E-chr4R-2	E-chr14L-2	chr14L	8066	54969	55120	end
7302_day0_with_selection	7302	chr4R	SRR33298452.314713	4	7	E-chr4R-4	E-chr14L-2	chr14L	8066	54969	55120	end
7302_day0_with_selection	7302	chr4R	SRR33298452.314713	6	7	E-chr4R-6	E-chr14L-2	chr14L	8066	54969	55120	end
7302_day0_with_selection	7302	chr4R	SRR33298452.314713	7	7	E-chr4R-7	E-chr14L-2	chr14L	8066	54969	55120	end
7302_day0_with_selection	7302	chr4R	SRR33298452.136960	1	7	E-chr4R-1	E-chr14L-2	chr14L	8049	54955	55103	end
7302_day0_with_selection	7302	chr4R	SRR33298452.136960	2	7	E-chr4R-2	E-chr14L-2	chr14L	8049	54955	55103	end
7302_day0_with_selection	7302	chr4R	SRR33298452.136960	3	7	E-chr4R-3	E-chr14L-2	chr14L	8049	54955	55103	end
7302_day0_with_selection	7302	chr4R	SRR33298452.136960	4	7	E-chr4R-4	E-chr14L-2	chr14L	8049	54955	55103	end
7302_day0_with_selection	7302	chr4R	SRR33298452.136960	6	7	E-chr4R-6	E-chr14L-2	chr14L	8049	54955	55103	end
7302_day0_with_selection	7302	chr4R	SRR33298452.136960	7	7	E-chr4R-7	E-chr14L-2	chr14L	8049	54955	55103	end
7302_day0_with_selection	7302	chr4R	SRR33298452.102900	4	7	E-chr4R-4	E-chr14L-2	chr14L	143	47053	55103	beginning
7302_day0_with_selection	7302	chr4R	SRR33298452.584452	4	7	E-chr4R-4	E-chr14L-2	chr14L	188	47043	55087	beginning
7302_day0_with_selection	7302	chr4R	SRR33298452.625951	6	7	E-chr4R-6	E-chr14L-2	chr14L	105	47012	54702	beginning
7302_day0_with_selection	7302	chr4R	SRR33298452.145055	1	7	E-chr4R-1	E-chr14L-2	chr14L	8023	54854	55025	end
7302_day0_with_selection	7302	chr4R	SRR33298452.145055	2	7	E-chr4R-2	E-chr14L-2	chr14L	8023	54854	55025	end
7302_day0_with_selection	7302	chr4R	SRR33298452.145055	3	7	E-chr4R-3	E-chr14L-2	chr14L	8023	54854	55025	end
7302_day0_with_selection	7302	chr4R	SRR33298452.145055	4	7	E-chr4R-4	E-chr14L-2	chr14L	8023	54854	55025	end
7302_day0_with_selection	7302	chr4R	SRR33298452.145055	6	7	E-chr4R-6	E-chr14L-2	chr14L	8023	54854	55025	end
7302_day0_with_selection	7302	chr4R	SRR33298452.145055	7	7	E-chr4R-7	E-chr14L-2	chr14L	8023	54854	55025	end
7302_day0_with_selection	7302	chr4R	SRR33298452.207727	1	7	E-chr4R-1	E-chr14L-2	chr14L	7682	54597	54680	end
7302_day0_with_selection	7302	chr4R	SRR33298452.207727	2	7	E-chr4R-2	E-chr14L-2	chr14L	7682	54597	54680	end
7302_day0_with_selection	7302	chr4R	SRR33298452.207727	3	7	E-chr4R-3	E-chr14L-2	chr14L	7682	54597	54680	end
7302_day0_with_selection	7302	chr4R	SRR33298452.207727	4	7	E-chr4R-4	E-chr14L-2	chr14L	7682	54597	54680	end
7302_day0_with_selection	7302	chr4R	SRR33298452.207727	6	7	E-chr4R-6	E-chr14L-2	chr14L	7682	54597	54680	end
7302_day0_with_selection	7302	chr4R	SRR33298452.207727	7	7	E-chr4R-7	E-chr14L-2	chr14L	7682	54597	54680	end
7302_day0_with_selection	7302	chr4R	SRR33298452.594184	7	7	E-chr4R-7	E-chr14L-2	chr14L	254	46963	54972	beginning
7302_day0_with_selection	7302	chr4R	SRR33298452.633565	3	7	E-chr4R-3	E-chr14L-2	chr14L	210	46951	54973	beginning
7302_day0_with_selection	7302	chr4R	SRR33298452.420176	1	7	E-chr4R-1	E-chr14L-2	chr14L	153	46942	54957	beginning
7302_day0_with_selection	7302	chr4R	SRR33298452.420176	4	7	E-chr4R-4	E-chr14L-2	chr14L	153	46942	54957	beginning
7302_day0_with_selection	7302	chr4R	SRR33298452.595701	2	7	E-chr4R-2	E-chr14L-2	chr14L	8075	54713	54942	end
7302_day0_with_selection	7302	chr4R	SRR33298452.595701	3	7	E-chr4R-3	E-chr14L-2	chr14L	8075	54713	54942	end
7302_day0_with_selection	7302	chr4R	SRR33298452.595701	7	7	E-chr4R-7	E-chr14L-2	chr14L	8075	54713	54942	end
7302_day0_with_selection	7302	chr4R	SRR33298452.121689	2	7	E-chr4R-2	E-chr14L-2	chr14L	8033	54810	54905	end
7302_day0_with_selection	7302	chr4R	SRR33298452.121689	3	7	E-chr4R-3	E-chr14L-2	chr14L	8033	54810	54905	end
7302_day0_with_selection	7302	chr4R	SRR33298452.121689	4	7	E-chr4R-4	E-chr14L-2	chr14L	8033	54810	54905	end
7302_day0_with_selection	7302	chr4R	SRR33298452.121689	7	7	E-chr4R-7	E-chr14L-2	chr14L	8033	54810	54905	end
7302_day0_with_selection	7302	chr4R	SRR33298452.130859	1	7	E-chr4R-1	E-chr14L-2	chr14L	7999	54741	54857	end
7302_day0_with_selection	7302	chr4R	SRR33298452.130859	2	7	E-chr4R-2	E-chr14L-2	chr14L	7999	54741	54857	end
7302_day0_with_selection	7302	chr4R	SRR33298452.130859	3	7	E-chr4R-3	E-chr14L-2	chr14L	7999	54741	54857	end
7302_day0_with_selection	7302	chr4R	SRR33298452.130859	4	7	E-chr4R-4	E-chr14L-2	chr14L	7999	54741	54857	end
7302_day0_with_selection	7302	chr4R	SRR33298452.130859	6	7	E-chr4R-6	E-chr14L-2	chr14L	7999	54741	54857	end
7302_day0_with_selection	7302	chr4R	SRR33298452.130859	7	7	E-chr4R-7	E-chr14L-2	chr14L	7999	54741	54857	end
7302_day0_with_selection	7302	chr5R	SRR33298452.485827	1	1	E-chr5R-1	E-chr10L-1	chr10L	7293	14368	14580	end
7302_day0_with_selection	7302	chr5R	SRR33298452.241882	1	1	E-chr5R-1	E-chr14R-1	chr14R	7260	13762	13946	end
7302_day0_with_selection	7302	chr6L	SRR33298452.485661	1	1	E-chr6L-1	E-chr16L-1	chr16L	187	6820	25004	beginning
7302_day0_with_selection	7302	chr6L	SRR33298452.419935	1	1	E-chr6L-1	E-chr14R-1	chr14R	18163	24677	24846	end
7302_day0_with_selection	7302	chr6L	SRR33298452.427945	1	1	E-chr6L-1	E-chr14L-5	chr14L	143	5635	23816	beginning
7302_day0_with_selection	7302	chr6L	SRR33298452.400002	1	1	E-chr6L-1	E-chr14L-5	chr14L	176	5644	23810	beginning
7302_day0_with_selection	7302	chr6L	SRR33298452.272227	1	1	E-chr6L-1	E-chr14L-5	chr14L	18180	23635	23752	end
7302_day0_with_selection	7302	chr6L	SRR33298452.220014	1	1	E-chr6L-1	E-chr8R-1	chr8R	111	5589	23728	beginning
7302_day0_with_selection	7302	chr6L	SRR33298452.400093	1	1	E-chr6L-1	E-chr14L-5	chr14L	18076	23504	23653	end
7302_day0_with_selection	7302	chr7R	SRR33298452.440020	1	1	E-chr7R-1	E-chr16L-1	chr16L	237	6854	20867	beginning
7302_day0_with_selection	7302	chr7R	SRR33298452.572093	1	1	E-chr7R-1	E-chr16L-1	chr16L	14036	20687	20843	end
7302_day0_with_selection	7302	chr7R	SRR33298452.170689	1	1	E-chr7R-1	E-chr16L-1	chr16L	14032	20670	20774	end
7302_day0_with_selection	7302	chr8R	SRR33298452.555243	1	1	E-chr8R-1	E-chr2L-1	chr2L	151	6116	41425	beginning
