read_id	PD	chr_end	paper_switch	n_copies	orient_used	kept_native	ids	variants	path	blocks	n_blocks	our_switch
007907a4-216d-470f-9426-5cbc59a4e421	33	chr10R	Y	3	rev	0	ID1,ID2,ID2	ID1_Gray,ID2_Red-Light,ID2_Red-Dark	chr12L|chr12R|chr13L|chr16R|chr5R|chr8L|chr8R:ID1_Gray > chr12R|chr14L|chr4R:ID2_Red-Light > chr15R[1]:ID2_Red-Dark	chr12R > chr15R	2	True
010cb643-3165-4d71-b883-c302d207ac48	28	chr14L	N	10	rev	0	ID5,ID2,ID3,ID2,ID3,ID3,ID3,ID3,ID3,ID3	ID5_Blue-Dark,ID2_Red-Light,ID3_Orange,ID2_Red-Light,ID3_Orange,ID3_Orange,ID3_Orange,ID3_Orange,ID3_Orange,ID3_Orange	chr16L|chr7R:ID5_Blue-Dark > self[2-3]:ID2_Red-Light,ID3_Orange > self[2-5]:ID2_Red-Light,ID3_Orange,ID3_Orange,ID3_Orange > self[3]:ID3_Orange,ID3_Orange,ID3_Orange(circ x3.0 moderate)	chr16L|chr7R > chr14L	2	True
0258482f-30c9-4a80-9092-21aeafa800f0	33	chr16L	N	3	rev	1	ID5,ID2,ID2	ID5_Blue-Dark,ID2_Red-Light,ID2_Red-Light	chr12R|chr4R:ID2_Red-Light,ID2_Red-Light	chr12R|chr4R	1	False
02623e0a-a81e-4249-a02c-45a5e254f396	28	chr4L	N	2	rev	0	ID2,ID2	ID2_Red-Light,ID2_Red-Light	chr12R|chr14L|chr4R:ID2_Red-Light > chr12R|chr14L|chr4R:ID2_Red-Light	chr12R|chr14L|chr4R	1	False
028941bb-c698-42af-8a84-c7d3d4fa0bb7	33	chr14L	N	12	rev	0	ID5,ID2,ID3,ID3,ID2,ID3,ID3,ID3,ID3,ID3,ID3,ID3	ID5_Blue-Dark,ID2_Red-Light,ID3_Orange,ID3_Orange,ID2_Red-Light,ID3_Orange,ID3_Orange,ID3_Orange,ID3_Orange,ID3_Orange,ID3_Orange,ID3_Orange	chr16L|chr7R:ID5_Blue-Dark > self[2-4]:ID2_Red-Light,ID3_Orange,ID3_Orange,ID2_Red-Light,ID3_Orange,ID3_Orange(circ x2.0 strong) > self[3]:ID3_Orange,ID3_Orange,ID3_Orange,ID3_Orange,ID3_Orange(circ x5.0 moderate | alt chr14L[3-5] + chr14L[3-4])	chr16L|chr7R > chr14L	2	True
03a48a5e-5e74-46ee-972b-14c2eace2081	33	chr13L	N	4	fwd	1	ID1,ID1,ID2,ID2	ID1_Gray,ID1_Gray,ID2_Red-Light,ID2_Red-Light	chr12R[1-3]:ID1_Gray,ID2_Red-Light,ID2_Red-Light	chr12R	1	False
03d205d0-23e4-4b51-9c25-ae5c198a2788	33	chr11L	N	3	fwd	0	ID1,ID2,ID2	ID1_Gray,ID2_Red-Light,ID2_Red-Light	chr12R[1-3]:ID1_Gray,ID2_Red-Light,ID2_Red-Light	chr12R	1	False
054077cd-8747-4942-b093-7182cd2a70ce	28	chr14L	N	7	fwd	5	ID5,ID2,ID3,ID3,ID3,ID3,ID3	ID5_Blue-Light,ID2_Red-Light,ID3_Orange,ID3_Orange,ID3_Orange,ID3_Orange,ID3_Orange	self[3-4]:ID3_Orange,ID3_Orange	chr14L	1	False
073996b2-441c-4e36-a8c2-3dc771777134	33	chr8L	N	3	fwd	1	ID1,ID3,ID3	ID1_Gray,ID3_Orange,ID3_Orange	chr14L[3-4]:ID3_Orange,ID3_Orange	chr14L	1	False
081271f5-181a-4573-92b2-3cf65cfb959e	28	chr14L	N	9	rev	5	ID5,ID2,ID3,ID3,ID3,ID3,ID3,ID3,ID3	ID5_Blue-Light,ID2_Red-Light,ID3_Orange,ID3_Orange,ID3_Orange,ID3_Orange,ID3_Orange,ID3_Orange,ID3_Orange	self[3]:ID3_Orange,ID3_Orange,ID3_Orange,ID3_Orange(circ x4.0 moderate | alt chr14L[3-5] + chr14L[3])	chr14L	1	False
08234854-c8f7-48f3-92c3-2ff91f4e03f9	33	chr13L	N	3	rev	1	ID1,ID2,ID2	ID1_Gray,ID2_Red-Light,ID2_Red-Light	chr4R[1-2]:ID2_Red-Light,ID2_Red-Light	chr4R	1	False
086637ef-9315-4572-9dff-2c42d3a7ec04	33	chr1L	Y	2	fwd	0	ID2,ID5	ID2_Red-Light,ID5_Blue-Dark	chr12R|chr14L|chr4R:ID2_Red-Light > chr16L|chr7R:ID5_Blue-Dark	chr12R|chr14L|chr4R > chr16L|chr7R	2	True
097f2b88-dcad-4e72-af69-11b0253265b1	28	chr10L	N	3	rev	1	ID6,ID3,ID3	ID6_Purple-Dark,ID3_Orange,ID3_Orange	chr14L[3-4]:ID3_Orange,ID3_Orange	chr14L	1	False
098e8a15-3551-4ed8-bfd6-27e08a78a217	28	chr7L	N	4	fwd	0	ID5,ID3,ID3,ID3	ID5_Blue-Dark,ID3_Orange,ID3_Orange,ID3_Orange	chr16L|chr7R:ID5_Blue-Dark > chr14L[3-5]:ID3_Orange,ID3_Orange,ID3_Orange	chr16L|chr7R > chr14L	2	True
0a14470e-f69d-455d-a283-aa41ee735bbc	33	chr12L	N	3	rev	1	ID1,ID3,ID3	ID1_Gray,ID3_Orange,ID3_Orange	chr14L[3-4]:ID3_Orange,ID3_Orange	chr14L	1	False
0a65958b-a47b-4f59-8e12-a5aa1ef49966	28	chr8L	N	3	fwd	1	ID1,ID3,ID3	ID1_Gray,ID3_Orange,ID3_Orange	chr14L[3-4]:ID3_Orange,ID3_Orange	chr14L	1	False
0a894053-0e03-43f0-af0d-4b0e103c55a5	28	chr14L	N	7	rev	5	ID5,ID2,ID3,ID3,ID3,ID3,ID3	ID5_Blue-Light,ID2_Red-Light,ID3_Orange,ID3_Orange,ID3_Orange,ID3_Orange,ID3_Orange	self[3-4]:ID3_Orange,ID3_Orange	chr14L	1	False
0ae49aa6-4c40-4694-8e9b-6e3b81af600f	33	chr8R	Y	6	rev	1	ID1,ID3,ID1,ID1,ID1,ID1	ID1_Gray,ID3_Orange,ID1_Gray,ID1_Gray,ID1_Gray,ID1_Gray	chr14L[3]:ID3_Orange > chr12R?[1]:ID1_Gray > self[1]:ID1_Gray,ID1_Gray,ID1_Gray(circ x3.0 strong)	chr14L > chr12R > chr8R	3	True
0b602b04-76d5-4234-919d-541ceb943618	33	chr15R	N	4	rev	1	ID2,ID3,ID3,ID3	ID2_Red-Dark,ID3_Orange,ID3_Orange,ID3_Orange	chr14L[3-4]:ID3_Orange,ID3_Orange,ID3_Orange(circ x1.5 moderate | alt chr14L[3-4] + chr14L[3])	chr14L	1	False
0d9f9bbf-ac22-424a-8bf9-bfd92e04e51b	33	chr8R	N	3	rev	1	ID1,ID2,ID2	ID1_Gray,ID2_Red-Light,ID2_Red-Light	chr12R|chr4R:ID2_Red-Light,ID2_Red-Light	chr12R|chr4R	1	False
0e5a6bcf-8e71-45e3-8f69-f0e207135491	33	chr13L	N	6	rev	1	ID1,ID1,ID1,ID1,ID1,ID1	ID1_Gray,ID1_Gray,ID1_Gray,ID1_Gray,ID1_Gray,ID1_Gray	chr12R?[1]:ID1_Gray,ID1_Gray,ID1_Gray,ID1_Gray,ID1_Gray(circ x5.0 moderate)	chr12R	1	False
0e815625-4994-47ce-aa2a-d380df3cfb9e	33	chr5L	N	3	fwd	1	ID6,ID3,ID3	ID6_Purple-Light,ID3_Orange,ID3_Orange	chr14L[3-4]:ID3_Orange,ID3_Orange	chr14L	1	False
0ec3f358-28da-45f9-8ca6-e75ead959c3f	28	chr7R	Y	3	rev	1	ID5,ID2,ID2	ID5_Blue-Dark,ID2_Red-Light,ID2_Red-Dark	chr4R?[1]:ID2_Red-Light > chr15R[1]:ID2_Red-Dark	chr4R > chr15R	2	True
0ee5ebe1-9207-4ca3-bf86-bfb8199ce8ea	28	chr13R	Y	3	rev	0	ID5,ID2,ID2	ID5_Blue-Dark,ID2_Red-Dark,ID2_Red-Dark	chr16L|chr7R:ID5_Blue-Dark > chr15R[1]:ID2_Red-Dark > chr15R[1]:ID2_Red-Dark	chr16L|chr7R > chr15R	2	True
0ee8c2fd-f31e-47dd-9139-414937811e43	33	chr11L	N	3	rev	0	ID2,ID3,ID2	ID2_Red-Light,ID3_Orange,ID2_Red-Light	chr14L[2-3]:ID2_Red-Light,ID3_Orange,ID2_Red-Light(circ x1.5 moderate | alt chr14L[2-3] + chr14L[2])	chr14L	1	False
0fc75e88-1092-4434-91e2-cb685b91cf5e	33	chr11R	N	3	fwd	0	ID2,ID2,ID2	ID2_Red-Light,ID2_Red-Light,ID2_Red-Light	chr12R|chr4R:ID2_Red-Light,ID2_Red-Light,ID2_Red-Light	chr12R|chr4R	1	False
0ff47ac1-6c8f-48d9-9330-524501480839	33	chr12L	N	3	fwd	1	ID1,ID3,ID3	ID1_Gray,ID3_Orange,ID3_Orange	chr14L[3]:ID3_Orange > chr14L[3]:ID3_Orange	chr14L	1	False
100f9d07-54fc-4143-b8c4-50a22c935b30	33	chr5R	Y	13	rev	1	ID1,ID3,ID1,ID3,ID1,ID3,ID1,ID3,ID1,ID3,ID1,ID3,ID1	ID1_Gray,ID3_Orange,ID1_Gray,ID3_Orange,ID1_Gray,ID3_Orange,ID1_Gray,ID3_Orange,ID1_Gray,ID3_Orange,ID1_Gray,ID3_Orange,ID1_Gray	chr14L[3]:ID3_Orange > self[1]:ID1_Gray > chr14L[3]:ID3_Orange > self[1]:ID1_Gray > chr14L[3]:ID3_Orange > self[1]:ID1_Gray > chr14L[3]:ID3_Orange > self[1]:ID1_Gray > chr14L[3]:ID3_Orange > self[1]:ID1_Gray > chr14L[3]:ID3_Orange > self[1]:ID1_Gray	chr14L > chr5R > chr14L > chr5R > chr14L > chr5R > chr14L > chr5R > chr14L > chr5R > chr14L > chr5R	12	True
1145d536-9c19-4b7d-901f-90d71c43ef3e	28	chr14L	N	7	rev	0	ID5,ID2,ID3,ID3,ID3,ID3,ID3	ID5_Blue-Dark,ID2_Red-Light,ID3_Orange,ID3_Orange,ID3_Orange,ID3_Orange,ID3_Orange	chr16L|chr7R:ID5_Blue-Dark > self[2-5]:ID2_Red-Light,ID3_Orange,ID3_Orange,ID3_Orange > self[3-4]:ID3_Orange,ID3_Orange	chr16L|chr7R > chr14L	2	True
1156701a-ea3c-482b-9b66-acf5c83015e7	33	chr7L	Y	3	rev	0	ID1,ID3,ID3	ID1_Gray,ID3_Orange,ID3_Orange	chr12R?[1]:ID1_Gray > chr14L[3-4]:ID3_Orange,ID3_Orange	chr12R > chr14L	2	True
118515b3-0a94-4503-a9e0-59e2aeac78e2	28	chr14L	N	10	rev	0	ID5,ID2,ID3,ID3,ID3,ID3,ID3,ID3,ID3,ID3	ID5_Blue-Dark,ID2_Red-Light,ID3_Orange,ID3_Orange,ID3_Orange,ID3_Orange,ID3_Orange,ID3_Orange,ID3_Orange,ID3_Orange	chr16L|chr7R:ID5_Blue-Dark > self[2-5]:ID2_Red-Light,ID3_Orange,ID3_Orange,ID3_Orange > self[3]:ID3_Orange,ID3_Orange,ID3_Orange,ID3_Orange,ID3_Orange(circ x5.0 moderate | alt chr14L[3-5] + chr14L[3-4])	chr16L|chr7R > chr14L	2	True
11a2c39e-6cf4-4bc9-a988-749f97975834	28	chr2L	N	3	rev	1	ID4,ID3,ID3	ID4_Green-Light,ID3_Orange,ID3_Orange	chr14L[3-4]:ID3_Orange,ID3_Orange	chr14L	1	False
11adb059-97a4-415b-a082-f31ce8d80863	28	chr5R	N	3	rev	1	ID1,ID3,ID3	ID1_Gray,ID3_Orange,ID3_Orange	chr14L[3-4]:ID3_Orange,ID3_Orange	chr14L	1	False
12307f7f-35dd-4172-8c03-87875d6ef33b	28	chr16R	N	4	rev	1	ID1,ID3,ID3,ID3	ID1_Gray,ID3_Orange,ID3_Orange,ID3_Orange	chr14L[3-5]:ID3_Orange,ID3_Orange,ID3_Orange	chr14L	1	False
125f1e9a-6d74-438c-bbe8-2d086267f9f3	28	chr7L	N	2	fwd	0	ID2,ID2	ID2_Red-Light,ID2_Red-Light	chr4R[1-2]:ID2_Red-Light,ID2_Red-Light	chr4R	1	False
127b944b-e7b6-4a1a-890f-199c9bd7f61e	33	chr13L	Y	3	fwd	1	ID1,ID1,ID3	ID1_Gray,ID1_Gray,ID3_Orange	chr12R?[1]:ID1_Gray > chr14L[3]:ID3_Orange	chr12R > chr14L	2	True
138bff77-4115-415a-8b45-1bfaf0221875	28	chr6L	N	4	rev	1	ID4,ID2,ID2,ID2	ID4_Green-Light,ID2_Red-Light,ID2_Red-Light,ID2_Red-Light	chr4R[5-7]:ID2_Red-Light,ID2_Red-Light,ID2_Red-Light	chr4R	1	False
13f98874-419c-40b1-82a8-7f4f65fb28a4	33	chr3R	N	6	rev	0	ID5,ID2,ID3,ID3,ID3,ID3	ID5_Blue-Light,ID2_Red-Light,ID3_Orange,ID3_Orange,ID3_Orange,ID3_Orange	chr14L[1-5]:ID5_Blue-Light,ID2_Red-Light,ID3_Orange,ID3_Orange,ID3_Orange > chr14L[3]:ID3_Orange	chr14L	1	False
141b1904-17aa-47a5-a0ff-56c1d468211f	33	chr13R	Y	2	rev	0	ID1,ID3	ID1_Gray,ID3_Orange	chr12L|chr12R|chr13L|chr16R|chr5R|chr8L|chr8R:ID1_Gray > chr14L[3]:ID3_Orange	chr12L|chr12R|chr13L|chr16R|chr5R|chr8L|chr8R > chr14L	2	True
15646318-9232-472a-b2f0-593cb56fabc4	28	chr12R	N	9	fwd	7	ID1,ID2,ID2,ID2,ID2,ID2,ID2,ID2,ID2	ID1_Gray,ID2_Red-Light,ID2_Red-Light,ID2_Red-Light,ID2_Red-Light,ID2_Red-Light,ID2_Red-Light,ID2_Red-Light,ID2_Red-Light	self[2-3]:ID2_Red-Light,ID2_Red-Light	chr12R	1	False
164f517a-b5c5-4525-a3f2-d9b514b27605	33	chr14L	N	8	rev	5	ID5,ID2,ID3,ID3,ID3,ID3,ID3,ID3	ID5_Blue-Light,ID2_Red-Light,ID3_Orange,ID3_Orange,ID3_Orange,ID3_Orange,ID3_Orange,ID3_Orange	self[3-5]:ID3_Orange,ID3_Orange,ID3_Orange	chr14L	1	False
17761d33-487d-4544-90e3-3e09f40fe942	33	chr12L	N	5	fwd	1	ID1,ID2,ID2,ID2,ID3	ID1_Gray,ID2_Red-Light,ID2_Red-Light,ID2_Red-Light,ID3_Orange	chr12R|chr4R:ID2_Red-Light,ID2_Red-Light,ID2_Red-Light(circ x1.5) > chr14L[3]:ID3_Orange	chr12R|chr4R > chr14L	2	True
1793d1c7-4d44-4b14-b2e1-4ab2ac56e6b0	33	chr14R	N	5	rev	1	ID6,ID2,ID2,ID2,ID2	ID6_Purple-Neutral,ID2_Red-Light,ID2_Red-Light,ID2_Red-Light,ID2_Red-Light	chr12R[2-5]:ID2_Red-Light,ID2_Red-Light,ID2_Red-Light,ID2_Red-Light	chr12R	1	False
185b4f04-cd61-4c69-8c97-e2d9ae23afee	33	chr14L	N	7	rev	0	ID5,ID2,ID3,ID3,ID3,ID3,ID3	ID5_Blue-Dark,ID2_Red-Light,ID3_Orange,ID3_Orange,ID3_Orange,ID3_Orange,ID3_Orange	chr16L|chr7R:ID5_Blue-Dark > self[2-5]:ID2_Red-Light,ID3_Orange,ID3_Orange,ID3_Orange > self[3-4]:ID3_Orange,ID3_Orange	chr16L|chr7R > chr14L	2	True
18d10e15-31fb-4e4e-a6a3-4855c7763323	33	chr3R	Y	2	rev	0	ID5,ID3	ID5_Blue-Dark,ID3_Orange	chr16L|chr7R:ID5_Blue-Dark > chr14L[3]:ID3_Orange	chr16L|chr7R > chr14L	2	True
19cb3f11-c711-4325-977c-2c5e47c8d643	28	chr5L	N	3	rev	1	ID6,ID6,ID6	ID6_Purple-Light,ID6_Purple-Light,ID6_Purple-Light	self[1]:ID6_Purple-Light > self[1]:ID6_Purple-Light	chr5L	1	False
1a15f11b-0648-4721-a9f0-adde9a7c6bc8	28	chr10R	N	2	fwd	0	ID2,ID2	ID2_Red-Light,ID2_Red-Light	chr12R|chr4R:ID2_Red-Light,ID2_Red-Light	chr12R|chr4R	1	False
1a5543a3-bbca-4f93-9def-38a2cd9cba3e	28	chr12R	N	9	rev	7	ID1,ID2,ID2,ID2,ID2,ID2,ID2,ID2,ID2	ID1_Gray,ID2_Red-Light,ID2_Red-Light,ID2_Red-Light,ID2_Red-Light,ID2_Red-Light,ID2_Red-Light,ID2_Red-Light,ID2_Red-Light	self[2-3]:ID2_Red-Light,ID2_Red-Light	chr12R	1	False
1a57446e-a5d6-418d-bc3b-f389aa9a8743	33	chr13R	Y	3	fwd	0	ID2,ID2,ID2	ID2_Red-Dark,ID2_Red-Light,ID2_Red-Light	chr15R[1]:ID2_Red-Dark > chr12R|chr4R:ID2_Red-Light,ID2_Red-Light	chr15R > chr12R|chr4R	2	True
1be0f67a-f821-4144-a8cc-9fff6aba3ebf	28	chr16L	N	4	fwd	1	ID5,ID2,ID2,ID2	ID5_Blue-Dark,ID2_Red-Light,ID2_Red-Light,ID2_Red-Light	chr4R[3-5]:ID2_Red-Light,ID2_Red-Light,ID2_Red-Light	chr4R	1	False
1c9e75a4-5be6-4500-9f14-69e11b3f452a	33	chr4R	N	12	rev	7	ID2,ID2,ID2,ID2,ID2,ID2,ID2,ID2,ID2,ID2,ID2,ID2	ID2_Red-Light,ID2_Red-Light,ID2_Red-Light,ID2_Red-Light,ID2_Red-Light,ID2_Red-Light,ID2_Red-Light,ID2_Red-Light,ID2_Red-Light,ID2_Red-Light,ID2_Red-Light,ID2_Red-Light	self[2-5]:ID2_Red-Light,ID2_Red-Light,ID2_Red-Light,ID2_Red-Light,ID2_Red-Light(circ x1.2 moderate | alt chr4R[4-7] + chr4R[1])	chr4R	1	False
1d6177f3-b3b5-40e9-b667-59a3248224b6	33	chr4L	Y	2	rev	0	ID2,ID6	ID2_Red-Light,ID6_Purple-Dark	chr12R|chr14L|chr4R:ID2_Red-Light > chr10L|chr9L:ID6_Purple-Dark	chr12R|chr14L|chr4R > chr10L|chr9L	2	True
1d895517-52b4-456f-9ad0-a4e7c09fea56	33	chr14L	N	8	fwd	0	ID5,ID2,ID3,ID3,ID3,ID3,ID3,ID3	ID5_Blue-Dark,ID2_Red-Light,ID3_Orange,ID3_Orange,ID3_Orange,ID3_Orange,ID3_Orange,ID3_Orange	chr16L|chr7R:ID5_Blue-Dark > self[2]:ID2_Red-Light > self[3]:ID3_Orange > self[3]:ID3_Orange,ID3_Orange,ID3_Orange,ID3_Orange,ID3_Orange(circ x5.0 moderate | alt chr14L[3-5] + chr14L[3-4])	chr16L|chr7R > chr14L	2	True
1e05aff4-a163-436e-913a-fd072a3a62cf	28	chr14L	N	7	rev	0	ID5,ID2,ID3,ID3,ID3,ID3,ID3	ID5_Blue-Dark,ID2_Red-Light,ID3_Orange,ID3_Orange,ID3_Orange,ID3_Orange,ID3_Orange	chr16L|chr7R:ID5_Blue-Dark > self[2]:ID2_Red-Light > self[3]:ID3_Orange > self[3-5]:ID3_Orange,ID3_Orange,ID3_Orange,ID3_Orange(circ x1.3 moderate | alt chr14L[3] + chr14L[3-5])	chr16L|chr7R > chr14L	2	True
1e2817af-2a92-4a48-ac13-39e5acb96220	33	chr12L	N	3	rev	1	ID1,ID2,ID2	ID1_Gray,ID2_Red-Dark,ID2_Red-Dark	chr15R[1]:ID2_Red-Dark > chr15R[1]:ID2_Red-Dark	chr15R	1	False
1fd39faa-3388-4d34-a38d-f60da202cb2f	28	chr13L	N	3	rev	1	ID1,ID2,ID2	ID1_Gray,ID2_Red-Light,ID2_Red-Light	chr12R|chr4R:ID2_Red-Light,ID2_Red-Light	chr12R|chr4R	1	False
1fd77cb7-23c9-4f65-813d-7d3c4754fe5d	28	chr12R	N	9	rev	7	ID1,ID2,ID2,ID2,ID2,ID2,ID2,ID2,ID2	ID1_Gray,ID2_Red-Light,ID2_Red-Light,ID2_Red-Light,ID2_Red-Light,ID2_Red-Light,ID2_Red-Light,ID2_Red-Light,ID2_Red-Light	self[2-3]:ID2_Red-Light,ID2_Red-Light	chr12R	1	False
1ffa014d-bb6f-464a-9d9b-44fbcfe1bf5b	33	chr8R	N	3	rev	1	ID1,ID2,ID2	ID1_Gray,ID2_Red-Light,ID2_Red-Light	chr12R|chr4R:ID2_Red-Light,ID2_Red-Light	chr12R|chr4R	1	False
1ffeb002-4a98-439e-a02e-7bfc25a3c6e2	33	chr7R	N	4	rev	1	ID5,ID2,ID2,ID2	ID5_Blue-Dark,ID2_Red-Light,ID2_Red-Light,ID2_Red-Light	chr4R[5-7]:ID2_Red-Light,ID2_Red-Light,ID2_Red-Light	chr4R	1	False
202d37ed-ab19-4543-9734-00c136e564b8	28	chr14L	N	10	fwd	0	ID5,ID2,ID3,ID2,ID3,ID3,ID3,ID3,ID3,ID3	ID5_Blue-Dark,ID2_Red-Light,ID3_Orange,ID2_Red-Light,ID3_Orange,ID3_Orange,ID3_Orange,ID3_Orange,ID3_Orange,ID3_Orange	chr16L|chr7R:ID5_Blue-Dark > self[2-3]:ID2_Red-Light,ID3_Orange,ID2_Red-Light,ID3_Orange(circ x2.0 moderate | alt chr14L[2-3] + chr14L[2-3]) > self[3]:ID3_Orange,ID3_Orange,ID3_Orange,ID3_Orange,ID3_Orange(circ x5.0 moderate | alt chr14L[3-5] + chr14L[3-4])	chr16L|chr7R > chr14L	2	True
20ed623f-056e-4bb3-8eb6-645443a39137	33	chr13R	N	2	fwd	0	ID5,ID5	ID5_Blue-Dark,ID5_Blue-Dark	chr16L|chr7R:ID5_Blue-Dark > chr16L|chr7R:ID5_Blue-Dark	chr16L|chr7R	1	False
22de1c94-9d37-4231-bfc0-0e902ed44b40	28	chr2R	Y	2	rev	0	ID1,ID3	ID1_Gray,ID3_Orange	chr12L|chr12R|chr13L|chr16R|chr5R|chr8L|chr8R:ID1_Gray > chr14L[3]:ID3_Orange	chr12L|chr12R|chr13L|chr16R|chr5R|chr8L|chr8R > chr14L	2	True
23189ab5-afdb-494d-a131-974baff71711	33	chr14L	N	9	rev	5	ID5,ID2,ID3,ID3,ID3,ID3,ID3,ID3,ID3	ID5_Blue-Light,ID2_Red-Light,ID3_Orange,ID3_Orange,ID3_Orange,ID3_Orange,ID3_Orange,ID3_Orange,ID3_Orange	self[3]:ID3_Orange,ID3_Orange,ID3_Orange,ID3_Orange(circ x4.0 moderate | alt chr14L[3-5] + chr14L[3])	chr14L	1	False
231c498f-bc2b-4ce6-9aec-a06691de6c41	28	chr16R	N	3	rev	1	ID1,ID3,ID3	ID1_Gray,ID3_Orange,ID3_Orange	chr14L[3-4]:ID3_Orange,ID3_Orange	chr14L	1	False
24739ce3-9de3-40be-a567-67a6381eca49	33	chr14L	N	9	fwd	5	ID5,ID2,ID3,ID3,ID3,ID3,ID3,ID3,ID3	ID5_Blue-Light,ID2_Red-Light,ID3_Orange,ID3_Orange,ID3_Orange,ID3_Orange,ID3_Orange,ID3_Orange,ID3_Orange	self[3]:ID3_Orange,ID3_Orange,ID3_Orange,ID3_Orange(circ x4.0 moderate | alt chr14L[3-5] + chr14L[3])	chr14L	1	False
26c8dca1-0f79-44c3-b715-6f43fb7bac5e	33	chr11R	N	2	fwd	0	ID1,ID1	ID1_Gray,ID1_Gray	chr12R?[1]:ID1_Gray > chr12L|chr12R|chr13L|chr16R|chr5R|chr8L|chr8R:ID1_Gray	chr12R	1	False
26e49783-2d01-4256-ae15-f0de872f05c0	28	chr13R	N	5	rev	0	ID1,ID2,ID2,ID2,ID2	ID1_Gray,ID2_Red-Light,ID2_Red-Light,ID2_Red-Light,ID2_Red-Light	chr12L|chr12R|chr13L|chr16R|chr5R|chr8L|chr8R:ID1_Gray > chr12R[2-5]:ID2_Red-Light,ID2_Red-Light,ID2_Red-Light,ID2_Red-Light	chr12R	1	False
27c17c61-2c0f-4565-82a4-c2870ccf1fab	28	chr13L	N	3	rev	1	ID1,ID3,ID3	ID1_Gray,ID3_Orange,ID3_Orange	chr14L[3]:ID3_Orange > chr14L[3]:ID3_Orange	chr14L	1	False
27d754dc-a6c3-4007-90f0-b5fc3974f275	28	chr15R	Y	3	rev	1	ID2,ID2,ID2	ID2_Red-Dark,ID2_Red-Light,ID2_Red-Light	chr12R|chr4R:ID2_Red-Light,ID2_Red-Light	chr12R|chr4R	1	False
27f0a2cd-4779-4be9-ad86-b4050392e1f6	28	chr14L	N	7	rev	5	ID5,ID2,ID3,ID3,ID3,ID3,ID3	ID5_Blue-Light,ID2_Red-Light,ID3_Orange,ID3_Orange,ID3_Orange,ID3_Orange,ID3_Orange	self[3]:ID3_Orange > self[3]:ID3_Orange	chr14L	1	False
28e1efaa-e12d-4da4-b2bc-9012405e5328	28	chr12R	N	12	rev	7	ID1,ID2,ID2,ID2,ID2,ID2,ID2,ID2,ID2,ID2,ID2,ID2	ID1_Gray,ID2_Red-Light,ID2_Red-Light,ID2_Red-Light,ID2_Red-Light,ID2_Red-Light,ID2_Red-Light,ID2_Red-Light,ID2_Red-Light,ID2_Red-Light,ID2_Red-Light,ID2_Red-Light	self[2-6]:ID2_Red-Light,ID2_Red-Light,ID2_Red-Light,ID2_Red-Light,ID2_Red-Light	chr12R	1	False
2919ded6-583e-44fc-92a3-835b1b851ae5	28	chr12L	N	4	rev	1	ID1,ID3,ID3,ID3	ID1_Gray,ID3_Orange,ID3_Orange,ID3_Orange	chr14L[3]:ID3_Orange,ID3_Orange,ID3_Orange(circ x3.0 moderate)	chr14L	1	False
291a0ff1-0ee9-44a0-9bfd-61391a014d74	33	chr12L	N	5	rev	1	ID1,ID2,ID3,ID3,ID3	ID1_Gray,ID2_Red-Light,ID3_Orange,ID3_Orange,ID3_Orange	chr14L[2-5]:ID2_Red-Light,ID3_Orange,ID3_Orange,ID3_Orange	chr14L	1	False
29526992-309b-4b02-89bc-c8989cd5a138	33	chr7L	N	2	fwd	0	ID2,ID3	ID2_Red-Light,ID3_Orange	chr14L[2-3]:ID2_Red-Light,ID3_Orange	chr14L	1	False
298827fe-ffa9-457c-8396-5c2efc7b2f2b	33	chr13L	N	5	rev	1	ID1,ID3,ID3,ID3,ID3	ID1_Gray,ID3_Orange,ID3_Orange,ID3_Orange,ID3_Orange	chr14L[3]:ID3_Orange,ID3_Orange,ID3_Orange,ID3_Orange(circ x4.0 moderate | alt chr14L[3-5] + chr14L[3])	chr14L	1	False
2be56d45-43e6-4853-b265-a7f580a14b96	28	chr13L	N	4	rev	0	ID3,ID3,ID3,ID3	ID3_Orange,ID3_Orange,ID3_Orange,ID3_Orange	chr14L[3]:ID3_Orange,ID3_Orange,ID3_Orange,ID3_Orange(circ x4.0 moderate | alt chr14L[3-5] + chr14L[3])	chr14L	1	False
2cb651b5-78cd-47d0-af38-fe6a00438445	28	chr10R	N	2	rev	0	ID1,ID2	ID1_Gray,ID2_Red-Light	chr12R[1-2]:ID1_Gray,ID2_Red-Light	chr12R	1	False
2ccb08dd-b60f-4618-93d2-d57a64aae38a	33	chr16L	N	6	fwd	1	ID5,ID2,ID2,ID2,ID2,ID2	ID5_Blue-Dark,ID2_Red-Light,ID2_Red-Light,ID2_Red-Light,ID2_Red-Light,ID2_Red-Light	chr12R[2-6]:ID2_Red-Light,ID2_Red-Light,ID2_Red-Light,ID2_Red-Light,ID2_Red-Light	chr12R	1	False
2cfa5f4f-7f31-4503-bea9-59dab9f43066	33	chr5R	N	3	rev	1	ID1,ID2,ID2	ID1_Gray,ID2_Red-Light,ID2_Red-Light	chr12R|chr4R:ID2_Red-Light,ID2_Red-Light	chr12R|chr4R	1	False
2d3657da-1142-454b-af94-f4b1a4d690c6	28	chr2L	N	3	rev	1	ID4,ID2,ID2	ID4_Green-Light,ID2_Red-Light,ID2_Red-Light	chr12R|chr4R:ID2_Red-Light,ID2_Red-Light	chr12R|chr4R	1	False
2db1d4d8-b760-4cd1-9683-14b929eda457	28	chr14L	N	8	rev	5	ID5,ID2,ID3,ID3,ID3,ID3,ID3,ID3	ID5_Blue-Light,ID2_Red-Light,ID3_Orange,ID3_Orange,ID3_Orange,ID3_Orange,ID3_Orange,ID3_Orange	self[3-5]:ID3_Orange,ID3_Orange,ID3_Orange	chr14L	1	False
2fbad8c1-d689-4f72-beee-e32b46565b3e	33	chr11L	Y	7	fwd	0	ID6,ID2,ID2,ID2,ID2,ID2,ID2	ID6_Purple-Dark,ID2_Red-Dark,ID2_Red-Light,ID2_Red-Light,ID2_Red-Light,ID2_Red-Light,ID2_Red-Light	chr10L|chr9L:ID6_Purple-Dark > chr15R[1]:ID2_Red-Dark > chr12R[2-6]:ID2_Red-Light,ID2_Red-Light,ID2_Red-Light,ID2_Red-Light,ID2_Red-Light	chr10L|chr9L > chr15R > chr12R	3	True
30a98dba-ce90-4d09-9aa2-74edd1841a69	33	chr16L	N	9	fwd	1	ID5,ID3,ID3,ID3,ID3,ID3,ID3,ID3,ID3	ID5_Blue-Dark,ID3_Orange,ID3_Orange,ID3_Orange,ID3_Orange,ID3_Orange,ID3_Orange,ID3_Orange,ID3_Orange	chr14L[3]:ID3_Orange,ID3_Orange,ID3_Orange,ID3_Orange,ID3_Orange,ID3_Orange,ID3_Orange,ID3_Orange(circ x8.0 strong)	chr14L	1	False
30e578f4-b90d-471a-ae91-f9bbcb5e77a3	33	chr1R	Y	2	rev	0	ID1,ID4	ID1_Gray,ID4_Green-Light	chr12L|chr12R|chr13L|chr16R|chr5R|chr8L|chr8R:ID1_Gray > chr2L|chr6L:ID4_Green-Light	chr12L|chr12R|chr13L|chr16R|chr5R|chr8L|chr8R > chr2L|chr6L	2	True
3132d311-49e9-4d6e-8eff-76ca0691875b	28	chr7R	N	4	fwd	1	ID5,ID2,ID2,ID2	ID5_Blue-Dark,ID2_Red-Light,ID2_Red-Light,ID2_Red-Light	chr4R[5-7]:ID2_Red-Light,ID2_Red-Light,ID2_Red-Light	chr4R	1	False
31a3bc58-a676-4a75-956d-f06a7f7b2094	28	chr11R	Y	2	rev	0	ID2,ID3	ID2_Red-Dark,ID3_Orange	chr15R[1]:ID2_Red-Dark > chr14L[3]:ID3_Orange	chr15R > chr14L	2	True
31f877bf-73e5-4242-9dcb-166e1a44b3b5	28	chr13L	N	3	fwd	1	ID1,ID2,ID2	ID1_Gray,ID2_Red-Light,ID2_Red-Light	chr12R|chr4R:ID2_Red-Light,ID2_Red-Light	chr12R|chr4R	1	False
3225916a-2bb1-4e94-813a-d03d63c03e56	28	chr4R	N	9	fwd	7	ID2,ID2,ID2,ID2,ID2,ID2,ID2,ID2,ID2	ID2_Red-Light,ID2_Red-Light,ID2_Red-Light,ID2_Red-Light,ID2_Red-Light,ID2_Red-Light,ID2_Red-Light,ID2_Red-Light,ID2_Red-Light	self[1-2]:ID2_Red-Light,ID2_Red-Light	chr4R	1	False
32451c8d-1a0e-4951-8f7c-a9b2fe6def79	28	chr12L	Y	4	fwd	1	ID1,ID2,ID2,ID6	ID1_Gray,ID2_Red-Light,ID2_Red-Dark,ID6_Purple-Neutral	chr12R|chr14L|chr4R:ID2_Red-Light > chr15R[1]:ID2_Red-Dark > chr14R[1]:ID6_Purple-Neutral	chr12R|chr14L|chr4R > chr15R > chr14R	3	True
324eef44-4e95-4849-a46d-fe6684a9cd87	28	chr4L	N	5	fwd	0	ID5,ID2,ID2,ID2,ID2	ID5_Blue-Dark,ID2_Red-Light,ID2_Red-Light,ID2_Red-Light,ID2_Red-Light	chr16L|chr7R:ID5_Blue-Dark > chr12R[2-5]:ID2_Red-Light,ID2_Red-Light,ID2_Red-Light,ID2_Red-Light	chr16L|chr7R > chr12R	2	True
32a573b1-f456-4862-bc14-ea9598ad024e	28	chr12R	N	11	rev	7	ID1,ID2,ID2,ID2,ID2,ID2,ID2,ID2,ID2,ID2,ID2	ID1_Gray,ID2_Red-Light,ID2_Red-Light,ID2_Red-Light,ID2_Red-Light,ID2_Red-Light,ID2_Red-Light,ID2_Red-Light,ID2_Red-Light,ID2_Red-Light,ID2_Red-Light	self[2-5]:ID2_Red-Light,ID2_Red-Light,ID2_Red-Light,ID2_Red-Light	chr12R	1	False
32aeb166-0e1e-4579-8b2e-ba9b54a7b31b	33	chr14L	N	7	rev	5	ID5,ID2,ID3,ID3,ID3,ID3,ID3	ID5_Blue-Light,ID2_Red-Light,ID3_Orange,ID3_Orange,ID3_Orange,ID3_Orange,ID3_Orange	self[3]:ID3_Orange > self[3]:ID3_Orange	chr14L	1	False
32c21aad-f4d5-4624-afa4-58315f45f8c9	33	chr2R	Y	2	rev	0	ID1,ID5	ID1_Gray,ID5_Blue-Dark	chr12L|chr12R|chr13L|chr16R|chr5R|chr8L|chr8R:ID1_Gray > chr16L|chr7R:ID5_Blue-Dark	chr12L|chr12R|chr13L|chr16R|chr5R|chr8L|chr8R > chr16L|chr7R	2	True
32d92e3d-5304-419c-a56e-95b284f490aa	33	chr4L	Y	2	rev	0	ID3,ID2	ID3_Orange,ID2_Red-Dark	chr14L[3]:ID3_Orange > chr15R[1]:ID2_Red-Dark	chr14L > chr15R	2	True
3323c05c-c5b0-47f7-99d4-fa807b744081	33	chr4L	Y	2	rev	0	ID5,ID2	ID5_Blue-Dark,ID2_Red-Light	chr16L|chr7R:ID5_Blue-Dark > chr12R|chr14L|chr4R:ID2_Red-Light	chr16L|chr7R > chr12R|chr14L|chr4R	2	True
33487c7f-952b-495e-a2c7-5bf01214d554	28	chr16L	N	6	rev	1	ID5,ID3,ID3,ID3,ID3,ID3	ID5_Blue-Dark,ID3_Orange,ID3_Orange,ID3_Orange,ID3_Orange,ID3_Orange	chr14L[3]:ID3_Orange > chr14L[3]:ID3_Orange,ID3_Orange,ID3_Orange,ID3_Orange(circ x4.0 moderate | alt chr14L[3-5] + chr14L[3])	chr14L	1	False
33893e9c-fb9b-4e99-87e0-b9d3927a0200	33	chr7R	N	3	rev	1	ID5,ID2,ID2	ID5_Blue-Dark,ID2_Red-Light,ID2_Red-Light	chr12R|chr4R:ID2_Red-Light,ID2_Red-Light	chr12R|chr4R	1	False
3476e9e4-fba4-4d41-a4b1-16c6e485c9f6	28	chr12R	N	11	fwd	7	ID1,ID2,ID2,ID2,ID2,ID2,ID2,ID2,ID2,ID2,ID2	ID1_Gray,ID2_Red-Light,ID2_Red-Light,ID2_Red-Light,ID2_Red-Light,ID2_Red-Light,ID2_Red-Light,ID2_Red-Light,ID2_Red-Light,ID2_Red-Light,ID2_Red-Light	self[2-4]:ID2_Red-Light,ID2_Red-Light,ID2_Red-Light,ID2_Red-Light(circ x1.3 moderate | alt chr12R[2] + chr12R[2-4])	chr12R	1	False
35ab1e30-c26c-4541-83ac-f1ab650d2114	33	chr12L	N	3	rev	1	ID1,ID3,ID3	ID1_Gray,ID3_Orange,ID3_Orange	chr14L[3-4]:ID3_Orange,ID3_Orange	chr14L	1	False
35c1e9d4-ba97-4eb6-9389-0868262d897c	33	chr14L	N	10	rev	0	ID5,ID2,ID3,ID2,ID3,ID3,ID3,ID3,ID3,ID3	ID5_Blue-Dark,ID2_Red-Light,ID3_Orange,ID2_Red-Light,ID3_Orange,ID3_Orange,ID3_Orange,ID3_Orange,ID3_Orange,ID3_Orange	chr16L|chr7R:ID5_Blue-Dark > self[2-3]:ID2_Red-Light,ID3_Orange,ID2_Red-Light,ID3_Orange(circ x2.0 moderate | alt chr14L[2-3] + chr14L[2-3]) > self[3]:ID3_Orange,ID3_Orange,ID3_Orange,ID3_Orange,ID3_Orange(circ x5.0 moderate | alt chr14L[3-5] + chr14L[3-4])	chr16L|chr7R > chr14L	2	True
37a1d16f-c5d6-406d-98f2-4cf6bdd74493	28	chr11L	N	2	rev	0	ID2,ID2	ID2_Red-Light,ID2_Red-Light	chr12R|chr4R:ID2_Red-Light,ID2_Red-Light	chr12R|chr4R	1	False
37d2ffe1-6ee7-4583-bce0-ce2d8e212a43	28	chr7R	N	3	fwd	1	ID5,ID3,ID3	ID5_Blue-Dark,ID3_Orange,ID3_Orange	chr14L[3-4]:ID3_Orange,ID3_Orange	chr14L	1	False
380681f0-a3de-4bd1-b287-9d53f52dabd7	28	chr10R	N	2	rev	0	ID1,ID2	ID1_Gray,ID2_Red-Light	chr12R[1-2]:ID1_Gray,ID2_Red-Light	chr12R	1	False
3905d4b4-7d53-4bde-a042-bd2e6600e019	33	chr1L	Y	2	fwd	0	ID6,ID3	ID6_Purple-Neutral,ID3_Orange	chr14R[1]:ID6_Purple-Neutral > chr14L[3]:ID3_Orange	chr14R > chr14L	2	True
39143264-3efc-42bb-8e28-0aedd32fdb6c	33	chr14L	N	10	rev	5	ID5,ID2,ID3,ID3,ID3,ID2,ID3,ID3,ID3,ID3	ID5_Blue-Light,ID2_Red-Light,ID3_Orange,ID3_Orange,ID3_Orange,ID2_Red-Light,ID3_Orange,ID3_Orange,ID3_Orange,ID3_Orange	self[2-5]:ID2_Red-Light,ID3_Orange,ID3_Orange,ID3_Orange > self[3]:ID3_Orange	chr14L	1	False
3abeaa2a-18f0-429a-91d0-3ab6c7267772	33	chr5R	N	4	rev	1	ID1,ID2,ID2,ID2	ID1_Gray,ID2_Red-Light,ID2_Red-Light,ID2_Red-Light	chr4R[5-7]:ID2_Red-Light,ID2_Red-Light,ID2_Red-Light	chr4R	1	False
3c12042f-4e57-4a3e-b13d-83d37d13560e	28	chr16R	N	4	rev	1	ID1,ID2,ID2,ID2	ID1_Gray,ID2_Red-Dark,ID2_Red-Dark,ID2_Red-Dark	chr15R[1]:ID2_Red-Dark,ID2_Red-Dark,ID2_Red-Dark(circ x3.0 strong)	chr15R	1	False
3c70fce4-f20f-405a-9e28-a9c921b96fa0	33	chr14R	Y	3	rev	1	ID6,ID2,ID6	ID6_Purple-Neutral,ID2_Red-Light,ID6_Purple-Neutral	chr4R?[1]:ID2_Red-Light > self[1]:ID6_Purple-Neutral	chr4R > chr14R	2	True
3c785aa2-835e-4113-bc3e-c4b5cf724bb6	33	chr8L	N	5	rev	1	ID1,ID2,ID2,ID2,ID2	ID1_Gray,ID2_Red-Light,ID2_Red-Light,ID2_Red-Light,ID2_Red-Light	chr12R[2-5]:ID2_Red-Light,ID2_Red-Light,ID2_Red-Light,ID2_Red-Light	chr12R	1	False
3d4f6b2b-d4c7-45d9-b6ac-1453bf8c39bb	28	chr8R	N	4	rev	0	ID3,ID2,ID2,ID2	ID3_Orange,ID2_Red-Light,ID2_Red-Light,ID2_Red-Light	chr14L[3]:ID3_Orange > chr4R[5-7]:ID2_Red-Light,ID2_Red-Light,ID2_Red-Light	chr14L > chr4R	2	True
3d61ffb3-0be1-457f-a836-639360626732	28	chr7R	N	4	fwd	1	ID5,ID2,ID2,ID2	ID5_Blue-Dark,ID2_Red-Light,ID2_Red-Light,ID2_Red-Light	chr12R|chr4R:ID2_Red-Light,ID2_Red-Light,ID2_Red-Light	chr12R|chr4R	1	False
3da79b5b-2041-40d2-9fb3-e1937ab897f4	33	chr11R	Y	4	rev	0	ID6,ID2,ID3,ID3	ID6_Purple-Dark,ID2_Red-Light,ID3_Orange,ID3_Orange	chr10L|chr9L:ID6_Purple-Dark > chr14L[2-4]:ID2_Red-Light,ID3_Orange,ID3_Orange	chr10L|chr9L > chr14L	2	True
3e4dac84-f79c-438b-803d-2f25a05e6467	33	chr2L	N	4	fwd	1	ID4,ID2,ID2,ID2	ID4_Green-Light,ID2_Red-Light,ID2_Red-Light,ID2_Red-Light	chr12R|chr4R:ID2_Red-Light,ID2_Red-Light,ID2_Red-Light(circ x1.5)	chr12R|chr4R	1	False
3ebdecfd-38a3-402a-aaf0-9da3ef68ac29	28	chr14L	N	8	fwd	5	ID5,ID2,ID3,ID3,ID3,ID3,ID3,ID3	ID5_Blue-Light,ID2_Red-Light,ID3_Orange,ID3_Orange,ID3_Orange,ID3_Orange,ID3_Orange,ID3_Orange	self[3-5]:ID3_Orange,ID3_Orange,ID3_Orange	chr14L	1	False
3ef8e354-b40c-4d8c-83e1-611129172f9e	28	chr8R	N	4	rev	1	ID1,ID2,ID2,ID2	ID1_Gray,ID2_Red-Light,ID2_Red-Light,ID2_Red-Light	chr12R|chr4R:ID2_Red-Light,ID2_Red-Light,ID2_Red-Light	chr12R|chr4R	1	False
3f3d31b7-75f7-485a-ad8c-d232608a9556	33	chr12R	N	12	fwd	6	ID1,ID2,ID2,ID2,ID2,ID2,ID3,ID3,ID2,ID2,ID3,ID3	ID1_Gray,ID2_Red-Light,ID2_Red-Light,ID2_Red-Light,ID2_Red-Light,ID2_Red-Light,ID3_Orange,ID3_Orange,ID2_Red-Light,ID2_Red-Light,ID3_Orange,ID3_Orange	chr14L[3-4]:ID3_Orange,ID3_Orange > chr14L?[2]:ID2_Red-Light > chr14L[2-3]:ID2_Red-Light,ID3_Orange > chr14L[3]:ID3_Orange	chr14L	1	False
3fa1606d-2ce0-4c82-9fd2-d8bb77f85f5b	33	chr12L	N	9	rev	0	ID3,ID2,ID2,ID2,ID2,ID2,ID2,ID2,ID2	ID3_Orange,ID2_Red-Light,ID2_Red-Light,ID2_Red-Light,ID2_Red-Light,ID2_Red-Light,ID2_Red-Light,ID2_Red-Light,ID2_Red-Light	chr14L[3]:ID3_Orange > chr12R[2-7]:ID2_Red-Light,ID2_Red-Light,ID2_Red-Light,ID2_Red-Light,ID2_Red-Light,ID2_Red-Light,ID2_Red-Light,ID2_Red-Light(circ x1.3 strong)	chr14L > chr12R	2	True
3fa3779d-8312-445e-9ff1-4de43a97ca33	28	chr11L	N	5	fwd	0	ID3,ID3,ID3,ID3,ID3	ID3_Orange,ID3_Orange,ID3_Orange,ID3_Orange,ID3_Orange	chr14L[3-4]:ID3_Orange,ID3_Orange,ID3_Orange,ID3_Orange(circ x2.0 moderate | alt chr14L[3-5] + chr14L[3]) > chr14L[3]:ID3_Orange	chr14L	1	False
3fec9a5a-4ed6-4a5e-8326-f3c64f9cac34	33	chr10R	Y	7	rev	0	ID1,ID1,ID1,ID1,ID1,ID1,ID3	ID1_Gray,ID1_Gray,ID1_Gray,ID1_Gray,ID1_Gray,ID1_Gray,ID3_Orange	chr12R?[1]:ID1_Gray,ID1_Gray,ID1_Gray,ID1_Gray,ID1_Gray,ID1_Gray(circ x6.0 moderate) > chr14L[3]:ID3_Orange	chr12R > chr14L	2	True
3feee3a1-2705-465e-835a-3d40edff0e20	33	chr7R	N	5	rev	1	ID5,ID2,ID3,ID3,ID3	ID5_Blue-Dark,ID2_Red-Light,ID3_Orange,ID3_Orange,ID3_Orange	chr14L[2-5]:ID2_Red-Light,ID3_Orange,ID3_Orange,ID3_Orange	chr14L	1	False
400690f0-8a48-4d88-8d88-fffdf7477bff	33	chr16R	N	3	rev	1	ID1,ID2,ID2	ID1_Gray,ID2_Red-Light,ID2_Red-Light	chr12R|chr4R:ID2_Red-Light,ID2_Red-Light	chr12R|chr4R	1	False
404651ff-2262-4647-85b3-278fb85672fb	33	chr13R	N	2	fwd	0	ID2,ID2	ID2_Red-Light,ID2_Red-Light	chr12R|chr14L|chr4R:ID2_Red-Light > chr12R|chr14L|chr4R:ID2_Red-Light	chr12R|chr14L|chr4R	1	False
4055ebe0-75a4-4d4f-8928-0df7d2c8ae83	28	chr12R	N	11	rev	7	ID1,ID2,ID2,ID2,ID2,ID2,ID2,ID2,ID2,ID2,ID2	ID1_Gray,ID2_Red-Light,ID2_Red-Light,ID2_Red-Light,ID2_Red-Light,ID2_Red-Light,ID2_Red-Light,ID2_Red-Light,ID2_Red-Light,ID2_Red-Light,ID2_Red-Light	self[2-5]:ID2_Red-Light,ID2_Red-Light,ID2_Red-Light,ID2_Red-Light	chr12R	1	False
41059ef6-ee1e-4586-a7ee-01335a24ac65	28	chr15L	N	6	fwd	0	ID3,ID3,ID3,ID3,ID3,ID3	ID3_Orange,ID3_Orange,ID3_Orange,ID3_Orange,ID3_Orange,ID3_Orange	chr14L[3-5]:ID3_Orange,ID3_Orange,ID3_Orange,ID3_Orange,ID3_Orange,ID3_Orange(circ x2.0 strong)	chr14L	1	False
419c903c-aa8a-4d3c-81dd-fc9d01775e24	33	chr7R	N	3	rev	1	ID5,ID2,ID2	ID5_Blue-Dark,ID2_Red-Light,ID2_Red-Light	chr4R[1-2]:ID2_Red-Light,ID2_Red-Light	chr4R	1	False
41c9fd2b-644f-42a0-889e-2a6b268527b2	28	chr6R	N	6	fwd	0	ID2,ID2,ID2,ID2,ID2,ID2	ID2_Red-Light,ID2_Red-Light,ID2_Red-Light,ID2_Red-Light,ID2_Red-Light,ID2_Red-Light	chr12R[2-7]:ID2_Red-Light,ID2_Red-Light,ID2_Red-Light,ID2_Red-Light,ID2_Red-Light,ID2_Red-Light	chr12R	1	False
4237f580-c272-419e-b554-2965f0d3aa97	33	chr10L	N	4	rev	1	ID6,ID3,ID3,ID3	ID6_Purple-Dark,ID3_Orange,ID3_Orange,ID3_Orange	chr14L[3-5]:ID3_Orange,ID3_Orange,ID3_Orange	chr14L	1	False
425b9e94-fc29-450f-8549-72cf5d08bb88	28	chr12R	Y	10	fwd	7	ID1,ID2,ID2,ID2,ID2,ID2,ID2,ID2,ID2,ID3	ID1_Gray,ID2_Red-Light,ID2_Red-Light,ID2_Red-Light,ID2_Red-Light,ID2_Red-Light,ID2_Red-Light,ID2_Red-Dark,ID2_Red-Light,ID3_Orange	chr15R[1]:ID2_Red-Dark > chr14L[2-3]:ID2_Red-Light,ID3_Orange	chr15R > chr14L	2	True
42e0244e-cc04-4c7c-8862-58fd547159f3	28	chr16L	N	4	rev	1	ID5,ID3,ID3,ID2	ID5_Blue-Dark,ID3_Orange,ID3_Orange,ID2_Red-Light	chr14L[3-4]:ID3_Orange,ID3_Orange > chr12R|chr14L|chr4R:ID2_Red-Light	chr14L	1	False
42ed4fcb-4f2c-42d1-bc80-e037f5a3ec62	28	chr14L	N	11	rev	5	ID5,ID2,ID3,ID3,ID3,ID3,ID3,ID2,ID2,ID3,ID2	ID5_Blue-Light,ID2_Red-Light,ID3_Orange,ID3_Orange,ID3_Orange,ID3_Orange,ID3_Orange,ID2_Red-Light,ID2_Red-Light,ID3_Orange,ID2_Red-Light	self[3-4]:ID3_Orange,ID3_Orange > self[2]:ID2_Red-Light > self[2-3]:ID2_Red-Light,ID3_Orange,ID2_Red-Light(circ x1.5 moderate | alt chr14L[2-3] + chr14L[2])	chr14L	1	False
43490bf7-4b00-4acf-894c-b813177d60a1	28	chr5R	N	3	rev	1	ID1,ID2,ID3	ID1_Gray,ID2_Red-Light,ID3_Orange	chr14L[2-3]:ID2_Red-Light,ID3_Orange	chr14L	1	False
4362304a-215c-441c-829b-3e2ca14ab6d2	28	chr14L	N	8	rev	0	ID5,ID2,ID3,ID3,ID3,ID3,ID3,ID3	ID5_Blue-Dark,ID2_Red-Light,ID3_Orange,ID3_Orange,ID3_Orange,ID3_Orange,ID3_Orange,ID3_Orange	chr16L|chr7R:ID5_Blue-Dark > self[2-5]:ID2_Red-Light,ID3_Orange,ID3_Orange,ID3_Orange > self[3-5]:ID3_Orange,ID3_Orange,ID3_Orange	chr16L|chr7R > chr14L	2	True
43799afe-9ad9-4649-8e70-28a9f3a4ef59	33	chr13L	N	4	rev	1	ID1,ID2,ID2,ID2	ID1_Gray,ID2_Red-Light,ID2_Red-Light,ID2_Red-Light	chr4R[5-7]:ID2_Red-Light,ID2_Red-Light,ID2_Red-Light	chr4R	1	False
44796785-e6e2-4fa7-ac09-008f44fbfc9d	33	chr15R	N	3	rev	1	ID2,ID2,ID2	ID2_Red-Dark,ID2_Red-Light,ID2_Red-Light	chr12R|chr4R:ID2_Red-Light,ID2_Red-Light	chr12R|chr4R	1	False
452423d8-678a-48cc-b609-0d7394b87f96	33	chr7R	N	4	fwd	1	ID5,ID2,ID2,ID2	ID5_Blue-Dark,ID2_Red-Light,ID2_Red-Light,ID2_Red-Light	chr12R|chr4R:ID2_Red-Light,ID2_Red-Light,ID2_Red-Light	chr12R|chr4R	1	False
465575dd-0087-4caa-8152-13162fefb461	28	chr2L	Y	3	fwd	1	ID4,ID3,ID4	ID4_Green-Light,ID3_Orange,ID4_Green-Light	chr14L[3]:ID3_Orange > self[1]:ID4_Green-Light	chr14L > chr2L	2	True
465b78f7-8ee9-405b-a04b-3522f5552f47	28	chr14L	N	7	rev	0	ID5,ID2,ID3,ID3,ID3,ID3,ID3	ID5_Blue-Dark,ID2_Red-Light,ID3_Orange,ID3_Orange,ID3_Orange,ID3_Orange,ID3_Orange	chr16L|chr7R:ID5_Blue-Dark > self[2-5]:ID2_Red-Light,ID3_Orange,ID3_Orange,ID3_Orange > self[3-4]:ID3_Orange,ID3_Orange	chr16L|chr7R > chr14L	2	True
470e8a6f-cd29-4b1a-863c-1be5461433d0	33	chr13R	N	3	rev	0	ID5,ID5,ID5	ID5_Blue-Dark,ID5_Blue-Dark,ID5_Blue-Dark	chr16L|chr7R:ID5_Blue-Dark,ID5_Blue-Dark,ID5_Blue-Dark(circ x3.0)	chr16L|chr7R	1	False
47bfca77-29b6-426d-989a-ed108c30463c	28	chr5L	N	7	rev	1	ID6,ID2,ID2,ID2,ID2,ID2,ID2	ID6_Purple-Light,ID2_Red-Light,ID2_Red-Light,ID2_Red-Light,ID2_Red-Light,ID2_Red-Light,ID2_Red-Light	chr12R|chr4R:ID2_Red-Light,ID2_Red-Light,ID2_Red-Light,ID2_Red-Light,ID2_Red-Light,ID2_Red-Light(circ x2.0)	chr12R|chr4R	1	False
47c1202f-4e7d-48f5-9ca6-41ebf16d272d	33	chr13R	Y	2	fwd	0	ID5,ID2	ID5_Blue-Dark,ID2_Red-Dark	chr16L|chr7R:ID5_Blue-Dark > chr15R[1]:ID2_Red-Dark	chr16L|chr7R > chr15R	2	True
47f3d02d-7f0a-48dd-82f5-325ce54d2718	28	chr7R	N	4	rev	1	ID5,ID5,ID5,ID5	ID5_Blue-Dark,ID5_Blue-Dark,ID5_Blue-Dark,ID5_Blue-Dark	self[1]:ID5_Blue-Dark,ID5_Blue-Dark,ID5_Blue-Dark(circ x3.0 strong)	chr7R	1	False
48140d22-c01a-4ef6-b1d3-9e93c8214912	33	chr10L	N	3	fwd	0	ID2,ID2,ID2	ID2_Red-Light,ID2_Red-Light,ID2_Red-Light	chr12R|chr4R:ID2_Red-Light,ID2_Red-Light,ID2_Red-Light	chr12R|chr4R	1	False
4875dad3-fa8e-499d-a5c0-eaa942013528	28	chr7R	N	3	fwd	1	ID5,ID2,ID2	ID5_Blue-Dark,ID2_Red-Light,ID2_Red-Light	chr4R[1-2]:ID2_Red-Light,ID2_Red-Light	chr4R	1	False
48862fcc-ba03-49b9-8667-0c27b6c663af	33	chr14L	N	8	fwd	5	ID5,ID2,ID3,ID3,ID3,ID3,ID3,ID3	ID5_Blue-Light,ID2_Red-Light,ID3_Orange,ID3_Orange,ID3_Orange,ID3_Orange,ID3_Orange,ID3_Orange	self[3-5]:ID3_Orange,ID3_Orange,ID3_Orange	chr14L	1	False
48b2113e-a41c-4e03-9285-540c5fc196fe	28	chr14L	N	8	fwd	5	ID5,ID2,ID3,ID3,ID3,ID2,ID3,ID3	ID5_Blue-Light,ID2_Red-Light,ID3_Orange,ID3_Orange,ID3_Orange,ID2_Red-Light,ID3_Orange,ID3_Orange	self[2-4]:ID2_Red-Light,ID3_Orange,ID3_Orange	chr14L	1	False
48fb1bad-0da0-4bad-823f-c094976ff00b	33	chr7R	N	4	rev	1	ID5,ID2,ID3,ID2	ID5_Blue-Dark,ID2_Red-Light,ID3_Orange,ID2_Red-Light	chr14L[2-3]:ID2_Red-Light,ID3_Orange,ID2_Red-Light(circ x1.5 moderate | alt chr14L[2-3] + chr14L[2])	chr14L	1	False
49c026ae-35b2-43ac-9e80-0c560a48ce20	33	chr6L	N	4	rev	1	ID4,ID3,ID3,ID3	ID4_Green-Light,ID3_Orange,ID3_Orange,ID3_Orange	chr14L[3-4]:ID3_Orange,ID3_Orange,ID3_Orange(circ x1.5 moderate | alt chr14L[3-4] + chr14L[3])	chr14L	1	False
4b7d0ca4-5d3c-40a9-88e5-2fd14b0f5987	28	chr10R	N	5	fwd	0	ID3,ID3,ID3,ID3,ID3	ID3_Orange,ID3_Orange,ID3_Orange,ID3_Orange,ID3_Orange	chr14L[3]:ID3_Orange,ID3_Orange,ID3_Orange,ID3_Orange,ID3_Orange(circ x5.0 moderate | alt chr14L[3-5] + chr14L[3-4])	chr14L	1	False
4bfdfefe-41f3-4a46-8adf-34995212a16c	28	chr9L	N	3	rev	1	ID6,ID2,ID2	ID6_Purple-Dark,ID2_Red-Light,ID2_Red-Light	chr4R[1-2]:ID2_Red-Light,ID2_Red-Light	chr4R	1	False
4c30dfca-7f0c-4861-b280-9143bbf2a304	33	chr13L	N	4	rev	1	ID1,ID2,ID2,ID2	ID1_Gray,ID2_Red-Light,ID2_Red-Light,ID2_Red-Light	chr12R|chr4R:ID2_Red-Light,ID2_Red-Light,ID2_Red-Light	chr12R|chr4R	1	False
4c37d4e4-4607-4e16-9a12-a953782d7ccc	33	chr10R	Y	2	fwd	0	ID6,ID2	ID6_Purple-Dark,ID2_Red-Light	chr10L|chr9L:ID6_Purple-Dark > chr12R|chr14L|chr4R:ID2_Red-Light	chr10L|chr9L > chr12R|chr14L|chr4R	2	True
4c8efe28-de52-49b1-9a4c-952b82a4dfba	28	chr7L	Y	2	rev	0	ID1,ID3	ID1_Gray,ID3_Orange	chr12R?[1]:ID1_Gray > chr14L[3]:ID3_Orange	chr12R > chr14L	2	True
4c991d02-92c9-4843-87c5-09e062366403	28	chr2L	N	5	rev	1	ID4,ID3,ID3,ID3,ID3	ID4_Green-Light,ID3_Orange,ID3_Orange,ID3_Orange,ID3_Orange	chr14L[3]:ID3_Orange,ID3_Orange,ID3_Orange,ID3_Orange(circ x4.0 moderate | alt chr14L[3-5] + chr14L[3])	chr14L	1	False
4f99d2eb-f544-41ae-b575-aa3b058aeb8a	28	chr8R	N	3	rev	1	ID1,ID2,ID2	ID1_Gray,ID2_Red-Light,ID2_Red-Light	chr12R|chr4R:ID2_Red-Light,ID2_Red-Light	chr12R|chr4R	1	False
505ac6b6-fa2a-4e63-b14b-09371aeeb20d	33	chr7L	Y	4	fwd	0	ID1,ID2,ID3,ID3	ID1_Gray,ID2_Red-Light,ID3_Orange,ID3_Orange	chr12R[1-2]:ID1_Gray,ID2_Red-Light > chr14L[3-4]:ID3_Orange,ID3_Orange	chr12R > chr14L	2	True
510a0943-9cbd-4788-b23e-ec83e566d47a	28	chr9L	N	4	fwd	1	ID6,ID3,ID3,ID3	ID6_Purple-Dark,ID3_Orange,ID3_Orange,ID3_Orange	chr14L[3-5]:ID3_Orange,ID3_Orange,ID3_Orange	chr14L	1	False
51c2612c-005b-4777-9329-0c2d625fb365	28	chr8L	N	3	rev	1	ID1,ID2,ID2	ID1_Gray,ID2_Red-Light,ID2_Red-Light	chr12R|chr4R:ID2_Red-Light,ID2_Red-Light	chr12R|chr4R	1	False
52409b8e-eb3b-4155-b84e-50359008c545	28	chr15R	N	3	rev	1	ID2,ID2,ID2	ID2_Red-Dark,ID2_Red-Light,ID2_Red-Light	chr4R[1-2]:ID2_Red-Light,ID2_Red-Light	chr4R	1	False
52f865f9-ae0a-4c14-9d93-8d5c49ad8240	33	chr8L	N	5	fwd	1	ID1,ID3,ID3,ID3,ID3	ID1_Gray,ID3_Orange,ID3_Orange,ID3_Orange,ID3_Orange	chr14L[3]:ID3_Orange > chr14L[3]:ID3_Orange > chr14L[3]:ID3_Orange > chr14L[3]:ID3_Orange	chr14L	1	False
53f71148-86d7-4345-adbf-bab83414a0de	33	chr5R	Y	3	fwd	1	ID1,ID1,ID6	ID1_Gray,ID1_Gray,ID6_Purple-Light	self[1]:ID1_Gray > chr5L[1]:ID6_Purple-Light	chr5R > chr5L	2	True
54227d33-26cc-4359-99e9-f3a18505cefe	28	chr15R	Y	3	rev	1	ID2,ID2,ID2	ID2_Red-Dark,ID2_Red-Light,ID2_Red-Dark	chr12R|chr14L|chr4R:ID2_Red-Light > self[1]:ID2_Red-Dark	chr12R|chr14L|chr4R > chr15R	2	True
561f55a9-601f-49c5-b71c-a0f9a6ac9155	28	chr8L	N	3	fwd	1	ID1,ID3,ID3	ID1_Gray,ID3_Orange,ID3_Orange	chr14L[3-4]:ID3_Orange,ID3_Orange	chr14L	1	False
56e5a99a-d4a3-45ad-bfa9-0827a9114722	33	chr7R	N	3	rev	1	ID5,ID5,ID5	ID5_Blue-Dark,ID5_Blue-Dark,ID5_Blue-Dark	self[1]:ID5_Blue-Dark > self[1]:ID5_Blue-Dark	chr7R	1	False
5713b463-43f0-4276-a58c-2234741eac15	33	chr5L	N	3	fwd	1	ID6,ID3,ID3	ID6_Purple-Light,ID3_Orange,ID3_Orange	chr14L[3-4]:ID3_Orange,ID3_Orange	chr14L	1	False
59014bfd-59a3-43ae-9e42-c51f5326c136	28	chr13R	N	3	fwd	0	ID3,ID2,ID2	ID3_Orange,ID2_Red-Light,ID2_Red-Light	chr14L[3]:ID3_Orange > chr12R|chr4R:ID2_Red-Light,ID2_Red-Light	chr14L > chr12R|chr4R	2	True
5969c5b5-a32c-48cc-a08f-d8a7483080f9	33	chr6L	N	3	rev	1	ID4,ID2,ID2	ID4_Green-Light,ID2_Red-Light,ID2_Red-Light	chr12R[2-3]:ID2_Red-Light,ID2_Red-Light	chr12R	1	False
5ae6ba9d-f440-4db1-a383-0773ded495dc	28	chr12R	N	11	rev	7	ID1,ID2,ID2,ID2,ID2,ID2,ID2,ID2,ID2,ID2,ID2	ID1_Gray,ID2_Red-Light,ID2_Red-Light,ID2_Red-Light,ID2_Red-Light,ID2_Red-Light,ID2_Red-Light,ID2_Red-Light,ID2_Red-Light,ID2_Red-Light,ID2_Red-Light	self[2-5]:ID2_Red-Light,ID2_Red-Light,ID2_Red-Light,ID2_Red-Light	chr12R	1	False
5b68c50a-9ce9-4095-8810-864eda256fbd	33	chr1L	N	4	fwd	0	ID2,ID3,ID3,ID3	ID2_Red-Light,ID3_Orange,ID3_Orange,ID3_Orange	chr14L[2-5]:ID2_Red-Light,ID3_Orange,ID3_Orange,ID3_Orange	chr14L	1	False
5b92c91a-a1fa-44cc-ab2b-f07e0f2963aa	28	chr8R	N	10	rev	0	ID3,ID2,ID2,ID2,ID2,ID2,ID2,ID2,ID2,ID2	ID3_Orange,ID2_Red-Light,ID2_Red-Light,ID2_Red-Light,ID2_Red-Light,ID2_Red-Light,ID2_Red-Light,ID2_Red-Light,ID2_Red-Light,ID2_Red-Light	chr14L[3]:ID3_Orange > chr12R|chr14L|chr4R:ID2_Red-Light,ID2_Red-Light,ID2_Red-Light,ID2_Red-Light,ID2_Red-Light,ID2_Red-Light,ID2_Red-Light,ID2_Red-Light,ID2_Red-Light(circ x9.0)	chr14L	1	False
5b9381cc-556f-4d32-8fee-8954fdb6b7ca	28	chr5R	N	3	fwd	1	ID1,ID2,ID2	ID1_Gray,ID2_Red-Light,ID2_Red-Light	chr12R[2-3]:ID2_Red-Light,ID2_Red-Light	chr12R	1	False
5c989306-edfd-46d0-a475-668e7f491935	28	chr1L	N	2	fwd	0	ID3,ID2	ID3_Orange,ID2_Red-Light	chr14L[3]:ID3_Orange > chr12R|chr14L|chr4R:ID2_Red-Light	chr14L	1	False
5cb59980-b220-4a91-998e-eb209431a566	28	chr5R	N	5	rev	1	ID1,ID2,ID3,ID3,ID3	ID1_Gray,ID2_Red-Light,ID3_Orange,ID3_Orange,ID3_Orange	chr14L[2-5]:ID2_Red-Light,ID3_Orange,ID3_Orange,ID3_Orange	chr14L	1	False
5cbf6e91-157b-468c-8a6b-57a3ccc91efe	33	chr14L	N	10	rev	5	ID5,ID2,ID3,ID3,ID3,ID3,ID3,ID3,ID3,ID3	ID5_Blue-Light,ID2_Red-Light,ID3_Orange,ID3_Orange,ID3_Orange,ID3_Orange,ID3_Orange,ID3_Orange,ID3_Orange,ID3_Orange	self[3]:ID3_Orange,ID3_Orange,ID3_Orange,ID3_Orange,ID3_Orange(circ x5.0 moderate | alt chr14L[3-5] + chr14L[3-4])	chr14L	1	False
5cd9f086-2e23-4b4c-a8c8-d730a9186ffb	33	chr15L	Y	2	rev	0	ID6,ID1	ID6_Purple-Neutral,ID1_Gray	chr14R[1]:ID6_Purple-Neutral > chr12L|chr12R|chr13L|chr16R|chr5R|chr8L|chr8R:ID1_Gray	chr14R > chr12L|chr12R|chr13L|chr16R|chr5R|chr8L|chr8R	2	True
5d222ee9-2c33-4774-94b5-7eca4a66c050	28	chr11R	N	4	fwd	0	ID1,ID2,ID2,ID2	ID1_Gray,ID2_Red-Light,ID2_Red-Light,ID2_Red-Light	chr12L|chr12R|chr13L|chr16R|chr5R|chr8L|chr8R:ID1_Gray > chr4R[5-7]:ID2_Red-Light,ID2_Red-Light,ID2_Red-Light	chr12L|chr12R|chr13L|chr16R|chr5R|chr8L|chr8R > chr4R	2	True
5e394ff3-debd-411b-90d5-267d4f424f47	33	chr7L	N	2	rev	0	ID3,ID3	ID3_Orange,ID3_Orange	chr14L[3-4]:ID3_Orange,ID3_Orange	chr14L	1	False
5ed4169d-40fe-49d5-bc6f-8fc717a3c53f	28	chr14R	N	5	rev	1	ID6,ID2,ID3,ID3,ID3	ID6_Purple-Neutral,ID2_Red-Light,ID3_Orange,ID3_Orange,ID3_Orange	chr14L[2-5]:ID2_Red-Light,ID3_Orange,ID3_Orange,ID3_Orange	chr14L	1	False
5f0a2676-053e-4f4e-9b03-49d561c689ce	28	chr11L	Y	2	fwd	0	ID6,ID3	ID6_Purple-Neutral,ID3_Orange	chr14R[1]:ID6_Purple-Neutral > chr14L[3]:ID3_Orange	chr14R > chr14L	2	True
5f68e557-22f1-45cf-9228-8043815b6ea4	33	chr7R	N	5	rev	1	ID5,ID2,ID2,ID2,ID2	ID5_Blue-Dark,ID2_Red-Light,ID2_Red-Light,ID2_Red-Light,ID2_Red-Light	chr12R[2-5]:ID2_Red-Light,ID2_Red-Light,ID2_Red-Light,ID2_Red-Light	chr12R	1	False
5faf915f-98ea-4f81-8a8a-a14c86a65e0b	28	chr16R	N	8	rev	1	ID1,ID2,ID2,ID2,ID2,ID2,ID2,ID2	ID1_Gray,ID2_Red-Light,ID2_Red-Light,ID2_Red-Light,ID2_Red-Light,ID2_Red-Light,ID2_Red-Light,ID2_Red-Light	chr12R[2-7]:ID2_Red-Light,ID2_Red-Light,ID2_Red-Light,ID2_Red-Light,ID2_Red-Light,ID2_Red-Light,ID2_Red-Light(circ x1.2 moderate | alt chr12R[2] + chr12R[2-7])	chr12R	1	False
610d24b4-0143-49ae-a498-783b3b5bc4a8	33	chr8L	N	3	rev	1	ID1,ID2,ID2	ID1_Gray,ID2_Red-Light,ID2_Red-Light	chr12R|chr4R:ID2_Red-Light,ID2_Red-Light	chr12R|chr4R	1	False
62448b5b-67e4-4d60-9512-148aba30db6b	28	chr16R	N	5	fwd	1	ID1,ID2,ID2,ID2,ID2	ID1_Gray,ID2_Red-Light,ID2_Red-Light,ID2_Red-Light,ID2_Red-Light	chr12R[3-6]:ID2_Red-Light,ID2_Red-Light,ID2_Red-Light,ID2_Red-Light	chr12R	1	False
628c0aad-62de-484b-8f1f-213fd7eb7a4e	33	chr11L	N	2	rev	0	ID2,ID2	ID2_Red-Light,ID2_Red-Light	chr4R[1-2]:ID2_Red-Light,ID2_Red-Light	chr4R	1	False
6326783e-7ea0-4667-bad0-825d968dad7e	33	chr16R	N	4	rev	1	ID1,ID2,ID2,ID2	ID1_Gray,ID2_Red-Light,ID2_Red-Light,ID2_Red-Light	chr4R[5-7]:ID2_Red-Light,ID2_Red-Light,ID2_Red-Light	chr4R	1	False
63c6c921-1cf2-4446-82f0-e62d7fc317e1	33	chr3R	N	3	rev	0	ID1,ID2,ID2	ID1_Gray,ID2_Red-Light,ID2_Red-Light	chr12L|chr12R|chr13L|chr16R|chr5R|chr8L|chr8R:ID1_Gray > chr12R|chr4R:ID2_Red-Light,ID2_Red-Light	chr12R	1	False
63d3bed3-7ee4-462d-b673-f555f090e735	28	chr5R	Y	3	rev	1	ID1,ID2,ID2	ID1_Gray,ID2_Red-Dark,ID2_Red-Light	chr15R[1]:ID2_Red-Dark > chr12R|chr14L|chr4R:ID2_Red-Light	chr15R > chr12R|chr14L|chr4R	2	True
651bba83-3c8b-44cb-85c9-917dcbb0ae71	28	chr7R	N	3	fwd	1	ID5,ID5,ID5	ID5_Blue-Dark,ID5_Blue-Light,ID5_Blue-Light	chr14L[1]:ID5_Blue-Light > chr14L[1]:ID5_Blue-Light	chr14L	1	False
654d6db3-86c2-43c9-a8c3-aefe80b235b0	28	chr7R	N	4	fwd	1	ID5,ID2,ID2,ID2	ID5_Blue-Dark,ID2_Red-Light,ID2_Red-Light,ID2_Red-Light	chr12R|chr4R:ID2_Red-Light,ID2_Red-Light,ID2_Red-Light	chr12R|chr4R	1	False
6598bdc5-5035-44ea-95be-3d82e8be9f64	33	chr15R	N	7	fwd	0	ID2,ID2,ID2,ID2,ID2,ID2,ID2	ID2_Red-Light,ID2_Red-Light,ID2_Red-Light,ID2_Red-Light,ID2_Red-Light,ID2_Red-Light,ID2_Red-Light	chr12R|chr14L|chr4R:ID2_Red-Light,ID2_Red-Light,ID2_Red-Light,ID2_Red-Light,ID2_Red-Light,ID2_Red-Light,ID2_Red-Light(circ x7.0)	chr12R|chr14L|chr4R	1	False
65b2d68d-5e40-4a28-8864-afbb3a0c6de9	33	chr5R	N	3	fwd	1	ID1,ID3,ID3	ID1_Gray,ID3_Orange,ID3_Orange	chr14L[3-4]:ID3_Orange,ID3_Orange	chr14L	1	False
66178ecd-c961-4be7-8201-1ee998589db9	28	chr2R	N	3	fwd	0	ID1,ID1,ID1	ID1_Gray,ID1_Gray,ID1_Gray	chr12R?[1]:ID1_Gray,ID1_Gray,ID1_Gray(circ x3.0 moderate)	chr12R	1	False
66aa46e5-03a9-4cf2-9194-2ec32e7c82ef	28	chr10L	N	5	fwd	1	ID6,ID3,ID3,ID3,ID3	ID6_Purple-Dark,ID3_Orange,ID3_Orange,ID3_Orange,ID3_Orange	chr14L[3]:ID3_Orange,ID3_Orange,ID3_Orange,ID3_Orange(circ x4.0 moderate | alt chr14L[3-5] + chr14L[3])	chr14L	1	False
6745af92-2e7c-4b21-a3ff-4feecdabc236	33	chr6L	N	3	rev	1	ID4,ID3,ID3	ID4_Green-Light,ID3_Orange,ID3_Orange	chr14L[3-4]:ID3_Orange,ID3_Orange	chr14L	1	False
68458dcd-a363-4e8b-a39f-e9d31885d5fc	33	chr16R	N	4	fwd	1	ID1,ID2,ID2,ID1	ID1_Gray,ID2_Red-Light,ID2_Red-Light,ID1_Gray	chr4R[5-6]:ID2_Red-Light,ID2_Red-Light > self[1]:ID1_Gray	chr4R > chr16R	2	True
685903e3-1f63-4d8c-a316-48405e06347c	33	chr7L	Y	2	rev	0	ID1,ID6	ID1_Gray,ID6_Purple-Neutral	chr12L|chr12R|chr13L|chr16R|chr5R|chr8L|chr8R:ID1_Gray > chr14R[1]:ID6_Purple-Neutral	chr12L|chr12R|chr13L|chr16R|chr5R|chr8L|chr8R > chr14R	2	True
687fefe5-f6f2-4e58-b0bd-c00e08db27aa	33	chr14L	N	6	rev	5	ID5,ID2,ID3,ID3,ID3,ID3	ID5_Blue-Light,ID2_Red-Light,ID3_Orange,ID3_Orange,ID3_Orange,ID3_Orange	self[3]:ID3_Orange	chr14L	1	False
690bb671-66a8-42ac-9cd1-166fdc5de60a	33	chr7L	N	2	rev	0	ID2,ID2	ID2_Red-Light,ID2_Red-Light	chr12R|chr4R:ID2_Red-Light,ID2_Red-Light	chr12R|chr4R	1	False
69161fc6-34b2-47c8-98ab-d6f237d31887	33	chr7L	Y	7	rev	0	ID5,ID3,ID6,ID6,ID3,ID6,ID6	ID5_Blue-Dark,ID3_Orange,ID6_Purple-Dark,ID6_Purple-Dark,ID3_Orange,ID6_Purple-Dark,ID6_Purple-Dark	chr16L|chr7R:ID5_Blue-Dark > chr14L[3]:ID3_Orange > chr10L|chr9L:ID6_Purple-Dark > chr10L|chr9L:ID6_Purple-Dark > chr14L[3]:ID3_Orange > chr10L|chr9L:ID6_Purple-Dark > chr10L|chr9L:ID6_Purple-Dark	chr16L|chr7R > chr14L > chr10L|chr9L > chr14L > chr10L|chr9L	5	True
692833c3-e9ad-4c12-8b76-e1347e9a2b06	33	chr15R	N	3	fwd	1	ID2,ID2,ID2	ID2_Red-Dark,ID2_Red-Dark,ID2_Red-Dark	self[1]:ID2_Red-Dark > self[1]:ID2_Red-Dark	chr15R	1	False
6a053a40-9751-4d9b-90d2-5a6cdac8ef54	28	chr10R	Y	2	rev	0	ID3,ID4	ID3_Orange,ID4_Green-Light	chr14L[3]:ID3_Orange > chr2L|chr6L:ID4_Green-Light	chr14L > chr2L|chr6L	2	True
6b5f8687-7eb1-4f87-bc4d-d75a651ee951	33	chr8L	N	3	rev	1	ID1,ID2,ID2	ID1_Gray,ID2_Red-Light,ID2_Red-Light	chr12R|chr4R:ID2_Red-Light,ID2_Red-Light	chr12R|chr4R	1	False
6c9f0062-e9af-4ece-a86d-bd91b422a9cf	33	chr4L	N	2	fwd	0	ID2,ID2	ID2_Red-Light,ID2_Red-Light	chr4R[1-2]:ID2_Red-Light,ID2_Red-Light	chr4R	1	False
6d083bc8-9e5c-4cea-b06b-1ffeafdd33db	28	chr12R	N	9	rev	7	ID1,ID2,ID2,ID2,ID2,ID2,ID2,ID2,ID3	ID1_Gray,ID2_Red-Light,ID2_Red-Light,ID2_Red-Light,ID2_Red-Light,ID2_Red-Light,ID2_Red-Light,ID2_Red-Light,ID3_Orange	chr14L[2-3]:ID2_Red-Light,ID3_Orange	chr14L	1	False
6d51b2a1-32e8-4d86-bcee-758d3a28203a	33	chr15R	N	8	rev	0	ID2,ID2,ID2,ID2,ID2,ID2,ID2,ID2	ID2_Red-Light,ID2_Red-Light,ID2_Red-Light,ID2_Red-Light,ID2_Red-Light,ID2_Red-Light,ID2_Red-Light,ID2_Red-Light	chr12R[5-7]:ID2_Red-Light,ID2_Red-Light,ID2_Red-Light > chr12R[5-6]:ID2_Red-Light,ID2_Red-Light,ID2_Red-Light,ID2_Red-Light,ID2_Red-Light(circ x2.5 moderate)	chr12R	1	False
6e1c944e-0f91-436f-9f53-1243314df0f3	33	chr10L	N	3	rev	0	ID2,ID2,ID2	ID2_Red-Light,ID2_Red-Light,ID2_Red-Light	chr12R|chr4R:ID2_Red-Light,ID2_Red-Light,ID2_Red-Light	chr12R|chr4R	1	False
6f145e95-a3a6-4a97-826f-94ec20b30078	28	chr3R	N	4	rev	0	ID1,ID3,ID3,ID3	ID1_Gray,ID3_Orange,ID3_Orange,ID3_Orange	chr12L|chr12R|chr13L|chr16R|chr5R|chr8L|chr8R:ID1_Gray > chr14L[3-5]:ID3_Orange,ID3_Orange,ID3_Orange	chr12L|chr12R|chr13L|chr16R|chr5R|chr8L|chr8R > chr14L	2	True
6f2a1ae8-4716-4c4c-97e7-c22c82da0cb9	33	chr5L	N	4	rev	1	ID6,ID2,ID2,ID2	ID6_Purple-Light,ID2_Red-Light,ID2_Red-Light,ID2_Red-Light	chr4R[5-7]:ID2_Red-Light,ID2_Red-Light,ID2_Red-Light	chr4R	1	False
6f8ab44e-5ec5-489a-9bdb-b05f071cb2dc	33	chr16L	N	3	rev	1	ID5,ID2,ID2	ID5_Blue-Dark,ID2_Red-Light,ID2_Red-Light	chr12R|chr4R:ID2_Red-Light,ID2_Red-Light	chr12R|chr4R	1	False
70147bb6-ad6c-4a19-9e9a-6e452c24c1bc	28	chr15R	N	5	fwd	1	ID2,ID2,ID3,ID3,ID3	ID2_Red-Dark,ID2_Red-Light,ID3_Orange,ID3_Orange,ID3_Orange	chr14L[2-4]:ID2_Red-Light,ID3_Orange,ID3_Orange > chr14L[3]:ID3_Orange	chr14L	1	False
70a411e6-ae96-4275-88ed-f2539dab4cc4	33	chr7L	N	3	rev	0	ID1,ID2,ID2	ID1_Gray,ID2_Red-Light,ID2_Red-Light	chr12R[1-3]:ID1_Gray,ID2_Red-Light,ID2_Red-Light	chr12R	1	False
715be8ae-98f1-48a1-86c7-7cf214827185	28	chr13R	N	3	fwd	0	ID3,ID3,ID3	ID3_Orange,ID3_Orange,ID3_Orange	chr14L[3-4]:ID3_Orange,ID3_Orange,ID3_Orange(circ x1.5 moderate | alt chr14L[3-4] + chr14L[3])	chr14L	1	False
71ddaaa9-f365-45f2-8658-5b10150afa75	33	chr6L	N	3	rev	1	ID4,ID3,ID3	ID4_Green-Light,ID3_Orange,ID3_Orange	chr14L[3-4]:ID3_Orange,ID3_Orange	chr14L	1	False
726ae6ad-c501-4d06-b701-83eab229eb5a	33	chr5R	N	3	fwd	1	ID1,ID2,ID2	ID1_Gray,ID2_Red-Light,ID2_Red-Light	chr12R|chr4R:ID2_Red-Light,ID2_Red-Light	chr12R|chr4R	1	False
72a3e8c7-b7d9-490b-bab8-81c4c94ca82b	28	chr10R	N	2	fwd	0	ID1,ID2	ID1_Gray,ID2_Red-Light	chr12R[1-2]:ID1_Gray,ID2_Red-Light	chr12R	1	False
73e411ac-174d-4957-aef1-66eecf8659af	28	chr5R	N	3	rev	1	ID1,ID2,ID2	ID1_Gray,ID2_Red-Light,ID2_Red-Light	chr12R|chr4R:ID2_Red-Light,ID2_Red-Light	chr12R|chr4R	1	False
74135f90-a318-494f-a6e9-8836bda8a808	33	chr9R	Y	2	rev	0	ID4,ID2	ID4_Green-Light,ID2_Red-Dark	chr2L|chr6L:ID4_Green-Light > chr15R[1]:ID2_Red-Dark	chr2L|chr6L > chr15R	2	True
74590ac9-9880-461a-bb55-87fa26ae16b6	33	chr7L	Y	3	fwd	0	ID2,ID2,ID2	ID2_Red-Light,ID2_Red-Light,ID2_Red-Dark	chr4R[1-2]:ID2_Red-Light,ID2_Red-Light > chr15R[1]:ID2_Red-Dark	chr4R > chr15R	2	True
74ae0caf-307b-4b3c-8f66-833e14c83d2d	33	chr3L	Y	4	rev	0	ID5,ID2,ID2,ID2	ID5_Blue-Dark,ID2_Red-Light,ID2_Red-Light,ID2_Red-Light	chr16L|chr7R:ID5_Blue-Dark > chr4R[1-3]:ID2_Red-Light,ID2_Red-Light,ID2_Red-Light	chr16L|chr7R > chr4R	2	True
756c25ac-25ef-4050-85df-38cb087f7a7c	28	chr2L	N	3	rev	1	ID4,ID2,ID2	ID4_Green-Light,ID2_Red-Light,ID2_Red-Light	chr12R|chr4R:ID2_Red-Light,ID2_Red-Light	chr12R|chr4R	1	False
75a7671b-4a36-4bea-99ce-cc6651ade45d	33	chr4L	Y	4	rev	0	ID1,ID3,ID3,ID3	ID1_Gray,ID3_Orange,ID3_Orange,ID3_Orange	chr12L|chr12R|chr13L|chr16R|chr5R|chr8L|chr8R:ID1_Gray > chr14L[3-5]:ID3_Orange,ID3_Orange,ID3_Orange	chr12L|chr12R|chr13L|chr16R|chr5R|chr8L|chr8R > chr14L	2	True
76423366-4549-405b-98d8-a8aacd0dd406	33	chr12L	N	3	fwd	1	ID1,ID3,ID3	ID1_Gray,ID3_Orange,ID3_Orange	chr14L[3-4]:ID3_Orange,ID3_Orange	chr14L	1	False
768b44fd-acce-4c33-977a-65611b57b7b1	33	chr14L	N	7	rev	5	ID5,ID2,ID3,ID3,ID3,ID3,ID3	ID5_Blue-Light,ID2_Red-Light,ID3_Orange,ID3_Orange,ID3_Orange,ID3_Orange,ID3_Orange	self[3-4]:ID3_Orange,ID3_Orange	chr14L	1	False
76f4f830-d754-49ae-989a-50ee3295e9d5	28	chr10R	N	4	rev	0	ID3,ID3,ID3,ID3	ID3_Orange,ID3_Orange,ID3_Orange,ID3_Orange	chr14L[3]:ID3_Orange,ID3_Orange,ID3_Orange,ID3_Orange(circ x4.0 moderate | alt chr14L[3-5] + chr14L[3])	chr14L	1	False
77f8cbf1-0b0d-4abd-85c6-cfcd58892c5b	28	chr2L	N	3	fwd	1	ID4,ID4,ID4	ID4_Green-Light,ID4_Green-Light,ID4_Green-Light	self[1]:ID4_Green-Light > self[1]:ID4_Green-Light	chr2L	1	False
78480226-5c71-424a-af5b-3260d6aa3c87	28	chr15R	N	4	rev	0	ID2,ID3,ID3,ID3	ID2_Red-Light,ID3_Orange,ID3_Orange,ID3_Orange	chr14L[2-4]:ID2_Red-Light,ID3_Orange,ID3_Orange > chr14L[3]:ID3_Orange	chr14L	1	False
784e871b-6c84-480b-8bd1-44eb20f86442	28	chr11L	Y	2	fwd	0	ID1,ID3	ID1_Gray,ID3_Orange	chr12L|chr12R|chr13L|chr16R|chr5R|chr8L|chr8R:ID1_Gray > chr14L[3]:ID3_Orange	chr12L|chr12R|chr13L|chr16R|chr5R|chr8L|chr8R > chr14L	2	True
78fb240d-3131-4121-a601-792e0fee21ec	28	chr15L	N	6	fwd	0	ID1,ID1,ID1,ID1,ID1,ID1	ID1_Gray,ID1_Gray,ID1_Gray,ID1_Gray,ID1_Gray,ID1_Gray	chr12L|chr12R|chr13L|chr16R|chr5R|chr8L|chr8R:ID1_Gray,ID1_Gray,ID1_Gray,ID1_Gray,ID1_Gray,ID1_Gray(circ x6.0)	chr12L|chr12R|chr13L|chr16R|chr5R|chr8L|chr8R	1	False
792108c0-c450-4b15-8f80-57d0c9a0848e	33	chr8L	N	3	fwd	1	ID1,ID2,ID2	ID1_Gray,ID2_Red-Light,ID2_Red-Light	chr12R|chr4R:ID2_Red-Light,ID2_Red-Light	chr12R|chr4R	1	False
7973caee-cfbf-49f3-b15d-b5a10e8780d3	28	chr8L	N	3	rev	1	ID1,ID2,ID2	ID1_Gray,ID2_Red-Light,ID2_Red-Light	chr4R[1-2]:ID2_Red-Light,ID2_Red-Light	chr4R	1	False
7984bded-6f6f-4b54-8c6a-6afab19b7e1a	33	chr11R	N	2	rev	0	ID4,ID4	ID4_Green-Light,ID4_Green-Light	chr2L|chr6L:ID4_Green-Light > chr2L|chr6L:ID4_Green-Light	chr2L|chr6L	1	False
79b1d499-22ba-4658-a079-5322d5a8504a	28	chr12L	N	5	fwd	1	ID1,ID3,ID3,ID3,ID3	ID1_Gray,ID3_Orange,ID3_Orange,ID3_Orange,ID3_Orange	chr14L[3]:ID3_Orange > chr14L[3-4]:ID3_Orange,ID3_Orange,ID3_Orange(circ x1.5 moderate | alt chr14L[3] + chr14L[3-4])	chr14L	1	False
7a6af96b-6708-4f62-867f-e43831ace611	28	chr15R	Y	4	rev	1	ID2,ID2,ID2,ID6	ID2_Red-Dark,ID2_Red-Light,ID2_Red-Dark,ID6_Purple-Dark	chr4R?[1]:ID2_Red-Light > self[1]:ID2_Red-Dark > chr10L|chr9L:ID6_Purple-Dark	chr4R > chr15R > chr10L|chr9L	3	True
7b5fe924-c195-4aa8-b5e8-7eab3a18ddb9	33	chr5R	Y	14	fwd	1	ID1,ID3,ID1,ID3,ID1,ID3,ID5,ID1,ID3,ID1,ID3,ID1,ID3,ID1	ID1_Gray,ID3_Orange,ID1_Gray,ID3_Orange,ID1_Gray,ID3_Orange,ID5_Blue-Dark,ID1_Gray,ID3_Orange,ID1_Gray,ID3_Orange,ID1_Gray,ID3_Orange,ID1_Gray	chr14L[3]:ID3_Orange > self[1]:ID1_Gray > chr14L[3]:ID3_Orange > self[1]:ID1_Gray > chr14L[3]:ID3_Orange > chr16L|chr7R:ID5_Blue-Dark > self[1]:ID1_Gray > chr14L[3]:ID3_Orange > self[1]:ID1_Gray > chr14L[3]:ID3_Orange > self[1]:ID1_Gray > chr14L[3]:ID3_Orange > self[1]:ID1_Gray	chr14L > chr5R > chr14L > chr5R > chr14L > chr16L|chr7R > chr5R > chr14L > chr5R > chr14L > chr5R > chr14L > chr5R	13	True
7b635d67-1cdb-4ced-a762-753ffb60c97a	33	chr5R	N	3	rev	1	ID1,ID2,ID2	ID1_Gray,ID2_Red-Light,ID2_Red-Light	chr4R[1-2]:ID2_Red-Light,ID2_Red-Light	chr4R	1	False
7b98ed2a-9bf1-4364-909a-d981451f288e	28	chr6L	N	3	fwd	1	ID4,ID2,ID2	ID4_Green-Light,ID2_Red-Light,ID2_Red-Light	chr12R|chr4R:ID2_Red-Light,ID2_Red-Light	chr12R|chr4R	1	False
7ca86956-ffc1-46b6-9748-ba9bc4db7152	28	chr14L	Y	8	fwd	4	ID5,ID2,ID3,ID3,ID5,ID3,ID3,ID3	ID5_Blue-Light,ID2_Red-Light,ID3_Orange,ID3_Orange,ID5_Blue-Dark,ID3_Orange,ID3_Orange,ID3_Orange	chr16L|chr7R:ID5_Blue-Dark > self[3-5]:ID3_Orange,ID3_Orange,ID3_Orange	chr16L|chr7R > chr14L	2	True
7df331c4-72d5-4de0-9ef5-945d29b9eac3	28	chr3R	Y	3	rev	0	ID6,ID2,ID2	ID6_Purple-Neutral,ID2_Red-Light,ID2_Red-Light	chr14R[1]:ID6_Purple-Neutral > chr12R|chr4R:ID2_Red-Light,ID2_Red-Light	chr14R > chr12R|chr4R	2	True
7e054e9d-31ef-4d37-a843-75815a829b27	28	chr7R	N	4	fwd	1	ID5,ID3,ID3,ID3	ID5_Blue-Dark,ID3_Orange,ID3_Orange,ID3_Orange	chr14L[3-5]:ID3_Orange,ID3_Orange,ID3_Orange	chr14L	1	False
7e8316fb-f3d7-4426-bc5f-42f47485c759	33	chr16L	N	4	fwd	1	ID5,ID2,ID2,ID2	ID5_Blue-Dark,ID2_Red-Light,ID2_Red-Light,ID2_Red-Light	chr12R[5-7]:ID2_Red-Light,ID2_Red-Light,ID2_Red-Light	chr12R	1	False
7ea0ea9a-7f66-4417-a47b-304849790af6	28	chr14L	N	7	rev	5	ID5,ID2,ID3,ID3,ID3,ID3,ID3	ID5_Blue-Light,ID2_Red-Light,ID3_Orange,ID3_Orange,ID3_Orange,ID3_Orange,ID3_Orange	self[3-4]:ID3_Orange,ID3_Orange	chr14L	1	False
7fb8c290-6c2d-46a2-bff2-38f2155d2468	33	chr2R	N	2	rev	0	ID3,ID3	ID3_Orange,ID3_Orange	chr14L[3-4]:ID3_Orange,ID3_Orange	chr14L	1	False
7fd017f6-6310-4dc9-959a-48ca0c27600e	28	chr14L	N	10	rev	5	ID5,ID2,ID3,ID3,ID3,ID3,ID3,ID3,ID3,ID3	ID5_Blue-Light,ID2_Red-Light,ID3_Orange,ID3_Orange,ID3_Orange,ID3_Orange,ID3_Orange,ID3_Orange,ID3_Orange,ID3_Orange	self[3-5]:ID3_Orange,ID3_Orange,ID3_Orange,ID3_Orange,ID3_Orange(circ x1.7 moderate | alt chr14L[3-5] + chr14L[3-4])	chr14L	1	False
80332249-b264-4d11-a91c-0a68133bb57c	33	chr5R	Y	4	rev	1	ID1,ID2,ID6,ID2	ID1_Gray,ID2_Red-Dark,ID6_Purple-Dark,ID2_Red-Dark	chr15R[1]:ID2_Red-Dark > chr10L|chr9L:ID6_Purple-Dark > chr15R[1]:ID2_Red-Dark	chr15R > chr10L|chr9L > chr15R	3	True
80619582-b1f9-494b-99a8-00a6dd2e1ab2	33	chr12R	N	11	rev	7	ID1,ID2,ID2,ID2,ID2,ID2,ID2,ID2,ID2,ID2,ID2	ID1_Gray,ID2_Red-Light,ID2_Red-Light,ID2_Red-Light,ID2_Red-Light,ID2_Red-Light,ID2_Red-Light,ID2_Red-Light,ID2_Red-Light,ID2_Red-Light,ID2_Red-Light	self[2-5]:ID2_Red-Light,ID2_Red-Light,ID2_Red-Light,ID2_Red-Light	chr12R	1	False
80dbca61-9cdd-4033-98fc-88ac8e85a362	28	chr12L	N	3	fwd	1	ID1,ID3,ID3	ID1_Gray,ID3_Orange,ID3_Orange	chr14L[3]:ID3_Orange > chr14L[3]:ID3_Orange	chr14L	1	False
8112fdd2-8bf5-4c57-8bcf-d4905d8b5c7d	33	chr13R	Y	5	rev	0	ID5,ID2,ID3,ID3,ID3	ID5_Blue-Dark,ID2_Red-Light,ID3_Orange,ID3_Orange,ID3_Orange	chr16L|chr7R:ID5_Blue-Dark > chr12R|chr14L|chr4R:ID2_Red-Light > chr14L[3-5]:ID3_Orange,ID3_Orange,ID3_Orange	chr16L|chr7R > chr14L	2	True
81d62a14-a368-45ee-b841-914478c02dae	33	chr6L	N	3	fwd	1	ID4,ID2,ID1	ID4_Green-Light,ID2_Red-Light,ID1_Gray	chr12R|chr14L|chr4R:ID2_Red-Light > chr12L|chr12R|chr13L|chr16R|chr5R|chr8L|chr8R:ID1_Gray	chr12R	1	False
820965d2-61b0-4baf-8455-128ab1f38a87	33	chr13L	N	5	fwd	1	ID1,ID2,ID2,ID2,ID2	ID1_Gray,ID2_Red-Light,ID2_Red-Light,ID2_Red-Light,ID2_Red-Light	chr12R[2-5]:ID2_Red-Light,ID2_Red-Light,ID2_Red-Light,ID2_Red-Light	chr12R	1	False
826188dc-07b5-45c6-aaf0-b51249aea11e	28	chr3R	Y	2	rev	0	ID5,ID2	ID5_Blue-Dark,ID2_Red-Light	chr16L|chr7R:ID5_Blue-Dark > chr12R|chr14L|chr4R:ID2_Red-Light	chr16L|chr7R > chr12R|chr14L|chr4R	2	True
82642366-bc75-42ce-adb7-654e4a7d71bd	28	chr15L	N	2	rev	0	ID6,ID6	ID6_Purple-Neutral,ID6_Purple-Neutral	chr14R[1]:ID6_Purple-Neutral > chr14R[1]:ID6_Purple-Neutral	chr14R	1	False
82df32c0-102b-4cf3-a4f2-22ce1eb33fea	33	chr9L	Y	4	rev	1	ID6,ID2,ID2,ID2	ID6_Purple-Dark,ID2_Red-Dark,ID2_Red-Light,ID2_Red-Light	chr15R[1]:ID2_Red-Dark > chr12R|chr4R:ID2_Red-Light,ID2_Red-Light	chr15R > chr12R|chr4R	2	True
83100592-74a1-41c7-b5e2-de66049683b8	33	chr5R	N	4	fwd	1	ID1,ID2,ID2,ID2	ID1_Gray,ID2_Red-Light,ID2_Red-Light,ID2_Red-Light	chr12R|chr4R:ID2_Red-Light,ID2_Red-Light,ID2_Red-Light	chr12R|chr4R	1	False
83af1c61-a88b-4f46-aa00-06b70f6b7ce7	33	chr16R	N	3	rev	1	ID1,ID2,ID2	ID1_Gray,ID2_Red-Light,ID2_Red-Light	chr12R|chr4R:ID2_Red-Light,ID2_Red-Light	chr12R|chr4R	1	False
842728ad-a404-46df-bac0-80ece88088a5	28	chr14L	N	7	rev	0	ID5,ID2,ID3,ID3,ID3,ID3,ID3	ID5_Blue-Dark,ID2_Red-Light,ID3_Orange,ID3_Orange,ID3_Orange,ID3_Orange,ID3_Orange	chr16L|chr7R:ID5_Blue-Dark > self[2-5]:ID2_Red-Light,ID3_Orange,ID3_Orange,ID3_Orange > self[3-4]:ID3_Orange,ID3_Orange	chr16L|chr7R > chr14L	2	True
844d9e18-6adc-4090-a336-d39ea3234d79	33	chr7L	N	2	fwd	0	ID3,ID3	ID3_Orange,ID3_Orange	chr14L[3-4]:ID3_Orange,ID3_Orange	chr14L	1	False
84961b73-86d0-4d2e-9a58-81687ab2a020	28	chr11R	N	2	fwd	0	ID3,ID2	ID3_Orange,ID2_Red-Light	chr14L[3]:ID3_Orange > chr12R|chr14L|chr4R:ID2_Red-Light	chr14L	1	False
854932d5-7f7c-42b2-8d32-f4090523917c	33	chr3L	Y	2	fwd	0	ID1,ID3	ID1_Gray,ID3_Orange	chr12L|chr12R|chr13L|chr16R|chr5R|chr8L|chr8R:ID1_Gray > chr14L[3]:ID3_Orange	chr12L|chr12R|chr13L|chr16R|chr5R|chr8L|chr8R > chr14L	2	True
85bfde87-d774-44a8-ac7b-444059740cf1	28	chr13L	N	3	rev	1	ID1,ID3,ID3	ID1_Gray,ID3_Orange,ID3_Orange	chr14L[3-4]:ID3_Orange,ID3_Orange	chr14L	1	False
861ba032-0c0c-409f-b87b-664264c3835b	28	chr8R	Y	4	fwd	1	ID1,ID2,ID2,ID2	ID1_Gray,ID2_Red-Light,ID2_Red-Light,ID2_Red-Dark	chr12R|chr4R:ID2_Red-Light,ID2_Red-Light > chr15R[1]:ID2_Red-Dark	chr12R|chr4R > chr15R	2	True
86a00efb-f266-4df6-aba6-e833cb04ca3a	28	chr12L	N	3	rev	1	ID1,ID2,ID2	ID1_Gray,ID2_Red-Light,ID2_Red-Light	chr12R|chr4R:ID2_Red-Light,ID2_Red-Light	chr12R|chr4R	1	False
87d4638b-d44c-4d04-8468-d26465a7ae94	33	chr13R	N	3	rev	0	ID2,ID3,ID3	ID2_Red-Light,ID3_Orange,ID3_Orange	chr14L[2-4]:ID2_Red-Light,ID3_Orange,ID3_Orange	chr14L	1	False
8801e69d-dfcb-4442-8922-8906822530b3	33	chr4R	N	9	rev	7	ID2,ID2,ID2,ID2,ID2,ID2,ID2,ID2,ID2	ID2_Red-Light,ID2_Red-Light,ID2_Red-Light,ID2_Red-Light,ID2_Red-Light,ID2_Red-Light,ID2_Red-Light,ID2_Red-Light,ID2_Red-Light	self[1-2]:ID2_Red-Light,ID2_Red-Light	chr4R	1	False
881f74b4-7e25-4cc4-a4da-6680619b5cd1	28	chr12R	Y	12	fwd	5	ID1,ID2,ID2,ID2,ID2,ID2,ID2,ID2,ID2,ID2,ID2,ID2	ID1_Gray,ID2_Red-Light,ID2_Red-Light,ID2_Red-Light,ID2_Red-Light,ID2_Red-Dark,ID2_Red-Light,ID2_Red-Light,ID2_Red-Light,ID2_Red-Light,ID2_Red-Light,ID2_Red-Light	chr15R[1]:ID2_Red-Dark > self[2]:ID2_Red-Light > self[2]:ID2_Red-Light > self[2-4]:ID2_Red-Light,ID2_Red-Light,ID2_Red-Light,ID2_Red-Light(circ x1.3 moderate | alt chr12R[2] + chr12R[2-4])	chr15R > chr12R	2	True
884b4c18-dff1-45b7-9c77-71de915002f6	28	chr15L	N	2	rev	0	ID2,ID2	ID2_Red-Light,ID2_Red-Light	chr4R[1-2]:ID2_Red-Light,ID2_Red-Light	chr4R	1	False
89426516-fd93-434d-8644-45ed97515c33	33	chr1L	N	2	rev	0	ID1,ID2	ID1_Gray,ID2_Red-Light	chr12R[1-2]:ID1_Gray,ID2_Red-Light	chr12R	1	False
89b013e7-2492-4cce-8543-e4d04a856245	28	chr11L	N	4	rev	0	ID5,ID2,ID3,ID3	ID5_Blue-Light,ID2_Red-Light,ID3_Orange,ID3_Orange	chr14L[1-4]:ID5_Blue-Light,ID2_Red-Light,ID3_Orange,ID3_Orange	chr14L	1	False
8b789afb-bf7a-4e1f-9afd-b00a87a9d809	33	chr16R	N	4	rev	1	ID1,ID2,ID2,ID2	ID1_Gray,ID2_Red-Light,ID2_Red-Light,ID2_Red-Light	chr12R|chr4R:ID2_Red-Light,ID2_Red-Light,ID2_Red-Light	chr12R|chr4R	1	False
8bfa4308-f0ef-450c-a1ae-78b4193f6301	28	chr14L	N	7	rev	5	ID5,ID2,ID3,ID3,ID3,ID3,ID3	ID5_Blue-Light,ID2_Red-Light,ID3_Orange,ID3_Orange,ID3_Orange,ID3_Orange,ID3_Orange	self[3-4]:ID3_Orange,ID3_Orange	chr14L	1	False
8c3d9055-357f-4273-981a-5ba223dac490	33	chr11L	N	2	fwd	0	ID1,ID2	ID1_Gray,ID2_Red-Light	chr12R[1-2]:ID1_Gray,ID2_Red-Light	chr12R	1	False
8d51468d-d5a6-45c6-ad83-3b029ec95583	28	chr10L	Y	5	rev	0	ID5,ID2,ID2,ID2,ID2	ID5_Blue-Dark,ID2_Red-Light,ID2_Red-Light,ID2_Red-Light,ID2_Red-Light	chr16L|chr7R:ID5_Blue-Dark > chr4R[1-4]:ID2_Red-Light,ID2_Red-Light,ID2_Red-Light,ID2_Red-Light	chr16L|chr7R > chr4R	2	True
8daa68b5-c857-4f88-be76-32bb93b22ac6	33	chr14L	N	9	fwd	0	ID5,ID2,ID3,ID3,ID3,ID3,ID3,ID3,ID3	ID5_Blue-Dark,ID2_Red-Light,ID3_Orange,ID3_Orange,ID3_Orange,ID3_Orange,ID3_Orange,ID3_Orange,ID3_Orange	chr16L|chr7R:ID5_Blue-Dark > self[2-3]:ID2_Red-Light,ID3_Orange > self[3]:ID3_Orange,ID3_Orange,ID3_Orange,ID3_Orange,ID3_Orange,ID3_Orange(circ x6.0 strong)	chr16L|chr7R > chr14L	2	True
8e8a8918-766d-44b4-96d6-9130f0a27bdc	28	chr10R	N	2	fwd	0	ID1,ID2	ID1_Gray,ID2_Red-Light	chr12R[1-2]:ID1_Gray,ID2_Red-Light	chr12R	1	False
8ea832ab-d9a3-402c-b386-d9a8f8a7a50b	33	chr11L	N	2	rev	0	ID1,ID1	ID1_Gray,ID1_Gray	chr12R?[1]:ID1_Gray > chr12L|chr12R|chr13L|chr16R|chr5R|chr8L|chr8R:ID1_Gray	chr12R	1	False
8f725ba7-15fa-40ee-bbbd-65749c1698ca	28	chr14L	Y	12	fwd	5	ID5,ID2,ID3,ID3,ID3,ID2,ID3,ID3,ID3,ID3,ID3,ID2	ID5_Blue-Light,ID2_Red-Light,ID3_Orange,ID3_Orange,ID3_Orange,ID2_Red-Light,ID3_Orange,ID3_Orange,ID3_Orange,ID3_Orange,ID3_Orange,ID2_Red-Dark	self[2-3]:ID2_Red-Light,ID3_Orange > self[3]:ID3_Orange,ID3_Orange,ID3_Orange,ID3_Orange(circ x4.0 moderate | alt chr14L[3-5] + chr14L[3]) > chr15R[1]:ID2_Red-Dark	chr14L > chr15R	2	True
91a5cc13-7b63-42b0-bfda-eab745db6084	28	chr8L	Y	4	rev	1	ID1,ID2,ID6,ID2	ID1_Gray,ID2_Red-Light,ID6_Purple-Neutral,ID2_Red-Light	chr12R|chr14L|chr4R:ID2_Red-Light > chr14R[1]:ID6_Purple-Neutral > chr12R|chr14L|chr4R:ID2_Red-Light	chr12R|chr14L|chr4R > chr14R > chr12R|chr14L|chr4R	3	True
9245010a-7dbb-4369-94f5-00f40a50b1b4	28	chr12R	N	13	rev	7	ID1,ID2,ID2,ID2,ID2,ID2,ID2,ID2,ID2,ID2,ID2,ID2,ID2	ID1_Gray,ID2_Red-Light,ID2_Red-Light,ID2_Red-Light,ID2_Red-Light,ID2_Red-Light,ID2_Red-Light,ID2_Red-Light,ID2_Red-Light,ID2_Red-Light,ID2_Red-Light,ID2_Red-Light,ID2_Red-Light	self[2-7]:ID2_Red-Light,ID2_Red-Light,ID2_Red-Light,ID2_Red-Light,ID2_Red-Light,ID2_Red-Light	chr12R	1	False
925b616a-e7ed-466c-938e-d442f9b40d11	33	chr13L	N	5	rev	1	ID1,ID2,ID2,ID2,ID2	ID1_Gray,ID2_Red-Light,ID2_Red-Light,ID2_Red-Light,ID2_Red-Light	chr12R[2-5]:ID2_Red-Light,ID2_Red-Light,ID2_Red-Light,ID2_Red-Light	chr12R	1	False
927fa80e-09fc-4e16-8921-386dfec07088	33	chr3R	Y	2	fwd	0	ID1,ID2	ID1_Gray,ID2_Red-Dark	chr12L|chr12R|chr13L|chr16R|chr5R|chr8L|chr8R:ID1_Gray > chr15R[1]:ID2_Red-Dark	chr12L|chr12R|chr13L|chr16R|chr5R|chr8L|chr8R > chr15R	2	True
92c1bfb4-082f-4a01-a19b-f5b33354feb2	33	chr3R	N	4	fwd	0	ID4,ID4,ID4,ID4	ID4_Green-Light,ID4_Green-Light,ID4_Green-Light,ID4_Green-Light	chr2L|chr6L:ID4_Green-Light,ID4_Green-Light,ID4_Green-Light,ID4_Green-Light(circ x4.0)	chr2L|chr6L	1	False
935c4e5e-a538-4f62-a078-b0a08520b008	33	chr14L	Y	12	fwd	5	ID5,ID2,ID3,ID3,ID3,ID2,ID2,ID3,ID3,ID3,ID3,ID3	ID5_Blue-Light,ID2_Red-Light,ID3_Orange,ID3_Orange,ID3_Orange,ID2_Red-Dark,ID2_Red-Light,ID3_Orange,ID3_Orange,ID3_Orange,ID3_Orange,ID3_Orange	chr15R[1]:ID2_Red-Dark > self[2-5]:ID2_Red-Light,ID3_Orange,ID3_Orange,ID3_Orange > self[3-4]:ID3_Orange,ID3_Orange	chr15R > chr14L	2	True
9497e449-8f41-4876-aea0-28bcd4608d43	28	chr8R	N	5	fwd	1	ID1,ID2,ID2,ID2,ID2	ID1_Gray,ID2_Red-Light,ID2_Red-Light,ID2_Red-Light,ID2_Red-Light	chr12R[2-5]:ID2_Red-Light,ID2_Red-Light,ID2_Red-Light,ID2_Red-Light	chr12R	1	False
949a55cb-447c-4e40-9977-76ab9bf6a26c	28	chr14L	N	7	rev	0	ID5,ID2,ID3,ID3,ID3,ID3,ID3	ID5_Blue-Dark,ID2_Red-Light,ID3_Orange,ID3_Orange,ID3_Orange,ID3_Orange,ID3_Orange	chr16L|chr7R:ID5_Blue-Dark > self[2-5]:ID2_Red-Light,ID3_Orange,ID3_Orange,ID3_Orange > self[3-4]:ID3_Orange,ID3_Orange	chr16L|chr7R > chr14L	2	True
94d27785-d5fe-45e3-a63c-e9adc18f8624	33	chr7R	N	5	fwd	1	ID5,ID3,ID3,ID3,ID3	ID5_Blue-Dark,ID3_Orange,ID3_Orange,ID3_Orange,ID3_Orange	chr14L[3-5]:ID3_Orange,ID3_Orange,ID3_Orange,ID3_Orange(circ x1.3 moderate | alt chr14L[3] + chr14L[3-5])	chr14L	1	False
94ec59c0-623f-445f-b401-51d7fb47b5ad	33	chr8R	Y	3	rev	1	ID1,ID3,ID1	ID1_Gray,ID3_Orange,ID1_Gray	chr14L[3]:ID3_Orange > self[1]:ID1_Gray	chr14L > chr8R	2	True
95fb6076-11d4-4453-9bc8-120dda9be07a	33	chr10R	Y	10	rev	0	ID5,ID3,ID3,ID3,ID3,ID3,ID3,ID3,ID3,ID3	ID5_Blue-Dark,ID3_Orange,ID3_Orange,ID3_Orange,ID3_Orange,ID3_Orange,ID3_Orange,ID3_Orange,ID3_Orange,ID3_Orange	chr16L|chr7R:ID5_Blue-Dark > chr14L[3]:ID3_Orange,ID3_Orange,ID3_Orange,ID3_Orange,ID3_Orange,ID3_Orange,ID3_Orange,ID3_Orange,ID3_Orange(circ x9.0 strong)	chr16L|chr7R > chr14L	2	True
96577e00-be51-4986-94e5-ae2c736cb1a2	33	chr15R	Y	6	rev	1	ID2,ID2,ID2,ID2,ID2,ID2	ID2_Red-Dark,ID2_Red-Light,ID2_Red-Dark,ID2_Red-Light,ID2_Red-Dark,ID2_Red-Dark	chr4R?[1]:ID2_Red-Light > self[1]:ID2_Red-Dark > chr12R|chr14L|chr4R:ID2_Red-Light > self[1]:ID2_Red-Dark > self[1]:ID2_Red-Dark	chr4R > chr15R > chr12R|chr14L|chr4R > chr15R	4	True
96b543df-cf61-4e6d-bde7-13650e7ef9d9	33	chr14L	N	9	rev	5	ID5,ID2,ID3,ID3,ID3,ID3,ID3,ID3,ID3	ID5_Blue-Light,ID2_Red-Light,ID3_Orange,ID3_Orange,ID3_Orange,ID3_Orange,ID3_Orange,ID3_Orange,ID3_Orange	self[3]:ID3_Orange,ID3_Orange,ID3_Orange,ID3_Orange(circ x4.0 moderate | alt chr14L[3-5] + chr14L[3])	chr14L	1	False
97b93bf0-794e-4a6f-8e12-0794f0a8f250	28	chr7L	N	3	rev	0	ID2,ID2,ID2	ID2_Red-Light,ID2_Red-Light,ID2_Red-Light	chr4R[5-7]:ID2_Red-Light,ID2_Red-Light,ID2_Red-Light	chr4R	1	False
983bc59a-0f2f-4aba-ad33-832ba4537b33	33	chr14L	N	7	fwd	5	ID5,ID2,ID3,ID3,ID3,ID3,ID3	ID5_Blue-Light,ID2_Red-Light,ID3_Orange,ID3_Orange,ID3_Orange,ID3_Orange,ID3_Orange	self[3-4]:ID3_Orange,ID3_Orange	chr14L	1	False
9854bf0f-01b8-40a2-9ee8-d22abc93e500	28	chr16R	N	4	rev	1	ID1,ID3,ID3,ID3	ID1_Gray,ID3_Orange,ID3_Orange,ID3_Orange	chr14L[3]:ID3_Orange,ID3_Orange,ID3_Orange(circ x3.0 moderate)	chr14L	1	False
9863477d-1c9f-4da6-87fd-d6c5ab1f88e2	33	chr7R	N	4	rev	1	ID5,ID3,ID3,ID3	ID5_Blue-Dark,ID3_Orange,ID3_Orange,ID3_Orange	chr14L[3-5]:ID3_Orange,ID3_Orange,ID3_Orange	chr14L	1	False
9895bd3e-f724-41fe-8294-a68fd853b685	28	chr2L	N	3	fwd	1	ID4,ID2,ID2	ID4_Green-Light,ID2_Red-Light,ID2_Red-Light	chr12R|chr14L|chr4R:ID2_Red-Light > chr12R|chr14L|chr4R:ID2_Red-Light	chr12R|chr14L|chr4R	1	False
98bbf8b7-5056-402d-8c5d-2b2fdab0a016	28	chr5R	N	5	rev	1	ID1,ID2,ID3,ID3,ID3	ID1_Gray,ID2_Red-Light,ID3_Orange,ID3_Orange,ID3_Orange	chr14L[2-5]:ID2_Red-Light,ID3_Orange,ID3_Orange,ID3_Orange	chr14L	1	False
98dd19fd-cfec-4d1a-be54-8f20c58f9768	33	chr8L	N	3	rev	1	ID1,ID2,ID2	ID1_Gray,ID2_Red-Light,ID2_Red-Light	chr12R|chr4R:ID2_Red-Light,ID2_Red-Light	chr12R|chr4R	1	False
99d59a0f-2962-49cb-ba11-ee4fe9e36549	28	chr14L	N	7	rev	5	ID5,ID2,ID3,ID3,ID3,ID3,ID3	ID5_Blue-Light,ID2_Red-Light,ID3_Orange,ID3_Orange,ID3_Orange,ID3_Orange,ID3_Orange	self[3-4]:ID3_Orange,ID3_Orange	chr14L	1	False
9aba9130-def8-407d-94da-a0c84ce25382	33	chr15L	N	3	fwd	0	ID5,ID2,ID3	ID5_Blue-Light,ID2_Red-Light,ID3_Orange	chr14L[1-3]:ID5_Blue-Light,ID2_Red-Light,ID3_Orange	chr14L	1	False
9ad25f5e-9597-4471-9ab9-5a1f6702dfc6	28	chr14L	N	7	rev	5	ID5,ID2,ID3,ID3,ID3,ID3,ID3	ID5_Blue-Light,ID2_Red-Light,ID3_Orange,ID3_Orange,ID3_Orange,ID3_Orange,ID3_Orange	self[3-4]:ID3_Orange,ID3_Orange	chr14L	1	False
9ad7c629-31e3-46c7-9ec6-c75f036f7440	28	chr13R	Y	10	rev	0	ID5,ID3,ID3,ID3,ID3,ID2,ID3,ID3,ID3,ID3	ID5_Blue-Dark,ID3_Orange,ID3_Orange,ID3_Orange,ID3_Orange,ID2_Red-Light,ID3_Orange,ID3_Orange,ID3_Orange,ID3_Orange	chr16L|chr7R:ID5_Blue-Dark > chr14L[3-5]:ID3_Orange,ID3_Orange,ID3_Orange > chr14L[2-3]:ID3_Orange,ID2_Red-Light,ID3_Orange(circ x1.5 moderate | alt chr14L[3] + chr14L[2-3]) > chr14L[3-5]:ID3_Orange,ID3_Orange,ID3_Orange	chr16L|chr7R > chr14L	2	True
9bb53d18-353e-4d36-8084-ad373c5a1794	28	chr7L	N	6	fwd	0	ID3,ID2,ID2,ID3,ID3,ID2	ID3_Orange,ID2_Red-Light,ID2_Red-Light,ID3_Orange,ID3_Orange,ID2_Red-Light	chr14L[3]:ID3_Orange > chr14L?[2]:ID2_Red-Light > chr14L[2-4]:ID2_Red-Light,ID3_Orange,ID3_Orange,ID2_Red-Light(circ x1.3 moderate | alt chr14L[2-4] + chr14L[2])	chr14L	1	False
9c067f13-7bc5-4ae6-8601-5e2b86f34d9c	28	chr9R	Y	2	fwd	0	ID1,ID3	ID1_Gray,ID3_Orange	chr12R?[1]:ID1_Gray > chr14L[3]:ID3_Orange	chr12R > chr14L	2	True
9d33e1b9-10ec-4343-a97c-73b389482326	28	chr13L	N	4	rev	1	ID1,ID1,ID3,ID2	ID1_Gray,ID1_Gray,ID3_Orange,ID2_Red-Light	chr12R?[1]:ID1_Gray > chr14L[3]:ID3_Orange > chr12R|chr14L|chr4R:ID2_Red-Light	chr12R > chr14L	2	True
9de6b92a-c5a8-420b-9f84-553bd2163db7	33	chr14L	N	7	fwd	5	ID5,ID2,ID3,ID3,ID3,ID2,ID2	ID5_Blue-Light,ID2_Red-Light,ID3_Orange,ID3_Orange,ID3_Orange,ID2_Red-Light,ID2_Red-Light	chr12R|chr4R:ID2_Red-Light,ID2_Red-Light	chr12R|chr4R	1	False
9e4281fe-c313-423b-8bd9-b7d44632da5e	28	chr11L	Y	2	rev	0	ID5,ID3	ID5_Blue-Dark,ID3_Orange	chr16L|chr7R:ID5_Blue-Dark > chr14L[3]:ID3_Orange	chr16L|chr7R > chr14L	2	True
9e851cf3-682b-43c1-892d-85751fc09699	28	chr2R	Y	2	rev	0	ID3,ID4	ID3_Orange,ID4_Green-Light	chr14L[3]:ID3_Orange > chr2L|chr6L:ID4_Green-Light	chr14L > chr2L|chr6L	2	True
9eee044a-4bcc-44dc-afcf-2820da119db6	28	chr12R	N	9	rev	7	ID1,ID2,ID2,ID2,ID2,ID2,ID2,ID2,ID2	ID1_Gray,ID2_Red-Light,ID2_Red-Light,ID2_Red-Light,ID2_Red-Light,ID2_Red-Light,ID2_Red-Light,ID2_Red-Light,ID2_Red-Light	self[2-3]:ID2_Red-Light,ID2_Red-Light	chr12R	1	False
9fbbba60-2e41-4adc-8a97-3978a04cd5c6	33	chr5L	N	3	rev	1	ID6,ID3,ID3	ID6_Purple-Light,ID3_Orange,ID3_Orange	chr14L[3-4]:ID3_Orange,ID3_Orange	chr14L	1	False
9fbc1ad6-e0bd-4b68-8723-37e0bcdc85f6	28	chr16L	Y	8	fwd	1	ID5,ID2,ID2,ID2,ID2,ID2,ID2,ID2	ID5_Blue-Dark,ID2_Red-Dark,ID2_Red-Dark,ID2_Red-Light,ID2_Red-Dark,ID2_Red-Dark,ID2_Red-Dark,ID2_Red-Dark	chr15R[1]:ID2_Red-Dark > chr15R[1]:ID2_Red-Dark > chr12R|chr14L|chr4R:ID2_Red-Light > chr15R[1]:ID2_Red-Dark > chr15R[1]:ID2_Red-Dark > chr15R[1]:ID2_Red-Dark > chr15R[1]:ID2_Red-Dark	chr15R > chr12R|chr14L|chr4R > chr15R	3	True
9fc09d5e-0d89-433b-a539-218f1d9b8a0d	28	chr14L	N	8	fwd	5	ID5,ID2,ID3,ID3,ID3,ID3,ID3,ID3	ID5_Blue-Light,ID2_Red-Light,ID3_Orange,ID3_Orange,ID3_Orange,ID3_Orange,ID3_Orange,ID3_Orange	self[3-5]:ID3_Orange,ID3_Orange,ID3_Orange	chr14L	1	False
a01d1030-1ac8-430d-a398-f7d4a38bf579	28	chr16R	N	3	fwd	1	ID1,ID2,ID2	ID1_Gray,ID2_Red-Dark,ID2_Red-Dark	chr15R[1]:ID2_Red-Dark > chr15R[1]:ID2_Red-Dark	chr15R	1	False
a171608d-c8db-4924-8b00-3d7b865ef1fc	28	chr12L	N	3	fwd	1	ID1,ID2,ID2	ID1_Gray,ID2_Red-Dark,ID2_Red-Dark	chr15R[1]:ID2_Red-Dark > chr15R[1]:ID2_Red-Dark	chr15R	1	False
a1a295ce-9553-441c-8ee2-089b05638218	28	chr14L	N	7	rev	0	ID5,ID2,ID3,ID3,ID3,ID3,ID3	ID5_Blue-Dark,ID2_Red-Light,ID3_Orange,ID3_Orange,ID3_Orange,ID3_Orange,ID3_Orange	chr16L|chr7R:ID5_Blue-Dark > self[2-5]:ID2_Red-Light,ID3_Orange,ID3_Orange,ID3_Orange > self[3-4]:ID3_Orange,ID3_Orange	chr16L|chr7R > chr14L	2	True
a1e58632-f543-45d3-9838-84ef7974b119	28	chr16R	N	4	fwd	1	ID1,ID3,ID3,ID3	ID1_Gray,ID3_Orange,ID3_Orange,ID3_Orange	chr14L[3-4]:ID3_Orange,ID3_Orange,ID3_Orange(circ x1.5 moderate | alt chr14L[3-4] + chr14L[3])	chr14L	1	False
a239cc7f-b5dc-4add-bef6-0343e05359e9	33	chr14L	N	10	rev	5	ID5,ID2,ID3,ID3,ID3,ID3,ID3,ID3,ID3,ID3	ID5_Blue-Light,ID2_Red-Light,ID3_Orange,ID3_Orange,ID3_Orange,ID3_Orange,ID3_Orange,ID3_Orange,ID3_Orange,ID3_Orange	self[3-5]:ID3_Orange,ID3_Orange,ID3_Orange,ID3_Orange,ID3_Orange(circ x1.7 moderate | alt chr14L[3-5] + chr14L[3-4])	chr14L	1	False
a39f6163-7563-4426-95c6-26dbe2d1748f	28	chr5R	N	10	rev	1	ID1,ID2,ID3,ID3,ID2,ID2,ID2,ID2,ID2,ID2	ID1_Gray,ID2_Red-Light,ID3_Orange,ID3_Orange,ID2_Red-Light,ID2_Red-Light,ID2_Red-Light,ID2_Red-Light,ID2_Red-Light,ID2_Red-Light	chr14L[2-4]:ID2_Red-Light,ID3_Orange,ID3_Orange > chr12R[2-7]:ID2_Red-Light,ID2_Red-Light,ID2_Red-Light,ID2_Red-Light,ID2_Red-Light,ID2_Red-Light	chr14L > chr12R	2	True
a3afb9a6-ac2a-4941-b7f6-f77d97f1b2fb	28	chr15R	N	3	fwd	1	ID2,ID2,ID3	ID2_Red-Dark,ID2_Red-Light,ID3_Orange	chr14L[2-3]:ID2_Red-Light,ID3_Orange	chr14L	1	False
a401dc13-7b04-446e-87a1-bf702e692f83	33	chr14R	N	4	rev	1	ID6,ID3,ID3,ID3	ID6_Purple-Neutral,ID3_Orange,ID3_Orange,ID3_Orange	chr14L[3-5]:ID3_Orange,ID3_Orange,ID3_Orange	chr14L	1	False
a616f480-b7ae-4234-806c-4f861a5c59ca	33	chr1L	N	2	rev	0	ID2,ID2	ID2_Red-Light,ID2_Red-Light	chr12R|chr4R:ID2_Red-Light,ID2_Red-Light	chr12R|chr4R	1	False
a61fa4de-938d-4c4e-a7c8-fbabbb0f3acf	28	chr14L	N	16	fwd	5	ID5,ID2,ID3,ID3,ID3,ID3,ID3,ID3,ID3,ID3,ID3,ID3,ID3,ID3,ID3,ID3	ID5_Blue-Light,ID2_Red-Light,ID3_Orange,ID3_Orange,ID3_Orange,ID3_Orange,ID3_Orange,ID3_Orange,ID3_Orange,ID3_Orange,ID3_Orange,ID3_Orange,ID3_Orange,ID3_Orange,ID3_Orange,ID3_Orange	self[3]:ID3_Orange,ID3_Orange,ID3_Orange,ID3_Orange,ID3_Orange,ID3_Orange,ID3_Orange,ID3_Orange,ID3_Orange,ID3_Orange,ID3_Orange(circ x11.0 strong)	chr14L	1	False
a65540e8-6a9f-44dd-a0d4-0d10b450793c	28	chr14L	N	9	fwd	0	ID5,ID2,ID3,ID3,ID3,ID3,ID2,ID3,ID3	ID5_Blue-Dark,ID2_Red-Light,ID3_Orange,ID3_Orange,ID3_Orange,ID3_Orange,ID2_Red-Light,ID3_Orange,ID3_Orange	chr16L|chr7R:ID5_Blue-Dark > self[2-5]:ID2_Red-Light,ID3_Orange,ID3_Orange,ID3_Orange > self[2-4]:ID3_Orange,ID2_Red-Light,ID3_Orange,ID3_Orange(circ x1.3 moderate | alt chr14L[3] + chr14L[2-4])	chr16L|chr7R > chr14L	2	True
a6cf87f9-61e9-464e-945e-d7f3e9ceebcb	33	chr13R	N	3	rev	0	ID5,ID2,ID2	ID5_Blue-Light,ID2_Red-Light,ID2_Red-Light	chr14L[1-2]:ID5_Blue-Light,ID2_Red-Light > chr12R|chr14L|chr4R:ID2_Red-Light	chr14L	1	False
a6dc6c71-db13-4f44-8bf5-43324958bf76	33	chr14L	N	12	rev	4	ID5,ID2,ID3,ID3,ID2,ID3,ID3,ID3,ID3,ID3,ID3,ID3	ID5_Blue-Light,ID2_Red-Light,ID3_Orange,ID3_Orange,ID2_Red-Light,ID3_Orange,ID3_Orange,ID3_Orange,ID3_Orange,ID3_Orange,ID3_Orange,ID3_Orange	self[2]:ID2_Red-Light > self[3-5]:ID3_Orange,ID3_Orange,ID3_Orange > self[3]:ID3_Orange,ID3_Orange,ID3_Orange,ID3_Orange(circ x4.0 moderate | alt chr14L[3-5] + chr14L[3])	chr14L	1	False
a77e744c-b007-4d1b-95a1-d3733e8bd319	28	chr14L	N	7	fwd	5	ID5,ID2,ID3,ID3,ID3,ID3,ID3	ID5_Blue-Light,ID2_Red-Light,ID3_Orange,ID3_Orange,ID3_Orange,ID3_Orange,ID3_Orange	self[3-4]:ID3_Orange,ID3_Orange	chr14L	1	False
a896405f-57ff-47e2-958a-50b178872685	33	chr13L	N	3	rev	1	ID1,ID2,ID2	ID1_Gray,ID2_Red-Light,ID2_Red-Light	chr12R|chr4R:ID2_Red-Light,ID2_Red-Light	chr12R|chr4R	1	False
a97a458d-77d2-491c-9331-e84bd1954a2e	28	chr15L	N	2	rev	0	ID3,ID2	ID3_Orange,ID2_Red-Light	chr14L[3]:ID3_Orange > chr12R|chr14L|chr4R:ID2_Red-Light	chr14L	1	False
aa996ae9-e9e1-43c8-a0b0-67ffe4d24b53	33	chr13L	N	5	rev	1	ID1,ID1,ID1,ID1,ID1	ID1_Gray,ID1_Gray,ID1_Gray,ID1_Gray,ID1_Gray	chr12R?[1]:ID1_Gray,ID1_Gray,ID1_Gray,ID1_Gray(circ x4.0 moderate)	chr12R	1	False
aae8c169-306a-4185-850c-3bbcaa36167f	28	chr4R	N	9	fwd	7	ID2,ID2,ID2,ID2,ID2,ID2,ID2,ID2,ID2	ID2_Red-Light,ID2_Red-Light,ID2_Red-Light,ID2_Red-Light,ID2_Red-Light,ID2_Red-Light,ID2_Red-Light,ID2_Red-Light,ID2_Red-Light	self[1-2]:ID2_Red-Light,ID2_Red-Light	chr4R	1	False
ab5ac738-2959-4ed5-b361-d23a253afaf6	28	chr7R	Y	3	rev	1	ID5,ID5,ID2	ID5_Blue-Dark,ID5_Blue-Dark,ID2_Red-Light	self[1]:ID5_Blue-Dark > chr12R|chr14L|chr4R:ID2_Red-Light	chr7R > chr12R|chr14L|chr4R	2	True
ac1a6e70-a486-48ee-8e8c-50cef36fb58e	33	chr2R	Y	2	fwd	0	ID5,ID2	ID5_Blue-Dark,ID2_Red-Light	chr16L|chr7R:ID5_Blue-Dark > chr12R|chr14L|chr4R:ID2_Red-Light	chr16L|chr7R > chr12R|chr14L|chr4R	2	True
ac789c64-dd0b-4929-aa3b-4db85c654ae7	33	chr5R	N	3	rev	1	ID1,ID3,ID2	ID1_Gray,ID3_Orange,ID2_Red-Light	chr14L[3]:ID3_Orange > chr12R|chr14L|chr4R:ID2_Red-Light	chr14L	1	False
acbe89aa-5850-4a2e-9baa-6986c8e767cb	28	chr14R	N	4	rev	1	ID6,ID3,ID3,ID3	ID6_Purple-Neutral,ID3_Orange,ID3_Orange,ID3_Orange	chr14L[3-5]:ID3_Orange,ID3_Orange,ID3_Orange	chr14L	1	False
ad5d18f1-018a-470d-9f6e-aa01f2fa9675	33	chr14L	N	10	rev	0	ID5,ID2,ID3,ID2,ID3,ID3,ID3,ID3,ID3,ID3	ID5_Blue-Dark,ID2_Red-Light,ID3_Orange,ID2_Red-Light,ID3_Orange,ID3_Orange,ID3_Orange,ID3_Orange,ID3_Orange,ID3_Orange	chr16L|chr7R:ID5_Blue-Dark > self[2-3]:ID2_Red-Light,ID3_Orange,ID2_Red-Light,ID3_Orange(circ x2.0 moderate | alt chr14L[2-3] + chr14L[2-3]) > self[3]:ID3_Orange,ID3_Orange,ID3_Orange,ID3_Orange,ID3_Orange(circ x5.0 moderate | alt chr14L[3-5] + chr14L[3-4])	chr16L|chr7R > chr14L	2	True
ade7a4a7-2868-4609-b668-bbb3df20009b	28	chr16R	N	3	rev	1	ID1,ID3,ID2	ID1_Gray,ID3_Orange,ID2_Red-Light	chr14L[3]:ID3_Orange > chr12R|chr14L|chr4R:ID2_Red-Light	chr14L	1	False
ae11f07b-ed0a-4a66-bcab-c254b3d11175	33	chr7R	N	4	fwd	1	ID5,ID3,ID3,ID3	ID5_Blue-Dark,ID3_Orange,ID3_Orange,ID3_Orange	chr14L[3-5]:ID3_Orange,ID3_Orange,ID3_Orange	chr14L	1	False
ae1ab0be-1e13-4be6-999f-04267376c91e	33	chr11R	N	2	fwd	0	ID5,ID3	ID5_Blue-Light,ID3_Orange	chr14L[1]:ID5_Blue-Light > chr14L[3]:ID3_Orange	chr14L	1	False
aed0d684-b7f8-4164-9274-1d1992f1d07e	33	chr16L	N	4	rev	1	ID5,ID3,ID3,ID3	ID5_Blue-Dark,ID3_Orange,ID3_Orange,ID3_Orange	chr14L[3-5]:ID3_Orange,ID3_Orange,ID3_Orange	chr14L	1	False
afed56b8-a57d-4d70-a577-0b0bdcbecb59	33	chr7R	N	3	rev	1	ID5,ID5,ID5	ID5_Blue-Dark,ID5_Blue-Dark,ID5_Blue-Dark	self[1]:ID5_Blue-Dark > self[1]:ID5_Blue-Dark	chr7R	1	False
b0b4f957-6404-4cf4-851e-b81f472899c2	33	chr2L	Y	4	rev	0	ID5,ID2,ID2,ID2	ID5_Blue-Dark,ID2_Red-Light,ID2_Red-Dark,ID2_Red-Dark	chr16L|chr7R:ID5_Blue-Dark > chr12R|chr14L|chr4R:ID2_Red-Light > chr15R[1]:ID2_Red-Dark > chr15R[1]:ID2_Red-Dark	chr16L|chr7R > chr12R|chr14L|chr4R > chr15R	3	True
b1886599-2075-4339-ae01-a045f58d7b37	33	chr4L	N	3	rev	0	ID1,ID2,ID2	ID1_Gray,ID2_Red-Light,ID2_Red-Light	chr12R[1-3]:ID1_Gray,ID2_Red-Light,ID2_Red-Light	chr12R	1	False
b1e5c0a3-6e82-43ff-8c04-673cd1d3be6c	28	chr14L	N	10	rev	5	ID5,ID2,ID3,ID3,ID3,ID5,ID2,ID3,ID3,ID3	ID5_Blue-Light,ID2_Red-Light,ID3_Orange,ID3_Orange,ID3_Orange,ID5_Blue-Light,ID2_Red-Light,ID3_Orange,ID3_Orange,ID3_Orange	self[1-5]:ID5_Blue-Light,ID2_Red-Light,ID3_Orange,ID3_Orange,ID3_Orange	chr14L	1	False
b2e8aa8c-17bb-4b9e-a940-906b6eb74808	33	chr14L	Y	6	rev	0	ID5,ID2,ID2,ID3,ID3,ID3	ID5_Blue-Dark,ID2_Red-Dark,ID2_Red-Light,ID3_Orange,ID3_Orange,ID3_Orange	chr16L|chr7R:ID5_Blue-Dark > chr15R[1]:ID2_Red-Dark > self[2-5]:ID2_Red-Light,ID3_Orange,ID3_Orange,ID3_Orange	chr16L|chr7R > chr15R > chr14L	3	True
b36ab1fb-f679-408b-bbf0-e400ae910286	33	chr10L	N	3	rev	1	ID6,ID5,ID5	ID6_Purple-Dark,ID5_Blue-Dark,ID5_Blue-Dark	chr16L|chr7R:ID5_Blue-Dark > chr16L|chr7R:ID5_Blue-Dark	chr16L|chr7R	1	False
b4902abe-afda-4e61-8578-2ea7e2c8251e	28	chr14L	N	7	rev	5	ID5,ID2,ID3,ID3,ID3,ID3,ID3	ID5_Blue-Light,ID2_Red-Light,ID3_Orange,ID3_Orange,ID3_Orange,ID3_Orange,ID3_Orange	self[3-4]:ID3_Orange,ID3_Orange	chr14L	1	False
b495c4a0-2a68-420f-b405-5a78644f32c0	33	chr8L	N	3	rev	1	ID1,ID3,ID3	ID1_Gray,ID3_Orange,ID3_Orange	chr14L[3-4]:ID3_Orange,ID3_Orange	chr14L	1	False
b4ac8045-bb21-4cd1-bee8-fbf280d4dddc	33	chr4L	Y	2	rev	0	ID5,ID2	ID5_Blue-Dark,ID2_Red-Dark	chr16L|chr7R:ID5_Blue-Dark > chr15R[1]:ID2_Red-Dark	chr16L|chr7R > chr15R	2	True
b51b9482-41ab-4f8e-8a44-498c3c799f2b	28	chr16L	N	5	rev	1	ID5,ID2,ID3,ID3,ID3	ID5_Blue-Dark,ID2_Red-Light,ID3_Orange,ID3_Orange,ID3_Orange	chr14L[2-4]:ID2_Red-Light,ID3_Orange,ID3_Orange > chr14L[3]:ID3_Orange	chr14L	1	False
b53336f2-65d4-4210-8c13-f61005cfeb26	33	chr16L	Y	3	rev	1	ID5,ID5,ID2	ID5_Blue-Dark,ID5_Blue-Dark,ID2_Red-Dark	self[1]:ID5_Blue-Dark > chr15R[1]:ID2_Red-Dark	chr16L > chr15R	2	True
b7630597-c003-4b40-9ef0-92e9af4c51fb	33	chr11L	N	2	rev	0	ID3,ID2	ID3_Orange,ID2_Red-Light	chr14L[3]:ID3_Orange > chr12R|chr14L|chr4R:ID2_Red-Light	chr14L	1	False
b8388c98-f1c6-4186-85e2-dbab77d79a04	28	chr16R	N	3	fwd	1	ID1,ID3,ID3	ID1_Gray,ID3_Orange,ID3_Orange	chr14L[3-4]:ID3_Orange,ID3_Orange	chr14L	1	False
b9655bb0-acea-4e4f-ac45-67e230724a70	33	chr14L	N	7	rev	5	ID5,ID2,ID3,ID3,ID3,ID3,ID3	ID5_Blue-Light,ID2_Red-Light,ID3_Orange,ID3_Orange,ID3_Orange,ID3_Orange,ID3_Orange	self[3-4]:ID3_Orange,ID3_Orange	chr14L	1	False
b99b3138-84f8-47d1-b26f-48f93c2beb11	28	chr12R	N	10	fwd	7	ID1,ID2,ID2,ID2,ID2,ID2,ID2,ID2,ID2,ID2	ID1_Gray,ID2_Red-Light,ID2_Red-Light,ID2_Red-Light,ID2_Red-Light,ID2_Red-Light,ID2_Red-Light,ID2_Red-Light,ID2_Red-Light,ID2_Red-Light	self[2-4]:ID2_Red-Light,ID2_Red-Light,ID2_Red-Light	chr12R	1	False
b9f8c8ec-58f2-4ad1-ba4b-d794f7e23486	28	chr13L	N	4	rev	1	ID1,ID1,ID1,ID1	ID1_Gray,ID1_Gray,ID1_Gray,ID1_Gray	chr12R?[1]:ID1_Gray,ID1_Gray,ID1_Gray(circ x3.0 moderate)	chr12R	1	False
ba810c27-ad72-4e88-bce0-2cd459de1f84	28	chr2R	Y	8	rev	0	ID1,ID3,ID3,ID3,ID3,ID3,ID3,ID3	ID1_Gray,ID3_Orange,ID3_Orange,ID3_Orange,ID3_Orange,ID3_Orange,ID3_Orange,ID3_Orange	chr12L|chr12R|chr13L|chr16R|chr5R|chr8L|chr8R:ID1_Gray > chr14L[3]:ID3_Orange,ID3_Orange,ID3_Orange,ID3_Orange,ID3_Orange,ID3_Orange,ID3_Orange(circ x7.0 strong)	chr12L|chr12R|chr13L|chr16R|chr5R|chr8L|chr8R > chr14L	2	True
bacb9822-1f5a-4ca6-b028-2909b0cdaf4d	28	chr5R	N	3	fwd	1	ID1,ID3,ID3	ID1_Gray,ID3_Orange,ID3_Orange	chr14L[3-4]:ID3_Orange,ID3_Orange	chr14L	1	False
bb911779-8d43-4e22-8ff5-9ed92c6bd110	28	chr4R	N	9	fwd	7	ID2,ID2,ID2,ID2,ID2,ID2,ID2,ID2,ID2	ID2_Red-Light,ID2_Red-Light,ID2_Red-Light,ID2_Red-Light,ID2_Red-Light,ID2_Red-Light,ID2_Red-Light,ID2_Red-Light,ID2_Red-Light	self[1-2]:ID2_Red-Light,ID2_Red-Light	chr4R	1	False
bcac725c-4832-4641-88c8-78a41d5715a7	33	chr3L	Y	2	rev	0	ID1,ID3	ID1_Gray,ID3_Orange	chr12R?[1]:ID1_Gray > chr14L[3]:ID3_Orange	chr12R > chr14L	2	True
bccf2ff6-a44e-45c4-9163-7e1d36172fd5	28	chr12L	N	7	fwd	1	ID1,ID3,ID3,ID3,ID3,ID3,ID3	ID1_Gray,ID3_Orange,ID3_Orange,ID3_Orange,ID3_Orange,ID3_Orange,ID3_Orange	chr14L[3]:ID3_Orange,ID3_Orange,ID3_Orange,ID3_Orange,ID3_Orange,ID3_Orange(circ x6.0 strong)	chr14L	1	False
bd2882a6-ffad-4c24-b376-d985799c9a24	33	chr13R	Y	3	rev	0	ID2,ID2,ID2	ID2_Red-Dark,ID2_Red-Light,ID2_Red-Dark	chr15R[1]:ID2_Red-Dark > chr12R|chr14L|chr4R:ID2_Red-Light > chr15R[1]:ID2_Red-Dark	chr15R > chr12R|chr14L|chr4R > chr15R	3	True
bd9a009e-5c4c-43ce-9e84-ec8dece82fc8	33	chr11L	N	3	rev	0	ID1,ID2,ID2	ID1_Gray,ID2_Red-Light,ID2_Red-Light	chr12L|chr13L|chr16R|chr5R|chr8L|chr8R:ID1_Gray > chr4R[1-2]:ID2_Red-Light,ID2_Red-Light	chr12L|chr13L|chr16R|chr5R|chr8L|chr8R > chr4R	2	True
bf9f06f4-0d98-4fae-9927-6a6665881554	28	chr1L	N	2	rev	0	ID6,ID6	ID6_Purple-Neutral,ID6_Purple-Neutral	chr14R[1]:ID6_Purple-Neutral > chr14R[1]:ID6_Purple-Neutral	chr14R	1	False
bfbafd22-5ac4-4b14-b55d-d4cbc63e9c9f	33	chr3R	N	2	rev	0	ID1,ID2	ID1_Gray,ID2_Red-Light	chr12R[1-2]:ID1_Gray,ID2_Red-Light	chr12R	1	False
bfc3ff90-f560-43d0-9370-832b339933b0	33	chr15L	N	3	rev	0	ID5,ID2,ID3	ID5_Blue-Light,ID2_Red-Light,ID3_Orange	chr14L[1-3]:ID5_Blue-Light,ID2_Red-Light,ID3_Orange	chr14L	1	False
c012bbad-fd65-4121-be85-68eba93e109f	28	chr10R	N	5	rev	0	ID5,ID2,ID3,ID3,ID3	ID5_Blue-Light,ID2_Red-Light,ID3_Orange,ID3_Orange,ID3_Orange	chr14L[1-3]:ID5_Blue-Light,ID2_Red-Light,ID3_Orange > chr14L[3-4]:ID3_Orange,ID3_Orange	chr14L	1	False
c01bd689-eadb-48f2-9d08-23d81a3a2b36	28	chr3R	N	2	rev	0	ID1,ID2	ID1_Gray,ID2_Red-Light	chr12R[1-2]:ID1_Gray,ID2_Red-Light	chr12R	1	False
c06bb286-e49d-4df6-9626-a99021df1554	28	chr2L	Y	3	fwd	0	ID3,ID1,ID1	ID3_Orange,ID1_Gray,ID1_Gray	chr14L[3]:ID3_Orange > chr12L|chr12R|chr13L|chr16R|chr5R|chr8L|chr8R:ID1_Gray > chr12L|chr12R|chr13L|chr16R|chr5R|chr8L|chr8R:ID1_Gray	chr14L > chr12L|chr12R|chr13L|chr16R|chr5R|chr8L|chr8R	2	True
c0ac920d-7d5f-43d0-b591-be77c4cf6cca	28	chr14L	Y	9	rev	0	ID5,ID2,ID3,ID3,ID3,ID2,ID2,ID2,ID2	ID5_Blue-Dark,ID2_Red-Light,ID3_Orange,ID3_Orange,ID3_Orange,ID2_Red-Light,ID2_Red-Dark,ID2_Red-Dark,ID2_Red-Light	chr16L|chr7R:ID5_Blue-Dark > self[2-3]:ID2_Red-Light,ID3_Orange > self[3-4]:ID3_Orange,ID3_Orange > self[2]:ID2_Red-Light > chr15R[1]:ID2_Red-Dark > chr15R[1]:ID2_Red-Dark > self[2]:ID2_Red-Light	chr16L|chr7R > chr14L > chr15R > chr14L	4	True
c0b63b20-887a-4019-aa79-d21343c26484	33	chr13R	Y	11	rev	0	ID5,ID2,ID3,ID3,ID3,ID3,ID3,ID2,ID3,ID3,ID3	ID5_Blue-Dark,ID2_Red-Light,ID3_Orange,ID3_Orange,ID3_Orange,ID3_Orange,ID3_Orange,ID2_Red-Light,ID3_Orange,ID3_Orange,ID3_Orange	chr16L|chr7R:ID5_Blue-Dark > chr14L[2-5]:ID2_Red-Light,ID3_Orange,ID3_Orange,ID3_Orange > chr14L[2-4]:ID3_Orange,ID3_Orange,ID2_Red-Light,ID3_Orange,ID3_Orange(circ x1.7 moderate | alt chr14L[3-4] + chr14L[2-4]) > chr14L[3]:ID3_Orange	chr16L|chr7R > chr14L	2	True
c10ad75d-d1f3-47e5-ad2b-b791a845a840	33	chr7R	N	3	rev	1	ID5,ID3,ID3	ID5_Blue-Dark,ID3_Orange,ID3_Orange	chr14L[3-4]:ID3_Orange,ID3_Orange	chr14L	1	False
c13f426d-dc92-4ade-a26e-e82c4a0e26e2	33	chr6L	N	4	fwd	1	ID4,ID2,ID3,ID3	ID4_Green-Light,ID2_Red-Light,ID3_Orange,ID3_Orange	chr14L[2-4]:ID2_Red-Light,ID3_Orange,ID3_Orange	chr14L	1	False
c2031a31-eb42-41d8-87e7-d1f10712be46	28	chr2L	N	4	rev	1	ID4,ID3,ID3,ID3	ID4_Green-Light,ID3_Orange,ID3_Orange,ID3_Orange	chr14L[3-5]:ID3_Orange,ID3_Orange,ID3_Orange	chr14L	1	False
c23a7731-2cee-4717-aada-c7b83b8829ce	28	chr14L	N	7	fwd	5	ID5,ID2,ID3,ID3,ID3,ID3,ID3	ID5_Blue-Light,ID2_Red-Light,ID3_Orange,ID3_Orange,ID3_Orange,ID3_Orange,ID3_Orange	self[3-4]:ID3_Orange,ID3_Orange	chr14L	1	False
c2b1d06f-11aa-450d-9f3e-bcacb5db933a	28	chr5R	N	9	rev	1	ID1,ID2,ID2,ID2,ID2,ID2,ID2,ID2,ID2	ID1_Gray,ID2_Red-Light,ID2_Red-Light,ID2_Red-Light,ID2_Red-Light,ID2_Red-Light,ID2_Red-Light,ID2_Red-Light,ID2_Red-Light	chr12R|chr14L|chr4R:ID2_Red-Light,ID2_Red-Light,ID2_Red-Light,ID2_Red-Light,ID2_Red-Light,ID2_Red-Light,ID2_Red-Light,ID2_Red-Light(circ x8.0)	chr12R|chr14L|chr4R	1	False
c2bd72c8-d6a8-433f-9641-11726e1e87f4	33	chr14L	N	7	fwd	0	ID5,ID2,ID3,ID3,ID3,ID3,ID3	ID5_Blue-Dark,ID2_Red-Light,ID3_Orange,ID3_Orange,ID3_Orange,ID3_Orange,ID3_Orange	chr16L|chr7R:ID5_Blue-Dark > self[2-5]:ID2_Red-Light,ID3_Orange,ID3_Orange,ID3_Orange > self[3-4]:ID3_Orange,ID3_Orange	chr16L|chr7R > chr14L	2	True
c2d57174-6588-4717-b178-6c3553fd9314	33	chr15R	N	3	fwd	1	ID2,ID2,ID2	ID2_Red-Dark,ID2_Red-Light,ID2_Red-Light	chr12R|chr4R:ID2_Red-Light,ID2_Red-Light	chr12R|chr4R	1	False
c385c97f-b776-456b-9665-08fdcefa72ec	33	chr6L	N	3	fwd	1	ID4,ID3,ID3	ID4_Green-Light,ID3_Orange,ID3_Orange	chr14L[3-4]:ID3_Orange,ID3_Orange	chr14L	1	False
c401774a-0bf6-4539-b92f-2693fd1e28e5	33	chr7R	Y	3	rev	1	ID5,ID3,ID5	ID5_Blue-Dark,ID3_Orange,ID5_Blue-Dark	chr14L[3]:ID3_Orange > self[1]:ID5_Blue-Dark	chr14L > chr7R	2	True
c40427e0-63c9-4a4a-a7b6-ef95d6ed24fd	33	chr16R	Y	5	rev	1	ID1,ID1,ID3,ID3,ID3	ID1_Gray,ID1_Gray,ID3_Orange,ID3_Orange,ID3_Orange	chr12R?[1]:ID1_Gray > chr14L[3-5]:ID3_Orange,ID3_Orange,ID3_Orange	chr12R > chr14L	2	True
c444403e-fcbe-457c-92fa-80984f265b7d	28	chr13L	N	4	fwd	0	ID3,ID2,ID2,ID2	ID3_Orange,ID2_Red-Light,ID2_Red-Light,ID2_Red-Light	chr14L[3]:ID3_Orange > chr12R|chr4R:ID2_Red-Light,ID2_Red-Light,ID2_Red-Light	chr14L > chr12R|chr4R	2	True
c47ed9fd-660b-4cc3-b38c-d8aa8fe7bbd8	33	chr5L	Y	4	rev	1	ID6,ID2,ID2,ID6	ID6_Purple-Light,ID2_Red-Light,ID2_Red-Light,ID6_Purple-Light	chr12R|chr4R:ID2_Red-Light,ID2_Red-Light > self[1]:ID6_Purple-Light	chr12R|chr4R > chr5L	2	True
c767967d-2938-4695-98dc-c16e2e8e75fd	28	chr6R	N	2	rev	0	ID2,ID2	ID2_Red-Light,ID2_Red-Light	chr12R|chr4R:ID2_Red-Light,ID2_Red-Light	chr12R|chr4R	1	False
c820621b-e9f3-4dad-9ee5-bc043379251e	28	chr5R	N	3	rev	1	ID1,ID1,ID1	ID1_Gray,ID1_Gray,ID1_Gray	chr12R?[1]:ID1_Gray > self[1]:ID1_Gray	chr12R > chr5R	2	True
c9084222-a7b4-472e-8d18-840572ec0938	33	chr4R	N	13	rev	7	ID2,ID2,ID2,ID2,ID2,ID2,ID2,ID2,ID2,ID2,ID2,ID2,ID2	ID2_Red-Light,ID2_Red-Light,ID2_Red-Light,ID2_Red-Light,ID2_Red-Light,ID2_Red-Light,ID2_Red-Light,ID2_Red-Light,ID2_Red-Light,ID2_Red-Light,ID2_Red-Light,ID2_Red-Light,ID2_Red-Light	self[1-5]:ID2_Red-Light,ID2_Red-Light,ID2_Red-Light,ID2_Red-Light,ID2_Red-Light,ID2_Red-Light(circ x1.2 moderate | alt chr4R[3-7] + chr4R[1])	chr4R	1	False
c94650e0-7ae2-4bf7-8b39-1ba1ce1f7612	33	chr12R	N	9	fwd	7	ID1,ID2,ID2,ID2,ID2,ID2,ID2,ID2,ID2	ID1_Gray,ID2_Red-Light,ID2_Red-Light,ID2_Red-Light,ID2_Red-Light,ID2_Red-Light,ID2_Red-Light,ID2_Red-Light,ID2_Red-Light	self[2-3]:ID2_Red-Light,ID2_Red-Light	chr12R	1	False
cabd4ca1-3c78-4d8b-8a17-1a661a88451c	33	chr7R	N	3	fwd	1	ID5,ID5,ID5	ID5_Blue-Dark,ID5_Blue-Dark,ID5_Blue-Dark	self[1]:ID5_Blue-Dark > self[1]:ID5_Blue-Dark	chr7R	1	False
caf2768b-6a51-4f3d-80a4-fa5e3beeca8f	28	chr14R	N	3	rev	1	ID6,ID3,ID3	ID6_Purple-Neutral,ID3_Orange,ID3_Orange	chr14L[3-4]:ID3_Orange,ID3_Orange	chr14L	1	False
cc06693c-810e-4584-aeb2-48cc482dfb61	33	chr5R	N	4	rev	1	ID1,ID2,ID2,ID2	ID1_Gray,ID2_Red-Light,ID2_Red-Light,ID2_Red-Light	chr12R[4-6]:ID2_Red-Light,ID2_Red-Light,ID2_Red-Light	chr12R	1	False
cc3e74b4-56f9-4e9c-865d-04a4155b0f61	28	chr8L	N	3	fwd	1	ID1,ID2,ID3	ID1_Gray,ID2_Red-Light,ID3_Orange	chr14L[2-3]:ID2_Red-Light,ID3_Orange	chr14L	1	False
cc64ac8e-df05-43ac-b311-ad643cedf5a5	33	chr5R	N	3	fwd	1	ID1,ID2,ID1	ID1_Gray,ID2_Red-Light,ID1_Gray	chr12R|chr4R:ID2_Red-Light > self[1]:ID1_Gray	chr12R|chr4R > chr5R	2	True
cc879e78-cad1-4ef3-ad4c-84edcb047c99	33	chr14R	N	4	rev	1	ID6,ID2,ID3,ID3	ID6_Purple-Neutral,ID2_Red-Light,ID3_Orange,ID3_Orange	chr12R|chr14L|chr4R:ID2_Red-Light > chr14L[3-4]:ID3_Orange,ID3_Orange	chr14L	1	False
cceea503-ef0e-432a-b1df-4950ecab060e	33	chr7R	N	5	rev	1	ID5,ID3,ID3,ID3,ID3	ID5_Blue-Dark,ID3_Orange,ID3_Orange,ID3_Orange,ID3_Orange	chr14L[3-4]:ID3_Orange,ID3_Orange,ID3_Orange,ID3_Orange(circ x2.0 moderate | alt chr14L[3-4] + chr14L[3-4])	chr14L	1	False
cd3420b0-5e51-448f-a6a3-8ddf35c0ecf3	28	chr11L	Y	2	rev	0	ID1,ID3	ID1_Gray,ID3_Orange	chr12L|chr12R|chr13L|chr16R|chr5R|chr8L|chr8R:ID1_Gray > chr14L[3]:ID3_Orange	chr12L|chr12R|chr13L|chr16R|chr5R|chr8L|chr8R > chr14L	2	True
cd59eff9-7f95-4309-a675-3e99983621ea	33	chr8L	N	3	fwd	1	ID1,ID3,ID3	ID1_Gray,ID3_Orange,ID3_Orange	chr14L[3]:ID3_Orange > chr14L[3]:ID3_Orange	chr14L	1	False
cd775ea8-506d-4830-bec2-ea0f9f864d9c	28	chr1L	N	3	fwd	0	ID3,ID3,ID3	ID3_Orange,ID3_Orange,ID3_Orange	chr14L[3-4]:ID3_Orange,ID3_Orange,ID3_Orange(circ x1.5 moderate | alt chr14L[3] + chr14L[3-4])	chr14L	1	False
cd988e9a-2de8-41e6-89a9-e76d48da9ae8	33	chr2R	Y	2	rev	0	ID5,ID1	ID5_Blue-Dark,ID1_Gray	chr16L|chr7R:ID5_Blue-Dark > chr12L|chr12R|chr13L|chr16R|chr5R|chr8L|chr8R:ID1_Gray	chr16L|chr7R > chr12L|chr12R|chr13L|chr16R|chr5R|chr8L|chr8R	2	True
cf05d242-a62b-43ff-ba74-2648bde74bb6	33	chr2L	N	4	rev	1	ID4,ID4,ID4,ID4	ID4_Green-Light,ID4_Green-Light,ID4_Green-Light,ID4_Green-Light	self[1]:ID4_Green-Light > self[1]:ID4_Green-Light > self[1]:ID4_Green-Light	chr2L	1	False
cf2e4ec6-0b47-4f87-b12f-101f74b0613b	33	chr5R	N	3	rev	1	ID1,ID5,ID5	ID1_Gray,ID5_Blue-Dark,ID5_Blue-Dark	chr16L|chr7R:ID5_Blue-Dark > chr16L|chr7R:ID5_Blue-Dark	chr16L|chr7R	1	False
cf7ed7b1-5ebd-494e-bb41-7a6139d94503	28	chr14R	N	4	rev	1	ID6,ID2,ID2,ID2	ID6_Purple-Neutral,ID2_Red-Light,ID2_Red-Light,ID2_Red-Light	chr4R[1-3]:ID2_Red-Light,ID2_Red-Light,ID2_Red-Light	chr4R	1	False
d00e3731-fe9d-4102-b0ad-8e8a2366d2d9	33	chr12L	Y	3	rev	1	ID1,ID2,ID3	ID1_Gray,ID2_Red-Dark,ID3_Orange	chr15R[1]:ID2_Red-Dark > chr14L[3]:ID3_Orange	chr15R > chr14L	2	True
d0646004-e86d-4e2f-995d-2dd8ce75c8ca	33	chr13R	Y	3	rev	0	ID5,ID2,ID2	ID5_Blue-Dark,ID2_Red-Light,ID2_Red-Light	chr16L|chr7R:ID5_Blue-Dark > chr4R[1-2]:ID2_Red-Light,ID2_Red-Light	chr16L|chr7R > chr4R	2	True
d06c86fa-f8fa-4161-8db5-f8b6756eb2ed	28	chr16R	N	6	rev	0	ID2,ID2,ID2,ID2,ID2,ID2	ID2_Red-Light,ID2_Red-Light,ID2_Red-Light,ID2_Red-Light,ID2_Red-Light,ID2_Red-Light	chr12R[2-7]:ID2_Red-Light,ID2_Red-Light,ID2_Red-Light,ID2_Red-Light,ID2_Red-Light,ID2_Red-Light	chr12R	1	False
d129c3f8-a9d3-444b-ac99-184cffc0c97d	28	chr5R	N	3	rev	1	ID1,ID2,ID2	ID1_Gray,ID2_Red-Dark,ID2_Red-Dark	chr15R[1]:ID2_Red-Dark > chr15R[1]:ID2_Red-Dark	chr15R	1	False
d1e6114b-0bc6-41a3-ba8d-8e0d51acf5d1	33	chr1L	N	3	rev	0	ID2,ID2,ID2	ID2_Red-Light,ID2_Red-Light,ID2_Red-Light	chr12R|chr14L|chr4R:ID2_Red-Light > chr12R|chr14L|chr4R:ID2_Red-Light > chr12R|chr14L|chr4R:ID2_Red-Light	chr12R|chr14L|chr4R	1	False
d21c7dd1-5613-4ca4-9dd8-428175dabbc3	28	chr4R	N	9	fwd	7	ID2,ID2,ID2,ID2,ID2,ID2,ID2,ID2,ID2	ID2_Red-Light,ID2_Red-Light,ID2_Red-Light,ID2_Red-Light,ID2_Red-Light,ID2_Red-Light,ID2_Red-Light,ID2_Red-Light,ID2_Red-Light	self[4-5]:ID2_Red-Light,ID2_Red-Light	chr4R	1	False
d27dea18-329c-40e0-ae65-477b3cf7a61c	33	chr14L	N	9	rev	5	ID5,ID2,ID3,ID3,ID3,ID3,ID3,ID3,ID3	ID5_Blue-Light,ID2_Red-Light,ID3_Orange,ID3_Orange,ID3_Orange,ID3_Orange,ID3_Orange,ID3_Orange,ID3_Orange	self[3]:ID3_Orange,ID3_Orange,ID3_Orange,ID3_Orange(circ x4.0 moderate | alt chr14L[3-5] + chr14L[3])	chr14L	1	False
d38accee-4198-4a13-a6ff-8d53e163c512	33	chr7R	N	3	fwd	1	ID5,ID2,ID2	ID5_Blue-Dark,ID2_Red-Light,ID2_Red-Light	chr4R[1-2]:ID2_Red-Light,ID2_Red-Light	chr4R	1	False
d55804c2-3d67-4255-a89c-9a7f5be08a82	33	chr5L	N	8	rev	1	ID6,ID2,ID2,ID2,ID2,ID2,ID2,ID2	ID6_Purple-Light,ID2_Red-Light,ID2_Red-Light,ID2_Red-Light,ID2_Red-Light,ID2_Red-Light,ID2_Red-Light,ID2_Red-Light	chr12R[2-5]:ID2_Red-Light,ID2_Red-Light,ID2_Red-Light,ID2_Red-Light,ID2_Red-Light,ID2_Red-Light,ID2_Red-Light(circ x1.8 moderate | alt chr12R[2-4] + chr12R[2-5])	chr12R	1	False
d6adc357-9f2c-4f5d-9a6a-a2ce0d105e9b	28	chr5R	N	3	fwd	1	ID1,ID3,ID3	ID1_Gray,ID3_Orange,ID3_Orange	chr14L[3-4]:ID3_Orange,ID3_Orange	chr14L	1	False
d7d8f261-7b4f-42ea-8ca3-a5c447ec3abe	28	chr6L	N	3	rev	1	ID4,ID2,ID2	ID4_Green-Light,ID2_Red-Light,ID2_Red-Light	chr4R[1-2]:ID2_Red-Light,ID2_Red-Light	chr4R	1	False
d836f5f6-dd69-474c-a915-41232563b29c	33	chr13R	N	4	fwd	0	ID1,ID2,ID2,ID2	ID1_Gray,ID2_Red-Light,ID2_Red-Light,ID2_Red-Light	chr12L|chr13L|chr16R|chr5R|chr8L|chr8R:ID1_Gray > chr12R?[2]:ID2_Red-Light,ID2_Red-Light,ID2_Red-Light(circ x3.0 moderate | alt chr12R[2] + chr12R[2-3])	chr12L|chr13L|chr16R|chr5R|chr8L|chr8R > chr12R	2	True
d8621ed5-84ff-4853-b41e-ffde8ad616b3	28	chr13R	N	4	rev	0	ID5,ID5,ID5,ID5	ID5_Blue-Dark,ID5_Blue-Dark,ID5_Blue-Dark,ID5_Blue-Dark	chr16L|chr7R:ID5_Blue-Dark,ID5_Blue-Dark,ID5_Blue-Dark,ID5_Blue-Dark(circ x4.0)	chr16L|chr7R	1	False
d8a774b4-76ac-44ba-a71a-06a04cb87816	33	chr13L	N	4	fwd	0	ID4,ID4,ID4,ID4	ID4_Green-Light,ID4_Green-Light,ID4_Green-Light,ID4_Green-Light	chr2L|chr6L:ID4_Green-Light,ID4_Green-Light,ID4_Green-Light,ID4_Green-Light(circ x4.0)	chr2L|chr6L	1	False
d911e534-8b06-47fe-a576-b238b9f3d840	28	chr10L	N	3	rev	1	ID6,ID2,ID2	ID6_Purple-Dark,ID2_Red-Light,ID2_Red-Light	chr4R[1-2]:ID2_Red-Light,ID2_Red-Light	chr4R	1	False
d91394df-af1f-4d4d-96c9-9af836a2c879	33	chr6L	N	3	fwd	1	ID4,ID4,ID4	ID4_Green-Light,ID4_Green-Light,ID4_Green-Light	self[1]:ID4_Green-Light > self[1]:ID4_Green-Light	chr6L	1	False
d92dfb7e-ed91-4266-bbcb-6c1a7a9b1b35	33	chr12R	N	10	rev	0	ID2,ID2,ID2,ID2,ID2,ID2,ID2,ID2,ID2,ID2	ID2_Red-Light,ID2_Red-Light,ID2_Red-Light,ID2_Red-Light,ID2_Red-Light,ID2_Red-Light,ID2_Red-Light,ID2_Red-Light,ID2_Red-Light,ID2_Red-Light	self[2]:ID2_Red-Light,ID2_Red-Light,ID2_Red-Light,ID2_Red-Light,ID2_Red-Light,ID2_Red-Light,ID2_Red-Light,ID2_Red-Light,ID2_Red-Light,ID2_Red-Light(circ x10.0 strong)	chr12R	1	False
db7d9e38-086b-4629-99f1-0632fd312c8d	28	chr8R	N	4	rev	1	ID1,ID2,ID2,ID2	ID1_Gray,ID2_Red-Light,ID2_Red-Light,ID2_Red-Light	chr12R|chr4R:ID2_Red-Light,ID2_Red-Light,ID2_Red-Light	chr12R|chr4R	1	False
dddfa977-b490-4d8f-9156-ca1af7ad5f9e	28	chr10L	N	4	fwd	0	ID2,ID2,ID2,ID2	ID2_Red-Light,ID2_Red-Light,ID2_Red-Light,ID2_Red-Light	chr12R[2-5]:ID2_Red-Light,ID2_Red-Light,ID2_Red-Light,ID2_Red-Light	chr12R	1	False
de6c7e94-ebf3-403b-bfd5-71db0257705d	28	chr15L	Y	3	rev	0	ID4,ID2,ID3	ID4_Green-Light,ID2_Red-Light,ID3_Orange	chr2L|chr6L:ID4_Green-Light > chr14L[2-3]:ID2_Red-Light,ID3_Orange	chr2L|chr6L > chr14L	2	True
deb065ce-92a4-4aea-8734-c5290d69bdeb	28	chr14R	N	4	rev	1	ID6,ID3,ID3,ID3	ID6_Purple-Neutral,ID3_Orange,ID3_Orange,ID3_Orange	chr14L[3-4]:ID3_Orange,ID3_Orange,ID3_Orange(circ x1.5 moderate | alt chr14L[3-4] + chr14L[3])	chr14L	1	False
debdcda3-f966-4c99-89f3-63b2c17b293b	28	chr16L	N	5	fwd	1	ID5,ID3,ID3,ID3,ID3	ID5_Blue-Dark,ID3_Orange,ID3_Orange,ID3_Orange,ID3_Orange	chr14L[3]:ID3_Orange,ID3_Orange,ID3_Orange,ID3_Orange(circ x4.0 moderate | alt chr14L[3-5] + chr14L[3])	chr14L	1	False
df0df8ff-83e7-4439-bc11-2e9424b03e77	28	chr7R	Y	4	fwd	1	ID5,ID5,ID2,ID2	ID5_Blue-Dark,ID5_Blue-Dark,ID2_Red-Light,ID2_Red-Light	self[1]:ID5_Blue-Dark > chr12R|chr4R:ID2_Red-Light,ID2_Red-Light	chr7R > chr12R|chr4R	2	True
df4b3904-2b16-444d-89c6-d02021b98685	28	chr14L	N	7	rev	5	ID5,ID2,ID3,ID3,ID3,ID3,ID3	ID5_Blue-Light,ID2_Red-Light,ID3_Orange,ID3_Orange,ID3_Orange,ID3_Orange,ID3_Orange	self[3-4]:ID3_Orange,ID3_Orange	chr14L	1	False
dfa2467c-fb78-4c86-a6b3-2e6c96ba8046	28	chr5R	N	4	rev	1	ID1,ID2,ID2,ID1	ID1_Gray,ID2_Red-Light,ID2_Red-Light,ID1_Gray	chr12R|chr4R:ID2_Red-Light,ID2_Red-Light > self[1]:ID1_Gray	chr12R|chr4R > chr5R	2	True
e0140fa6-fea3-4b0a-931e-034c1c3df9f7	33	chr16R	N	4	rev	1	ID1,ID1,ID2,ID2	ID1_Gray,ID1_Gray,ID2_Red-Light,ID2_Red-Light	chr12R[1-2]:ID1_Gray,ID2_Red-Light > chr12R|chr14L|chr4R:ID2_Red-Light	chr12R	1	False
e0f70f3d-3c87-4516-a1ba-4c6eb4b05a16	28	chr7R	N	4	rev	1	ID5,ID3,ID3,ID3	ID5_Blue-Dark,ID3_Orange,ID3_Orange,ID3_Orange	chr14L[3-5]:ID3_Orange,ID3_Orange,ID3_Orange	chr14L	1	False
e279f4bd-b6ff-4643-8741-f32bdf7f4864	28	chr15R	N	5	rev	1	ID2,ID2,ID3,ID3,ID3	ID2_Red-Dark,ID2_Red-Light,ID3_Orange,ID3_Orange,ID3_Orange	chr14L[2-5]:ID2_Red-Light,ID3_Orange,ID3_Orange,ID3_Orange	chr14L	1	False
e457a072-fc77-4b75-bb19-dde5268d6f9a	28	chr12L	N	4	rev	1	ID1,ID2,ID2,ID3	ID1_Gray,ID2_Red-Light,ID2_Red-Light,ID3_Orange	chr12R|chr14L|chr4R:ID2_Red-Light > chr14L[2-3]:ID2_Red-Light,ID3_Orange	chr14L	1	False
e4e4bafd-12e2-42d2-8972-a4673bdbb766	28	chr14L	N	8	rev	5	ID5,ID2,ID3,ID3,ID3,ID3,ID3,ID3	ID5_Blue-Light,ID2_Red-Light,ID3_Orange,ID3_Orange,ID3_Orange,ID3_Orange,ID3_Orange,ID3_Orange	self[3-5]:ID3_Orange,ID3_Orange,ID3_Orange	chr14L	1	False
e555aade-a5f7-4c3e-9792-221b7c2d2c59	28	chr14L	N	8	fwd	5	ID5,ID2,ID3,ID3,ID3,ID3,ID3,ID3	ID5_Blue-Light,ID2_Red-Light,ID3_Orange,ID3_Orange,ID3_Orange,ID3_Orange,ID3_Orange,ID3_Orange	self[3-5]:ID3_Orange,ID3_Orange,ID3_Orange	chr14L	1	False
e5b5565f-884c-4b39-aa90-1912b0d18dd5	33	chr14L	N	7	rev	5	ID5,ID2,ID3,ID3,ID3,ID3,ID3	ID5_Blue-Light,ID2_Red-Light,ID3_Orange,ID3_Orange,ID3_Orange,ID3_Orange,ID3_Orange	self[3]:ID3_Orange > self[3]:ID3_Orange	chr14L	1	False
e5d41c4e-24bf-4143-a4a9-003d7118dabe	33	chr11L	N	2	fwd	0	ID1,ID2	ID1_Gray,ID2_Red-Light	chr12L|chr12R|chr13L|chr16R|chr5R|chr8L|chr8R:ID1_Gray > chr12R|chr14L|chr4R:ID2_Red-Light	chr12R	1	False
e5f458c9-44ac-4a75-9a84-0a52b2db8a5f	28	chr14L	N	8	fwd	5	ID5,ID2,ID3,ID3,ID3,ID3,ID3,ID3	ID5_Blue-Light,ID2_Red-Light,ID3_Orange,ID3_Orange,ID3_Orange,ID3_Orange,ID3_Orange,ID3_Orange	self[3-5]:ID3_Orange,ID3_Orange,ID3_Orange	chr14L	1	False
e60c593e-905c-4ec5-b960-f83890e624a9	33	chr2L	N	5	rev	0	ID3,ID2,ID3,ID3,ID3	ID3_Orange,ID2_Red-Light,ID3_Orange,ID3_Orange,ID3_Orange	chr14L[2-5]:ID3_Orange,ID2_Red-Light,ID3_Orange,ID3_Orange,ID3_Orange(circ x1.2 moderate | alt chr14L[3] + chr14L[2-5])	chr14L	1	False
e6282a7c-2205-47f0-8d88-c02fb003cae7	33	chr5R	N	3	rev	1	ID1,ID2,ID2	ID1_Gray,ID2_Red-Light,ID2_Red-Light	chr12R|chr14L|chr4R:ID2_Red-Light > chr12R|chr14L|chr4R:ID2_Red-Light	chr12R|chr14L|chr4R	1	False
e62f273c-2c61-4802-918e-d33de57fbe5c	28	chr6R	N	2	fwd	0	ID2,ID2	ID2_Red-Light,ID2_Red-Light	chr12R|chr4R:ID2_Red-Light,ID2_Red-Light	chr12R|chr4R	1	False
e716804b-23e8-40db-b4a5-0ddc67edaf35	28	chr11R	Y	2	rev	0	ID1,ID3	ID1_Gray,ID3_Orange	chr12R?[1]:ID1_Gray > chr14L[3]:ID3_Orange	chr12R > chr14L	2	True
e76720f1-f3a7-4ec1-8e0f-419076e96c30	33	chr13R	Y	2	rev	0	ID2,ID2	ID2_Red-Dark,ID2_Red-Light	chr15R[1]:ID2_Red-Dark > chr12R|chr14L|chr4R:ID2_Red-Light	chr15R > chr12R|chr14L|chr4R	2	True
e819a85b-d977-4574-bf66-aa18184653ce	33	chr7R	N	3	rev	1	ID5,ID2,ID2	ID5_Blue-Dark,ID2_Red-Light,ID2_Red-Light	chr12R|chr4R:ID2_Red-Light,ID2_Red-Light	chr12R|chr4R	1	False
e84ef92e-eaa9-4286-816b-ee3a8b65755d	33	chr6R	N	3	fwd	0	ID3,ID3,ID3	ID3_Orange,ID3_Orange,ID3_Orange	chr14L[3-5]:ID3_Orange,ID3_Orange,ID3_Orange	chr14L	1	False
e8ac403e-0713-4848-9a04-1ffe8bb0dc00	28	chr15L	Y	2	rev	0	ID5,ID3	ID5_Blue-Dark,ID3_Orange	chr16L|chr7R:ID5_Blue-Dark > chr14L[3]:ID3_Orange	chr16L|chr7R > chr14L	2	True
e9771b3e-8910-43fa-abd5-4c9babd89695	33	chr14L	N	9	rev	5	ID5,ID2,ID3,ID3,ID3,ID3,ID3,ID3,ID3	ID5_Blue-Light,ID2_Red-Light,ID3_Orange,ID3_Orange,ID3_Orange,ID3_Orange,ID3_Orange,ID3_Orange,ID3_Orange	self[3]:ID3_Orange,ID3_Orange,ID3_Orange,ID3_Orange(circ x4.0 moderate | alt chr14L[3-5] + chr14L[3])	chr14L	1	False
e98aad33-39b6-4513-8fd7-3df6d9e400d4	33	chr2R	Y	4	rev	0	ID3,ID2,ID5,ID2	ID3_Orange,ID2_Red-Light,ID5_Blue-Dark,ID2_Red-Light	chr14L[3]:ID3_Orange > chr12R|chr14L|chr4R:ID2_Red-Light > chr16L|chr7R:ID5_Blue-Dark > chr12R|chr14L|chr4R:ID2_Red-Light	chr14L > chr16L|chr7R > chr12R|chr14L|chr4R	3	True
e98e47ad-ddca-4d82-946f-e1cbf27f1c70	28	chr13L	N	4	fwd	1	ID1,ID2,ID2,ID2	ID1_Gray,ID2_Red-Light,ID2_Red-Light,ID2_Red-Light	chr12R|chr4R:ID2_Red-Light,ID2_Red-Light,ID2_Red-Light	chr12R|chr4R	1	False
ea1b35dd-fa24-4fb0-93e5-e78f424fb820	33	chr14L	N	9	rev	0	ID5,ID2,ID3,ID3,ID3,ID3,ID3,ID3,ID3	ID5_Blue-Dark,ID2_Red-Light,ID3_Orange,ID3_Orange,ID3_Orange,ID3_Orange,ID3_Orange,ID3_Orange,ID3_Orange	chr16L|chr7R:ID5_Blue-Dark > self[2-4]:ID2_Red-Light,ID3_Orange,ID3_Orange > self[3]:ID3_Orange > self[3-5]:ID3_Orange,ID3_Orange,ID3_Orange,ID3_Orange(circ x1.3 moderate | alt chr14L[3] + chr14L[3-5])	chr16L|chr7R > chr14L	2	True
ea510d16-06dd-479a-98a0-069d9767eade	28	chr6L	N	3	rev	1	ID4,ID4,ID4	ID4_Green-Light,ID4_Green-Light,ID4_Green-Light	self[1]:ID4_Green-Light > self[1]:ID4_Green-Light	chr6L	1	False
ead4e766-f7d5-4569-bd31-40cdef0cda4b	28	chr13L	Y	3	fwd	1	ID1,ID3,ID1	ID1_Gray,ID3_Orange,ID1_Gray	chr14L[3]:ID3_Orange > self[1]:ID1_Gray	chr14L > chr13L	2	True
eaf864e4-3913-4ceb-8c89-4e73df6d67c8	28	chr5R	N	5	fwd	1	ID1,ID2,ID3,ID3,ID3	ID1_Gray,ID2_Red-Light,ID3_Orange,ID3_Orange,ID3_Orange	chr14L[2-5]:ID2_Red-Light,ID3_Orange,ID3_Orange,ID3_Orange	chr14L	1	False
eb024d35-5cbd-49c4-9dff-8aa094107daa	33	chr7L	N	3	rev	0	ID1,ID1,ID1	ID1_Gray,ID1_Gray,ID1_Gray	chr12L|chr12R|chr13L|chr16R|chr5R|chr8L|chr8R:ID1_Gray,ID1_Gray,ID1_Gray(circ x3.0)	chr12L|chr12R|chr13L|chr16R|chr5R|chr8L|chr8R	1	False
eb3dede5-2e24-4cb4-a3b7-df1c5df5ff7c	33	chr11L	N	2	rev	0	ID3,ID3	ID3_Orange,ID3_Orange	chr14L[3-4]:ID3_Orange,ID3_Orange	chr14L	1	False
ebdac3d2-5729-4956-bc02-d152d24ce0e0	28	chr11R	N	4	rev	0	ID2,ID2,ID2,ID2	ID2_Red-Light,ID2_Red-Light,ID2_Red-Light,ID2_Red-Light	chr12R[2-5]:ID2_Red-Light,ID2_Red-Light,ID2_Red-Light,ID2_Red-Light	chr12R	1	False
ec1d2376-8a83-4b41-b3bd-d84987227950	33	chr7R	Y	3	rev	1	ID5,ID2,ID2	ID5_Blue-Dark,ID2_Red-Dark,ID2_Red-Light	chr15R[1]:ID2_Red-Dark > chr12R|chr14L|chr4R:ID2_Red-Light	chr15R > chr12R|chr14L|chr4R	2	True
ee261c7a-23c8-4e38-8ee0-4206c16c22c9	28	chr12R	N	15	rev	7	ID1,ID2,ID2,ID2,ID2,ID2,ID2,ID2,ID2,ID2,ID2,ID2,ID2,ID2,ID2	ID1_Gray,ID2_Red-Light,ID2_Red-Light,ID2_Red-Light,ID2_Red-Light,ID2_Red-Light,ID2_Red-Light,ID2_Red-Light,ID2_Red-Light,ID2_Red-Light,ID2_Red-Light,ID2_Red-Light,ID2_Red-Light,ID2_Red-Light,ID2_Red-Light	self[2]:ID2_Red-Light,ID2_Red-Light,ID2_Red-Light,ID2_Red-Light,ID2_Red-Light,ID2_Red-Light,ID2_Red-Light,ID2_Red-Light(circ x8.0 strong)	chr12R	1	False
ee6e8388-2749-4769-891e-2de2d2060e15	33	chr2L	N	11	rev	1	ID4,ID3,ID3,ID3,ID3,ID3,ID3,ID3,ID3,ID3,ID3	ID4_Green-Light,ID3_Orange,ID3_Orange,ID3_Orange,ID3_Orange,ID3_Orange,ID3_Orange,ID3_Orange,ID3_Orange,ID3_Orange,ID3_Orange	chr14L[3]:ID3_Orange,ID3_Orange,ID3_Orange,ID3_Orange,ID3_Orange,ID3_Orange,ID3_Orange,ID3_Orange,ID3_Orange,ID3_Orange(circ x10.0 strong)	chr14L	1	False
ee7d451e-23a4-428d-bc7f-252608d53cd6	28	chr12R	N	10	rev	7	ID1,ID2,ID2,ID2,ID2,ID2,ID2,ID2,ID2,ID2	ID1_Gray,ID2_Red-Light,ID2_Red-Light,ID2_Red-Light,ID2_Red-Light,ID2_Red-Light,ID2_Red-Light,ID2_Red-Light,ID2_Red-Light,ID2_Red-Light	self[2-4]:ID2_Red-Light,ID2_Red-Light,ID2_Red-Light	chr12R	1	False
ef1c7082-8883-4650-82d5-f10fde2c451e	33	chr13L	N	4	rev	1	ID1,ID2,ID2,ID2	ID1_Gray,ID2_Red-Light,ID2_Red-Light,ID2_Red-Light	chr12R|chr4R:ID2_Red-Light,ID2_Red-Light,ID2_Red-Light	chr12R|chr4R	1	False
ef212bec-db1e-40ed-aaaf-f8f310228e5e	33	chr5R	N	3	fwd	1	ID1,ID2,ID2	ID1_Gray,ID2_Red-Light,ID2_Red-Light	chr12R|chr14L|chr4R:ID2_Red-Light > chr12R|chr14L|chr4R:ID2_Red-Light	chr12R|chr14L|chr4R	1	False
ef9a652a-e2ec-4e16-96f5-b235a80524b3	28	chr14L	N	7	rev	5	ID5,ID2,ID3,ID3,ID3,ID3,ID3	ID5_Blue-Light,ID2_Red-Light,ID3_Orange,ID3_Orange,ID3_Orange,ID3_Orange,ID3_Orange	self[3-4]:ID3_Orange,ID3_Orange	chr14L	1	False
ef9f1b83-4f99-46fb-8f7a-31afc58fe1a3	33	chr11L	Y	2	rev	0	ID6,ID4	ID6_Purple-Dark,ID4_Green-Light	chr10L|chr9L:ID6_Purple-Dark > chr2L|chr6L:ID4_Green-Light	chr10L|chr9L > chr2L|chr6L	2	True
efb94595-ed1b-44ba-a427-c832b1bb68ff	33	chr2L	N	4	fwd	1	ID4,ID4,ID4,ID4	ID4_Green-Light,ID4_Green-Light,ID4_Green-Light,ID4_Green-Light	self[1]:ID4_Green-Light > self[1]:ID4_Green-Light > self[1]:ID4_Green-Light	chr2L	1	False
efdeeae6-7807-41b5-ab48-a37bf35390a2	28	chr3R	Y	2	fwd	0	ID1,ID3	ID1_Gray,ID3_Orange	chr12R?[1]:ID1_Gray > chr14L[3]:ID3_Orange	chr12R > chr14L	2	True
f0ec0f39-6a89-4823-9bf1-fb8b4cd85a12	28	chr8L	N	3	rev	1	ID1,ID2,ID2	ID1_Gray,ID2_Red-Light,ID2_Red-Light	chr12R|chr14L|chr4R:ID2_Red-Light > chr12R|chr14L|chr4R:ID2_Red-Light	chr12R|chr14L|chr4R	1	False
f0fd2b87-520d-411f-bfe5-01690f3e326a	33	chr7R	N	3	fwd	1	ID5,ID2,ID2	ID5_Blue-Dark,ID2_Red-Light,ID2_Red-Light	chr12R|chr4R:ID2_Red-Light,ID2_Red-Light	chr12R|chr4R	1	False
f0ffd055-b8e9-4d66-b6cd-e94711d3de39	33	chr14R	N	3	rev	1	ID6,ID6,ID2	ID6_Purple-Neutral,ID6_Purple-Neutral,ID2_Red-Light	self[1]:ID6_Purple-Neutral > chr12R|chr14L|chr4R:ID2_Red-Light	chr14R > chr12R|chr14L|chr4R	2	True
f266e901-9a33-4781-99b6-d06ee763be10	33	chr3R	N	3	rev	0	ID2,ID2,ID2	ID2_Red-Light,ID2_Red-Light,ID2_Red-Light	chr12R[3-5]:ID2_Red-Light,ID2_Red-Light,ID2_Red-Light	chr12R	1	False
f342b905-d9e5-482f-86e4-b425e33300ac	28	chr2L	N	3	rev	1	ID4,ID2,ID2	ID4_Green-Light,ID2_Red-Light,ID2_Red-Light	chr12R|chr4R:ID2_Red-Light,ID2_Red-Light	chr12R|chr4R	1	False
f4289ac5-34ae-401c-a0f5-c8ffaa466b21	33	chr5R	N	3	fwd	1	ID1,ID3,ID3	ID1_Gray,ID3_Orange,ID3_Orange	chr14L[3-4]:ID3_Orange,ID3_Orange	chr14L	1	False
f43a991e-f159-4493-8df4-3055dc10d124	33	chr5R	N	4	fwd	1	ID1,ID1,ID1,ID1	ID1_Gray,ID1_Gray,ID1_Gray,ID1_Gray	self[1]:ID1_Gray > chr12R?[1]:ID1_Gray > self[1]:ID1_Gray	chr5R > chr12R > chr5R	3	True
f49c190d-7c49-408e-95c4-199a757bcc7b	33	chr5R	N	8	rev	1	ID1,ID2,ID3,ID3,ID3,ID3,ID3,ID3	ID1_Gray,ID2_Red-Light,ID3_Orange,ID3_Orange,ID3_Orange,ID3_Orange,ID3_Orange,ID3_Orange	chr14L[2-5]:ID2_Red-Light,ID3_Orange,ID3_Orange,ID3_Orange > chr14L[3-5]:ID3_Orange,ID3_Orange,ID3_Orange	chr14L	1	False
f4c4d591-6e6a-4334-b9e6-44a2359d31a0	28	chr14L	N	7	rev	0	ID5,ID2,ID3,ID3,ID3,ID3,ID3	ID5_Blue-Dark,ID2_Red-Light,ID3_Orange,ID3_Orange,ID3_Orange,ID3_Orange,ID3_Orange	chr16L|chr7R:ID5_Blue-Dark > self[2-5]:ID2_Red-Light,ID3_Orange,ID3_Orange,ID3_Orange > self[3-4]:ID3_Orange,ID3_Orange	chr16L|chr7R > chr14L	2	True
f599bf0f-28a3-47ca-b4aa-b62443f21001	28	chr13R	Y	2	fwd	0	ID1,ID3	ID1_Gray,ID3_Orange	chr12R?[1]:ID1_Gray > chr14L[3]:ID3_Orange	chr12R > chr14L	2	True
f622b659-622f-4a9e-a6b3-e02495da38b3	28	chr10L	N	3	fwd	1	ID6,ID2,ID2	ID6_Purple-Dark,ID2_Red-Light,ID2_Red-Light	chr12R|chr4R:ID2_Red-Light,ID2_Red-Light	chr12R|chr4R	1	False
f632c435-7c2f-4cdb-8f6a-6c18eb5f2f9d	28	chr2R	N	5	rev	0	ID2,ID2,ID2,ID2,ID2	ID2_Red-Light,ID2_Red-Light,ID2_Red-Light,ID2_Red-Light,ID2_Red-Light	chr4R[3-5]:ID2_Red-Light,ID2_Red-Light,ID2_Red-Light,ID2_Red-Light,ID2_Red-Light(circ x1.7 moderate | alt chr4R[4-5] + chr4R[3-5])	chr4R	1	False
fa0bdfc0-7f5a-4267-8cec-a01368b45c14	28	chr11R	N	7	rev	0	ID3,ID2,ID2,ID2,ID2,ID2,ID2	ID3_Orange,ID2_Red-Light,ID2_Red-Light,ID2_Red-Light,ID2_Red-Light,ID2_Red-Light,ID2_Red-Light	chr14L[3]:ID3_Orange > chr4R[2-7]:ID2_Red-Light,ID2_Red-Light,ID2_Red-Light,ID2_Red-Light,ID2_Red-Light,ID2_Red-Light	chr14L > chr4R	2	True
fa706494-157c-4e2b-89f2-f8a2ff59697c	28	chr16R	Y	3	fwd	1	ID1,ID2,ID4	ID1_Gray,ID2_Red-Dark,ID4_Green-Light	chr15R[1]:ID2_Red-Dark > chr2L|chr6L:ID4_Green-Light	chr15R > chr2L|chr6L	2	True
fb051a9a-f197-499a-be6f-fd6c95b9b7ec	33	chr16L	N	4	rev	1	ID5,ID3,ID3,ID3	ID5_Blue-Dark,ID3_Orange,ID3_Orange,ID3_Orange	chr14L[3-5]:ID3_Orange,ID3_Orange,ID3_Orange	chr14L	1	False
fc0d9b9d-abc7-4ca1-ab35-0fb42c6ffd26	28	chr16R	N	5	rev	1	ID1,ID3,ID3,ID3,ID3	ID1_Gray,ID3_Orange,ID3_Orange,ID3_Orange,ID3_Orange	chr14L[3]:ID3_Orange,ID3_Orange,ID3_Orange,ID3_Orange(circ x4.0 moderate | alt chr14L[3-5] + chr14L[3])	chr14L	1	False
fc3c0df1-0389-43e7-8e76-1ab218db19c9	28	chr14L	N	12	rev	0	ID5,ID2,ID3,ID3,ID3,ID3,ID3,ID3,ID3,ID3,ID3,ID3	ID5_Blue-Dark,ID2_Red-Light,ID3_Orange,ID3_Orange,ID3_Orange,ID3_Orange,ID3_Orange,ID3_Orange,ID3_Orange,ID3_Orange,ID3_Orange,ID3_Orange	chr16L|chr7R:ID5_Blue-Dark > self[2-5]:ID2_Red-Light,ID3_Orange,ID3_Orange,ID3_Orange > self[3]:ID3_Orange,ID3_Orange,ID3_Orange,ID3_Orange,ID3_Orange,ID3_Orange,ID3_Orange(circ x7.0 strong)	chr16L|chr7R > chr14L	2	True
fcac6640-ded2-4db2-9758-06e111b2e502	33	chr14L	N	7	rev	0	ID5,ID2,ID3,ID3,ID3,ID3,ID3	ID5_Blue-Dark,ID2_Red-Light,ID3_Orange,ID3_Orange,ID3_Orange,ID3_Orange,ID3_Orange	chr16L|chr7R:ID5_Blue-Dark > self[2-5]:ID2_Red-Light,ID3_Orange,ID3_Orange,ID3_Orange > self[3-4]:ID3_Orange,ID3_Orange	chr16L|chr7R > chr14L	2	True
fd590c53-f6c8-4dcf-9d84-704a096aecf3	28	chr16L	N	3	rev	1	ID5,ID2,ID2	ID5_Blue-Dark,ID2_Red-Light,ID2_Red-Light	chr12R|chr4R:ID2_Red-Light,ID2_Red-Light	chr12R|chr4R	1	False
fd97ab9c-2f32-46a4-bbee-202fef7a72fc	33	chr11L	N	2	rev	0	ID6,ID6	ID6_Purple-Neutral,ID6_Purple-Neutral	chr14R[1]:ID6_Purple-Neutral > chr14R[1]:ID6_Purple-Neutral	chr14R	1	False
fd9aefaa-84ed-4af9-8750-66599efd16a8	28	chr7L	Y	2	rev	0	ID2,ID2	ID2_Red-Dark,ID2_Red-Light	chr15R[1]:ID2_Red-Dark > chr12R|chr14L|chr4R:ID2_Red-Light	chr15R > chr12R|chr14L|chr4R	2	True
fe2ec496-e1cd-4c4d-ad3b-928da2ace017	28	chr14L	N	7	rev	5	ID5,ID2,ID3,ID3,ID3,ID3,ID3	ID5_Blue-Light,ID2_Red-Light,ID3_Orange,ID3_Orange,ID3_Orange,ID3_Orange,ID3_Orange	self[3-4]:ID3_Orange,ID3_Orange	chr14L	1	False
fefffc85-1a6a-404c-8ac5-cf6a430d49b3	28	chr8L	N	5	rev	1	ID1,ID3,ID3,ID3,ID3	ID1_Gray,ID3_Orange,ID3_Orange,ID3_Orange,ID3_Orange	chr14L[3]:ID3_Orange,ID3_Orange,ID3_Orange,ID3_Orange(circ x4.0 moderate | alt chr14L[3-5] + chr14L[3])	chr14L	1	False
ff67b82e-59ce-4d7d-94b2-40328bbdf2be	33	chr11R	Y	3	rev	0	ID4,ID2,ID2	ID4_Green-Light,ID2_Red-Light,ID2_Red-Light	chr2L|chr6L:ID4_Green-Light > chr12R|chr14L|chr4R:ID2_Red-Light > chr12R|chr14L|chr4R:ID2_Red-Light	chr2L|chr6L > chr12R|chr14L|chr4R	2	True
ff7a278d-2ed1-4efa-bd6c-d55020952af7	28	chr15R	N	4	rev	0	ID2,ID2,ID2,ID2	ID2_Red-Light,ID2_Red-Light,ID2_Red-Light,ID2_Red-Light	chr12R[2-5]:ID2_Red-Light,ID2_Red-Light,ID2_Red-Light,ID2_Red-Light	chr12R	1	False
ffc60794-9545-4858-84e9-9f36ce627486	33	chr12R	N	9	rev	7	ID1,ID2,ID2,ID2,ID2,ID2,ID2,ID2,ID2	ID1_Gray,ID2_Red-Light,ID2_Red-Light,ID2_Red-Light,ID2_Red-Light,ID2_Red-Light,ID2_Red-Light,ID2_Red-Light,ID2_Red-Light	self[2-3]:ID2_Red-Light,ID2_Red-Light	chr12R	1	False
