strain	PD	read_uuid	sample	our_read_id	paper_chr_end	paper_n_yprime	paper_ids	paper_switch	our_chr_end	our_n_yprime	our_ids	our_status	our_path	our_entries	our_source	our_mechanism	our_blocks	our_switch
7172	33	0034f09f-9d69-409f-af4e-cbdaa81ca565	7172_day4_with_selection_repeat	SRR33298428.435348	chr14L	8	ID4,ID2,ID4,ID2,ID4,ID4,ID2,ID5	Y	chr14L	8.0	ID5_Blue-Dark,ID2_Red,ID4_Green-Light,ID4_Green-Light,ID2_Red,ID4_Green-Light,ID2_Red,ID4_Green-Light	1st Y' Change	chr16L[1-2]:ID5_Blue-Dark,ID2_Red > chr2L|chr6L:ID4_Green-Light > chr2L|chr6L:ID4_Green-Light > self[2]:ID2_Red > chr2L|chr6L:ID4_Green-Light > self[2]:ID2_Red > chr2L|chr6L:ID4_Green-Light	chr16L1|chr4R3,4,7;chr12R2,3,4,5;chr14L2;chr16L3|chr2L1|chr2L1|chr4R3,4,7;chr12R2,3,4,5;chr14L2;chr16L3|chr2L1|chr4R3,4,7;chr12R2,3,4,5;chr14L2;chr16L3|chr2L1	chr16L	donor_transfer	chr16L > chr2L|chr6L > chr14L > chr2L|chr6L > chr14L > chr2L|chr6L	True
7302	28	0056f9ba-78d3-46fe-9ca0-1e78dbbd6bcc	7302_day3_with_selection	SRR33298450.79362	chr13L	10	ID7,ID8,ID7,ID2,ID2,ID2,ID2,ID2,ID2,ID2	N	chr13L	10.0	ID7_Yellow,ID2_Red-Light,ID7_Yellow,ID2_Red-Light,ID2_Red-Light,ID2_Red-Light,ID2_Red-Light,ID2_Red-Light,ID2_Red-Light,ID2_Red-Light	Y' Gain	chr4R[3-4]:ID2_Red-Light,ID2_Red-Light,ID2_Red-Light,ID2_Red-Light,ID2_Red-Light,ID2_Red-Light(circ x3.0 moderate | alt chr4R[5-7] + chr4R[3-5])	chr13L3|chr13L4|chr13L3|chr4R4,7;chr12R3,4,5;chr14L2|chr4R5|chr4R1,2,3,6|chr4R4,7;chr12R3,4,5;chr14L2|chr4R5|chr4R4,7;chr12R3,4,5;chr14L2|chr4R5	chr4R	donor_transfer	chr4R	False
7172	33	00ee23fe-8978-4350-8d27-2daddf5bacaf	7172_day4_with_selection	SRR33298429.368996	chr11L	2	ID3,ID5	Y	chr11L	2.0	ID5_Blue-Dark,ID3_Orange	Y' Gain	chr16L?[1]:ID5_Blue-Dark > chr14L[3]:ID3_Orange	chr16L1|chr14L3	chr11R	subtelomere_switch	chr16L > chr14L	True
7172	33	01e49b46-033f-4cee-8447-f9d5eafaa0ab	7172_day4_with_selection	SRR33298429.686669	chr15R	4	ID2,ID2,ID2,ID2	N	chr15R	4.0	ID2_Red,ID2_Red,ID2_Red,ID2_Red	Y' Gain	chr4R[5-7]:ID2_Red,ID2_Red,ID2_Red	chr15R1|chr4R5|chr4R1,2,6;chr16L2|chr4R3,4,7;chr12R2,3,4,5;chr14L2;chr16L3	chr4R	donor_transfer	chr4R	False
7172	33	0219eb43-dbef-4635-9ca0-06f8b95642bd	7172_day4_with_selection	SRR33298429.512175	chr2L	4	ID4,ID2,ID2,ID3	N	chr2L	4.0	ID4_Green-Light,ID2_Red,ID2_Red,ID3_Orange	Y' Gain	chr4R[3-4]:ID2_Red,ID2_Red > chr14L[3]:ID3_Orange	chr2L1|chr4R3,4,7;chr12R2,3,4,5;chr14L2;chr16L3|chr4R3,4,7;chr12R2,3,4,5;chr14L2;chr16L3|chr14L3	chr14L	donor_transfer	chr4R > chr14L	True
7302	33	021d8c83-cd5a-47b8-83cb-d911e29adad7	7302_day4_with_selection	SRR33298449.430392	chr2L	3	ID2,ID2,ID3	N	chr2L	3.0	ID3_Orange,ID2_Red-Light,ID2_Red-Light	1st Y' Change	chr14L[3]:ID3_Orange > chr12R|chr4R:ID2_Red-Light,ID2_Red-Light	chr14L3,4,5|chr4R5|chr4R5	chr14L	donor_transfer	chr14L > chr12R|chr4R	True
7302	28	03d23b38-e99b-4e22-be8c-296d2dbced48	7302_day3_with_selection	SRR33298450.79363	chr12R	8	ID1,ID2,ID2,ID2,ID2,ID2,ID2,ID2	N	chr12R	8.0	ID1_Gray,ID2_Red-Light,ID2_Red-Light,ID2_Red-Light,ID2_Red-Light,ID2_Red-Light,ID2_Red-Light,ID2_Red-Light	Y' Gain	self[2-3]:ID2_Red-Light,ID2_Red-Light	chr12R1|chr4R1,2,3,6|chr4R1,2,3,6|chr4R1,2,3,6|chr4R4,7;chr12R3,4,5;chr14L2|chr4R4,7;chr12R3,4,5;chr14L2|chr4R4,7;chr12R3,4,5;chr14L2|chr12R6	chr12R	tandem_amplification_same_end	chr12R	False
7302	28	03fc793d-98eb-485d-9509-b4a19363a998	7302_day3_with_selection	SRR33298450.141449	chr2R	3	ID7,ID8,ID8	N	chr2R	3.0	ID7_Yellow,ID2_Red-Light,ID2_Red-Light	Y' Gain	chr13L[1-2]:ID7_Yellow,ID2_Red-Light > chr12R|chr13L|chr14L|chr4R:ID2_Red-Light	chr13L3|chr4R4,7;chr12R3,4,5;chr14L2|chr13L4	chr13L	donor_transfer	chr13L	False
7302	28	04b24219-58a8-44a7-bcf6-018e7f9bd353	7302_day3_with_selection	SRR33298450.37633	chr14L	7	ID3,ID3,ID3,ID3,ID3,ID2,ID5	N	chr14L	7.0	ID5_Blue-Dark,ID2_Red-Light,ID3_Orange,ID3_Orange,ID3_Orange,ID3_Orange,ID3_Orange	1st Y' Change	chr16L|chr7R:ID5_Blue-Dark > self[2-5]:ID2_Red-Light,ID3_Orange,ID3_Orange,ID3_Orange > self[3-4]:ID3_Orange,ID3_Orange	chr16L1|chr4R4,7;chr12R3,4,5;chr14L2|chr14L3,4,5|chr14L3,4,5|chr14L3,4,5|chr14L3,4,5|chr14L3,4,5	chr14L	tandem_amplification_same_end	chr16L|chr7R > chr14L	True
7172	33	0602a7d2-bddc-45b5-9b7f-2cd8d5ec8434	7172_day4_with_selection	SRR33298429.341840	chr2L	3	ID3,ID2,ID2	N	chr2L	3.0	ID1_Gray,ID2_Red,ID2_Red	1st Y' Change	chr12R[1-3]:ID1_Gray,ID2_Red,ID2_Red	chr8R1|chr4R3,4,7;chr12R2,3,4,5;chr14L2;chr16L3|chr12R6,8	chr12R	donor_transfer	chr12R	False
7302	33	061edee4-4c27-4874-8b01-5689329fd93e	7302_day4_with_selection	SRR33298449.117144	chr3R	4	ID6,ID2,ID3,ID3	Y	chr3R	4.0	ID6_Purple-Neutral,ID2_Red-Light,ID3_Orange,ID3_Orange	Y' Gain	chr14R[1]:ID6_Purple-Neutral > chr14L[2-4]:ID2_Red-Light,ID3_Orange,ID3_Orange	chr14R1|chr4R4,7;chr12R3,4,5;chr14L2|chr14L3,4,5|chr14L3,4,5	chr14L	donor_transfer	chr14R > chr14L	True
7172	33	071bf86a-0fef-463d-9562-6490210aa669	7172_day4_with_selection_repeat	SRR33298428.31337	chr12L	3	ID2,ID2,ID1	N	chr12L	3.0	ID1_Gray,ID2_Red,ID2_Red	Y' Gain	chr12R|chr4R:ID2_Red,ID2_Red	chr12L1|chr4R3,4,7;chr12R2,3,4,5;chr14L2;chr16L3|chr4R1,2,6;chr16L2	chr12R	donor_transfer_candidates:3	chr12R|chr4R	False
7172	33	07478c11-e720-40d6-aad3-878567790570	7172_day4_with_selection	SRR33298429.278303	chr2R	3	ID1,ID2,ID2	N	chr2R	3.0	ID1_Gray,ID2_Red,ID2_Red	Y' Gain	chr12L|chr12R|chr13L|chr16R|chr5R|chr8L|chr8R:ID1_Gray > chr16L|chr4R:ID2_Red,ID2_Red	chr13L1|chr4R3,4,7;chr12R2,3,4,5;chr14L2;chr16L3|chr4R1,2,6;chr16L2	chr12R	donor_transfer	chr12L|chr12R|chr13L|chr16R|chr5R|chr8L|chr8R > chr16L|chr4R	True
7172	33	084b2f5a-f893-4e03-b1ca-cd752d1ae81a	7172_day4_with_selection_repeat	SRR33298428.356062	chr12L	3	ID1,ID2,ID2	N	chr12L	3.0	ID1_Gray,ID2_Red,ID2_Red	Y' Gain	chr12R[6-7]:ID2_Red,ID2_Red	chr12L1|chr12R7|chr12R7	chr12R	donor_transfer	chr12R	False
7302	28	09a3ee29-9388-4fd7-9281-5ab846c248a3	7302_day3_with_selection	SRR33298450.325252	chr14R	4	ID6,ID2,ID2,ID2	N	chr14R	4.0	ID6_Purple-Neutral,ID2_Red-Light,ID2_Red-Light,ID2_Red-Light	Y' Gain	chr4R[5-7]:ID2_Red-Light,ID2_Red-Light,ID2_Red-Light	chr14R1|chr4R5|chr4R1,2,3,6|chr4R1,2,3,6	chr4R	donor_transfer	chr4R	False
7172	33	09fddbd6-523f-40f2-b6e3-dd1136ba7ba3	7172_day4_with_selection_repeat	SRR33298428.130355	chr7R	3	ID5,ID2,ID2	N	chr7R	3.0	ID5_Blue-Dark,ID2_Red,ID2_Red	Y' Gain	chr16L|chr4R:ID2_Red,ID2_Red	chr16L1|chr4R1,2,6;chr16L2|chr4R1,2,6;chr16L2	chr12R	donor_transfer_candidates:3	chr16L|chr4R	False
7172	28	0acbd3e7-636f-4eeb-8751-b0a956189c73	7172_day3_with_selection	SRR33298430.65207	chr5L	4	ID2,ID2,ID2,ID6	N	chr5L	4.0	ID6_Purple-Light,ID2_Red,ID2_Red,ID2_Red	Y' Gain	chr4R[5-7]:ID2_Red,ID2_Red,ID2_Red	chr5L1|chr4R5|chr4R3,4,7;chr12R2,3,4,5;chr14L2;chr16L3|chr4R3,4,7;chr12R2,3,4,5;chr14L2;chr16L3	chr4R	donor_transfer	chr4R	False
7302	33	0aff9a27-11d8-4844-a054-5cbf1714aae7	7302_day4_with_selection	SRR33298449.22248	chr13L	11	ID2,ID2,ID2,ID2,ID2,ID7,ID8,ID8,ID7,ID8,ID7	Y	chr13L	11.0	ID7_Yellow,ID2_Red-Light,ID7_Yellow,ID2_Red-Light,ID2_Red-Light,ID7_Yellow,ID2_Red-Light,ID2_Red-Light,ID2_Red-Light,ID2_Red-Light,ID2_Red-Light	Y' Gain	self[2-4]:ID2_Red-Light,ID7_Yellow,ID2_Red-Light > self[2]:ID2_Red-Light,ID2_Red-Light,ID2_Red-Light,ID2_Red-Light(circ x4.0 moderate)	chr13L3|chr13L4|chr13L3|chr13L4|chr13L4|chr13L3|chr4R4,7;chr12R3,4,5;chr14L2|chr4R1,2,3,6|chr4R1,2,3,6|chr4R4,7;chr12R3,4,5;chr14L2|chr4R1,2,3,6	chr13L	tandem_amplification_same_end	chr13L	False
7172	33	0b001fe1-ce97-429b-800b-025e088c5bc7	7172_day4_with_selection_repeat	SRR33298428.543661	chr15R	3	ID4,ID2,ID2	Y	chr15R	3.0	ID2_Red,ID2_Red,ID4_Green-Light	Y' Gain	chr12R|chr14L|chr4R:ID2_Red > chr2L|chr6L:ID4_Green-Light	chr15R1|chr4R1,2,6;chr16L2|chr2L1	chr7	unmatched_array	chr12R|chr14L|chr4R > chr2L|chr6L	True
7172	33	0b17dd01-3958-44f2-bb26-4d7c38b5dc29	7172_day4_with_selection_repeat	SRR33298428.57925	chr2R	2	ID2,ID5	N	chr2R	2.0	ID5_Blue-Dark,ID2_Red	Y' Gain	chr16L[1-2]:ID5_Blue-Dark,ID2_Red	chr16L1|chr4R3,4,7;chr12R2,3,4,5;chr14L2;chr16L3	chr16L	donor_transfer	chr16L	False
7302	33	0b3c30c0-cc76-456c-b77f-c40d81999c46	7302_day4_with_selection	SRR33298449.277410	chr7R	6	ID2,ID2,ID2,ID2,ID2,ID5	N	chr7R	6.0	ID5_Blue-Dark,ID2_Red-Light,ID2_Red-Light,ID2_Red-Light,ID2_Red-Light,ID2_Red-Light	Y' Gain	chr4R[1-4]:ID2_Red-Light,ID2_Red-Light,ID2_Red-Light,ID2_Red-Light,ID2_Red-Light(circ x1.2 moderate | alt chr4R[1-3] + chr4R[1-2])	chr16L1|chr4R5|chr4R4,7;chr12R3,4,5;chr14L2|chr4R4,7;chr12R3,4,5;chr14L2|chr4R5|chr4R1,2,3,6	chr4R	donor_transfer	chr4R	False
7302	33	0b7a453d-40fc-402b-8fb7-c825d544a889	7302_day4_with_selection	SRR33298449.396304	chr15L	2	ID1,ID2	N	chr15L	2.0	ID1_Gray,ID2_Red-Light	Y' Gain	chr12R[1-2]:ID1_Gray,ID2_Red-Light	chr8R1|chr13L4	chr12R	donor_transfer	chr12R	False
7172	33	0ba91cb7-2985-4634-a712-0cb992e044f1	7172_day4_with_selection_repeat	SRR33298428.256929	chr12R	13	ID4,ID2,ID2,ID2,ID2,ID2,ID2,ID2,ID2,ID2,ID2,ID2,ID1	Y	chr12R	13.0	ID1_Gray,ID2_Red,ID2_Red,ID2_Red,ID2_Red,ID2_Red,ID2_Red,ID2_Red,ID2_Red,ID2_Red,ID2_Red,ID2_Red,ID4_Green-Light	Y' Gain	self[6-7]:ID2_Red,ID2_Red,ID2_Red,ID2_Red(circ x2.0 moderate | alt chr12R[2] + chr12R[6-8]) > chr2L|chr6L:ID4_Green-Light	chr12R1|chr4R3,4,7;chr12R2,3,4,5;chr14L2;chr16L3|chr4R3,4,7;chr12R2,3,4,5;chr14L2;chr16L3|chr4R1,2,6;chr16L2|chr4R3,4,7;chr12R2,3,4,5;chr14L2;chr16L3|chr4R3,4,7;chr12R2,3,4,5;chr14L2;chr16L3|chr12R7|chr12R6,8|chr12R6,8|chr12R6,8|chr12R6,8|chr4R1,2,6;chr16L2|chr2L1	chr12R	tandem_amplification_same_end	chr12R > chr2L|chr6L	True
7172	28	0c79052a-6bb0-45b4-967a-26b3e42cd550	7172_day3_with_selection	SRR33298430.390403	chr13R	10	ID2,ID2,ID2,ID2,ID2,ID2,ID2,ID2,ID2,ID1	N	chr13R	10.0	ID1_Gray,ID2_Red,ID2_Red,ID2_Red,ID2_Red,ID2_Red,ID2_Red,ID2_Red,ID2_Red,ID2_Red	Y' Gain	chr12R[1-6]:ID1_Gray,ID2_Red,ID2_Red,ID2_Red,ID2_Red,ID2_Red > chr12R[2-5]:ID2_Red,ID2_Red,ID2_Red,ID2_Red	chr12R1|chr4R3,4,7;chr12R2,3,4,5;chr14L2;chr16L3|chr4R3,4,7;chr12R2,3,4,5;chr14L2;chr16L3|chr4R3,4,7;chr12R2,3,4,5;chr14L2;chr16L3|chr4R3,4,7;chr12R2,3,4,5;chr14L2;chr16L3|chr4R3,4,7;chr12R2,3,4,5;chr14L2;chr16L3|chr4R1,2,6;chr16L2|chr4R1,2,6;chr16L2|chr4R3,4,7;chr12R2,3,4,5;chr14L2;chr16L3|chr4R3,4,7;chr12R2,3,4,5;chr14L2;chr16L3	chr12R	donor_transfer	chr12R	False
7172	28	0e41f331-97a2-42ec-b551-6a1c79e08106	7172_day3_with_selection	SRR33298430.307215	chr6L	3	ID5,ID3,ID3	Y	chr6L	3.0	ID3_Orange,ID3_Orange,ID5_Blue-Dark	1st Y' Change	chr14L[3]:ID3_Orange > chr14L[3]:ID3_Orange > chr16L|chr7R:ID5_Blue-Dark	chr14L3|chr14L3|chr7R1	ambiguous	unmatched_array	chr14L > chr16L|chr7R	True
7302	33	0e4dedc4-e74d-4d40-b239-2cd7064fea44	7302_day4_with_selection	SRR33298449.319937	chr8L	6	ID1,ID3,ID3,ID5,ID2,ID3	N	chr8L	6.0	ID1_Gray,ID3_Orange,ID3_Orange,ID5_Blue-Light,ID2_Red-Light,ID3_Orange	Y' Gain	chr14L[1-4]:ID3_Orange,ID3_Orange,ID5_Blue-Light,ID2_Red-Light,ID3_Orange(circ x1.2 moderate | alt chr14L[3-4] + chr14L[1-3])	chr8L1|chr14L3,4,5|chr14L3,4,5|chr14L1|chr4R1,2,3,6|chr14L3,4,5	chr14L	donor_transfer	chr14L	False
7302	33	0e5cf3de-999c-4950-bcce-61c30955d604	7302_day4_with_selection	SRR33298449.327615	chr10R	5	ID7,ID8,ID7,ID8,ID7	N	chr10R	5.0	ID7_Yellow,ID2_Red-Light,ID7_Yellow,ID2_Red-Light,ID7_Yellow	Y' Gain	chr13L[1-2]:ID7_Yellow,ID2_Red-Light,ID7_Yellow,ID2_Red-Light,ID7_Yellow(circ x2.5 strong)	chr13L3|chr13L4|chr13L3|chr13L4|chr13L3	chr13L	donor_transfer	chr13L	False
7172	33	0ed499ed-9c7c-45e3-86ce-b554f48b4b87	7172_day4_with_selection	SRR33298429.142774	chr5L	3	ID2,ID2,ID6	N	chr5L	3.0	ID6_Purple-Light,ID2_Red,ID2_Red	Y' Gain	chr16L|chr4R:ID2_Red,ID2_Red	chr5L1|chr4R3,4,7;chr12R2,3,4,5;chr14L2;chr16L3|chr4R3,4,7;chr12R2,3,4,5;chr14L2;chr16L3	chr12R	donor_transfer_candidates:3	chr16L|chr4R	False
7302	33	102ce463-3ef7-413e-aaa5-fbcf48a58e61	7302_day4_with_selection	SRR33298449.304990	chr16L	5	ID5,ID2,ID2,ID2,ID2	N	chr16L	4.0	ID5_Blue-Dark,ID2_Red-Light,ID2_Red-Light,ID2_Red-Light	Y' Gain	chr4R[5-7]:ID2_Red-Light,ID2_Red-Light,ID2_Red-Light	chr16L1|chr4R1,2,3,6|chr4R4,7;chr12R3,4,5;chr14L2|chr4R4,7;chr12R3,4,5;chr14L2	chr4R	donor_transfer	chr4R	False
7172	33	1055cac6-b8b4-4597-88bd-5edeb197a668	7172_day4_with_selection	SRR33298429.794234	chr9R	2	ID5,ID2	N	chr9R	2.0	ID5_Blue-Light,ID2_Red	Y' Gain	chr14L[1-2]:ID5_Blue-Light,ID2_Red	chr14L1|chr4R3,4,7;chr12R2,3,4,5;chr14L2;chr16L3	chr14L	donor_transfer	chr14L	False
7172	33	144ffab0-e609-47b1-89e1-251e862b27ad	7172_day4_with_selection_repeat	SRR33298428.526211	chr2L	3	ID4,ID2,ID2	N	chr2L	3.0	ID4_Green-Light,ID2_Red,ID2_Red	Y' Gain	chr12R|chr4R:ID2_Red,ID2_Red	chr2L1|chr4R3,4,7;chr12R2,3,4,5;chr14L2;chr16L3|chr4R5	chr12R	donor_transfer_candidates:3	chr12R|chr4R	False
7172	33	14b778a7-01ee-4123-b7c2-841fe75cd701	7172_day4_with_selection_repeat	SRR33298428.492183	chr12R	10	ID2,ID2,ID2,ID2,ID2,ID2,ID2,ID2,ID2,ID1	N	chr12R	10.0	ID1_Gray,ID2_Red,ID2_Red,ID2_Red,ID2_Red,ID2_Red,ID2_Red,ID2_Red,ID2_Red,ID2_Red	Y' Gain	self[6-7]:ID2_Red,ID2_Red	chr12R1|chr4R3,4,7;chr12R2,3,4,5;chr14L2;chr16L3|chr4R3,4,7;chr12R2,3,4,5;chr14L2;chr16L3|chr4R3,4,7;chr12R2,3,4,5;chr14L2;chr16L3|chr4R3,4,7;chr12R2,3,4,5;chr14L2;chr16L3|chr12R6,8|chr12R7|chr4R3,4,7;chr12R2,3,4,5;chr14L2;chr16L3|chr12R6,8|chr12R7	chr12R	tandem_amplification_same_end	chr12R	False
7302	28	159b20fa-4ef3-4341-b91b-8dc01f003013	7302_day3_with_selection	SRR33298450.543490	chr14R	3	ID2,ID2,ID2	N	chr14R	3.0	ID2_Red-Light,ID2_Red-Light,ID2_Red-Light	1st Y' Change	chr4R[1-3]:ID2_Red-Light,ID2_Red-Light,ID2_Red-Light	chr4R1,2,3,6|chr4R4,7;chr12R3,4,5;chr14L2|chr4R4,7;chr12R3,4,5;chr14L2	chr4R	donor_transfer	chr4R	False
7302	33	15d3be21-26a5-422d-9263-2dd46f487770	7302_day4_with_selection	SRR33298449.557053	chr16R	3	ID1,ID8,ID7	N	chr16R	3.0	ID1_Gray,ID2_Red-Light,ID7_Yellow	Y' Gain	chr13L[2-3]:ID2_Red-Light,ID7_Yellow	chr16R1|chr13L4|chr13L3	chr13L	donor_transfer	chr13L	False
7302	28	163c31a9-76bc-44f4-b45a-6e3d52b5e8cf	7302_day3_with_selection	SRR33298450.547328	chr6L	5	ID2,ID2,ID2,ID2,ID4	N	chr6L	5.0	ID4_Green-Dark,ID2_Red-Light,ID2_Red-Light,ID2_Red-Light,ID2_Red-Light	Y' Gain	chr4R[4-7]:ID2_Red-Light,ID2_Red-Light,ID2_Red-Light,ID2_Red-Light	chr6L1|chr4R1,2,3,6|chr4R5|chr4R4,7;chr12R3,4,5;chr14L2|chr4R4,7;chr12R3,4,5;chr14L2	chr4R	donor_transfer	chr4R	False
7302	33	166a29d4-21b5-4a4a-989b-24be5c525d73	7302_day4_with_selection	SRR33298449.131849	chr13L	7	ID7,ID8,ID7,ID8,ID7,ID8,ID7	N	chr13L	7.0	ID7_Yellow,ID2_Red-Light,ID7_Yellow,ID2_Red-Light,ID7_Yellow,ID2_Red-Light,ID7_Yellow	Y' Gain	self[1-3]:ID7_Yellow,ID2_Red-Light,ID7_Yellow	chr13L3|chr13L4|chr13L3|chr13L4|chr13L3|chr13L4|chr13L3	chr13L	tandem_amplification_same_end	chr13L	False
7302	33	16ad467a-e386-4d0f-83ae-5671e2cc4fee	7302_day4_with_selection	SRR33298449.52408	chr13L	8	ID7,ID7,ID7,ID8,ID7,ID7,ID8,ID8	N	chr13L	4.0	ID7_Yellow,ID2_Red-Light,ID7_Yellow,ID2_Red-Light	No Change		chr13L3|chr13L4|chr13L3|chr13L4				
7302	33	174ee53e-cadb-4f69-a6bf-335ed9c86ad8	7302_day4_with_selection	SRR33298449.170990	chr7L	2	ID2,ID1	N	chr7L	2.0	ID1_Gray,ID2_Red-Light	Y' Gain	chr12R[1-2]:ID1_Gray,ID2_Red-Light	chr12R1|chr4R5	chr12R	donor_transfer	chr12R	False
7302	33	17625672-95dd-4870-9975-e3a252ff12bc	7302_day4_with_selection	SRR33298449.277608	chr3R	4	ID8,ID7,ID8,ID7	N	chr3R	4.0	ID7_Yellow,ID2_Red-Light,ID7_Yellow,ID2_Red-Light	Y' Gain	chr13L[1-4]:ID7_Yellow,ID2_Red-Light,ID7_Yellow,ID2_Red-Light	chr13L3|chr13L4|chr13L3|chr13L4	chr13L	donor_transfer	chr13L	False
7172	33	17768f45-19e3-4618-ab26-d42e07974d02	7172_day4_with_selection	SRR33298429.119490	chr5R	5	ID1,ID3,ID3,ID2,ID2	N	chr5R	5.0	ID1_Gray,ID3_Orange,ID3_Orange,ID2_Red,ID2_Red	Y' Gain	chr14L[3]:ID3_Orange > chr14L[3]:ID3_Orange > chr16L|chr4R:ID2_Red,ID2_Red	chr5R1|chr14L3|chr14L3|chr4R3,4,7;chr12R2,3,4,5;chr14L2;chr16L3|chr4R3,4,7;chr12R2,3,4,5;chr14L2;chr16L3	chr14L	donor_transfer	chr14L > chr16L|chr4R	True
7302	33	180826c3-19cf-4b4b-9119-bacbd9c2eebc	7302_day4_with_selection	SRR33298449.277540	chr14L	7	ID2,ID3,ID3,ID3,ID3,ID2,ID5	N	chr14L	7.0	ID5_Blue-Dark,ID2_Red-Light,ID3_Orange,ID3_Orange,ID3_Orange,ID3_Orange,ID2_Red-Light	1st Y' Change	chr16L|chr7R:ID5_Blue-Dark > self[2-5]:ID2_Red-Light,ID3_Orange,ID3_Orange,ID3_Orange > self[3]:ID3_Orange > self[2]:ID2_Red-Light	chr16L1|chr4R1,2,3,6|chr14L3,4,5|chr14L3,4,5|chr14L3,4,5|chr14L3,4,5|chr13L4	chr14L	tandem_amplification_same_end	chr16L|chr7R > chr14L	True
7302	33	19358fad-3d8e-42c1-94f9-024d9f34b244	7302_day4_with_selection	SRR33298449.131857	chr5R	6	ID8,ID7,ID8,ID7,ID8,ID1	N	chr5R	6.0	ID1_Gray,ID2_Red-Light,ID7_Yellow,ID2_Red-Light,ID7_Yellow,ID2_Red-Light	Y' Gain	chr13L[1-2]:ID2_Red-Light,ID7_Yellow,ID2_Red-Light,ID7_Yellow,ID2_Red-Light(circ x2.5 strong)	chr5R1|chr13L4|chr13L3|chr4R1,2,3,6|chr13L3|chr12R6	chr13L	donor_transfer	chr13L	False
7302	33	1a7a787b-ba2f-423a-ab43-182094eeb368	7302_day4_with_selection	SRR33298449.174558	chr13L	6	ID8,ID7,ID8,ID7,ID8,ID7	N	chr13L	6.0	ID7_Yellow,ID2_Red-Light,ID7_Yellow,ID2_Red-Light,ID7_Yellow,ID2_Red-Light	Y' Gain	self[1-2]:ID7_Yellow,ID2_Red-Light	chr13L3|chr13L4|chr13L3|chr13L4|chr13L3|chr13L4	chr13L	tandem_amplification_same_end	chr13L	False
7302	28	1ade0ef9-4965-46b1-b078-8d6330fb0224	7302_day3_with_selection	SRR33298450.401854	chr8R	4	ID7,ID7,ID8,ID1	N	chr8R	4.0	ID1_Gray,ID2_Red-Light,ID7_Yellow,ID7_Yellow	Y' Gain	chr13L[2-3]:ID2_Red-Light,ID7_Yellow > chr13L[1]:ID7_Yellow	chr8R1|chr13L4|chr13L3|chr13L3	chr13L	donor_transfer	chr13L	False
7302	33	1af7cb32-493e-4deb-aabe-deabfe3a231e	7302_day4_with_selection	SRR33298449.100701	chr12R	9	ID2,ID2,ID2,ID2,ID2,ID2,ID2,ID2,ID1	N	chr12R	9.0	ID1_Gray,ID2_Red-Light,ID2_Red-Light,ID2_Red-Light,ID2_Red-Light,ID2_Red-Light,ID2_Red-Light,ID2_Red-Light,ID2_Red-Light	Y' Gain	chr13L?[2]:ID2_Red-Light,ID2_Red-Light,ID2_Red-Light(circ x3.0 moderate)	chr12R1|chr4R1,2,3,6|chr4R1,2,3,6|chr4R1,2,3,6|chr4R1,2,3,6|chr12R6|chr4R4,7;chr12R3,4,5;chr14L2|chr12R6|chr4R4,7;chr12R3,4,5;chr14L2	chr12R	tandem_amplification_same_end	chr13L	False
7302	28	1b102e6e-7032-40fd-a182-3872644d83e2	7302_day3_with_selection	SRR33298450.55887	chr8L	4	ID3,ID3,ID3,ID1	N	chr8L	4.0	ID1_Gray,ID3_Orange,ID3_Orange,ID3_Orange	Y' Gain	chr14L[3-5]:ID3_Orange,ID3_Orange,ID3_Orange	chr8L1|chr14L3,4,5|chr14L3,4,5|chr14L3,4,5	chr14L	donor_transfer	chr14L	False
7172	28	1b5f6478-1b99-4079-b264-48976da1a9a5	7172_day3_with_selection	SRR33298430.400396	chr9L	4	ID2,ID2,ID2,ID6	N	chr9L	4.0	ID6_Purple-Dark,ID2_Red,ID2_Red,ID2_Red	Y' Gain	chr4R[5-7]:ID2_Red,ID2_Red,ID2_Red	chr9L1|chr4R5|chr4R3,4,7;chr12R2,3,4,5;chr14L2;chr16L3|chr4R3,4,7;chr12R2,3,4,5;chr14L2;chr16L3	chr4R	donor_transfer	chr4R	False
7172	33	1c5362de-1cdf-43c4-9488-a133b9f22b0a	7172_day4_with_selection_repeat	SRR33298428.145790	chr16L	6	ID5,ID2,ID2,ID2,ID2,ID2	N	chr16L	6.0	ID5_Blue-Dark,ID2_Red,ID2_Red,ID2_Red,ID2_Red,ID2_Red	Y' Gain	chr12R[6-7]:ID2_Red,ID2_Red,ID2_Red(circ x1.5 moderate | alt chr12R[2] + chr12R[6-7])	chr16L1|chr4R3,4,7;chr12R2,3,4,5;chr14L2;chr16L3|chr12R6,8|chr12R7|chr12R6,8|chr12R7	chr12R	donor_transfer	chr12R	False
7172	33	1cacdbe0-f84a-4851-a6b4-4230136aad4c	7172_day4_with_selection_repeat	SRR33298428.365154	chr10R	3	ID4,ID2,ID5	Y	chr10R	3.0	ID5_Blue-Dark,ID2_Red,ID4_Green-Light	Y' Gain	chr16L[1-2]:ID5_Blue-Dark,ID2_Red > chr2L|chr6L:ID4_Green-Light	chr16L1|chr4R1,2,6;chr16L2|chr2L1	chr16L	donor_transfer	chr16L > chr2L|chr6L	True
7172	28	1d0f0030-6fb0-4ca6-b85d-a51c5426cde2	7172_day3_with_selection	SRR33298430.547303	chr1R	2	ID3,ID1	Y	chr1R	2.0	ID1_Gray,ID3_Orange	Y' Gain	chr12L|chr12R|chr13L|chr16R|chr5R|chr8L|chr8R:ID1_Gray > chr14L[3]:ID3_Orange	chr8R1|chr14L3	chr1L	subtelomere_switch	chr12L|chr12R|chr13L|chr16R|chr5R|chr8L|chr8R > chr14L	True
7302	28	1d2064f8-a75b-4459-8359-82a4d88ad263	7302_day3_with_selection	SRR33298450.409757	chr2L	3	ID4,ID2,ID2	N	chr2L	3.0	ID4_Green-Light,ID2_Red-Light,ID2_Red-Light	Y' Gain	chr12R|chr13L|chr14L|chr4R:ID2_Red-Light > chr12R|chr13L|chr14L|chr4R:ID2_Red-Light	chr2L1|chr4R4,7;chr12R3,4,5;chr14L2|chr4R1,2,3,6	chr12R	donor_transfer_candidates:2	chr12R|chr13L|chr14L|chr4R	False
7302	33	1deb3eb7-f829-4a5e-b0cc-d77d26f07247	7302_day4_with_selection	SRR33298449.71973	chr14R	5	ID6,ID3,ID3,ID3,ID3	N	chr14R	5.0	ID6_Purple-Neutral,ID3_Orange,ID3_Orange,ID3_Orange,ID3_Orange	Y' Gain	chr14L[3]:ID3_Orange,ID3_Orange,ID3_Orange,ID3_Orange(circ x4.0 moderate | alt chr14L[3-5] + chr14L[3])	chr14R1|chr14L3,4,5|chr14L3,4,5|chr14L3,4,5|chr14L3,4,5	chr14L	donor_transfer	chr14L	False
7172	28	1e6da8a1-b592-4336-9c88-062d2e362637	7172_day3_with_selection	SRR33298430.386188	chr16L	18	ID2,ID2,ID2,ID2,ID2,ID2,ID2,ID2,ID2,ID2,ID2,ID2,ID2,ID2,ID2,ID2,ID2,ID5	N	chr16L	17.0	ID5_Blue-Dark,ID2_Red,ID2_Red,ID2_Red,ID2_Red,ID2_Red,ID2_Red,ID2_Red,ID2_Red,ID2_Red,ID2_Red,ID2_Red,ID2_Red,ID2_Red,ID2_Red,ID2_Red,ID2_Red	Y' Gain	chr12R[6-7]:ID2_Red,ID2_Red,ID2_Red,ID2_Red(circ x2.0 moderate | alt chr12R[2] + chr12R[6-8]) > chr12R[6-7]:ID2_Red,ID2_Red,ID2_Red,ID2_Red(circ x2.0 moderate) > self[2]:ID2_Red,ID2_Red,ID2_Red,ID2_Red,ID2_Red,ID2_Red(circ x6.0 strong)	chr16L1|chr12R6,8|chr12R7|chr12R6,8|chr12R7|chr12R6,8|chr12R7|chr12R6,8|chr12R7|chr12R6,8|chr12R7|chr12R6,8|chr12R7|chr12R6,8|chr12R7|chr12R6,8|chr12R7	chr16L	tandem_amplification_same_end	chr12R > chr16L	True
7302	33	20315363-0b9c-4d84-9050-d6ec9800dd97	7302_day4_with_selection	SRR33298449.564793	chr2R	4	ID8,ID7,ID8,ID7	N	chr2R	4.0	ID7_Yellow,ID2_Red-Light,ID7_Yellow,ID2_Red-Light	Y' Gain	chr13L[1-4]:ID7_Yellow,ID2_Red-Light,ID7_Yellow,ID2_Red-Light	chr13L3|chr13L4|chr13L3|chr13L4	chr13L	donor_transfer	chr13L	False
7302	28	2046e7f3-dd67-4490-8691-35f163b275fa	7302_day3_with_selection	SRR33298450.197557	chr12R	8	ID2,ID2,ID2,ID2,ID2,ID2,ID2,ID1	N	chr12R	8.0	ID1_Gray,ID2_Red-Light,ID2_Red-Light,ID2_Red-Light,ID2_Red-Light,ID2_Red-Light,ID2_Red-Light,ID2_Red-Light	Y' Gain	self[2-3]:ID2_Red-Light,ID2_Red-Light	chr12R1|chr4R1,2,3,6|chr4R1,2,3,6|chr4R1,2,3,6|chr4R1,2,3,6|chr4R1,2,3,6|chr4R4,7;chr12R3,4,5;chr14L2|chr13L4	chr12R	tandem_amplification_same_end	chr12R	False
7172	33	2098c098-4a59-4274-9924-bd72d54db2f3	7172_day4_with_selection_repeat	SRR33298428.338691	chr12L	6	ID2,ID2,ID2,ID2,ID2,ID1	N	chr12L	6.0	ID1_Gray,ID2_Red,ID2_Red,ID2_Red,ID2_Red,ID2_Red	Y' Gain	chr4R[3-7]:ID2_Red,ID2_Red,ID2_Red,ID2_Red,ID2_Red	chr12L1|chr4R1,2,6;chr16L2|chr4R3,4,7;chr12R2,3,4,5;chr14L2;chr16L3|chr4R5|chr4R3,4,7;chr12R2,3,4,5;chr14L2;chr16L3|chr4R3,4,7;chr12R2,3,4,5;chr14L2;chr16L3	chr4R	donor_transfer	chr4R	False
7172	28	20cc352a-f4c8-4b45-8b98-d0302d737360	7172_day3_with_selection	SRR33298430.13043	chr13R	4	ID2,ID2,ID2,ID5	N	chr13R	4.0	ID5_Blue-Light,ID2_Red,ID2_Red,ID2_Red	Y' Gain	chr14L[1-2]:ID5_Blue-Light,ID2_Red > chr12R|chr4R:ID2_Red,ID2_Red	chr14L1|chr4R3,4,7;chr12R2,3,4,5;chr14L2;chr16L3|chr15R1|chr4R3,4,7;chr12R2,3,4,5;chr14L2;chr16L3	chr14L	donor_transfer	chr14L > chr12R|chr4R	True
7302	28	20d22bef-9127-4e7c-9981-ab8803b5ccfe	7302_day3_with_selection	SRR33298450.302264	chr13L	7	ID7,ID2,ID8,ID2,ID8,ID2,ID8	Y	chr13L	7.0	ID7_Yellow,ID2_Red-Dark,ID2_Red-Light,ID2_Red-Dark,ID2_Red-Light,ID2_Red-Light,ID2_Red-Light	Y' Recombination	chr15R[1]:ID2_Red-Dark > chr12R|chr14L|chr4R:ID2_Red-Light > chr15R[1]:ID2_Red-Dark > self[2]:ID2_Red-Light,ID2_Red-Light,ID2_Red-Light(circ x3.0 moderate)	chr13L3|chr15R1|chr13L4|chr15R1|chr13L4|chr12R6|chr13L4	chr13L	tandem_amplification_same_end	chr15R > chr12R|chr14L|chr4R > chr15R > chr13L	True
7172	33	21fd0dce-3865-4588-a56d-540094cf6c45	7172_day4_with_selection_repeat	SRR33298428.129996	chr10R	3	ID1,ID2,ID2	N	chr10R	3.0	ID1_Gray,ID2_Red,ID2_Red	Y' Gain	chr12L|chr12R|chr13L|chr16R|chr5R|chr8L|chr8R:ID1_Gray > chr16L|chr4R:ID2_Red,ID2_Red	chr5R1|chr4R1,2,6;chr16L2|chr4R1,2,6;chr16L2	chr12R	donor_transfer	chr12L|chr12R|chr13L|chr16R|chr5R|chr8L|chr8R > chr16L|chr4R	True
7302	28	229119b7-9a32-486c-bb39-22c4142c8ebd	7302_day3_with_selection	SRR33298450.336609	chr13R	2	ID4,ID2	Y	chr13R	2.0	ID4_Green-Light,ID2_Red-Light	Y' Gain	chr2L[1]:ID4_Green-Light > chr12R|chr13L|chr14L|chr4R:ID2_Red-Light	chr2L1|chr12R6	ambiguous	unmatched_array	chr2L > chr12R|chr13L|chr14L|chr4R	True
7302	28	22bf86a0-91df-47a9-ab42-38e09fdbbb93	7302_day3_with_selection	SRR33298450.391007	chr7L	4	ID7,ID8,ID7,ID8	N	chr7L	4.0	ID7_Yellow,ID2_Red-Light,ID7_Yellow,ID2_Red-Light	Y' Gain	chr13L[1-4]:ID7_Yellow,ID2_Red-Light,ID7_Yellow,ID2_Red-Light	chr13L3|chr13L4|chr13L3|chr13L4	chr13L	donor_transfer	chr13L	False
7302	33	22cafc17-419f-49f3-bf09-c98838ab00cb	7302_day4_with_selection	SRR33298449.564822	chr12L	3	ID1,ID2,ID2	N	chr12L	3.0	ID1_Gray,ID2_Red-Light,ID2_Red-Light	Y' Gain	chr13L?[2]:ID2_Red-Light > chr12R|chr13L|chr14L|chr4R:ID2_Red-Light	chr12L1|chr4R1,2,3,6|chr4R1,2,3,6	chr12R	donor_transfer_candidates:2	chr13L	False
7172	33	238b229f-8304-486f-81ea-0bb8d5bdb207	7172_day4_with_selection_repeat	SRR33298428.406958	chr15L	6	ID2,ID2,ID2,ID2,ID2,ID2	N	chr15L	6.0	ID2_Red,ID2_Red,ID2_Red,ID2_Red,ID2_Red,ID2_Red	Y' Gain	chr12R[2-6]:ID2_Red,ID2_Red,ID2_Red,ID2_Red,ID2_Red,ID2_Red(circ x1.2 moderate | alt chr12R[2-6] + chr12R[2])	chr4R1,2,6;chr16L2|chr4R3,4,7;chr12R2,3,4,5;chr14L2;chr16L3|chr4R5|chr4R5|chr4R3,4,7;chr12R2,3,4,5;chr14L2;chr16L3|chr4R1,2,6;chr16L2	chr12R	donor_transfer	chr12R	False
7302	28	238d4600-d3ce-4e2b-9d29-2b6e3ba99697	7302_day3_with_selection	SRR33298450.313653	chr6L	5	ID4,ID2,ID2,ID2,ID2	N	chr6L	5.0	ID4_Green-Dark,ID2_Red-Light,ID2_Red-Light,ID2_Red-Light,ID2_Red-Light	Y' Gain	chr12R[2-5]:ID2_Red-Light,ID2_Red-Light,ID2_Red-Light,ID2_Red-Light	chr6L1|chr4R4,7;chr12R3,4,5;chr14L2|chr4R4,7;chr12R3,4,5;chr14L2|chr4R4,7;chr12R3,4,5;chr14L2|chr12R6	chr12R	donor_transfer	chr12R	False
7172	33	23cd03b7-31d6-4554-9b25-1837347cd334	7172_day4_with_selection_repeat	SRR33298428.454000	chr12R	10	ID2,ID2,ID2,ID2,ID2,ID2,ID2,ID2,ID2,ID1	N	chr12R	10.0	ID1_Gray,ID2_Red,ID2_Red,ID2_Red,ID2_Red,ID2_Red,ID2_Red,ID2_Red,ID2_Red,ID2_Red	Y' Gain	self[6-7]:ID2_Red,ID2_Red	chr12R1|chr4R1,2,6;chr16L2|chr4R3,4,7;chr12R2,3,4,5;chr14L2;chr16L3|chr4R3,4,7;chr12R2,3,4,5;chr14L2;chr16L3|chr4R3,4,7;chr12R2,3,4,5;chr14L2;chr16L3|chr12R6,8|chr12R7|chr12R6,8|chr12R6,8|chr12R7	chr12R	tandem_amplification_same_end	chr12R	False
7302	28	245d594e-f53d-45d0-94d4-96d8ecfb21e4	7302_day3_with_selection	SRR33298450.217613	chr14R	4	ID3,ID3,ID3,ID5	Y	chr14R	4.0	ID2_Red-Light,ID3_Orange,ID3_Orange,ID3_Orange	1st Y' Change	chr14L[2-5]:ID2_Red-Light,ID3_Orange,ID3_Orange,ID3_Orange	chr4R1,2,3,6|chr14L3,4,5|chr14L3,4,5|chr14L3,4,5	chr14L	donor_transfer	chr14L	False
7172	28	247f5a33-912d-45bc-b2dd-ed8c68309495	7172_day3_with_selection	SRR33298430.386221	chr7R	3	ID3,ID2,ID5	N	chr7R	3.0	ID5_Blue-Dark,ID2_Red,ID3_Orange	Y' Gain	chr14L[2-3]:ID2_Red,ID3_Orange	chr16L1|chr4R3,4,7;chr12R2,3,4,5;chr14L2;chr16L3|chr14L3	chr14L	donor_transfer	chr14L	False
7302	28	2575a19e-80f7-4b53-b06b-724644497c0d	7302_day3_with_selection	SRR33298450.302344	chr7R	3	ID8,ID7,ID5	N	chr7R	3.0	ID5_Blue-Dark,ID7_Yellow,ID2_Red-Light	Y' Gain	chr13L[1-2]:ID7_Yellow,ID2_Red-Light	chr16L1|chr13L3|chr13L4	chr13L	donor_transfer	chr13L	False
7302	28	26b2e640-3106-41b9-858c-66970f5baa07	7302_day3_with_selection	SRR33298450.155927	chr16R	4	ID2,ID2,ID2,ID1	N	chr16R	4.0	ID1_Gray,ID2_Red-Light,ID2_Red-Light,ID2_Red-Light	Y' Gain	chr12R|chr4R:ID2_Red-Light,ID2_Red-Light,ID2_Red-Light	chr16R1|chr4R4,7;chr12R3,4,5;chr14L2|chr4R4,7;chr12R3,4,5;chr14L2|chr12R6	chr12R	donor_transfer_candidates:2	chr12R|chr4R	False
7172	33	28ebdab5-abf4-4c87-b311-5bc53bb56127	7172_day4_with_selection_repeat	SRR33298428.74840	chr5L	6	ID2,ID2,ID2,ID2,ID2,ID6	N	chr5L	6.0	ID6_Purple-Light,ID2_Red,ID2_Red,ID2_Red,ID2_Red,ID2_Red	Y' Gain	chr12R[5-7]:ID2_Red,ID2_Red,ID2_Red,ID2_Red,ID2_Red(circ x1.7 moderate | alt chr12R[2] + chr12R[5-8])	chr5L1|chr12R6,8|chr4R3,4,7;chr12R2,3,4,5;chr14L2;chr16L3|chr12R6,8|chr12R7|chr12R6,8	chr12R	donor_transfer	chr12R	False
7172	33	291bc91a-77ae-431c-8c09-c56b8fba2850	7172_day4_with_selection	SRR33298429.120118	chr10L	4	ID2,ID2,ID2,ID6	N	chr10L	4.0	ID6_Purple-Dark,ID2_Red,ID2_Red,ID2_Red	Y' Gain	chr12R[6-8]:ID2_Red,ID2_Red,ID2_Red	chr10L1|chr12R6,8|chr12R7|chr12R6,8	chr12R	donor_transfer	chr12R	False
7172	28	2a987462-6ff0-4991-a056-b032d74fdd7f	7172_day3_with_selection	SRR33298430.72418	chr14L	5	ID2,ID2,ID3,ID2,ID5	N	chr14L	5.0	ID5_Blue-Dark,ID2_Red,ID3_Orange,ID2_Red,ID2_Red	1st Y' Change	chr7R?[1]:ID5_Blue-Dark > self[2-3]:ID2_Red,ID3_Orange,ID2_Red(circ x1.5 moderate | alt chr14L[2-3] + chr14L[2]) > self[2]:ID2_Red	chr16L1|chr4R1,2,6;chr16L2|chr14L3|chr4R1,2,6;chr16L2|chr4R3,4,7;chr12R2,3,4,5;chr14L2;chr16L3	chr16L	donor_transfer	chr7R > chr14L	True
7302	28	2b689fd0-909d-4969-93ea-42a1ebd2d957	7302_day3_with_selection	SRR33298450.536123	chr16R	4	ID2,ID2,ID2,ID1	N	chr16R	4.0	ID1_Gray,ID2_Red-Light,ID2_Red-Light,ID2_Red-Light	Y' Gain	chr12R|chr4R:ID2_Red-Light,ID2_Red-Light,ID2_Red-Light	chr16R1|chr4R1,2,3,6|chr4R4,7;chr12R3,4,5;chr14L2|chr12R6	chr12R	donor_transfer_candidates:2	chr12R|chr4R	False
7302	33	2c067fcb-1b1d-45d1-a423-626837c6ae25	7302_day4_with_selection	SRR33298449.274261	chr10R	4	ID7,ID8,ID7,ID8	N	chr10R	4.0	ID7_Yellow,ID2_Red-Light,ID7_Yellow,ID2_Red-Light	Y' Gain	chr13L[1-4]:ID7_Yellow,ID2_Red-Light,ID7_Yellow,ID2_Red-Light	chr13L3|chr13L4|chr13L3|chr13L4	chr14L	subtelomere_switch	chr13L	False
7302	28	2c109a4d-86d9-4c06-9944-1826fd6dfafa	7302_day3_with_selection	SRR33298450.520719	chr6L	3	ID4,ID7,ID8	N	chr6L	3.0	ID4_Green-Dark,ID7_Yellow,ID2_Red-Light	Y' Gain	chr13L[1-2]:ID7_Yellow,ID2_Red-Light	chr6L1|chr13L3|chr13L4	chr13L	donor_transfer	chr13L	False
7302	33	2c12d66b-ca28-4145-83f6-5545b6d2732e	7302_day4_with_selection	SRR33298449.235892	chr5L	3	ID7,ID8,ID6	N	chr5L	3.0	ID6_Purple-Light,ID2_Red-Light,ID7_Yellow	Y' Gain	chr13L[2-3]:ID2_Red-Light,ID7_Yellow	chr5L1|chr12R6|chr13L3	chr13L	donor_transfer	chr13L	False
7172	33	2d43c291-94aa-4c7f-8771-812498f9b082	7172_day4_with_selection_repeat	SRR33298428.117257	chr14R	5	ID2,ID3,ID2,ID3,ID6	N	chr14R	5.0	ID6_Purple-Neutral,ID3_Orange,ID2_Red,ID3_Orange,ID2_Red	Y' Gain	chr14L[3]:ID3_Orange > chr12R|chr14L|chr15R|chr16L|chr4R:ID2_Red > chr14L[3]:ID3_Orange > chr12R|chr14L|chr15R|chr16L|chr4R:ID2_Red	chr14R1|chr14L3|chr4R1,2,6;chr16L2|chr14L3|chr15R1	chr14L	donor_transfer	chr14L	False
7172	28	319066f4-8005-4d9d-bdb5-570fe364e581	7172_day3_with_selection	SRR33298430.277502	chr4R	17	ID2,ID2,ID2,ID2,ID2,ID2,ID2,ID2,ID2,ID2,ID2,ID2,ID2,ID2,ID2,ID2,ID2	N	chr4R	17.0	ID2_Red,ID2_Red,ID2_Red,ID2_Red,ID2_Red,ID2_Red,ID2_Red,ID2_Red,ID2_Red,ID2_Red,ID2_Red,ID2_Red,ID2_Red,ID2_Red,ID2_Red,ID2_Red,ID2_Red	Y' Gain	self[1-3]:ID2_Red,ID2_Red,ID2_Red > self[3-5]:ID2_Red,ID2_Red,ID2_Red,ID2_Red,ID2_Red,ID2_Red,ID2_Red(circ x2.3 moderate)	chr4R3,4,7;chr12R2,3,4,5;chr14L2;chr16L3|chr4R3,4,7;chr12R2,3,4,5;chr14L2;chr16L3|chr4R3,4,7;chr12R2,3,4,5;chr14L2;chr16L3|chr4R3,4,7;chr12R2,3,4,5;chr14L2;chr16L3|chr4R5|chr4R1,2,6;chr16L2|chr4R3,4,7;chr12R2,3,4,5;chr14L2;chr16L3|chr4R3,4,7;chr12R2,3,4,5;chr14L2;chr16L3|chr4R1,2,6;chr16L2|chr4R3,4,7;chr12R2,3,4,5;chr14L2;chr16L3|chr4R5|chr4R1,2,6;chr16L2|chr4R3,4,7;chr12R2,3,4,5;chr14L2;chr16L3|chr4R5|chr4R3,4,7;chr12R2,3,4,5;chr14L2;chr16L3|chr4R3,4,7;chr12R2,3,4,5;chr14L2;chr16L3|chr4R5	chr4R	tandem_amplification_same_end	chr4R	False
7302	33	32183604-a706-4ed1-bc5f-70dd6d1cb5a5	7302_day4_with_selection	SRR33298449.347234	chr7R	4	ID5,ID7,ID8,ID7	N	chr7R	4.0	ID5_Blue-Dark,ID7_Yellow,ID2_Red-Light,ID7_Yellow	Y' Gain	chr13L[1-2]:ID7_Yellow,ID2_Red-Light,ID7_Yellow(circ x1.5 moderate | alt chr13L[1-2] + chr13L[1])	chr16L1|chr13L3|chr13L4|chr13L3	chr13L	donor_transfer	chr13L	False
7172	33	338c22e8-12b6-41bd-9d6c-8d65a12a3707	7172_day4_with_selection	SRR33298429.300115	chr14R	3	ID2,ID3,ID3	N	chr14R	3.0	ID2_Red,ID3_Orange,ID3_Orange	1st Y' Change	chr14L[2-3]:ID2_Red,ID3_Orange > chr14L[3]:ID3_Orange	chr4R1,2,6;chr16L2|chr14L3|chr14L3	chr14L	donor_transfer	chr14L	False
7302	33	3601a98e-2bcf-4771-85eb-df9d61f2bf9f	7302_day4_with_selection	SRR33298449.132130	chr14R	3	ID6,ID6,ID6	N	chr14R	3.0	ID6_Purple-Dark,ID6_Purple-Dark,ID6_Purple-Dark	1st Y' Change	chr10L|chr9L:ID6_Purple-Dark,ID6_Purple-Dark,ID6_Purple-Dark(circ x3.0)	chr9L1|chr9L1|chr9L1	ambiguous	unmatched_array	chr10L|chr9L	False
7302	33	36231450-6fae-4d2b-b0af-e80c197d3e0e	7302_day4_with_selection	SRR33298449.75975	chr12L	3	ID2,ID2,ID1	N	chr12L	3.0	ID1_Gray,ID2_Red-Light,ID2_Red-Light	Y' Gain	chr4R[1-2]:ID2_Red-Light,ID2_Red-Light	chr12L1|chr4R4,7;chr12R3,4,5;chr14L2|chr4R4,7;chr12R3,4,5;chr14L2	chr4R	donor_transfer	chr4R	False
7172	33	36e36976-bd81-4f58-8f5c-76faeef2665a	7172_day4_with_selection_repeat	SRR33298428.465396	chr12L	4	ID1,ID2,ID2,ID2	N										
7302	33	37d6f4f6-90b3-4b6b-98dd-22e109b674e3	7302_day4_with_selection	SRR33298449.42529	chr15R	5	ID2,ID2,ID3,ID3,ID3	N	chr15R	5.0	ID2_Red-Dark,ID2_Red-Light,ID3_Orange,ID3_Orange,ID3_Orange	Y' Gain	chr14L[2-5]:ID2_Red-Light,ID3_Orange,ID3_Orange,ID3_Orange	chr15R1|chr4R4,7;chr12R3,4,5;chr14L2|chr14L3,4,5|chr14L3,4,5|chr14L3,4,5	chr14L	donor_transfer	chr14L	False
7172	33	381ccebc-2455-4e58-b9c3-090a9a549813	7172_day4_with_selection_repeat	SRR33298428.111269	chr12R	11	ID2,ID2,ID2,ID2,ID2,ID2,ID2,ID2,ID2,ID2,ID1	N	chr12R	11.0	ID1_Gray,ID2_Red,ID2_Red,ID2_Red,ID2_Red,ID2_Red,ID2_Red,ID2_Red,ID2_Red,ID2_Red,ID2_Red	Y' Gain	self[2-4]:ID2_Red,ID2_Red,ID2_Red	chr12R1|chr4R3,4,7;chr12R2,3,4,5;chr14L2;chr16L3|chr4R3,4,7;chr12R2,3,4,5;chr14L2;chr16L3|chr4R3,4,7;chr12R2,3,4,5;chr14L2;chr16L3|chr4R3,4,7;chr12R2,3,4,5;chr14L2;chr16L3|chr12R6,8|chr12R7|chr12R7|chr4R3,4,7;chr12R2,3,4,5;chr14L2;chr16L3|chr4R1,2,6;chr16L2|chr4R3,4,7;chr12R2,3,4,5;chr14L2;chr16L3	chr12R	tandem_amplification_same_end	chr12R	False
7302	28	389f72ff-7f6f-4cb5-9b80-b76c8d95b02f	7302_day3_with_selection	SRR33298450.532209	chr14R	4	ID6,ID3,ID3,ID3	N	chr14R	4.0	ID6_Purple-Neutral,ID3_Orange,ID3_Orange,ID3_Orange	Y' Gain	chr14L[3-5]:ID3_Orange,ID3_Orange,ID3_Orange	chr14R1|chr14L3,4,5|chr14L3,4,5|chr14L3,4,5	chr14L	donor_transfer	chr14L	False
7172	28	38c6da5e-8f86-41dd-97c5-b4e4472fbfc1	7172_day3_with_selection	SRR33298430.411934	chr14R	3	ID2,ID2,ID5	N	chr14R	3.0	ID5_Blue-Light,ID2_Red,ID2_Red	1st Y' Change	chr14L[1-2]:ID5_Blue-Light,ID2_Red > chr12R|chr14L|chr15R|chr16L|chr4R:ID2_Red	chr14L1|chr4R3,4,7;chr12R2,3,4,5;chr14L2;chr16L3|chr4R3,4,7;chr12R2,3,4,5;chr14L2;chr16L3	chr14L	donor_transfer	chr14L	False
7302	33	38e1e12c-ec7c-4264-89bf-c812a8111225	7302_day4_with_selection	SRR33298449.148131	chr16R	3	ID8,ID7,ID3	Y	chr16R	3.0	ID3_Orange,ID7_Yellow,ID2_Red-Light	1st Y' Change	chr14L[3]:ID3_Orange > chr13L[1-2]:ID7_Yellow,ID2_Red-Light	chr14L3,4,5|chr13L3|chr13L4	chr13L	donor_transfer	chr14L > chr13L	True
7172	28	3b126364-7011-46ac-a6a2-63e2400a9644	7172_day3_with_selection	SRR33298430.490476	chr14L	6	ID2,ID3,ID3,ID3,ID2,ID5	N	chr14L	6.0	ID5_Blue-Dark,ID2_Red,ID3_Orange,ID3_Orange,ID3_Orange,ID2_Red	1st Y' Change	chr16L[1-2]:ID5_Blue-Dark,ID2_Red > self[3]:ID3_Orange,ID3_Orange,ID3_Orange(circ x3.0 moderate) > self[2]:ID2_Red	chr16L1|chr4R1,2,6;chr16L2|chr14L3|chr14L3|chr14L3|chr4R3,4,7;chr12R2,3,4,5;chr14L2;chr16L3	chr16L	donor_transfer	chr16L > chr14L	True
7172	33	3c5c595e-e2c7-43a0-a5da-393cf3042548	7172_day4_with_selection_repeat	SRR33298428.231018	chr10R	2	ID2,ID5	N	chr10R	2.0	ID5_Blue-Light,ID2_Red	Y' Gain	chr14L[1-2]:ID5_Blue-Light,ID2_Red	chr14L1|chr4R1,2,6;chr16L2	chr4L	subtelomere_switch	chr14L	False
7172	33	3cf5d23d-f7c1-4abd-a787-88d2aebab760	7172_day4_with_selection	SRR33298429.120318	chr14L	5	ID3,ID3,ID3,ID2,ID5	N	chr14L	5.0	ID5_Blue-Dark,ID2_Red,ID3_Orange,ID3_Orange,ID3_Orange	1st Y' Change	chr16L[1-2]:ID5_Blue-Dark,ID2_Red > self[3]:ID3_Orange,ID3_Orange,ID3_Orange(circ x3.0 moderate)	chr16L1|chr4R3,4,7;chr12R2,3,4,5;chr14L2;chr16L3|chr14L3|chr14L3|chr14L3	chr16L	donor_transfer	chr16L > chr14L	True
7302	33	3ea1bd4f-14ef-4650-ae99-ee16e0f45f7c	7302_day4_with_selection	SRR33298449.95832	chr14R	4	ID6,ID8,ID8,ID8	N	chr14R	4.0	ID6_Purple-Neutral,ID2_Red-Light,ID2_Red-Light,ID2_Red-Light	Y' Gain	chr12R|chr4R:ID2_Red-Light,ID2_Red-Light,ID2_Red-Light	chr14R1|chr13L4|chr13L4|chr13L4	chr12R	donor_transfer_candidates:2	chr12R|chr4R	False
7172	33	3f05d3aa-3765-4edd-b918-ba6637bf4a4d	7172_day4_with_selection_repeat	SRR33298428.307724	chr3R	4	ID2,ID4,ID2,ID5	Y	chr3R	4.0	ID5_Blue-Dark,ID2_Red,ID4_Green-Light,ID2_Red	Y' Gain	chr16L[1-2]:ID5_Blue-Dark,ID2_Red > chr2L|chr6L:ID4_Green-Light > chr12R|chr14L|chr15R|chr16L|chr4R:ID2_Red	chr16L1|chr4R3,4,7;chr12R2,3,4,5;chr14L2;chr16L3|chr2L1|chr4R3,4,7;chr12R2,3,4,5;chr14L2;chr16L3	chr13L	subtelomere_switch	chr16L > chr2L|chr6L > chr12R|chr14L|chr15R|chr16L|chr4R	True
7172	33	3feec219-c25a-4b45-90c5-7ec93b71add7	7172_day4_with_selection_repeat	SRR33298428.350835	chr10L	3	ID2,ID2,ID6	N	chr10L	3.0	ID6_Purple-Dark,ID2_Red,ID2_Red	Y' Gain	chr12R|chr4R:ID2_Red,ID2_Red	chr10L1|chr15R1|chr15R1	chr12R	donor_transfer_candidates:3	chr12R|chr4R	False
7172	33	403f1898-00bf-4c63-880b-79aebcbdb25e	7172_day4_with_selection_repeat	SRR33298428.313610	chr2R	3	ID2,ID2,ID1	N	chr2R	3.0	ID1_Gray,ID2_Red,ID2_Red	Y' Gain	chr12R[1-3]:ID1_Gray,ID2_Red,ID2_Red	chr5R1|chr4R3,4,7;chr12R2,3,4,5;chr14L2;chr16L3|chr4R1,2,6;chr16L2	chr10R	subtelomere_switch	chr12R	False
7302	28	40406ade-8930-4bcb-99b1-75c1d99ddfb4	7302_day3_with_selection	SRR33298450.394783	chr2R	3	ID7,ID8,ID7	N	chr2R	3.0	ID7_Yellow,ID2_Red-Light,ID7_Yellow	Y' Gain	chr13L[1-3]:ID7_Yellow,ID2_Red-Light,ID7_Yellow	chr13L3|chr13L4|chr13L3	chr13L	donor_transfer	chr13L	False
7302	33	4081ddef-46b3-4611-ba4e-189a63fe2e23	7302_day4_with_selection	SRR33298449.278119	chr14L	8	ID2,ID5,ID5,ID2,ID5,ID5,ID2,ID5	N	chr14L	8.0	ID5_Blue-Dark,ID2_Red-Light,ID5_Blue-Light,ID5_Blue-Light,ID2_Red-Light,ID5_Blue-Light,ID5_Blue-Light,ID2_Red-Light	1st Y' Change	chr16L|chr7R:ID5_Blue-Dark > self[2]:ID2_Red-Light > self[1]:ID5_Blue-Light > self[1-2]:ID5_Blue-Light,ID2_Red-Light,ID5_Blue-Light(circ x1.5 moderate | alt chr14L[1-2] + chr14L[1]) > self[1-2]:ID5_Blue-Light,ID2_Red-Light	chr16L1|chr12R6|chr14L1|chr14L1|chr12R6|chr14L1|chr14L1|chr12R6	chr14L	tandem_amplification_same_end	chr16L|chr7R > chr14L	True
7302	28	4235a799-53ad-4443-8492-798732d070c7	7302_day3_with_selection	SRR33298450.464167	chr13L	6	ID7,ID8,ID8,ID7,ID8,ID7	N	chr13L	6.0	ID7_Yellow,ID2_Red-Light,ID7_Yellow,ID2_Red-Light,ID2_Red-Light,ID7_Yellow	Y' Gain	self[2-3]:ID2_Red-Light,ID7_Yellow	chr13L3|chr13L4|chr13L3|chr13L4|chr13L4|chr13L3	chr13L	tandem_amplification_same_end	chr13L	False
7172	28	42792bed-57fc-4390-af27-38d096716d3f	7172_day3_with_selection	SRR33298430.264738	chr12R	10	ID2,ID2,ID2,ID2,ID2,ID2,ID2,ID2,ID2,ID1	N	chr12R	9.0	ID1_Gray,ID2_Red,ID2_Red,ID2_Red,ID2_Red,ID2_Red,ID2_Red,ID2_Red,ID2_Red	Y' Gain	self[2]:ID2_Red	chr12R1|chr4R3,4,7;chr12R2,3,4,5;chr14L2;chr16L3|chr4R1,2,6;chr16L2|chr4R1,2,6;chr16L2|chr4R3,4,7;chr12R2,3,4,5;chr14L2;chr16L3|chr12R6,8|chr12R7|chr12R6,8|chr12R6,8	chr12R	tandem_amplification_same_end	chr12R	False
7172	28	436efa13-1f13-46bc-9408-221706894e87	7172_day3_with_selection	SRR33298430.430383	chr15L	5	ID3,ID3,ID3,ID2,ID5	N	chr15L	5.0	ID5_Blue-Light,ID2_Red,ID3_Orange,ID3_Orange,ID3_Orange	Y' Gain	chr14L[1-3]:ID5_Blue-Light,ID2_Red,ID3_Orange > chr14L[3]:ID3_Orange > chr14L[3]:ID3_Orange	chr14L1|chr4R3,4,7;chr12R2,3,4,5;chr14L2;chr16L3|chr14L3|chr14L3|chr14L3	chr14L	donor_transfer	chr14L	False
7302	28	441cdd41-dfea-4f50-ab44-785a59f09c5f	7302_day3_with_selection	SRR33298450.45757	chr14L	11	ID5,ID2,ID3,ID3,ID3,ID2,ID2,ID2,ID2,ID2,ID2	N	chr14L	11.0	ID5_Blue-Dark,ID2_Red-Light,ID3_Orange,ID3_Orange,ID3_Orange,ID2_Red-Light,ID2_Red-Light,ID2_Red-Light,ID2_Red-Light,ID2_Red-Light,ID2_Red-Light	1st Y' Change	chr16L|chr7R:ID5_Blue-Dark > self[2-5]:ID2_Red-Light,ID3_Orange,ID3_Orange,ID3_Orange > chr12R[2-5]:ID2_Red-Light,ID2_Red-Light,ID2_Red-Light,ID2_Red-Light,ID2_Red-Light,ID2_Red-Light(circ x1.5 moderate)	chr16L1|chr4R1,2,3,6|chr14L3,4,5|chr14L3,4,5|chr14L3,4,5|chr12R6|chr4R4,7;chr12R3,4,5;chr14L2|chr4R1,2,3,6|chr4R1,2,3,6|chr4R1,2,3,6|chr4R4,7;chr12R3,4,5;chr14L2	chr14L	tandem_amplification_same_end	chr16L|chr7R > chr14L > chr12R	True
7302	33	44cc9e63-041d-4002-af75-5b2a5a7a1f3e	7302_day4_with_selection	SRR33298449.23058	chr4L	5	ID7,ID8,ID7,ID8,ID7	N	chr4L	5.0	ID7_Yellow,ID2_Red-Light,ID7_Yellow,ID2_Red-Light,ID7_Yellow	Y' Gain	chr13L[2-3]:ID7_Yellow,ID2_Red-Light,ID7_Yellow,ID2_Red-Light,ID7_Yellow(circ x2.5 strong)	chr13L3|chr13L4|chr13L3|chr13L4|chr13L3	chr13L	donor_transfer	chr13L	False
7302	33	44d4a8e5-afd7-41e2-b203-afba9708c1b9	7302_day4_with_selection	SRR33298449.309344	chr16R	3	ID2,ID2,ID1	N	chr16R	3.0	ID1_Gray,ID2_Red-Light,ID2_Red-Light	Y' Gain	chr12R|chr4R:ID2_Red-Light,ID2_Red-Light	chr16R1|chr4R4,7;chr12R3,4,5;chr14L2|chr12R6	chr12R	donor_transfer_candidates:2	chr12R|chr4R	False
7302	28	456237b1-c753-4799-9806-cd8b6139ecf1	7302_day3_with_selection	SRR33298450.203144	chr14L	13	ID3,ID3,ID3,ID3,ID3,ID3,ID3,ID3,ID3,ID3,ID3,ID2,ID5	N	chr14L	13.0	ID5_Blue-Dark,ID2_Red-Light,ID3_Orange,ID3_Orange,ID3_Orange,ID3_Orange,ID3_Orange,ID3_Orange,ID3_Orange,ID3_Orange,ID3_Orange,ID3_Orange,ID3_Orange	1st Y' Change	chr16L|chr7R:ID5_Blue-Dark > self[2-5]:ID2_Red-Light,ID3_Orange,ID3_Orange,ID3_Orange > self[3-5]:ID3_Orange,ID3_Orange,ID3_Orange,ID3_Orange,ID3_Orange,ID3_Orange,ID3_Orange,ID3_Orange(circ x2.7 strong)	chr16L1|chr4R4,7;chr12R3,4,5;chr14L2|chr14L3,4,5|chr14L3,4,5|chr14L3,4,5|chr14L3,4,5|chr14L3,4,5|chr14L3,4,5|chr14L3,4,5|chr14L3,4,5|chr14L3,4,5|chr14L3,4,5|chr14L3,4,5	chr14L	tandem_amplification_same_end	chr16L|chr7R > chr14L	True
7302	33	458af5fd-38ed-46b7-8f16-442656c275a8	7302_day4_with_selection	SRR33298449.557763	chr15R	4	ID2,ID2,ID8,ID8	Y	chr15R	4.0	ID2_Red-Dark,ID2_Red-Dark,ID2_Red-Light,ID2_Red-Light	Y' Gain	self[1]:ID2_Red-Dark > chr13L?[2]:ID2_Red-Light > chr12R|chr13L|chr14L|chr4R:ID2_Red-Light	chr15R1|chr15R1|chr13L4|chr13L4	chr12R	donor_transfer_candidates:2	chr15R > chr13L	True
7302	33	48c16cfd-eaa9-4ffe-8dc2-34403657c68a	7302_day4_with_selection	SRR33298449.420201	chr7R	4	ID3,ID3,ID2,ID5	N	chr7R	4.0	ID5_Blue-Dark,ID2_Red-Light,ID3_Orange,ID3_Orange	Y' Gain	chr14L[2-4]:ID2_Red-Light,ID3_Orange,ID3_Orange	chr16L1|chr4R4,7;chr12R3,4,5;chr14L2|chr14L3,4,5|chr14L3,4,5	chr14L	donor_transfer	chr14L	False
7172	33	49090f2b-66bc-4e44-a556-32ebcc97901c	7172_day4_with_selection	SRR33298429.319909	chr5L	3	ID3,ID2,ID6	N	chr5L	3.0	ID6_Purple-Light,ID2_Red,ID3_Orange	Y' Gain	chr14L[2-3]:ID2_Red,ID3_Orange	chr5L1|chr4R1,2,6;chr16L2|chr14L3	chr14L	donor_transfer	chr14L	False
7172	33	4920f037-e854-4bdc-8059-54e6550dad44	7172_day4_with_selection_repeat	SRR33298428.289787	chr2R	3	ID1,ID2,ID2	N	chr2R	3.0	ID1_Gray,ID2_Red,ID2_Red	Y' Gain	chr12L|chr12R|chr13L|chr16R|chr5R|chr8L|chr8R:ID1_Gray > chr12R|chr4R:ID2_Red,ID2_Red	chr13L1|chr4R1,2,6;chr16L2|chr4R3,4,7;chr12R2,3,4,5;chr14L2;chr16L3	chr12R	donor_transfer	chr12R	False
7302	33	49744c86-4a2e-49ef-b1a8-b03833ad93f3	7302_day4_with_selection	SRR33298449.214186	chr2L	4	ID2,ID2,ID2,ID4	N	chr2L	4.0	ID4_Green-Light,ID2_Red-Light,ID2_Red-Light,ID2_Red-Light	Y' Gain	chr4R[5-7]:ID2_Red-Light,ID2_Red-Light,ID2_Red-Light	chr2L1|chr4R5|chr4R1,2,3,6|chr4R4,7;chr12R3,4,5;chr14L2	chr4R	donor_transfer	chr4R	False
7302	28	49f5b1fa-4cbe-492e-b3b3-06a9b6951f74	7302_day3_with_selection	SRR33298450.114409	chr4R	12	ID2,ID2,ID2,ID2,ID2,ID2,ID2,ID2,ID2,ID2,ID2,ID2	N	chr4R	11.0	ID2_Red-Light,ID2_Red-Light,ID2_Red-Light,ID2_Red-Light,ID2_Red-Light,ID2_Red-Light,ID2_Red-Light,ID2_Red-Light,ID2_Red-Light,ID2_Red-Light,ID2_Red-Light	Y' Gain	self[4-7]:ID2_Red-Light,ID2_Red-Light,ID2_Red-Light,ID2_Red-Light	chr4R1,2,3,6|chr4R4,7;chr12R3,4,5;chr14L2|chr4R4,7;chr12R3,4,5;chr14L2|chr4R4,7;chr12R3,4,5;chr14L2|chr4R5|chr4R4,7;chr12R3,4,5;chr14L2|chr4R1,2,3,6|chr4R4,7;chr12R3,4,5;chr14L2|chr4R5|chr4R4,7;chr12R3,4,5;chr14L2|chr4R4,7;chr12R3,4,5;chr14L2	chr4R	tandem_amplification_same_end	chr4R	False
7172	33	4ac0e437-0878-4386-8260-6be5ba3daf6b	7172_day4_with_selection_repeat	SRR33298428.360752	chr14R	10	ID4,ID2,ID4,ID2,ID4,ID2,ID4,ID2,ID4,ID6	Y	chr14R	10.0	ID6_Purple-Neutral,ID4_Green-Light,ID2_Red,ID4_Green-Light,ID2_Red,ID4_Green-Light,ID2_Red,ID4_Green-Light,ID2_Red,ID4_Green-Light	Y' Gain	chr2L|chr6L:ID4_Green-Light > chr12R|chr14L|chr4R:ID2_Red > chr2L|chr6L:ID4_Green-Light > chr12R|chr14L|chr4R:ID2_Red > chr2L|chr6L:ID4_Green-Light > chr12R|chr14L|chr4R:ID2_Red > chr2L|chr6L:ID4_Green-Light > chr12R|chr14L|chr4R:ID2_Red > chr2L|chr6L:ID4_Green-Light	chr14R1|chr2L1|chr4R1,2,6;chr16L2|chr2L1|chr4R3,4,7;chr12R2,3,4,5;chr14L2;chr16L3|chr2L1|chr4R1,2,6;chr16L2|chr2L1|chr4R1,2,6;chr16L2|chr2L1	chr16	unmatched_array	chr2L|chr6L > chr12R|chr14L|chr4R > chr2L|chr6L > chr12R|chr14L|chr4R > chr2L|chr6L > chr12R|chr14L|chr4R > chr2L|chr6L > chr12R|chr14L|chr4R > chr2L|chr6L	True
7302	28	4b7e04d0-8590-4b24-acb3-9846b26d0586	7302_day3_with_selection	SRR33298450.532461	chr15R	4	ID2,ID2,ID2,ID2	N	chr15R	4.0	ID2_Red-Dark,ID2_Red-Light,ID2_Red-Light,ID2_Red-Light	Y' Gain	chr12R|chr4R:ID2_Red-Light,ID2_Red-Light,ID2_Red-Light	chr15R1|chr4R1,2,3,6|chr4R1,2,3,6|chr4R1,2,3,6	chr12R	donor_transfer_candidates:2	chr12R|chr4R	False
7172	33	4b92ac4d-d539-422f-a13f-a4cad03e2e7d	7172_day4_with_selection_repeat	SRR33298428.121845	chr5L	3	ID6,ID2,ID2	N	chr5L	3.0	ID6_Purple-Light,ID2_Red,ID2_Red	Y' Gain	chr16L|chr4R:ID2_Red,ID2_Red	chr5L1|chr4R3,4,7;chr12R2,3,4,5;chr14L2;chr16L3|chr4R3,4,7;chr12R2,3,4,5;chr14L2;chr16L3	chr12R	donor_transfer_candidates:3	chr16L|chr4R	False
7302	33	4bf3de54-d9df-424f-9bde-72a8a4b56b30	7302_day4_with_selection	SRR33298449.389750	chr14L	12	ID3,ID3,ID3,ID3,ID3,ID3,ID3,ID3,ID3,ID3,ID2,ID5	N	chr14L	12.0	ID5_Blue-Dark,ID2_Red-Light,ID3_Orange,ID3_Orange,ID3_Orange,ID3_Orange,ID3_Orange,ID3_Orange,ID3_Orange,ID3_Orange,ID3_Orange,ID3_Orange	1st Y' Change	chr16L|chr7R:ID5_Blue-Dark > self[2-5]:ID2_Red-Light,ID3_Orange,ID3_Orange,ID3_Orange > self[3]:ID3_Orange,ID3_Orange,ID3_Orange,ID3_Orange,ID3_Orange,ID3_Orange,ID3_Orange(circ x7.0 strong)	chr16L1|chr4R4,7;chr12R3,4,5;chr14L2|chr14L3,4,5|chr14L3,4,5|chr14L3,4,5|chr14L3,4,5|chr14L3,4,5|chr14L3,4,5|chr14L3,4,5|chr14L3,4,5|chr14L3,4,5|chr14L3,4,5	chr14L	tandem_amplification_same_end	chr16L|chr7R > chr14L	True
7172	28	4db3db1e-602f-4cb5-b407-58bc82de9f12	7172_day3_with_selection	SRR33298430.416012	chr5R	3	ID2,ID2,ID1	N	chr5R	3.0	ID1_Gray,ID2_Red,ID2_Red	Y' Gain	chr16L|chr4R:ID2_Red,ID2_Red	chr5R1|chr4R3,4,7;chr12R2,3,4,5;chr14L2;chr16L3|chr4R3,4,7;chr12R2,3,4,5;chr14L2;chr16L3	chr12R	donor_transfer_candidates:3	chr16L|chr4R	False
7172	33	4dfa9235-b0ea-473e-a69d-7bf648a0bf24	7172_day4_with_selection_repeat	SRR33298428.545459	chr5R	4	ID2,ID2,ID2,ID1	N	chr5R	4.0	ID1_Gray,ID2_Red,ID2_Red,ID2_Red	Y' Gain	chr12R|chr4R:ID2_Red,ID2_Red,ID2_Red	chr5R1|chr4R3,4,7;chr12R2,3,4,5;chr14L2;chr16L3|chr4R3,4,7;chr12R2,3,4,5;chr14L2;chr16L3|chr4R3,4,7;chr12R2,3,4,5;chr14L2;chr16L3	chr12R	donor_transfer_candidates:2	chr12R|chr4R	False
7302	33	50aca7eb-cf02-4fda-a682-d5bfa0b5a255	7302_day4_with_selection	SRR33298449.568949	chr14L	8	ID3,ID3,ID3,ID3,ID3,ID3,ID2,ID5	N	chr14L	8.0	ID5_Blue-Dark,ID2_Red-Light,ID3_Orange,ID3_Orange,ID3_Orange,ID3_Orange,ID3_Orange,ID3_Orange	1st Y' Change	chr16L|chr7R:ID5_Blue-Dark > self[2-5]:ID2_Red-Light,ID3_Orange,ID3_Orange,ID3_Orange > self[3-5]:ID3_Orange,ID3_Orange,ID3_Orange	chr16L1|chr4R4,7;chr12R3,4,5;chr14L2|chr14L3,4,5|chr14L3,4,5|chr14L3,4,5|chr14L3,4,5|chr14L3,4,5|chr14L3,4,5	chr14L	tandem_amplification_same_end	chr16L|chr7R > chr14L	True
7172	33	50ddb90d-dacd-49ae-96bf-67cd98b48989	7172_day4_with_selection_repeat	SRR33298428.401163	chr8L	4	ID1,ID2,ID4,ID2	Y	chr8L	4.0	ID1_Gray,ID2_Red,ID4_Green-Light,ID2_Red	Y' Gain	chr12R|chr14L|chr4R:ID2_Red > chr2L|chr6L:ID4_Green-Light > chr12R|chr14L|chr15R|chr16L|chr4R:ID2_Red	chr8L1|chr12R7|chr6L1|chr12R7	ambiguous	unmatched_array	chr12R|chr14L|chr4R > chr2L|chr6L > chr12R|chr14L|chr15R|chr16L|chr4R	True
7172	33	50e613aa-8a9d-4259-8908-c0edfab6de80	7172_day4_with_selection_repeat	SRR33298428.298750	chr1R	5	ID2,ID2,ID2,ID2,ID2	N	chr1R	5.0	ID2_Red,ID2_Red,ID2_Red,ID2_Red,ID2_Red	Y' Gain	chr12R|chr14L|chr4R:ID2_Red,ID2_Red,ID2_Red,ID2_Red,ID2_Red(circ x5.0)	chr12R6,8|chr12R6,8|chr12R7|chr12R6,8|chr12R6,8	chr12R	donor_transfer_candidates:2	chr12R|chr14L|chr4R	False
7302	28	52163912-4321-4834-8803-7cf53ebb5fcc	7302_day3_with_selection	SRR33298450.387515	chr13R	2	ID7,ID5	Y	chr13R	2.0	ID5_Blue-Dark,ID7_Yellow	Y' Gain	chr16L|chr7R:ID5_Blue-Dark > chr13L[1]:ID7_Yellow	chr16L1|chr13L3	chr15R	subtelomere_switch	chr16L|chr7R > chr13L	True
7302	28	527b0df3-d584-4356-8430-49d75a702d88	7302_day3_with_selection	SRR33298450.554823	chr7R	6	ID5,ID5,ID3,ID5,ID5,ID3	Y	chr7R	6.0	ID5_Blue-Dark,ID5_Blue-Dark,ID3_Orange,ID5_Blue-Dark,ID5_Blue-Dark,ID3_Orange	Y' Gain	self[1]:ID5_Blue-Dark > chr14L[3]:ID3_Orange > self[1]:ID5_Blue-Dark > self[1]:ID5_Blue-Dark > chr14L[3]:ID3_Orange	chr16L1|chr7R1|chr14L3,4,5|chr7R1|chr7R1|chr14L3,4,5	ambiguous	unmatched_array	chr7R > chr14L > chr7R > chr14L	True
7172	28	5289ba0e-e30a-42d2-b1a5-19708ffc77cd	7172_day3_with_selection	SRR33298430.416055	chr15L	3	ID3,ID2,ID5	N	chr15L	3.0	ID5_Blue-Dark,ID2_Red,ID3_Orange	Y' Gain	chr16L|chr7R:ID5_Blue-Dark > chr14L[2-3]:ID2_Red,ID3_Orange	chr16L1|chr4R3,4,7;chr12R2,3,4,5;chr14L2;chr16L3|chr14L3	chr14L	subtelomere_switch	chr16L|chr7R > chr14L	True
7302	33	528c9417-9044-4f09-ab29-8cf7323787fc	7302_day4_with_selection	SRR33298449.313063	chr14R	3	ID6,ID3,ID3	N										
7172	33	529a4571-f1ad-4ba1-9e96-29f587575e38	7172_day4_with_selection	SRR33298429.630606	chr11L	3	ID5,ID2,ID3	N	chr11L	3.0	ID5_Blue-Dark,ID2_Red,ID3_Orange	Y' Gain	chr7R?[1]:ID5_Blue-Dark > chr14L[2-3]:ID2_Red,ID3_Orange	chr16L1|chr4R3,4,7;chr12R2,3,4,5;chr14L2;chr16L3|chr14L3	chr11R	subtelomere_switch	chr7R > chr14L	True
7172	33	52a69137-8b05-47c5-9a78-550c955c46eb	7172_day4_with_selection_repeat	SRR33298428.60459	chr6L	3	ID2,ID2,ID1	N	chr6L	3.0	ID1_Gray,ID2_Red,ID2_Red	1st Y' Change	chr12L|chr12R|chr13L|chr16R|chr5R|chr8L|chr8R:ID1_Gray > chr12R|chr4R:ID2_Red,ID2_Red	chr5R1|chr4R5|chr15R1	chr5R	subtelomere_switch	chr12R	False
7302	28	53a7609a-b44b-4442-b191-8f5ab08d7c25	7302_day3_with_selection	SRR33298450.521266	chr10R	4	ID7,ID8,ID7,ID8	N	chr10R	4.0	ID7_Yellow,ID2_Red-Light,ID7_Yellow,ID2_Red-Light	Y' Gain	chr13L[1-4]:ID7_Yellow,ID2_Red-Light,ID7_Yellow,ID2_Red-Light	chr13L3|chr13L4|chr13L3|chr13L4	chr13L	subtelomere_switch	chr13L	False
7172	33	53df5a34-8ed1-4161-82a1-3054a5a5694d	7172_day4_with_selection_repeat	SRR33298428.43349	chr7R	4	ID4,ID3,ID4,ID5	Y	chr7R	4.0	ID5_Blue-Dark,ID4_Green-Light,ID3_Orange,ID4_Green-Light	Y' Gain	chr2L|chr6L:ID4_Green-Light > chr14L[3]:ID3_Orange > chr2L|chr6L:ID4_Green-Light	chr16L1|chr2L1|chr14L3|chr2L1	ambiguous	unmatched_array	chr2L|chr6L > chr14L > chr2L|chr6L	True
7172	28	541c0f07-c68e-4ec2-950d-9729934dbb53	7172_day3_with_selection	SRR33298430.204644	chr16R	3	ID2,ID2,ID1	N	chr16R	3.0	ID1_Gray,ID2_Red,ID2_Red	Y' Gain	chr12R|chr14L|chr15R|chr16L|chr4R:ID2_Red > chr12R|chr14L|chr15R|chr16L|chr4R:ID2_Red	chr16R1|chr4R3,4,7;chr12R2,3,4,5;chr14L2;chr16L3|chr4R3,4,7;chr12R2,3,4,5;chr14L2;chr16L3	chr12R	donor_transfer_candidates:3	chr12R|chr14L|chr15R|chr16L|chr4R	False
7302	33	54ff7e49-8e52-446c-be70-18f2727a386a	7302_day4_with_selection	SRR33298449.439307	chr5R	5	ID1,ID8,ID8,ID8,ID8	N	chr5R	5.0	ID1_Gray,ID2_Red-Light,ID2_Red-Light,ID2_Red-Light,ID2_Red-Light	Y' Gain	chr12R[2-5]:ID2_Red-Light,ID2_Red-Light,ID2_Red-Light,ID2_Red-Light	chr5R1|chr13L4|chr13L4|chr13L4|chr13L4	chr12R	donor_transfer	chr12R	False
7172	33	55307ad1-0183-49ca-bea6-7013c931e5a1	7172_day4_with_selection	SRR33298429.124324	chr4R	17	ID2,ID2,ID2,ID2,ID2,ID2,ID2,ID2,ID2,ID2,ID2,ID2,ID2,ID2,ID2,ID2,ID2	N	chr4R	17.0	ID2_Red,ID2_Red,ID2_Red,ID2_Red,ID2_Red,ID2_Red,ID2_Red,ID2_Red,ID2_Red,ID2_Red,ID2_Red,ID2_Red,ID2_Red,ID2_Red,ID2_Red,ID2_Red,ID2_Red	Y' Gain	chr12R[2-5]:ID2_Red,ID2_Red,ID2_Red,ID2_Red > self[5-7]:ID2_Red,ID2_Red,ID2_Red,ID2_Red,ID2_Red,ID2_Red(circ x2.0 moderate | alt chr4R[4-7] + chr4R[4-5])	chr4R1,2,6;chr16L2|chr4R1,2,6;chr16L2|chr4R1,2,6;chr16L2|chr4R3,4,7;chr12R2,3,4,5;chr14L2;chr16L3|chr4R5|chr4R1,2,6;chr16L2|chr4R3,4,7;chr12R2,3,4,5;chr14L2;chr16L3|chr4R3,4,7;chr12R2,3,4,5;chr14L2;chr16L3|chr4R1,2,6;chr16L2|chr15R1|chr4R3,4,7;chr12R2,3,4,5;chr14L2;chr16L3|chr4R1,2,6;chr16L2|chr4R5|chr4R3,4,7;chr12R2,3,4,5;chr14L2;chr16L3|chr4R3,4,7;chr12R2,3,4,5;chr14L2;chr16L3|chr4R3,4,7;chr12R2,3,4,5;chr14L2;chr16L3|chr4R1,2,6;chr16L2	chr4R	tandem_amplification_same_end	chr12R > chr4R	True
7172	28	5558f17a-eefd-4891-b7f5-2aaf3cabd6b6	7172_day3_with_selection	SRR33298430.463069	chr14L	11	ID3,ID2,ID3,ID3,ID2,ID3,ID3,ID2,ID3,ID2,ID5	N	chr14L	11.0	ID5_Blue-Dark,ID2_Red,ID3_Orange,ID2_Red,ID3_Orange,ID3_Orange,ID2_Red,ID3_Orange,ID3_Orange,ID2_Red,ID3_Orange	1st Y' Change	chr7R?[1]:ID5_Blue-Dark > self[2-3]:ID2_Red,ID3_Orange,ID2_Red,ID3_Orange(circ x2.0 strong) > self[2-3]:ID3_Orange,ID2_Red,ID3_Orange(circ x1.5 moderate | alt chr14L[3] + chr14L[2-3]) > self[2-3]:ID3_Orange,ID2_Red,ID3_Orange(circ x1.5 moderate | alt chr14L[3] + chr14L[2-3])	chr16L1|chr4R3,4,7;chr12R2,3,4,5;chr14L2;chr16L3|chr14L3|chr4R1,2,6;chr16L2|chr14L3|chr14L3|chr4R3,4,7;chr12R2,3,4,5;chr14L2;chr16L3|chr14L3|chr14L3|chr4R3,4,7;chr12R2,3,4,5;chr14L2;chr16L3|chr14L3	chr14L	tandem_amplification_same_end	chr7R > chr14L	True
7302	28	556cd40f-22ae-4a2c-9ffa-f0d6d705dfc4	7302_day3_with_selection	SRR33298450.19557	chr7R	3	ID2,ID2,ID5	N	chr7R	3.0	ID5_Blue-Dark,ID2_Red-Light,ID2_Red-Light	Y' Gain	chr4R[1-2]:ID2_Red-Light,ID2_Red-Light	chr16L1|chr4R1,2,3,6|chr13L4	chr4R	donor_transfer	chr4R	False
7302	33	56b9ca64-183f-4051-a4f0-6a52d6b50d69	7302_day4_with_selection	SRR33298449.12734	chr12L	8	ID2,ID2,ID2,ID2,ID2,ID2,ID2,ID1	N	chr12L	8.0	ID1_Gray,ID2_Red-Light,ID2_Red-Light,ID2_Red-Light,ID2_Red-Light,ID2_Red-Light,ID2_Red-Light,ID2_Red-Light	Y' Gain	chr4R[3-4]:ID2_Red-Light,ID2_Red-Light,ID2_Red-Light,ID2_Red-Light,ID2_Red-Light,ID2_Red-Light,ID2_Red-Light(circ x3.5 moderate)	chr12L1|chr4R1,2,3,6|chr4R1,2,3,6|chr4R4,7;chr12R3,4,5;chr14L2|chr4R4,7;chr12R3,4,5;chr14L2|chr4R4,7;chr12R3,4,5;chr14L2|chr4R4,7;chr12R3,4,5;chr14L2|chr4R4,7;chr12R3,4,5;chr14L2	chr4R	donor_transfer	chr4R	False
7172	28	58316efb-c2f5-4eff-b91d-1fca0ec51b03	7172_day3_with_selection	SRR33298430.463105	chr2R	5	ID2,ID2,ID2,ID2,ID1	N	chr2R	5.0	ID1_Gray,ID2_Red,ID2_Red,ID2_Red,ID2_Red	Y' Gain	chr12L|chr12R|chr13L|chr16R|chr5R|chr8L|chr8R:ID1_Gray > chr12R|chr14L:ID2_Red,ID2_Red,ID2_Red,ID2_Red(circ x4.0)	chr13L1|chr12R6,8|chr12R7|chr12R6,8|chr12R7	chr12R	donor_transfer	chr12R	False
7302	33	58abea61-134d-4061-8d2b-b2f436df4982	7302_day4_with_selection	SRR33298449.118344	chr8R	3	ID7,ID7,ID1	N	chr8R	3.0	ID1_Gray,ID7_Yellow,ID7_Yellow	Y' Gain	chr13L[1]:ID7_Yellow > chr13L[1]:ID7_Yellow	chr8R1|chr13L3|chr13L3	chr13	unmatched_array	chr13L	False
7302	28	59541642-2731-40b9-9f56-8ce3c3186b6b	7302_day3_with_selection	SRR33298450.222396	chr11L	3	ID1,ID2,ID2	N	chr11L	3.0	ID1_Gray,ID2_Red-Light,ID2_Red-Light	Y' Gain	chr12R[1-3]:ID1_Gray,ID2_Red-Light,ID2_Red-Light	chr12R1|chr4R4,7;chr12R3,4,5;chr14L2|chr4R4,7;chr12R3,4,5;chr14L2	chr12R	subtelomere_switch	chr12R	False
7172	33	5974adaa-59b2-4996-9fac-08834de162dc	7172_day4_with_selection_repeat	SRR33298428.351260	chr6L	5	ID2,ID2,ID2,ID2,ID1	N	chr6L	5.0	ID1_Gray,ID2_Red,ID2_Red,ID2_Red,ID2_Red	1st Y' Change	chr12R[1-2]:ID1_Gray,ID2_Red > chr12R[6-8]:ID2_Red,ID2_Red,ID2_Red	chr5R1|chr12R7|chr12R7|chr12R7|chr12R7	chr5R	subtelomere_switch	chr12R	False
7172	33	5acf4fc3-f317-45fb-96c0-ab8257ba1889	7172_day4_with_selection_repeat	SRR33298428.75444	chr11R	3	ID4,ID2,ID5	Y	chr11R	3.0	ID5_Blue-Dark,ID2_Red,ID4_Green-Light	Y' Gain	chr16L[1-2]:ID5_Blue-Dark,ID2_Red > chr2L|chr6L:ID4_Green-Light	chr16L1|chr4R1,2,6;chr16L2|chr2L1	chr16L	donor_transfer	chr16L > chr2L|chr6L	True
7302	28	5b839d32-020b-4c7e-9955-a50a89af5c01	7302_day3_with_selection	SRR33298450.222436	chr13L	10	ID2,ID7,ID8,ID2,ID7,ID8,ID2,ID7,ID8,ID7	Y	chr13L	10.0	ID7_Yellow,ID2_Red-Light,ID7_Yellow,ID2_Red-Light,ID2_Red-Light,ID7_Yellow,ID2_Red-Light,ID2_Red-Light,ID7_Yellow,ID2_Red-Light	Y' Gain	self[2-4]:ID2_Red-Light,ID7_Yellow,ID2_Red-Light,ID2_Red-Light,ID7_Yellow,ID2_Red-Light(circ x2.0 strong)	chr13L3|chr13L4|chr13L3|chr4R4,7;chr12R3,4,5;chr14L2|chr13L4|chr13L3|chr4R4,7;chr12R3,4,5;chr14L2|chr13L4|chr13L3|chr4R4,7;chr12R3,4,5;chr14L2	chr13L	tandem_amplification_same_end	chr13L	False
7302	33	5dc892a5-0485-409d-b54a-7e547542305a	7302_day4_with_selection	SRR33298449.107663	chr7L	4	ID2,ID2,ID2,ID2	N	chr7L	4.0	ID2_Red-Light,ID2_Red-Light,ID2_Red-Light,ID2_Red-Light	Y' Gain	chr12R[2-4]:ID2_Red-Light,ID2_Red-Light,ID2_Red-Light,ID2_Red-Light(circ x1.3 moderate | alt chr12R[2-4] + chr12R[2])	chr4R4,7;chr12R3,4,5;chr14L2|chr4R4,7;chr12R3,4,5;chr14L2|chr4R1,2,3,6|chr12R6	chr12R	donor_transfer	chr12R	False
7172	33	5e82a06d-90bf-45d3-8189-c6eba2707944	7172_day4_with_selection_repeat	SRR33298428.211904	chr6L	3	ID2,ID2,ID1	N	chr6L	3.0	ID1_Gray,ID2_Red,ID2_Red	1st Y' Change	chr12L|chr12R|chr13L|chr16R|chr5R|chr8L|chr8R:ID1_Gray > chr12R|chr4R:ID2_Red,ID2_Red	chr5R1|chr4R3,4,7;chr12R2,3,4,5;chr14L2;chr16L3|chr15R1	chr5R	subtelomere_switch	chr12R	False
7172	33	5ec1730d-dddc-41a2-857b-ef91bfc30164	7172_day4_with_selection	SRR33298429.124367	chr4L	5	ID2,ID2,ID2,ID2,ID5	N	chr4L	5.0	ID5_Blue-Dark,ID2_Red,ID2_Red,ID2_Red,ID2_Red	Y' Gain	chr16L|chr7R:ID5_Blue-Dark > chr12R[2-5]:ID2_Red,ID2_Red,ID2_Red,ID2_Red	chr16L1|chr4R3,4,7;chr12R2,3,4,5;chr14L2;chr16L3|chr4R3,4,7;chr12R2,3,4,5;chr14L2;chr16L3|chr4R3,4,7;chr12R2,3,4,5;chr14L2;chr16L3|chr4R3,4,7;chr12R2,3,4,5;chr14L2;chr16L3	chr13L	subtelomere_switch	chr16L|chr7R > chr12R	True
7172	28	5fcb96ca-fd24-4901-98dc-5977461c3100	7172_day3_with_selection	SRR33298430.288189	chr13R	6	ID3,ID2,ID3,ID3,ID2,ID5	N	chr13R	6.0	ID5_Blue-Dark,ID2_Red,ID3_Orange,ID3_Orange,ID2_Red,ID3_Orange	Y' Gain	chr16L[1-2]:ID5_Blue-Dark,ID2_Red > chr14L[3]:ID3_Orange > chr14L[2-3]:ID3_Orange,ID2_Red,ID3_Orange(circ x1.5 moderate | alt chr14L[3] + chr14L[2-3])	chr16L1|chr4R3,4,7;chr12R2,3,4,5;chr14L2;chr16L3|chr14L3|chr14L3|chr4R3,4,7;chr12R2,3,4,5;chr14L2;chr16L3|chr14L3	chr16L	donor_transfer	chr16L > chr14L	True
7302	33	6005aa22-9d6a-4928-ab71-1494cbd781a7	7302_day4_with_selection	SRR33298449.43071	chr3R	4	ID8,ID7,ID8,ID7	N	chr3R	4.0	ID7_Yellow,ID2_Red-Light,ID7_Yellow,ID2_Red-Light	Y' Gain	chr13L[1-3]:ID7_Yellow,ID2_Red-Light,ID7_Yellow > chr12R|chr13L|chr14L|chr4R:ID2_Red-Light	chr13L3|chr13L4|chr13L3|chr13L4	chr13L	donor_transfer	chr13L	False
7172	33	603f7a44-23cb-4875-838a-f7b1f839cc37	7172_day4_with_selection_repeat	SRR33298428.278916	chr4L	3	ID4,ID2,ID5	Y	chr4L	3.0	ID5_Blue-Light,ID2_Red,ID4_Green-Light	Y' Gain	chr14L[1-2]:ID5_Blue-Light,ID2_Red > chr2L|chr6L:ID4_Green-Light	chr14L1|chr4R1,2,6;chr16L2|chr2L1	chr14L	donor_transfer	chr14L > chr2L|chr6L	True
7172	33	60c1ed5c-0d0c-4b17-bfe5-321604d15edb	7172_day4_with_selection_repeat	SRR33298428.95503	chr4R	12	ID2,ID2,ID2,ID2,ID2,ID2,ID2,ID2,ID2,ID2,ID2,ID2	N	chr4R	11.0	ID2_Red,ID2_Red,ID2_Red,ID2_Red,ID2_Red,ID2_Red,ID2_Red,ID2_Red,ID2_Red,ID2_Red,ID2_Red	Y' Gain	self[3-4]:ID2_Red,ID2_Red,ID2_Red,ID2_Red(circ x2.0 moderate | alt chr4R[1] + chr4R[3-5])	chr4R1,2,6;chr16L2|chr4R3,4,7;chr12R2,3,4,5;chr14L2;chr16L3|chr4R3,4,7;chr12R2,3,4,5;chr14L2;chr16L3|chr4R3,4,7;chr12R2,3,4,5;chr14L2;chr16L3|chr4R5|chr4R3,4,7;chr12R2,3,4,5;chr14L2;chr16L3|chr4R3,4,7;chr12R2,3,4,5;chr14L2;chr16L3|chr4R5|chr4R3,4,7;chr12R2,3,4,5;chr14L2;chr16L3|chr4R3,4,7;chr12R2,3,4,5;chr14L2;chr16L3|chr4R5	chr4R	tandem_amplification_same_end	chr4R	False
7172	28	625caba0-7ad6-4703-a9be-b56a2190e22e	7172_day3_with_selection	SRR33298430.90535	chr14L	5	ID2,ID3,ID3,ID2,ID5	N	chr14L	5.0	ID5_Blue-Dark,ID2_Red,ID3_Orange,ID3_Orange,ID2_Red	1st Y' Change	chr7R?[1]:ID5_Blue-Dark > self[2-3]:ID2_Red,ID3_Orange > self[3]:ID3_Orange > self[2]:ID2_Red	chr16L1|chr4R1,2,6;chr16L2|chr14L3|chr14L3|chr4R1,2,6;chr16L2	chr16L	donor_transfer	chr7R > chr14L	True
7172	28	626d216b-d732-445e-a10b-6e2733314291	7172_day3_with_selection	SRR33298430.73917	chr4R	10	ID2,ID2,ID2,ID2,ID2,ID2,ID2,ID2,ID2,ID2	N	chr4R	9.0	ID2_Red,ID2_Red,ID2_Red,ID2_Red,ID2_Red,ID2_Red,ID2_Red,ID2_Red,ID2_Red	Y' Gain	self[1-2]:ID2_Red,ID2_Red	chr4R3,4,7;chr12R2,3,4,5;chr14L2;chr16L3|chr4R3,4,7;chr12R2,3,4,5;chr14L2;chr16L3|chr4R3,4,7;chr12R2,3,4,5;chr14L2;chr16L3|chr4R3,4,7;chr12R2,3,4,5;chr14L2;chr16L3|chr4R3,4,7;chr12R2,3,4,5;chr14L2;chr16L3|chr4R1,2,6;chr16L2|chr4R5|chr4R1,2,6;chr16L2|chr4R3,4,7;chr12R2,3,4,5;chr14L2;chr16L3	chr4R	tandem_amplification_same_end	chr4R	False
7172	33	62be2766-81b5-4504-b9b8-95a08839c40f	7172_day4_with_selection	SRR33298429.347414	chr13L	3	ID2,ID2,ID4	Y	chr13L	3.0	ID4_Green-Light,ID2_Red,ID2_Red	1st Y' Change	chr2L|chr6L:ID4_Green-Light > chr16L|chr4R:ID2_Red,ID2_Red	chr2L1|chr4R3,4,7;chr12R2,3,4,5;chr14L2;chr16L3|chr15R1	chr12R	donor_transfer_candidates:3	chr2L|chr6L > chr16L|chr4R	True
7172	28	63429925-09eb-46a6-9d99-a81a6a125d9c	7172_day3_with_selection	SRR33298430.147518	chr7R	3	ID5,ID3,ID3	N	chr7R	3.0	ID5_Blue-Dark,ID3_Orange,ID3_Orange	Y' Gain	chr14L[3]:ID3_Orange > chr14L[3]:ID3_Orange	chr16L1|chr14L3|chr14L3	chr14	unmatched_array	chr14L	False
7302	28	635cfae8-9464-4e22-9fa0-79f5d081c104	7302_day3_with_selection	SRR33298450.532788	chr15L	3	ID6,ID3,ID3	Y	chr15L	3.0	ID6_Purple-Dark,ID3_Orange,ID3_Orange	Y' Gain	chr10L|chr9L:ID6_Purple-Dark > chr14L[3-4]:ID3_Orange,ID3_Orange	chr10L1|chr14L3,4,5|chr14L3,4,5	chr14L	donor_transfer	chr10L|chr9L > chr14L	True
7302	33	6412e72e-0d21-4c2f-94d9-298d3e860a51	7302_day4_with_selection	SRR33298449.333059	chr6L	4	ID4,ID2,ID3,ID3	N	chr6L	4.0	ID4_Green-Dark,ID2_Red-Light,ID3_Orange,ID3_Orange	Y' Gain	chr14L[2-4]:ID2_Red-Light,ID3_Orange,ID3_Orange	chr6L1|chr4R4,7;chr12R3,4,5;chr14L2|chr14L3,4,5|chr14L3,4,5	chr14L	donor_transfer	chr14L	False
7172	28	641f6fbe-ef0d-480f-9238-fc91e0fff071	7172_day3_with_selection	SRR33298430.288420	chr15R	3	ID2,ID3,ID2	N	chr15R	3.0	ID2_Red,ID3_Orange,ID2_Red	Y' Gain	chr14L[3]:ID3_Orange > self[1]:ID2_Red	chr15R1|chr14L3|chr15R1	chr14L	donor_transfer	chr14L > chr15R	True
7172	28	652c8331-30e8-4c74-8389-50299229f709	7172_day3_with_selection	SRR33298430.391029	chr15R	3	ID3,ID2,ID2	N	chr15R	3.0	ID2_Red,ID2_Red,ID3_Orange	Y' Gain	chr14L[2-3]:ID2_Red,ID3_Orange	chr15R1|chr4R3,4,7;chr12R2,3,4,5;chr14L2;chr16L3|chr14L3	chr14L	donor_transfer	chr14L	False
7302	33	65de6779-a6e6-4c1c-9b7d-6250e8963e6e	7302_day4_with_selection	SRR33298449.141373	chr4L	4	ID7,ID8,ID7,ID8	N	chr4L	4.0	ID7_Yellow,ID2_Red-Light,ID7_Yellow,ID2_Red-Light	Y' Gain	chr13L[1-4]:ID7_Yellow,ID2_Red-Light,ID7_Yellow,ID2_Red-Light	chr13L3|chr13L4|chr13L3|chr13L4	chr13L	donor_transfer	chr13L	False
7302	33	66d6e9d3-7a34-423c-9775-65da7686b9a8	7302_day4_with_selection	SRR33298449.133343	chr8R	3	ID3,ID3,ID1	N	chr8R	3.0	ID1_Gray,ID3_Orange,ID3_Orange	Y' Gain	chr14L[3-4]:ID3_Orange,ID3_Orange	chr8R1|chr14L3,4,5|chr14L3,4,5	chr14L	donor_transfer	chr14L	False
7172	28	6796c762-f534-4fdd-95ba-c8f9d219a311	7172_day3_with_selection	SRR33298430.288487	chr13R	2	ID5,ID5	N	chr13R	1.0	ID5_Blue-Dark	Y' Gain	chr16L|chr7R:ID5_Blue-Dark	chr16L1	chr15R	subtelomere_switch	chr16L|chr7R	False
7172	28	68232b43-99f4-4362-831f-9135922e0aec	7172_day3_with_selection	SRR33298430.352272	chr6L	7	ID2,ID2,ID2,ID2,ID2,ID2,ID4	N	chr6L	7.0	ID4_Green-Light,ID2_Red,ID2_Red,ID2_Red,ID2_Red,ID2_Red,ID2_Red	Y' Gain	chr14L?[2]:ID2_Red > chr12R[2-3]:ID2_Red,ID2_Red,ID2_Red,ID2_Red,ID2_Red(circ x2.5 moderate | alt chr12R[2-3] + chr12R[5-7])	chr6L1|chr4R1,2,6;chr16L2|chr4R3,4,7;chr12R2,3,4,5;chr14L2;chr16L3|chr12R6,8|chr4R3,4,7;chr12R2,3,4,5;chr14L2;chr16L3|chr12R6,8|chr12R6,8	chr12R	donor_transfer	chr14L > chr12R	True
7172	28	6874e671-3e74-4559-aebd-7a01a60ef0f4	7172_day3_with_selection	SRR33298430.147876	chr15L	4	ID4,ID3,ID2,ID5	Y	chr15L	4.0	ID5_Blue-Dark,ID2_Red,ID3_Orange,ID4_Green-Light	Y' Gain	chr16L|chr7R:ID5_Blue-Dark > chr14L[2-3]:ID2_Red,ID3_Orange > chr2L|chr6L:ID4_Green-Light	chr16L1|chr4R1,2,6;chr16L2|chr14L3|chr6L1	chr14L	subtelomere_switch	chr16L|chr7R > chr14L > chr2L|chr6L	True
7172	33	68b37d8c-b9d0-487b-85b3-eccdf56a64f4	7172_day4_with_selection_repeat	SRR33298428.367948	chr1L	2	ID6,ID5	Y	chr1L	2.0	ID5_Blue-Dark,ID6_Purple-Dark	Y' Gain	chr16L|chr7R:ID5_Blue-Dark > chr10L|chr9L:ID6_Purple-Dark	chr16L1|chr10L1	chr14	unmatched_array	chr16L|chr7R > chr10L|chr9L	True
7172	33	6a995bf5-f9c3-43b8-b7c4-3578b6dc6b24	7172_day4_with_selection_repeat	SRR33298428.290266	chr11L	4	ID2,ID2,ID2,ID6	Y	chr11L	4.0	ID6_Purple-Dark,ID2_Red,ID2_Red,ID2_Red	Y' Gain	chr10L|chr9L:ID6_Purple-Dark > chr12R[5-7]:ID2_Red,ID2_Red,ID2_Red	chr10L1|chr4R3,4,7;chr12R2,3,4,5;chr14L2;chr16L3|chr12R6,8|chr12R7	chr10L	subtelomere_switch	chr10L|chr9L > chr12R	True
7302	28	6ba8e444-bb0b-488d-87ed-79ea1f536a11	7302_day3_with_selection	SRR33298450.226817	chr5R	3	ID1,ID2,ID2	N	chr5R	3.0	ID1_Gray,ID2_Red-Light,ID2_Red-Light	Y' Gain	chr12R|chr4R:ID2_Red-Light,ID2_Red-Light	chr5R1|chr4R4,7;chr12R3,4,5;chr14L2|chr12R6	chr12R	donor_transfer_candidates:2	chr12R|chr4R	False
7172	28	6be0f27a-de67-4d25-8807-7571681164ca	7172_day3_with_selection	SRR33298430.76318	chr2L	3	ID2,ID2,ID4	N	chr2L	3.0	ID4_Green-Light,ID2_Red,ID2_Red	Y' Gain	chr16L|chr4R:ID2_Red,ID2_Red	chr2L1|chr4R1,2,6;chr16L2|chr4R3,4,7;chr12R2,3,4,5;chr14L2;chr16L3	chr12R	donor_transfer_candidates:3	chr16L|chr4R	False
7302	28	6c4d7672-6855-4622-9500-fc32aa0b948e	7302_day3_with_selection	SRR33298450.73471	chr12L	4	ID2,ID2,ID2,ID3	N	chr12L	4.0	ID3_Orange,ID2_Red-Light,ID2_Red-Light,ID2_Red-Light	1st Y' Change	chr14L[3]:ID3_Orange > chr12R|chr4R:ID2_Red-Light,ID2_Red-Light,ID2_Red-Light	chr14L3,4,5|chr4R4,7;chr12R3,4,5;chr14L2|chr4R1,2,3,6|chr4R4,7;chr12R3,4,5;chr14L2	chr14L	donor_transfer	chr14L > chr12R|chr4R	True
7302	33	6d347b8d-3355-462c-9a08-9acdd8b570cb	7302_day4_with_selection	SRR33298449.118626	chr2L	4	ID4,ID7,ID8,ID7	N										
7302	33	6d814aba-5848-4377-a8fc-526c56d2c7a4	7302_day4_with_selection	SRR33298449.85022	chr16R	3	ID1,ID2,ID2	N	chr16R	3.0	ID1_Gray,ID2_Red-Light,ID2_Red-Light	Y' Gain	chr12R|chr4R:ID2_Red-Light,ID2_Red-Light	chr16R1|chr4R4,7;chr12R3,4,5;chr14L2|chr12R6	chr12R	donor_transfer_candidates:2	chr12R|chr4R	False
7302	28	6d839469-10be-4b86-bdc8-30763fb19581	7302_day3_with_selection	SRR33298450.410774	chr12R	8	ID1,ID2,ID2,ID2,ID2,ID2,ID2,ID2	N	chr12R	8.0	ID1_Gray,ID2_Red-Light,ID2_Red-Light,ID2_Red-Light,ID2_Red-Light,ID2_Red-Light,ID2_Red-Light,ID2_Red-Light	Y' Gain	self[2-3]:ID2_Red-Light,ID2_Red-Light	chr12R1|chr4R4,7;chr12R3,4,5;chr14L2|chr4R4,7;chr12R3,4,5;chr14L2|chr4R4,7;chr12R3,4,5;chr14L2|chr4R1,2,3,6|chr12R6|chr4R4,7;chr12R3,4,5;chr14L2|chr12R6	chr12R	tandem_amplification_same_end	chr12R	False
7172	33	6da3e9de-bbf4-4cd7-b133-128d466c3a8d	7172_day4_with_selection_repeat	SRR33298428.396563	chr2L	9	ID2,ID2,ID2,ID2,ID2,ID2,ID2,ID2,ID4	N	chr2L	9.0	ID4_Green-Light,ID2_Red,ID2_Red,ID2_Red,ID2_Red,ID2_Red,ID2_Red,ID2_Red,ID2_Red	Y' Gain	chr12R?[2]:ID2_Red,ID2_Red,ID2_Red,ID2_Red,ID2_Red,ID2_Red,ID2_Red,ID2_Red(circ x8.0 moderate)	chr2L1|chr12R6,8|chr12R7|chr12R6,8|chr12R7|chr12R6,8|chr12R7|chr12R6,8|chr12R7	chr12R	donor_transfer_candidates:3	chr12R	False
7302	28	6dbd7f47-7918-4e02-bd2c-218d9507fd8a	7302_day3_with_selection	SRR33298450.119004	chr5R	5	ID1,ID2,ID3,ID3,ID3	N	chr5R	5.0	ID1_Gray,ID2_Red-Light,ID3_Orange,ID3_Orange,ID3_Orange	Y' Gain	chr14L[2-5]:ID2_Red-Light,ID3_Orange,ID3_Orange,ID3_Orange	chr5R1|chr4R4,7;chr12R3,4,5;chr14L2|chr14L3,4,5|chr14L3,4,5|chr14L3,4,5	chr14L	donor_transfer	chr14L	False
7172	28	6e1c832c-bfd1-4946-bec4-378156ff4098	7172_day3_with_selection	SRR33298430.393040	chr11R	6	ID3,ID3,ID3,ID3,ID3,ID4	Y	chr11R	6.0	ID4_Green-Light,ID3_Orange,ID3_Orange,ID3_Orange,ID3_Orange,ID3_Orange	Y' Gain	chr2L|chr6L:ID4_Green-Light > chr14L[3]:ID3_Orange,ID3_Orange,ID3_Orange,ID3_Orange,ID3_Orange(circ x5.0 strong)	chr2L1|chr14L3|chr14L3|chr14L3|chr14L3|chr14L3	chr14L	donor_transfer	chr2L|chr6L > chr14L	True
7172	33	6eac7cca-4320-471b-909d-ea5ac27940d9	7172_day4_with_selection_repeat	SRR33298428.527470	chr7R	4	ID2,ID2,ID2,ID5	N	chr7R	4.0	ID5_Blue-Dark,ID2_Red,ID2_Red,ID2_Red	Y' Gain	chr16L|chr4R:ID2_Red,ID2_Red,ID2_Red(circ x1.5)	chr16L1|chr4R1,2,6;chr16L2|chr4R1,2,6;chr16L2|chr4R3,4,7;chr12R2,3,4,5;chr14L2;chr16L3	chr12R	donor_transfer_candidates:2	chr16L|chr4R	False
7172	33	713e7976-9d01-4ca1-8ae6-0c01eb4ac99d	7172_day4_with_selection_repeat	SRR33298428.529209	chr13R	3	ID2,ID2,ID5	N	chr13R	3.0	ID5_Blue-Dark,ID2_Red,ID2_Red	Y' Gain	chr7R?[1]:ID5_Blue-Dark > chr12R|chr4R:ID2_Red,ID2_Red	chr16L1|chr15R1|chr15R1	chr16L	donor_transfer	chr7R > chr12R|chr4R	True
7302	28	73f6cb36-f412-473d-873e-a63fe6493d83	7302_day3_with_selection	SRR33298450.579268	chr13L	6	ID7,ID7,ID8,ID7,ID8,ID7	N	chr13L	6.0	ID7_Yellow,ID2_Red-Light,ID7_Yellow,ID2_Red-Light,ID7_Yellow,ID7_Yellow	Y' Gain	self[1]:ID7_Yellow > self[1]:ID7_Yellow	chr13L3|chr13L4|chr13L3|chr13L4|chr13L3|chr13L3	ambiguous	unmatched_array	chr13L	False
7172	28	74b16b6e-abae-4a91-8486-fc964c960c7b	7172_day3_with_selection	SRR33298430.467934	chr7R	8	ID2,ID2,ID2,ID2,ID2,ID2,ID2,ID5	N	chr7R	8.0	ID5_Blue-Dark,ID2_Red,ID2_Red,ID2_Red,ID2_Red,ID2_Red,ID2_Red,ID2_Red	Y' Gain	chr4R[1-5]:ID2_Red,ID2_Red,ID2_Red,ID2_Red,ID2_Red,ID2_Red,ID2_Red(circ x1.4 moderate | alt chr4R[2-7] + chr4R[1])	chr16L1|chr4R1,2,6;chr16L2|chr4R3,4,7;chr12R2,3,4,5;chr14L2;chr16L3|chr4R3,4,7;chr12R2,3,4,5;chr14L2;chr16L3|chr4R1,2,6;chr16L2|chr4R3,4,7;chr12R2,3,4,5;chr14L2;chr16L3|chr4R3,4,7;chr12R2,3,4,5;chr14L2;chr16L3|chr4R3,4,7;chr12R2,3,4,5;chr14L2;chr16L3	chr4R	donor_transfer	chr4R	False
7302	33	75436a99-70d2-4e7c-914c-0247837303bb	7302_day4_with_selection	SRR33298449.203189	chr15R	8	ID2,ID2,ID2,ID2,ID2,ID2,ID2,ID2	N	chr15R	8.0	ID2_Red-Dark,ID2_Red-Light,ID2_Red-Light,ID2_Red-Light,ID2_Red-Light,ID2_Red-Light,ID2_Red-Light,ID2_Red-Light	Y' Gain	chr12R[2-6]:ID2_Red-Light,ID2_Red-Light,ID2_Red-Light,ID2_Red-Light,ID2_Red-Light,ID2_Red-Light,ID2_Red-Light(circ x1.4 strong)	chr15R1|chr12R6|chr12R6|chr4R1,2,3,6|chr4R1,2,3,6|chr4R4,7;chr12R3,4,5;chr14L2|chr4R5|chr4R1,2,3,6	chr4R	donor_transfer	chr12R	False
7172	33	759945d8-2892-4183-81e3-b358ec0ce73f	7172_day4_with_selection_repeat	SRR33298428.299231	chr6L	4	ID2,ID2,ID2,ID1	N	chr6L	4.0	ID1_Gray,ID2_Red,ID2_Red,ID2_Red	1st Y' Change	chr12L|chr13L|chr16R|chr5R|chr8L|chr8R:ID1_Gray > chr4R[3-5]:ID2_Red,ID2_Red,ID2_Red	chr5R1|chr4R1,2,6;chr16L2|chr4R3,4,7;chr12R2,3,4,5;chr14L2;chr16L3|chr4R3,4,7;chr12R2,3,4,5;chr14L2;chr16L3	chr5R	subtelomere_switch	chr12L|chr13L|chr16R|chr5R|chr8L|chr8R > chr4R	True
7302	28	76099a69-5dc6-434a-9e1f-7dfefed1ccbc	7302_day3_with_selection	SRR33298450.283930	chr7R	3	ID5,ID2,ID2	N	chr7R	3.0	ID5_Blue-Dark,ID2_Red-Light,ID2_Red-Light	Y' Gain	chr12R|chr4R:ID2_Red-Light,ID2_Red-Light	chr16L1|chr4R4,7;chr12R3,4,5;chr14L2|chr12R6	chr12R	donor_transfer_candidates:2	chr12R|chr4R	False
7302	28	765dc1e3-3504-44ed-abe6-316aa2735d55	7302_day3_with_selection	SRR33298450.533016	chr5R	3	ID2,ID2,ID1	N	chr5R	3.0	ID1_Gray,ID2_Red-Light,ID2_Red-Light	Y' Gain	chr12R|chr4R:ID2_Red-Light,ID2_Red-Light	chr5R1|chr4R4,7;chr12R3,4,5;chr14L2|chr13L4	chr12R	donor_transfer_candidates:2	chr12R|chr4R	False
7172	33	76c61932-6cd9-4471-8e43-adaff92c55e7	7172_day4_with_selection_repeat	SRR33298428.208534	chr2L	3	ID2,ID2,ID3	N	chr2L	3.0	ID3_Orange,ID2_Red,ID2_Red	1st Y' Change	chr14L[3]:ID3_Orange > chr12R[6-7]:ID2_Red,ID2_Red	chr14L3|chr12R6,8|chr12R6,8	chr14L	donor_transfer	chr14L > chr12R	True
7172	28	76c7503e-e5b7-4be2-829e-7b7c0e59bfe0	7172_day3_with_selection	SRR33298430.422547	chr13R	8	ID2,ID2,ID2,ID2,ID2,ID2,ID2,ID2	N	chr13R	8.0	ID2_Red,ID2_Red,ID2_Red,ID2_Red,ID2_Red,ID2_Red,ID2_Red,ID2_Red	Y' Gain	chr12R[2-7]:ID2_Red,ID2_Red,ID2_Red,ID2_Red,ID2_Red,ID2_Red,ID2_Red,ID2_Red(circ x1.3 moderate | alt chr12R[2] + chr12R[2-8])	chr12R7|chr4R3,4,7;chr12R2,3,4,5;chr14L2;chr16L3|chr4R3,4,7;chr12R2,3,4,5;chr14L2;chr16L3|chr4R3,4,7;chr12R2,3,4,5;chr14L2;chr16L3|chr4R3,4,7;chr12R2,3,4,5;chr14L2;chr16L3|chr12R6,8|chr12R7|chr12R6,8	chr12R	donor_transfer	chr12R	False
7172	28	775ca9fa-34ed-4f92-9e04-cb5385b46c93	7172_day3_with_selection	SRR33298430.422542	chr12R	12	ID2,ID2,ID2,ID2,ID2,ID2,ID2,ID2,ID2,ID2,ID2,ID1	N	chr12R	11.0	ID1_Gray,ID2_Red,ID2_Red,ID2_Red,ID2_Red,ID2_Red,ID2_Red,ID2_Red,ID2_Red,ID2_Red,ID2_Red	Y' Gain	self[6-8]:ID2_Red,ID2_Red,ID2_Red	chr12R1|chr4R1,2,6;chr16L2|chr4R3,4,7;chr12R2,3,4,5;chr14L2;chr16L3|chr4R1,2,6;chr16L2|chr4R3,4,7;chr12R2,3,4,5;chr14L2;chr16L3|chr12R6,8|chr12R7|chr12R6,8|chr12R6,8|chr12R7|chr12R6,8	chr12R	tandem_amplification_same_end	chr12R	False
7172	33	78a13940-3f57-4d2f-a3fe-d67108ca48dc	7172_day4_with_selection_repeat	SRR33298428.172661	chr12R	12	ID2,ID2,ID2,ID2,ID2,ID2,ID2,ID2,ID2,ID2,ID2,ID1	N	chr12R	12.0	ID1_Gray,ID2_Red,ID2_Red,ID2_Red,ID2_Red,ID2_Red,ID2_Red,ID2_Red,ID2_Red,ID2_Red,ID2_Red,ID2_Red	Y' Gain	self[2]:ID2_Red,ID2_Red,ID2_Red,ID2_Red(circ x4.0 moderate | alt chr12R[2] + chr12R[6-8])	chr12R1|chr4R3,4,7;chr12R2,3,4,5;chr14L2;chr16L3|chr4R3,4,7;chr12R2,3,4,5;chr14L2;chr16L3|chr4R3,4,7;chr12R2,3,4,5;chr14L2;chr16L3|chr4R3,4,7;chr12R2,3,4,5;chr14L2;chr16L3|chr12R6,8|chr12R7|chr12R6,8|chr12R7|chr12R7|chr12R7|chr4R3,4,7;chr12R2,3,4,5;chr14L2;chr16L3	chr12R	tandem_amplification_same_end	chr12R	False
7302	28	794719fa-d7b4-476d-84d4-6c6b7e478a13	7302_day3_with_selection	SRR33298450.303424	chr5L	4	ID6,ID8,ID7,ID8	N	chr5L	4.0	ID6_Purple-Light,ID2_Red-Light,ID7_Yellow,ID2_Red-Light	Y' Gain	chr13L[2-4]:ID2_Red-Light,ID7_Yellow,ID2_Red-Light	chr5L1|chr13L4|chr13L3|chr13L4	chr13L	donor_transfer	chr13L	False
7172	33	7a183c26-9674-4fa9-ae5f-5790833fffc8	7172_day4_with_selection_repeat	SRR33298428.317911	chr12R	14	ID2,ID2,ID2,ID2,ID2,ID2,ID2,ID2,ID2,ID2,ID2,ID2,ID2,ID1	N	chr12R	13.0	ID1_Gray,ID2_Red,ID2_Red,ID2_Red,ID2_Red,ID2_Red,ID2_Red,ID2_Red,ID2_Red,ID2_Red,ID2_Red,ID2_Red,ID2_Red	Y' Gain	self[2-4]:ID2_Red,ID2_Red,ID2_Red,ID2_Red,ID2_Red(circ x1.7 moderate | alt chr12R[2-3] + chr12R[2-4])	chr12R1|chr4R3,4,7;chr12R2,3,4,5;chr14L2;chr16L3|chr4R3,4,7;chr12R2,3,4,5;chr14L2;chr16L3|chr4R3,4,7;chr12R2,3,4,5;chr14L2;chr16L3|chr4R3,4,7;chr12R2,3,4,5;chr14L2;chr16L3|chr4R3,4,7;chr12R2,3,4,5;chr14L2;chr16L3|chr4R3,4,7;chr12R2,3,4,5;chr14L2;chr16L3|chr4R1,2,6;chr16L2|chr4R1,2,6;chr16L2|chr12R6,8|chr4R1,2,6;chr16L2|chr4R3,4,7;chr12R2,3,4,5;chr14L2;chr16L3|chr4R3,4,7;chr12R2,3,4,5;chr14L2;chr16L3	chr12R	tandem_amplification_same_end	chr12R	False
7172	33	7aa358db-4bff-47b0-817b-6930d4a9be3e	7172_day4_with_selection	SRR33298429.121654	chr9R	3	ID3,ID2,ID6	Y	chr9R	3.0	ID6_Purple-Neutral,ID2_Red,ID3_Orange	Y' Gain	chr14R[1]:ID6_Purple-Neutral > chr14L[2-3]:ID2_Red,ID3_Orange	chr14R1|chr4R3,4,7;chr12R2,3,4,5;chr14L2;chr16L3|chr14L3	chr14L	donor_transfer	chr14R > chr14L	True
7302	33	7b3704a1-8d58-4878-9ad1-c68d642cc6fc	7302_day4_with_selection	SRR33298449.62480	chr6L	3	ID3,ID3,ID4	N	chr6L	3.0	ID4_Green-Dark,ID3_Orange,ID3_Orange	Y' Gain	chr14L[3-4]:ID3_Orange,ID3_Orange	chr6L1|chr14L3,4,5|chr14L3,4,5	chr14L	donor_transfer	chr14L	False
7172	33	7c745946-e47d-469a-a893-952e3b5f624a	7172_day4_with_selection_repeat	SRR33298428.184789	chr2R	5	ID2,ID2,ID2,ID2,ID2	N	chr2R	5.0	ID2_Red,ID2_Red,ID2_Red,ID2_Red,ID2_Red	Y' Gain	chr12R[4-8]:ID2_Red,ID2_Red,ID2_Red,ID2_Red,ID2_Red	chr4R3,4,7;chr12R2,3,4,5;chr14L2;chr16L3|chr4R3,4,7;chr12R2,3,4,5;chr14L2;chr16L3|chr12R6,8|chr12R7|chr12R6,8	chr12R	donor_transfer	chr12R	False
7172	33	7d87ed8d-b6c9-4e05-ae65-c122af5d5c63	7172_day4_with_selection_repeat	SRR33298428.361418	chr4R	10	ID2,ID2,ID2,ID2,ID2,ID2,ID2,ID2,ID2,ID2	N	chr4R	10.0	ID2_Red,ID2_Red,ID2_Red,ID2_Red,ID2_Red,ID2_Red,ID2_Red,ID2_Red,ID2_Red,ID2_Red	Y' Gain	self[5-7]:ID2_Red,ID2_Red,ID2_Red	chr4R3,4,7;chr12R2,3,4,5;chr14L2;chr16L3|chr4R1,2,6;chr16L2|chr4R3,4,7;chr12R2,3,4,5;chr14L2;chr16L3|chr4R3,4,7;chr12R2,3,4,5;chr14L2;chr16L3|chr4R5|chr4R1,2,6;chr16L2|chr4R1,2,6;chr16L2|chr4R1,2,6;chr16L2|chr4R3,4,7;chr12R2,3,4,5;chr14L2;chr16L3|chr4R3,4,7;chr12R2,3,4,5;chr14L2;chr16L3	chr4R	tandem_amplification_same_end	chr4R	False
7172	33	7df6b9c5-a7a9-43c8-a5ef-dd708df19dd6	7172_day4_with_selection_repeat	SRR33298428.212302	chr7L	6	ID5,ID2,ID2,ID2,ID2,ID2	N	chr7L	6.0	ID5_Blue-Dark,ID2_Red,ID2_Red,ID2_Red,ID2_Red,ID2_Red	Y' Gain	chr7R?[1]:ID5_Blue-Dark > chr12R[4-8]:ID2_Red,ID2_Red,ID2_Red,ID2_Red,ID2_Red	chr16L1|chr4R3,4,7;chr12R2,3,4,5;chr14L2;chr16L3|chr4R1,2,6;chr16L2|chr12R6,8|chr12R7|chr12R6,8	chr7R	subtelomere_switch	chr7R > chr12R	True
7302	28	7e3789f8-6c26-4d79-b011-2cb4ae77ead2	7302_day3_with_selection	SRR33298450.555401	chr16R	4	ID8,ID7,ID8,ID1	N	chr16R	4.0	ID1_Gray,ID2_Red-Light,ID7_Yellow,ID2_Red-Light	Y' Gain	chr13L[2-4]:ID2_Red-Light,ID7_Yellow,ID2_Red-Light	chr16R1|chr13L4|chr13L3|chr13L4	chr13L	donor_transfer	chr13L	False
7302	28	7e49168a-1daf-4e6e-bfc1-44f4f3f96f0d	7302_day3_with_selection	SRR33298450.318959	chr2R	4	ID7,ID8,ID7,ID8	N	chr2R	4.0	ID7_Yellow,ID2_Red-Light,ID7_Yellow,ID2_Red-Light	Y' Gain	chr13L[1-4]:ID7_Yellow,ID2_Red-Light,ID7_Yellow,ID2_Red-Light	chr13L3|chr13L4|chr13L3|chr13L4	chr13L	donor_transfer	chr13L	False
7172	33	7efb2f1e-25ca-4fd0-8a3d-04adbcb17539	7172_day4_with_selection_repeat	SRR33298428.518154	chr9L	3	ID2,ID2,ID6	N	chr9L	3.0	ID6_Purple-Dark,ID2_Red,ID2_Red	Y' Gain	chr12R[6-7]:ID2_Red,ID2_Red	chr9L1|chr12R7|chr12R6,8	chr12R	donor_transfer	chr12R	False
7302	28	7fa8e90b-a699-40a5-9357-039b5c4f7a62	7302_day3_with_selection	SRR33298450.81875	chr12L	3	ID2,ID2,ID1	N	chr12L	3.0	ID1_Gray,ID2_Red-Light,ID2_Red-Light	Y' Gain	chr12R|chr4R:ID2_Red-Light,ID2_Red-Light	chr12L1|chr4R1,2,3,6|chr12R6	chr12R	donor_transfer_candidates:2	chr12R|chr4R	False
7172	33	820205e6-2fc6-48f7-b307-61fc1073debd	7172_day4_with_selection_repeat	SRR33298428.504698	chr16R	5	ID2,ID2,ID2,ID2,ID1	N	chr16R	5.0	ID1_Gray,ID2_Red,ID2_Red,ID2_Red,ID2_Red	Y' Gain	chr4R[4-7]:ID2_Red,ID2_Red,ID2_Red,ID2_Red	chr16R1|chr4R3,4,7;chr12R2,3,4,5;chr14L2;chr16L3|chr4R5|chr4R1,2,6;chr16L2|chr4R3,4,7;chr12R2,3,4,5;chr14L2;chr16L3	chr4R	donor_transfer	chr4R	False
7302	33	820639de-2ab2-40eb-b7d0-aab6c55e1e55	7302_day4_with_selection	SRR33298449.222947	chr7R	3	ID8,ID8,ID5	N	chr7R	3.0	ID5_Blue-Dark,ID2_Red-Light,ID2_Red-Light	Y' Gain	chr12R|chr4R:ID2_Red-Light,ID2_Red-Light	chr16L1|chr13L4|chr13L4	chr12R	donor_transfer_candidates:2	chr12R|chr4R	False
7172	33	821fc273-4811-4a6e-bc5d-9c1de9f34794	7172_day4_with_selection_repeat	SRR33298428.501304	chr12L	5	ID4,ID2,ID4,ID2,ID1	Y	chr12L	5.0	ID1_Gray,ID2_Red,ID4_Green-Light,ID2_Red,ID4_Green-Light	Y' Gain	chr12R|chr14L|chr4R:ID2_Red > chr2L|chr6L:ID4_Green-Light > chr12R|chr14L|chr4R:ID2_Red > chr2L|chr6L:ID4_Green-Light	chr12L1|chr4R3,4,7;chr12R2,3,4,5;chr14L2;chr16L3|chr2L1|chr4R3,4,7;chr12R2,3,4,5;chr14L2;chr16L3|chr2L1	ambiguous	unmatched_array	chr12R|chr14L|chr4R > chr2L|chr6L > chr12R|chr14L|chr4R > chr2L|chr6L	True
7302	33	82611a4c-6be0-4396-91c9-45e55642cf93	7302_day4_with_selection	SRR33298449.482201	chr12L	3	ID2,ID2,ID1	N	chr12L	3.0	ID1_Gray,ID2_Red-Light,ID2_Red-Light	Y' Gain	chr4R[1-2]:ID2_Red-Light,ID2_Red-Light	chr12L1|chr4R1,2,3,6|chr4R4,7;chr12R3,4,5;chr14L2	chr4R	donor_transfer	chr4R	False
7302	33	83bac257-e693-495f-93fd-7721018e5535	7302_day4_with_selection	SRR33298449.108098	chr14L	8	ID5,ID2,ID3,ID3,ID3,ID3,ID2,ID3	N	chr14L	7.0	ID5_Blue-Dark,ID2_Red-Light,ID3_Orange,ID3_Orange,ID3_Orange,ID2_Red-Light,ID3_Orange	1st Y' Change	chr16L|chr7R:ID5_Blue-Dark > self[2-5]:ID2_Red-Light,ID3_Orange,ID3_Orange,ID3_Orange,ID2_Red-Light,ID3_Orange(circ x1.5 strong)	chr16L1|chr4R4,7;chr12R3,4,5;chr14L2|chr14L3,4,5|chr14L3,4,5|chr14L3,4,5|chr4R4,7;chr12R3,4,5;chr14L2|chr14L3,4,5	chr14L	tandem_amplification_same_end	chr16L|chr7R > chr14L	True
7302	28	8466ee53-1c81-493b-81f2-36d8faad5de7	7302_day3_with_selection	SRR33298450.552873	chr2R	4	ID7,ID8,ID7,ID8	N	chr2R	4.0	ID7_Yellow,ID2_Red-Light,ID7_Yellow,ID2_Red-Light	Y' Gain	chr13L[1-4]:ID7_Yellow,ID2_Red-Light,ID7_Yellow,ID2_Red-Light	chr13L3|chr13L4|chr13L3|chr13L4	chr13L	donor_transfer	chr13L	False
7172	33	865a4146-c6c8-4e22-ba1c-bef8c5a062ad	7172_day4_with_selection_repeat	SRR33298428.158324	chr7R	4	ID2,ID4,ID2,ID5	Y										
7302	33	86960105-78c9-41c5-9fca-345f9a8a5416	7302_day4_with_selection	SRR33298449.66188	chr13L	6	ID7,ID8,ID7,ID8,ID7,ID8	N	chr13L	6.0	ID7_Yellow,ID2_Red-Light,ID7_Yellow,ID2_Red-Light,ID7_Yellow,ID2_Red-Light	Y' Gain	self[1-2]:ID7_Yellow,ID2_Red-Light	chr13L3|chr13L4|chr13L3|chr13L4|chr13L3|chr13L4	chr13L	tandem_amplification_same_end	chr13L	False
7302	33	87201443-4b63-43d5-9952-59083c639a29	7302_day4_with_selection	SRR33298449.4646	chr3R	3	ID7,ID8,ID7	N	chr3R	3.0	ID7_Yellow,ID2_Red-Light,ID7_Yellow	Y' Gain	chr13L[1-3]:ID7_Yellow,ID2_Red-Light,ID7_Yellow	chr13L3|chr13L4|chr13L3	chr13L	donor_transfer	chr13L	False
7172	33	883ae3ce-57c3-445c-a386-acf65ac64954	7172_day4_with_selection_repeat	SRR33298428.501439	chr4R	11	ID2,ID2,ID2,ID2,ID2,ID2,ID2,ID2,ID2,ID2,ID2	N	chr4R	11.0	ID2_Red,ID2_Red,ID2_Red,ID2_Red,ID2_Red,ID2_Red,ID2_Red,ID2_Red,ID2_Red,ID2_Red,ID2_Red	Y' Gain	self[2-4]:ID2_Red,ID2_Red,ID2_Red,ID2_Red(circ x1.3 moderate | alt chr4R[1-2] + chr4R[1-2])	chr4R1,2,6;chr16L2|chr4R1,2,6;chr16L2|chr4R3,4,7;chr12R2,3,4,5;chr14L2;chr16L3|chr4R3,4,7;chr12R2,3,4,5;chr14L2;chr16L3|chr4R5|chr4R1,2,6;chr16L2|chr4R1,2,6;chr16L2|chr4R1,2,6;chr16L2|chr4R1,2,6;chr16L2|chr4R1,2,6;chr16L2|chr4R3,4,7;chr12R2,3,4,5;chr14L2;chr16L3	chr4R	tandem_amplification_same_end	chr4R	False
7172	28	88f99128-a38e-46b7-9d35-10bcdc69fd72	7172_day3_with_selection	SRR33298430.100363	chr4L	3	ID3,ID2,ID5	N	chr4L	3.0	ID5_Blue-Light,ID2_Red,ID3_Orange	Y' Gain	chr14L[1-3]:ID5_Blue-Light,ID2_Red,ID3_Orange	chr14L1|chr4R3,4,7;chr12R2,3,4,5;chr14L2;chr16L3|chr14L3	chr14L	donor_transfer	chr14L	False
7172	33	898407a2-8f2b-4784-84b6-ad0cc828b796	7172_day4_with_selection_repeat	SRR33298428.84016	chr15R	3	ID2,ID2,ID2	N	chr15R	3.0	ID2_Red,ID2_Red,ID2_Red	Y' Gain	chr12R[6-7]:ID2_Red,ID2_Red	chr12R6,8|chr12R6,8|chr12R7	chr12R	donor_transfer	chr12R	False
7172	33	89f5e64f-e8f1-4beb-a1c5-77c0403242a6	7172_day4_with_selection	SRR33298429.665455	chr14L	5	ID3,ID3,ID3,ID2,ID5	N	chr14L	5.0	ID5_Blue-Dark,ID2_Red,ID3_Orange,ID3_Orange,ID3_Orange	1st Y' Change	chr16L[1-2]:ID5_Blue-Dark,ID2_Red > self[3]:ID3_Orange,ID3_Orange,ID3_Orange(circ x3.0 moderate)	chr16L1|chr4R1,2,6;chr16L2|chr14L3|chr14L3|chr14L3	chr16L	donor_transfer	chr16L > chr14L	True
7302	28	8ab2805d-1566-4f7c-96e8-ca640702b2bf	7302_day3_with_selection	SRR33298450.106696	chr13R	4	ID8,ID7,ID8,ID7	N	chr13R	4.0	ID7_Yellow,ID2_Red-Light,ID7_Yellow,ID2_Red-Light	Y' Gain	chr13L[1-4]:ID7_Yellow,ID2_Red-Light,ID7_Yellow,ID2_Red-Light	chr13L3|chr13L4|chr13L3|chr13L4	chr13L	donor_transfer	chr13L	False
7302	33	8b319ca2-216d-4984-a370-9f03fe4a73ce	7302_day4_with_selection	SRR33298449.318168	chr12R	9	ID3,ID3,ID2,ID2,ID2,ID2,ID2,ID2,ID1	N	chr12R	9.0	ID1_Gray,ID2_Red-Light,ID2_Red-Light,ID2_Red-Light,ID2_Red-Light,ID2_Red-Light,ID2_Red-Light,ID3_Orange,ID3_Orange	Y' Gain	chr13L?[2]:ID2_Red-Light > chr14L[3-4]:ID3_Orange,ID3_Orange	chr12R1|chr4R1,2,3,6|chr4R4,7;chr12R3,4,5;chr14L2|chr4R4,7;chr12R3,4,5;chr14L2|chr4R4,7;chr12R3,4,5;chr14L2|chr12R6|chr4R1,2,3,6|chr14L3,4,5|chr14L3,4,5	chr14L	donor_transfer	chr13L > chr14L	True
7302	28	8b8003a6-f906-4ee9-91f8-3299aca734f4	7302_day3_with_selection	SRR33298450.553014	chr7R	4	ID5,ID2,ID2,ID2	N	chr7R	4.0	ID5_Blue-Dark,ID2_Red-Light,ID2_Red-Light,ID2_Red-Light	Y' Gain	chr4R[5-7]:ID2_Red-Light,ID2_Red-Light,ID2_Red-Light	chr16L1|chr4R5|chr4R4,7;chr12R3,4,5;chr14L2|chr4R4,7;chr12R3,4,5;chr14L2	chr4R	donor_transfer	chr4R	False
7302	28	8c1549df-dc3c-44eb-8cc3-d5a442044ce0	7302_day3_with_selection	SRR33298450.46802	chr12L	4	ID8,ID7,ID8,ID1	N	chr12L	4.0	ID1_Gray,ID2_Red-Light,ID7_Yellow,ID2_Red-Light	Y' Gain	chr13L[2-4]:ID2_Red-Light,ID7_Yellow,ID2_Red-Light	chr12L1|chr13L4|chr13L3|chr13L4	chr13L	donor_transfer	chr13L	False
7172	28	8c53b159-8436-49f0-8712-9cbf910e9da1	7172_day3_with_selection	SRR33298430.100389	chr11L	6	ID2,ID2,ID2,ID2,ID2,ID1	N	chr11L	6.0	ID1_Gray,ID2_Red,ID2_Red,ID2_Red,ID2_Red,ID2_Red	Y' Gain	chr12R[1-6]:ID1_Gray,ID2_Red,ID2_Red,ID2_Red,ID2_Red,ID2_Red	chr12R1|chr4R3,4,7;chr12R2,3,4,5;chr14L2;chr16L3|chr4R1,2,6;chr16L2|chr4R1,2,6;chr16L2|chr4R1,2,6;chr16L2|chr12R6,8	chr11R	subtelomere_switch	chr12R	False
7172	33	8e489f9d-d32f-4071-8dcc-d7e2debb7834	7172_day4_with_selection	SRR33298429.704983	chr5R	3	ID3,ID2,ID1	N	chr5R	3.0	ID1_Gray,ID2_Red,ID3_Orange	Y' Gain	chr14L[2-3]:ID2_Red,ID3_Orange	chr5R1|chr4R3,4,7;chr12R2,3,4,5;chr14L2;chr16L3|chr14L3	chr14L	donor_transfer	chr14L	False
7302	28	8f25255d-46b2-4c6b-921a-69484866f199	7302_day3_with_selection	SRR33298450.127086	chr6L	3	ID4,ID2,ID2	N	chr6L	3.0	ID4_Green-Dark,ID2_Red-Light,ID2_Red-Light	Y' Gain	chr4R[1-2]:ID2_Red-Light,ID2_Red-Light	chr6L1|chr4R4,7;chr12R3,4,5;chr14L2|chr4R1,2,3,6	chr4R	donor_transfer	chr4R	False
7302	33	8f316dff-ab86-41e7-bcbc-8d43bf6e01a7	7302_day4_with_selection	SRR33298449.66366	chr12R	9	ID2,ID2,ID2,ID2,ID2,ID2,ID2,ID2,ID1	N	chr12R	9.0	ID1_Gray,ID2_Red-Light,ID2_Red-Light,ID2_Red-Light,ID2_Red-Light,ID2_Red-Light,ID2_Red-Light,ID2_Red-Light,ID2_Red-Light	Y' Gain	self[2-4]:ID2_Red-Light,ID2_Red-Light,ID2_Red-Light	chr12R1|chr12R6|chr4R4,7;chr12R3,4,5;chr14L2|chr4R1,2,3,6|chr4R4,7;chr12R3,4,5;chr14L2|chr4R4,7;chr12R3,4,5;chr14L2|chr12R6|chr12R6|chr12R6	chr12R	tandem_amplification_same_end	chr12R	False
7172	33	8fd75ae0-b8ef-4d26-8f91-537d9736c9b5	7172_day4_with_selection_repeat	SRR33298428.84211	chr5L	4	ID6,ID4,ID2,ID6	Y										
7302	33	92a0c140-0307-4747-8d92-facd03525694	7302_day4_with_selection	SRR33298449.368231	chr14R	3	ID7,ID8,ID7	N	chr14R	3.0	ID7_Yellow,ID2_Red-Light,ID7_Yellow	1st Y' Change	chr13L[1-3]:ID7_Yellow,ID2_Red-Light,ID7_Yellow	chr13L3|chr13L4|chr13L3	chr13L	donor_transfer	chr13L	False
7302	28	92d2a26e-2520-4479-b3ea-6cbe2780ec38	7302_day3_with_selection	SRR33298450.111984	chr12R	12	ID2,ID2,ID2,ID2,ID2,ID2,ID2,ID2,ID2,ID2,ID2,ID1	N	chr12R	12.0	ID1_Gray,ID2_Red-Light,ID2_Red-Light,ID2_Red-Light,ID2_Red-Light,ID2_Red-Light,ID2_Red-Light,ID2_Red-Light,ID2_Red-Light,ID2_Red-Light,ID2_Red-Light,ID2_Red-Light	Y' Gain	self[2]:ID2_Red-Light,ID2_Red-Light,ID2_Red-Light,ID2_Red-Light,ID2_Red-Light,ID2_Red-Light(circ x6.0 moderate | alt chr12R[2-6] + chr12R[2])	chr12R1|chr4R4,7;chr12R3,4,5;chr14L2|chr4R4,7;chr12R3,4,5;chr14L2|chr4R4,7;chr12R3,4,5;chr14L2|chr4R1,2,3,6|chr12R6|chr4R4,7;chr12R3,4,5;chr14L2|chr4R4,7;chr12R3,4,5;chr14L2|chr4R4,7;chr12R3,4,5;chr14L2|chr12R6|chr4R4,7;chr12R3,4,5;chr14L2|chr4R1,2,3,6	chr4R	donor_transfer	chr12R	False
7172	33	92f661c6-7e69-4e25-b245-dca5068e7408	7172_day4_with_selection	SRR33298429.115532	chr11R	4	ID1,ID2,ID2,ID2	N	chr11R	4.0	ID1_Gray,ID2_Red,ID2_Red,ID2_Red	Y' Gain	chr12R[1-2]:ID1_Gray,ID2_Red > chr12R[6-7]:ID2_Red,ID2_Red	chr5R1|chr12R7|chr12R6,8|chr12R6,8	chr12R	donor_transfer	chr12R	False
7172	33	93151cd6-574c-4d55-aaf2-ba1a9a13c252	7172_day4_with_selection_repeat	SRR33298428.134089	chr5R	3	ID2,ID2,ID1	N	chr5R	3.0	ID1_Gray,ID2_Red,ID2_Red	Y' Gain	chr12R[6-7]:ID2_Red,ID2_Red	chr5R1|chr12R6,8|chr4R3,4,7;chr12R2,3,4,5;chr14L2;chr16L3	chr12R	donor_transfer	chr12R	False
7302	28	9346524f-5b02-499e-9dab-12dc090f7ccc	7302_day3_with_selection	SRR33298450.392460	chr16L	4	ID2,ID2,ID2,ID5	N	chr16L	4.0	ID5_Blue-Dark,ID2_Red-Light,ID2_Red-Light,ID2_Red-Light	Y' Gain	chr12R|chr4R:ID2_Red-Light,ID2_Red-Light,ID2_Red-Light	chr16L1|chr4R4,7;chr12R3,4,5;chr14L2|chr4R4,7;chr12R3,4,5;chr14L2|chr12R6	chr12R	donor_transfer_candidates:2	chr12R|chr4R	False
7302	28	94082565-7119-4bdb-8dc8-eed73eefa0df	7302_day3_with_selection	SRR33298450.199957	chr3R	4	ID7,ID8,ID7,ID8	N	chr3R	4.0	ID7_Yellow,ID2_Red-Light,ID7_Yellow,ID2_Red-Light	Y' Gain	chr13L[1-4]:ID7_Yellow,ID2_Red-Light,ID7_Yellow,ID2_Red-Light	chr13L3|chr13L4|chr13L3|chr13L4	chr13L	donor_transfer	chr13L	False
7172	33	949ddea6-8577-4791-800e-754156a39895	7172_day4_with_selection	SRR33298429.234296	chr4R	9	ID2,ID2,ID2,ID2,ID2,ID2,ID2,ID2,ID2	N	chr4R	9.0	ID2_Red,ID2_Red,ID2_Red,ID2_Red,ID2_Red,ID2_Red,ID2_Red,ID2_Red,ID2_Red	Y' Gain	self[1-2]:ID2_Red,ID2_Red	chr4R3,4,7;chr12R2,3,4,5;chr14L2;chr16L3|chr4R3,4,7;chr12R2,3,4,5;chr14L2;chr16L3|chr4R3,4,7;chr12R2,3,4,5;chr14L2;chr16L3|chr4R3,4,7;chr12R2,3,4,5;chr14L2;chr16L3|chr4R3,4,7;chr12R2,3,4,5;chr14L2;chr16L3|chr4R3,4,7;chr12R2,3,4,5;chr14L2;chr16L3|chr4R5|chr4R3,4,7;chr12R2,3,4,5;chr14L2;chr16L3|chr4R3,4,7;chr12R2,3,4,5;chr14L2;chr16L3	chr4R	tandem_amplification_same_end	chr4R	False
7302	33	94a1ca34-02e5-4fc7-a728-8f1553489327	7302_day4_with_selection	SRR33298449.444426	chr2R	5	ID7,ID8,ID7,ID8,ID7	N	chr2R	5.0	ID7_Yellow,ID2_Red-Light,ID7_Yellow,ID2_Red-Light,ID7_Yellow	Y' Gain	chr13L[1-2]:ID7_Yellow,ID2_Red-Light,ID7_Yellow,ID2_Red-Light,ID7_Yellow(circ x2.5 strong)	chr13L3|chr13L4|chr13L3|chr13L4|chr13L3	chr13L	donor_transfer	chr13L	False
7172	33	953f3cf9-d409-4139-8f7d-8dd5bad015f8	7172_day4_with_selection	SRR33298429.1544	chr14R	3	ID6,ID2,ID3	N	chr14R	3.0	ID6_Purple-Neutral,ID2_Red,ID3_Orange	Y' Gain	chr14L[2-3]:ID2_Red,ID3_Orange	chr14R1|chr4R3,4,7;chr12R2,3,4,5;chr14L2;chr16L3|chr14L3	chr14L	donor_transfer	chr14L	False
7302	33	95ab7fc3-9b45-4737-b1e2-b4aced45c1e2	7302_day4_with_selection	SRR33298449.126869	chr8R	5	ID3,ID3,ID3,ID3,ID1	N	chr8R	5.0	ID1_Gray,ID3_Orange,ID3_Orange,ID3_Orange,ID3_Orange	Y' Gain	chr14L[3-4]:ID3_Orange,ID3_Orange,ID3_Orange,ID3_Orange(circ x2.0 moderate | alt chr14L[3-4] + chr14L[3-4])	chr8R1|chr14L3,4,5|chr14L3,4,5|chr14L3,4,5|chr14L3,4,5	chr14L	donor_transfer	chr14L	False
7172	33	95d6d87a-7525-4f9c-a2a5-0982f836a2e8	7172_day4_with_selection_repeat	SRR33298428.535953	chr15L	3	ID5,ID3,ID4	Y	chr15L	3.0	ID5_Blue-Dark,ID3_Orange,ID4_Green-Light	Y' Gain	chr16L?[1]:ID5_Blue-Dark > chr14L[3]:ID3_Orange > chr2L|chr6L:ID4_Green-Light	chr16L1|chr14L3|chr6L1	ambiguous	unmatched_array	chr16L > chr14L > chr2L|chr6L	True
7172	33	96948e6c-4e65-4d79-ac31-f333697c2d9f	7172_day4_with_selection_repeat	SRR33298428.303912	chr15L	6	ID1,ID2,ID2,ID2,ID2,ID2	N	chr15L	6.0	ID1_Gray,ID2_Red,ID2_Red,ID2_Red,ID2_Red,ID2_Red	Y' Gain	chr12R[1-6]:ID1_Gray,ID2_Red,ID2_Red,ID2_Red,ID2_Red,ID2_Red	chr12R1|chr4R3,4,7;chr12R2,3,4,5;chr14L2;chr16L3|chr4R3,4,7;chr12R2,3,4,5;chr14L2;chr16L3|chr4R3,4,7;chr12R2,3,4,5;chr14L2;chr16L3|chr4R1,2,6;chr16L2|chr4R3,4,7;chr12R2,3,4,5;chr14L2;chr16L3	chr12R	donor_transfer	chr12R	False
7172	28	97c16055-a788-4d02-9978-fadb0a6a1412	7172_day3_with_selection	SRR33298430.429154	chr15L	12	ID2,ID3,ID2,ID3,ID3,ID2,ID2,ID3,ID2,ID3,ID2,ID5	N										
7302	28	983c4c8c-6d18-4c54-863c-161e3d7ac485	7302_day3_with_selection	SRR33298450.75601	chr13L	8	ID7,ID8,ID7,ID8,ID8,ID7,ID8,ID7	N	chr13L	8.0	ID7_Yellow,ID2_Red-Light,ID7_Yellow,ID2_Red-Light,ID2_Red-Light,ID7_Yellow,ID2_Red-Light,ID7_Yellow	Y' Gain	self[1-2]:ID2_Red-Light,ID7_Yellow,ID2_Red-Light,ID7_Yellow(circ x2.0 moderate | alt chr13L[2-4] + chr13L[1])	chr13L3|chr13L4|chr13L3|chr13L4|chr13L4|chr13L3|chr13L4|chr13L3	chr13L	tandem_amplification_same_end	chr13L	False
7172	33	99e346ce-008e-4dd1-ae73-a7e891b1abcd	7172_day4_with_selection	SRR33298429.62387	chr11L	3	ID3,ID2,ID5	N	chr11L	3.0	ID5_Blue-Dark,ID2_Red,ID3_Orange	Y' Gain	chr7R?[1]:ID5_Blue-Dark > chr14L[2-3]:ID2_Red,ID3_Orange	chr16L1|chr4R3,4,7;chr12R2,3,4,5;chr14L2;chr16L3|chr14L3	chr11R	subtelomere_switch	chr7R > chr14L	True
7302	28	9ab9c0fd-dce8-4bf5-aed9-5fb66ffa0e6f	7302_day3_with_selection	SRR33298450.185684	chr5R	3	ID2,ID2,ID1	N	chr5R	3.0	ID1_Gray,ID2_Red-Light,ID2_Red-Light	Y' Gain	chr12R|chr4R:ID2_Red-Light,ID2_Red-Light	chr5R1|chr4R4,7;chr12R3,4,5;chr14L2|chr4R4,7;chr12R3,4,5;chr14L2	chr12R	donor_transfer_candidates:2	chr12R|chr4R	False
7172	28	9b5ee6ec-6ba1-4cef-8ec7-219b9b9a17ac	7172_day3_with_selection	SRR33298430.502147	chr11L	5	ID3,ID3,ID3,ID3,ID6	Y	chr11L	5.0	ID6_Purple-Neutral,ID3_Orange,ID3_Orange,ID3_Orange,ID3_Orange	Y' Gain	chr14R[1]:ID6_Purple-Neutral > chr14L[3]:ID3_Orange > chr14L[3]:ID3_Orange,ID3_Orange,ID3_Orange(circ x3.0 moderate)	chr14R1|chr14L3|chr14L3|chr14L3|chr14L3	chr11R	subtelomere_switch	chr14R > chr14L	True
7172	33	9c5dc0af-34a4-4b95-a094-da23a284b2c6	7172_day4_with_selection_repeat	SRR33298428.134216	chr16R	3	ID1,ID2,ID2	N	chr16R	3.0	ID1_Gray,ID2_Red,ID2_Red	Y' Gain	chr12R|chr4R:ID2_Red,ID2_Red	chr16R1|chr4R3,4,7;chr12R2,3,4,5;chr14L2;chr16L3|chr4R1,2,6;chr16L2	chr12R	donor_transfer_candidates:3	chr12R|chr4R	False
7302	28	9c881ab5-aeab-45fe-bffe-dadbc8033c3e	7302_day3_with_selection	SRR33298450.50995	chr16R	4	ID2,ID3,ID3,ID1	Y	chr16R	4.0	ID1_Gray,ID3_Orange,ID3_Orange,ID2_Red-Dark	Y' Gain	chr14L[3-4]:ID3_Orange,ID3_Orange > chr15R[1]:ID2_Red-Dark	chr16R1|chr14L3,4,5|chr14L3,4,5|chr15R1	chr14L	donor_transfer	chr14L > chr15R	True
7302	33	9ca400e3-f0cd-41f1-9104-4f0760b5f823	7302_day4_with_selection	SRR33298449.24190	chr16R	3	ID3,ID7,ID8	Y	chr16R	3.0	ID3_Orange,ID7_Yellow,ID2_Red-Light	1st Y' Change	chr14L[3]:ID3_Orange > chr13L[1]:ID7_Yellow > chr12R|chr13L|chr14L|chr4R:ID2_Red-Light	chr14L3,4,5|chr13L3|chr13L4	chr13L	donor_transfer	chr14L > chr13L	True
7302	28	9d4290a2-0330-4537-a25a-9892f4fb80a1	7302_day3_with_selection	SRR33298450.457738	chr14R	3	ID6,ID7,ID7	N	chr14R	3.0	ID6_Purple-Neutral,ID7_Yellow,ID7_Yellow	Y' Gain	chr13L[1]:ID7_Yellow > chr13L[1]:ID7_Yellow	chr14R1|chr13L3|chr13L3	ambiguous	unmatched_array	chr13L	False
7172	33	9d61ce12-900e-4e31-a040-f6aab1e076aa	7172_day4_with_selection_repeat	SRR33298428.227055	chr7L	2	ID5,ID2	N	chr7L	2.0	ID5_Blue-Dark,ID2_Red	Y' Gain	chr16L[1-2]:ID5_Blue-Dark,ID2_Red	chr16L1|chr4R1,2,6;chr16L2	chr16L	donor_transfer	chr16L	False
7172	33	9e2155d2-0a87-44ac-8483-703e727fd437	7172_day4_with_selection	SRR33298429.148124	chr10L	3	ID6,ID2,ID3	N	chr10L	3.0	ID6_Purple-Dark,ID2_Red,ID3_Orange	Y' Gain	chr14L[2-3]:ID2_Red,ID3_Orange	chr10L1|chr4R3,4,7;chr12R2,3,4,5;chr14L2;chr16L3|chr14L3	chr14L	donor_transfer	chr14L	False
7172	33	9f777e1a-d007-469c-b148-17b01a8e465f	7172_day4_with_selection_repeat	SRR33298428.483608	chr7R	13	ID2,ID2,ID2,ID2,ID2,ID2,ID2,ID2,ID2,ID2,ID2,ID2,ID5	N	chr7R	13.0	ID5_Blue-Dark,ID2_Red,ID2_Red,ID2_Red,ID2_Red,ID2_Red,ID2_Red,ID2_Red,ID2_Red,ID2_Red,ID2_Red,ID2_Red,ID2_Red	Y' Gain	chr12R[2-8]:ID2_Red,ID2_Red,ID2_Red,ID2_Red,ID2_Red,ID2_Red,ID2_Red,ID2_Red,ID2_Red(circ x1.3 strong) > chr12R[5-6]:ID2_Red,ID2_Red,ID2_Red(circ x1.5 moderate | alt chr12R[2] + chr12R[3-4])	chr16L1|chr4R3,4,7;chr12R2,3,4,5;chr14L2;chr16L3|chr4R3,4,7;chr12R2,3,4,5;chr14L2;chr16L3|chr4R3,4,7;chr12R2,3,4,5;chr14L2;chr16L3|chr4R3,4,7;chr12R2,3,4,5;chr14L2;chr16L3|chr12R6,8|chr12R7|chr12R6,8|chr4R1,2,6;chr16L2|chr4R1,2,6;chr16L2|chr12R6,8|chr12R7|chr12R7	chr12R	donor_transfer	chr12R	False
7302	28	a0845cab-5d76-4fe1-8122-f938dfb653fe	7302_day3_with_selection	SRR33298450.258920	chr5R	3	ID2,ID2,ID1	N	chr5R	3.0	ID1_Gray,ID2_Red-Light,ID2_Red-Light	Y' Gain	chr4R[1-2]:ID2_Red-Light,ID2_Red-Light	chr5R1|chr4R4,7;chr12R3,4,5;chr14L2|chr4R4,7;chr12R3,4,5;chr14L2	chr4R	donor_transfer	chr4R	False
7302	28	a0de7a8d-f39d-4741-b804-4dd5378bf30f	7302_day3_with_selection	SRR33298450.396814	chr3R	2	ID3,ID3	N	chr3R	2.0	ID3_Orange,ID3_Orange	Y' Gain	chr14L[3-4]:ID3_Orange,ID3_Orange	chr14L3,4,5|chr14L3,4,5	chr14L	donor_transfer	chr14L	False
7302	28	a0f53269-d00d-4d94-b03b-a29aaaf81f04	7302_day3_with_selection	SRR33298450.273100	chr7L	8	ID2,ID2,ID2,ID2,ID2,ID2,ID2,ID1	N	chr7L	8.0	ID1_Gray,ID2_Red-Light,ID2_Red-Light,ID2_Red-Light,ID2_Red-Light,ID2_Red-Light,ID2_Red-Light,ID2_Red-Light	Y' Gain	chr12R[1-3]:ID1_Gray,ID2_Red-Light,ID2_Red-Light > chr12R[2-6]:ID2_Red-Light,ID2_Red-Light,ID2_Red-Light,ID2_Red-Light,ID2_Red-Light	chr8R1|chr4R4,7;chr12R3,4,5;chr14L2|chr4R1,2,3,6|chr4R1,2,3,6|chr4R1,2,3,6|chr4R4,7;chr12R3,4,5;chr14L2|chr4R4,7;chr12R3,4,5;chr14L2|chr12R6	chr12R	donor_transfer	chr12R	False
7302	28	a24a76df-756e-4b96-a056-f700a8dc1d29	7302_day3_with_selection	SRR33298450.316011	chr6L	3	ID7,ID8,ID4	N	chr6L	3.0	ID4_Green-Dark,ID2_Red-Light,ID7_Yellow	Y' Gain	chr13L[2-3]:ID2_Red-Light,ID7_Yellow	chr6L1|chr13L4|chr13L3	chr13L	donor_transfer	chr13L	False
7302	28	a39f9a35-3f29-4b10-861d-6a890e8443c7	7302_day3_with_selection	SRR33298450.334876	chr15L	2	ID2,ID1	N	chr15L	2.0	ID1_Gray,ID2_Red-Light	Y' Gain	chr12L|chr12R|chr16R|chr5R|chr8L|chr8R:ID1_Gray > chr12R|chr13L|chr14L|chr4R:ID2_Red-Light	chr8R1|chr4R1,2,3,6	chr2L	subtelomere_switch	chr12R	False
7302	28	a3b1278b-eb6c-4602-af7e-646932a855ca	7302_day3_with_selection	SRR33298450.273106	chr5L	3	ID3,ID3,ID6	N	chr5L	3.0	ID6_Purple-Light,ID3_Orange,ID3_Orange	Y' Gain	chr14L[3-4]:ID3_Orange,ID3_Orange	chr5L1|chr14L3,4,5|chr14L3,4,5	chr14L	donor_transfer	chr14L	False
7302	33	a4e7e80a-08d5-4a3d-8fb9-14f76a80980d	7302_day4_with_selection	SRR33298449.448780	chr4L	2	ID2,ID2	N	chr4L	2.0	ID2_Red-Light,ID2_Red-Light	Y' Gain	chr4R[1-2]:ID2_Red-Light,ID2_Red-Light	chr4R1,2,3,6|chr4R1,2,3,6	chr4R	donor_transfer	chr4R	False
7302	28	a63f6f68-40e9-4059-bebe-7128a2d002a5	7302_day3_with_selection	SRR33298450.334923	chr5R	4	ID2,ID2,ID2,ID1	N	chr5R	4.0	ID1_Gray,ID2_Red-Light,ID2_Red-Light,ID2_Red-Light	Y' Gain	chr12R|chr4R:ID2_Red-Light,ID2_Red-Light,ID2_Red-Light	chr5R1|chr4R1,2,3,6|chr4R4,7;chr12R3,4,5;chr14L2|chr12R6	chr12R	donor_transfer_candidates:2	chr12R|chr4R	False
7172	28	a6c4cb25-f3f4-42e6-9610-4130942b6994	7172_day3_with_selection	SRR33298430.308565	chr9R	3	ID2,ID2,ID1	N	chr9R	3.0	ID1_Gray,ID2_Red,ID2_Red	Y' Gain	chr12R[1-3]:ID1_Gray,ID2_Red,ID2_Red	chr13L1|chr4R3,4,7;chr12R2,3,4,5;chr14L2;chr16L3|chr4R3,4,7;chr12R2,3,4,5;chr14L2;chr16L3	chr11R	subtelomere_switch	chr12R	False
7302	33	a6fcec98-16b4-46f6-ab64-aa6c3c32991c	7302_day4_with_selection	SRR33298449.353063	chr14L	10	ID5,ID2,ID3,ID3,ID3,ID3,ID3,ID3,ID3,ID3	N	chr14L	10.0	ID5_Blue-Dark,ID2_Red-Light,ID3_Orange,ID3_Orange,ID3_Orange,ID3_Orange,ID3_Orange,ID3_Orange,ID3_Orange,ID3_Orange	1st Y' Change	chr16L|chr7R:ID5_Blue-Dark > self[2-5]:ID2_Red-Light,ID3_Orange,ID3_Orange,ID3_Orange > self[3]:ID3_Orange,ID3_Orange,ID3_Orange,ID3_Orange,ID3_Orange(circ x5.0 moderate | alt chr14L[3-5] + chr14L[3-4])	chr16L1|chr4R4,7;chr12R3,4,5;chr14L2|chr14L3,4,5|chr14L3,4,5|chr14L3,4,5|chr14L3,4,5|chr14L3,4,5|chr14L3,4,5|chr14L3,4,5|chr14L3,4,5	chr14L	tandem_amplification_same_end	chr16L|chr7R > chr14L	True
7172	28	a804cd11-c223-4a16-9e53-5359c53e2316	7172_day3_with_selection	SRR33298430.303801	chr2R	3	ID3,ID2,ID5	N	chr2R	3.0	ID5_Blue-Dark,ID2_Red,ID3_Orange	Y' Gain	chr7R?[1]:ID5_Blue-Dark > chr14L[2-3]:ID2_Red,ID3_Orange	chr16L1|chr4R1,2,6;chr16L2|chr14L3	chr16L	donor_transfer	chr7R > chr14L	True
7302	28	a82595b6-cb39-4165-95c6-3de32199a161	7302_day3_with_selection	SRR33298450.204544	chr13L	6	ID7,ID8,ID7,ID8,ID7,ID8	N	chr13L	6.0	ID7_Yellow,ID2_Red-Light,ID7_Yellow,ID2_Red-Light,ID7_Yellow,ID2_Red-Light	Y' Gain	self[1-2]:ID7_Yellow,ID2_Red-Light	chr13L3|chr13L4|chr13L3|chr13L4|chr13L3|chr13L4	chr13L	tandem_amplification_same_end	chr13L	False
7302	28	a858c0f2-1afe-46e5-9970-ecf009b857e2	7302_day3_with_selection	SRR33298450.216047	chr15R	3	ID2,ID2,ID2	N	chr15R	3.0	ID2_Red-Light,ID2_Red-Light,ID2_Red-Light	1st Y' Change	chr12R|chr4R:ID2_Red-Light,ID2_Red-Light,ID2_Red-Light	chr4R4,7;chr12R3,4,5;chr14L2|chr4R4,7;chr12R3,4,5;chr14L2|chr12R6	chr4R	donor_transfer_candidates:2	chr12R|chr4R	False
7302	28	a9155927-4f73-474f-b2aa-c50a875b3892	7302_day3_with_selection	SRR33298450.266108	chr5R	3	ID1,ID2,ID2	N	chr5R	3.0	ID1_Gray,ID2_Red-Light,ID2_Red-Light	Y' Gain	chr12R|chr4R:ID2_Red-Light,ID2_Red-Light	chr5R1|chr4R4,7;chr12R3,4,5;chr14L2|chr4R1,2,3,6	chr12R	donor_transfer_candidates:2	chr12R|chr4R	False
7172	33	a9f61015-803d-45de-bb6b-e374b3dd0247	7172_day4_with_selection_repeat	SRR33298428.520480	chr6L	5	ID2,ID2,ID2,ID2,ID1	N	chr6L	5.0	ID1_Gray,ID2_Red,ID2_Red,ID2_Red,ID2_Red	1st Y' Change	chr12L|chr12R|chr13L|chr16R|chr5R|chr8L|chr8R:ID1_Gray > chr12R[5-8]:ID2_Red,ID2_Red,ID2_Red,ID2_Red	chr5R1|chr4R3,4,7;chr12R2,3,4,5;chr14L2;chr16L3|chr12R6,8|chr12R7|chr12R6,8	chr5R	subtelomere_switch	chr12R	False
7172	33	aa4a9016-b9ec-4d65-ba4e-1d20db8fe1d3	7172_day4_with_selection_repeat	SRR33298428.487984	chr6L	3	ID2,ID2,ID1	N	chr6L	3.0	ID1_Gray,ID2_Red,ID2_Red	1st Y' Change	chr12L|chr12R|chr13L|chr16R|chr5R|chr8L|chr8R:ID1_Gray > chr16L|chr4R:ID2_Red,ID2_Red	chr5R1|chr4R1,2,6;chr16L2|chr4R3,4,7;chr12R2,3,4,5;chr14L2;chr16L3	chr5R	subtelomere_switch	chr12L|chr12R|chr13L|chr16R|chr5R|chr8L|chr8R > chr16L|chr4R	True
7172	28	ab02bc86-9ae6-4dcc-862b-aa180b4b435d	7172_day3_with_selection	SRR33298430.102735	chr8R	5	ID2,ID2,ID2,ID2,ID1	N	chr8R	5.0	ID1_Gray,ID2_Red,ID2_Red,ID2_Red,ID2_Red	Y' Gain	chr12R[2-5]:ID2_Red,ID2_Red,ID2_Red,ID2_Red	chr8R1|chr4R1,2,6;chr16L2|chr4R3,4,7;chr12R2,3,4,5;chr14L2;chr16L3|chr4R3,4,7;chr12R2,3,4,5;chr14L2;chr16L3|chr4R3,4,7;chr12R2,3,4,5;chr14L2;chr16L3	chr12R	donor_transfer	chr12R	False
7302	33	ab69a95f-77f1-45dc-b31e-e03f8001f3bd	7302_day4_with_selection	SRR33298449.134915	chr2R	5	ID2,ID2,ID2,ID2,ID3	N	chr2R	5.0	ID3_Orange,ID2_Red-Light,ID2_Red-Light,ID2_Red-Light,ID2_Red-Light	Y' Gain	chr14L[3]:ID3_Orange > chr12R[2-5]:ID2_Red-Light,ID2_Red-Light,ID2_Red-Light,ID2_Red-Light	chr14L3,4,5|chr12R6|chr12R6|chr4R1,2,3,6|chr12R6	chr14L	donor_transfer	chr14L > chr12R	True
7172	33	ab7ac674-bcea-4edf-9eaf-bbfb66c2105f	7172_day4_with_selection	SRR33298429.122627	chr2L	4	ID2,ID2,ID2,ID4	N	chr2L	4.0	ID4_Green-Light,ID2_Red,ID2_Red,ID2_Red	Y' Gain	chr4R[5-7]:ID2_Red,ID2_Red,ID2_Red	chr2L1|chr4R5|chr4R3,4,7;chr12R2,3,4,5;chr14L2;chr16L3|chr4R3,4,7;chr12R2,3,4,5;chr14L2;chr16L3	chr4R	donor_transfer	chr4R	False
7172	33	abac8afc-1997-4d9c-8783-651942c323e2	7172_day4_with_selection_repeat	SRR33298428.488007	chr2L	7	ID6,ID2,ID2,ID2,ID2,ID2,ID4	Y	chr2L	7.0	ID4_Green-Light,ID2_Red,ID2_Red,ID2_Red,ID2_Red,ID2_Red,ID6_Purple-Dark	Y' Gain	chr12R|chr4R:ID2_Red,ID2_Red,ID2_Red,ID2_Red,ID2_Red(circ x1.7) > chr10L|chr9L:ID6_Purple-Dark	chr2L1|chr4R3,4,7;chr12R2,3,4,5;chr14L2;chr16L3|chr4R5|chr4R3,4,7;chr12R2,3,4,5;chr14L2;chr16L3|chr4R3,4,7;chr12R2,3,4,5;chr14L2;chr16L3|chr4R1,2,6;chr16L2|chr10L1	chr12R	donor_transfer_candidates:2	chr12R|chr4R > chr10L|chr9L	True
7172	28	ad295ffb-6776-44e1-bb46-1e99beeac871	7172_day3_with_selection	SRR33298430.553272	chr16R	4	ID6,ID2,ID2,ID1	Y	chr16R	4.0	ID1_Gray,ID2_Red,ID2_Red,ID6_Purple-Dark	Y' Gain	chr12R|chr4R:ID2_Red,ID2_Red > chr10L|chr9L:ID6_Purple-Dark	chr16R1|chr4R3,4,7;chr12R2,3,4,5;chr14L2;chr16L3|chr4R1,2,6;chr16L2|chr10L1	chr12R	donor_transfer_candidates:3	chr12R|chr4R > chr10L|chr9L	True
7172	33	ae3c0ce4-bb19-4a6b-979f-a6ad368acdc7	7172_day4_with_selection_repeat	SRR33298428.474941	chr3L	2	ID6,ID6	N	chr3L	1.0	ID6_Purple-Neutral	Y' Gain	chr14R[1]:ID6_Purple-Neutral	chr14R1	chr14R	donor_transfer	chr14R	False
7302	28	aec627ad-4468-46c7-8c90-272c7e9d386e	7302_day3_with_selection	SRR33298450.553472	chr16R	5	ID3,ID2,ID3,ID3,ID1	N	chr16R	5.0	ID1_Gray,ID3_Orange,ID3_Orange,ID2_Red-Light,ID3_Orange	Y' Gain	chr14L[2-4]:ID3_Orange,ID3_Orange,ID2_Red-Light,ID3_Orange(circ x1.3 moderate | alt chr14L[3-4] + chr14L[2-3])	chr16R1|chr14L3,4,5|chr14L3,4,5|chr4R4,7;chr12R3,4,5;chr14L2|chr14L3,4,5	chr14L	donor_transfer	chr14L	False
7302	33	b0bacb7b-d147-47b1-bee9-15ddf70d436e	7302_day4_with_selection	SRR33298449.341832	chr12L	3	ID8,ID7,ID1	N	chr12L	3.0	ID1_Gray,ID7_Yellow,ID2_Red-Light	Y' Gain	chr13L[1-2]:ID7_Yellow,ID2_Red-Light	chr12L1|chr13L3|chr13L4	chr13L	donor_transfer	chr13L	False
7172	33	b13d9735-c9f4-462a-aef3-c19ecc4ba688	7172_day4_with_selection_repeat	SRR33298428.27717	chr5L	8	ID2,ID2,ID2,ID2,ID2,ID2,ID2,ID6	N										
7302	33	b172c378-856f-4843-bdbe-a829af4b037e	7302_day4_with_selection	SRR33298449.334058	chr7R	3	ID5,ID2,ID2	N	chr7R	3.0	ID5_Blue-Dark,ID2_Red-Light,ID2_Red-Light	Y' Gain	chr4R[1-2]:ID2_Red-Light,ID2_Red-Light	chr16L1|chr4R1,2,3,6|chr4R4,7;chr12R3,4,5;chr14L2	chr4R	donor_transfer	chr4R	False
7302	28	b18f17bd-0866-4826-b152-a669bee31af8	7302_day3_with_selection	SRR33298450.292399	chr12L	4	ID1,ID3,ID3,ID3	N	chr12L	4.0	ID1_Gray,ID3_Orange,ID3_Orange,ID3_Orange	Y' Gain	chr14L[3-4]:ID3_Orange,ID3_Orange,ID3_Orange(circ x1.5 moderate | alt chr14L[3] + chr14L[3-4])	chr12L1|chr14L3,4,5|chr14L3,4,5|chr14L3,4,5	chr14L	donor_transfer	chr14L	False
7302	28	b2582384-0d6c-40f3-94be-b50c32a92d11	7302_day3_with_selection	SRR33298450.316243	chr5R	6	ID1,ID2,ID2,ID2,ID2,ID2	N	chr5R	6.0	ID1_Gray,ID2_Red-Light,ID2_Red-Light,ID2_Red-Light,ID2_Red-Light,ID2_Red-Light	Y' Gain	chr4R[3-7]:ID2_Red-Light,ID2_Red-Light,ID2_Red-Light,ID2_Red-Light,ID2_Red-Light	chr5R1|chr4R1,2,3,6|chr4R1,2,3,6|chr4R5|chr4R4,7;chr12R3,4,5;chr14L2|chr4R1,2,3,6	chr4R	donor_transfer	chr4R	False
7172	28	b2ace137-a409-48ce-802e-d8c50b18cb28	7172_day3_with_selection	SRR33298430.29783	chr11R	2	ID2,ID5	N	chr11R	2.0	ID5_Blue-Dark,ID2_Red	Y' Gain	chr16L[1-2]:ID5_Blue-Dark,ID2_Red	chr16L1|chr4R3,4,7;chr12R2,3,4,5;chr14L2;chr16L3	chr14L	subtelomere_switch	chr16L	False
7172	33	b626a068-fb52-461d-b6a4-71b95a15cd9c	7172_day4_with_selection_repeat	SRR33298428.61690	chr7R	3	ID4,ID2,ID5	Y	chr7R	3.0	ID5_Blue-Dark,ID2_Red,ID4_Green-Light	Y' Gain	chr12R|chr14L|chr4R:ID2_Red > chr2L|chr6L:ID4_Green-Light	chr16L1|chr4R1,2,6;chr16L2|chr6L1	ambiguous	unmatched_array	chr12R|chr14L|chr4R > chr2L|chr6L	True
7172	28	b8d00a01-2583-43d3-99c5-0b2176af72ea	7172_day3_with_selection	SRR33298430.363130	chr12R	12	ID2,ID2,ID2,ID2,ID2,ID2,ID2,ID2,ID2,ID2,ID2,ID1	N	chr12R	12.0	ID1_Gray,ID2_Red,ID2_Red,ID2_Red,ID2_Red,ID2_Red,ID2_Red,ID2_Red,ID2_Red,ID2_Red,ID2_Red,ID2_Red	Y' Gain	self[4-7]:ID2_Red,ID2_Red,ID2_Red,ID2_Red	chr12R1|chr4R3,4,7;chr12R2,3,4,5;chr14L2;chr16L3|chr4R1,2,6;chr16L2|chr4R1,2,6;chr16L2|chr4R1,2,6;chr16L2|chr12R6,8|chr12R7|chr4R3,4,7;chr12R2,3,4,5;chr14L2;chr16L3|chr4R3,4,7;chr12R2,3,4,5;chr14L2;chr16L3|chr4R3,4,7;chr12R2,3,4,5;chr14L2;chr16L3|chr12R6,8|chr12R7	chr12R	tandem_amplification_same_end	chr12R	False
7302	28	b98482db-efee-4195-adb7-9824bd1d51d1	7302_day3_with_selection	SRR33298450.270057	chr2R	4	ID8,ID7,ID8,ID7	N	chr2R	4.0	ID7_Yellow,ID2_Red-Light,ID7_Yellow,ID2_Red-Light	Y' Gain	chr13L[1-4]:ID7_Yellow,ID2_Red-Light,ID7_Yellow,ID2_Red-Light	chr13L3|chr13L4|chr13L3|chr13L4	chr13L	donor_transfer	chr13L	False
7302	33	bae0e3a7-7f64-42cc-8fdd-8c66c4cf6a48	7302_day4_with_selection	SRR33298449.445000	chr15R	4	ID2,ID2,ID2,ID2	N	chr15R	4.0	ID2_Red-Dark,ID2_Red-Light,ID2_Red-Light,ID2_Red-Light	Y' Gain	chr12R|chr4R:ID2_Red-Light,ID2_Red-Light,ID2_Red-Light	chr15R1|chr4R4,7;chr12R3,4,5;chr14L2|chr4R4,7;chr12R3,4,5;chr14L2|chr12R6	chr12R	donor_transfer_candidates:2	chr12R|chr4R	False
7172	28	bb2d6778-dcc4-4405-b59a-45b155564c0f	7172_day3_with_selection	SRR33298430.264863	chr9R	7	ID2,ID2,ID2,ID2,ID2,ID2,ID2	N	chr9R	7.0	ID2_Red,ID2_Red,ID2_Red,ID2_Red,ID2_Red,ID2_Red,ID2_Red	Y' Gain	chr4R[3-5]:ID2_Red,ID2_Red,ID2_Red,ID2_Red,ID2_Red,ID2_Red,ID2_Red(circ x2.3 moderate | alt chr4R[4-7] + chr4R[5-7])	chr4R3,4,7;chr12R2,3,4,5;chr14L2;chr16L3|chr4R1,2,6;chr16L2|chr4R3,4,7;chr12R2,3,4,5;chr14L2;chr16L3|chr4R1,2,6;chr16L2|chr4R1,2,6;chr16L2|chr4R3,4,7;chr12R2,3,4,5;chr14L2;chr16L3|chr4R3,4,7;chr12R2,3,4,5;chr14L2;chr16L3	chr4R	donor_transfer	chr4R	False
7302	28	bb2e4ebb-3eae-4935-ace9-752b711dc5df	7302_day3_with_selection	SRR33298450.470052	chr14L	7	ID2,ID3,ID3,ID3,ID3,ID2,ID5	Y	chr14L	7.0	ID5_Blue-Dark,ID2_Red-Light,ID3_Orange,ID3_Orange,ID3_Orange,ID3_Orange,ID2_Red-Dark	1st Y' Change	chr16L|chr7R:ID5_Blue-Dark > self[2-5]:ID2_Red-Light,ID3_Orange,ID3_Orange,ID3_Orange > self[3]:ID3_Orange > chr15R[1]:ID2_Red-Dark	chr16L1|chr4R4,7;chr12R3,4,5;chr14L2|chr14L3,4,5|chr14L3,4,5|chr14L3,4,5|chr14L3,4,5|chr15R1	chr14L	tandem_amplification_same_end	chr16L|chr7R > chr14L > chr15R	True
7172	33	bc0c954e-ff53-4138-ada5-e3350db3d9bc	7172_day4_with_selection_repeat	SRR33298428.124203	chr16R	8	ID1,ID1,ID2,ID2,ID2,ID2,ID2,ID2	N	chr16R	4.0	ID1_Gray,ID2_Red,ID2_Red,ID2_Red	Y' Gain	chr4R[5-7]:ID2_Red,ID2_Red,ID2_Red	chr16R1|chr4R5|chr4R1,2,6;chr16L2|chr4R3,4,7;chr12R2,3,4,5;chr14L2;chr16L3	chr4R	donor_transfer	chr4R	False
7172	33	bc34f2d2-23b3-4ce8-8a86-39b363e0f149	7172_day4_with_selection_repeat	SRR33298428.367304	chr11L	3	ID2,ID2,ID2	N	chr11L	3.0	ID2_Red,ID2_Red,ID2_Red	Y' Gain	chr12R[6-8]:ID2_Red,ID2_Red,ID2_Red	chr12R6,8|chr12R7|chr12R6,8	chr4R	subtelomere_switch	chr12R	False
7302	33	bcb74884-fc9c-4949-8e6e-0c75d39858c8	7302_day4_with_selection	SRR33298449.353376	chr8L	6	ID3,ID3,ID3,ID2,ID5,ID1	N	chr8L	6.0	ID1_Gray,ID5_Blue-Light,ID2_Red-Light,ID3_Orange,ID3_Orange,ID3_Orange	Y' Gain	chr14L[1-5]:ID5_Blue-Light,ID2_Red-Light,ID3_Orange,ID3_Orange,ID3_Orange	chr8L1|chr14L1|chr4R4,7;chr12R3,4,5;chr14L2|chr14L3,4,5|chr14L3,4,5|chr14L3,4,5	chr14L	donor_transfer	chr14L	False
7172	33	bce64fae-8bcb-4581-b316-902f4b63f3ff	7172_day4_with_selection	SRR33298429.122872	chr13L	5	ID1,ID2,ID2,ID2,ID2	N										
7172	33	bcea63a3-01df-4f49-bb12-0c7b4c7fd69f	7172_day4_with_selection	SRR33298429.628449	chr5R	3	ID3,ID3,ID1	N	chr5R	2.0	ID1_Gray,ID3_Orange	Y' Gain	chr14L[3]:ID3_Orange	chr5R1|chr14L3	chr14L	donor_transfer	chr14L	False
7172	33	bda943c2-2333-456a-af95-f20f33dfe0e8	7172_day4_with_selection_repeat	SRR33298428.304367	chr15L	6	ID2,ID2,ID2,ID2,ID2,ID1	N	chr15L	6.0	ID1_Gray,ID2_Red,ID2_Red,ID2_Red,ID2_Red,ID2_Red	Y' Gain	chr12R[1-6]:ID1_Gray,ID2_Red,ID2_Red,ID2_Red,ID2_Red,ID2_Red	chr12R1|chr4R1,2,6;chr16L2|chr4R3,4,7;chr12R2,3,4,5;chr14L2;chr16L3|chr4R3,4,7;chr12R2,3,4,5;chr14L2;chr16L3|chr4R3,4,7;chr12R2,3,4,5;chr14L2;chr16L3|chr4R3,4,7;chr12R2,3,4,5;chr14L2;chr16L3	chr12R	donor_transfer	chr12R	False
7172	33	be1c0445-e1d9-4673-acce-15cb75b463a5	7172_day4_with_selection_repeat	SRR33298428.267866	chr5R	3	ID4,ID2,ID1	Y	chr5R	3.0	ID1_Gray,ID2_Red,ID4_Green-Light	Y' Gain	chr12R|chr14L|chr4R:ID2_Red > chr2L|chr6L:ID4_Green-Light	chr5R1|chr4R3,4,7;chr12R2,3,4,5;chr14L2;chr16L3|chr2L1	ambiguous	unmatched_array	chr12R|chr14L|chr4R > chr2L|chr6L	True
7302	33	be9a1bd6-ea8d-45ce-a804-809fd9804947	7302_day4_with_selection	SRR33298449.307474	chr5L	3	ID6,ID3,ID3	N	chr5L	3.0	ID6_Purple-Light,ID3_Orange,ID3_Orange	Y' Gain	chr14L[3-4]:ID3_Orange,ID3_Orange	chr5L1|chr14L3,4,5|chr14L3,4,5	chr14L	donor_transfer	chr14L	False
7302	28	bef6979a-ec99-49fb-a509-26d7b79972ac	7302_day3_with_selection	SRR33298450.292554	chr11R	4	ID8,ID7,ID8,ID7	N	chr11R	4.0	ID7_Yellow,ID2_Red-Light,ID7_Yellow,ID2_Red-Light	Y' Gain	chr13L[1-4]:ID7_Yellow,ID2_Red-Light,ID7_Yellow,ID2_Red-Light	chr13L3|chr13L4|chr13L3|chr13L4	chr13L	donor_transfer	chr13L	False
7172	28	bfadba41-f316-4796-8906-f4f702f230d0	7172_day3_with_selection	SRR33298430.312565	chr10R	3	ID3,ID2,ID5	N	chr10R	3.0	ID5_Blue-Dark,ID2_Red,ID3_Orange	Y' Gain	chr7R?[1]:ID5_Blue-Dark > chr14L[2-3]:ID2_Red,ID3_Orange	chr16L1|chr4R3,4,7;chr12R2,3,4,5;chr14L2;chr16L3|chr14L3	chr16L	donor_transfer	chr7R > chr14L	True
7172	28	bfcd9fff-4e51-4cab-86a7-8c2473cade2a	7172_day3_with_selection	SRR33298430.312532	chr5R	5	ID2,ID2,ID2,ID2,ID1	N	chr5R	5.0	ID1_Gray,ID2_Red,ID2_Red,ID2_Red,ID2_Red	Y' Gain	chr12R[5-8]:ID2_Red,ID2_Red,ID2_Red,ID2_Red	chr5R1|chr4R3,4,7;chr12R2,3,4,5;chr14L2;chr16L3|chr12R6,8|chr12R7|chr12R6,8	chr12R	donor_transfer	chr12R	False
7302	28	bfdecce2-a911-4ffe-9959-533b09dadb58	7302_day3_with_selection	SRR33298450.204773	chr15L	2	ID8,ID7	N	chr15L	2.0	ID7_Yellow,ID2_Red-Light	Y' Gain	chr13L[1-2]:ID7_Yellow,ID2_Red-Light	chr13L3|chr13L4	chr13L	subtelomere_switch	chr13L	False
7302	33	c0a64a6e-ba50-4a03-bcc2-5a2b3603785e	7302_day4_with_selection	SRR33298449.261135	chr11L	2	ID7,ID8	N	chr11L	2.0	ID7_Yellow,ID2_Red-Light	Y' Gain	chr13L[1]:ID7_Yellow > chr12R|chr13L|chr14L|chr4R:ID2_Red-Light	chr13L3|chr13L4	chr13L	donor_transfer	chr13L	False
7302	28	c1f755e2-e76d-4410-8cb9-0e203296b036	7302_day3_with_selection	SRR33298450.116767	chr8R	5	ID3,ID3,ID3,ID2,ID1	N	chr8R	5.0	ID1_Gray,ID2_Red-Light,ID3_Orange,ID3_Orange,ID3_Orange	Y' Gain	chr14L[2-5]:ID2_Red-Light,ID3_Orange,ID3_Orange,ID3_Orange	chr8R1|chr4R4,7;chr12R3,4,5;chr14L2|chr14L3,4,5|chr14L3,4,5|chr14L3,4,5	chr14L	donor_transfer	chr14L	False
7302	28	c2739873-49c2-45b7-bdbe-a71a4171313c	7302_day3_with_selection	SRR33298450.522778	chr15R	3	ID2,ID2,ID2	N	chr15R	3.0	ID2_Red-Dark,ID2_Red-Light,ID2_Red-Light	Y' Gain	chr4R[1-2]:ID2_Red-Light,ID2_Red-Light	chr15R1|chr4R4,7;chr12R3,4,5;chr14L2|chr4R1,2,3,6	chr4R	donor_transfer	chr4R	False
7172	33	c3dd4be4-41c0-4026-bf59-76132bdef4bc	7172_day4_with_selection_repeat	SRR33298428.62770	chr6L	3	ID1,ID2,ID2	N	chr6L	3.0	ID1_Gray,ID2_Red,ID2_Red	1st Y' Change	chr12L|chr12R|chr13L|chr16R|chr5R|chr8L|chr8R:ID1_Gray > chr12R|chr4R:ID2_Red,ID2_Red	chr5R1|chr4R5|chr15R1	chr5R	subtelomere_switch	chr12R	False
7302	33	c3e6dbcc-4a84-4765-b775-4887c29158da	7302_day4_with_selection	SRR33298449.24762	chr15R	3	ID2,ID2,ID2	N	chr15R	3.0	ID2_Red-Dark,ID2_Red-Dark,ID2_Red-Light	Y' Gain	self[1]:ID2_Red-Dark > chr12R|chr13L|chr14L|chr4R:ID2_Red-Light	chr15R1|chr15R1|chr12R6	chr4	unmatched_array	chr15R > chr12R|chr13L|chr14L|chr4R	True
7172	33	c71199e9-7367-4d8a-8423-9a583e16282f	7172_day4_with_selection	SRR33298429.709389	chr5L	5	ID3,ID2,ID3,ID2,ID6	N	chr5L	5.0	ID6_Purple-Light,ID2_Red,ID3_Orange,ID2_Red,ID3_Orange	Y' Gain	chr14L[2-3]:ID2_Red,ID3_Orange,ID2_Red,ID3_Orange(circ x2.0 strong)	chr5L1|chr4R3,4,7;chr12R2,3,4,5;chr14L2;chr16L3|chr14L3|chr4R3,4,7;chr12R2,3,4,5;chr14L2;chr16L3|chr14L3	chr14L	donor_transfer	chr14L	False
7172	33	c78c49e0-c9ec-4ee8-bec8-0814b0e6acd1	7172_day4_with_selection	SRR33298429.146727	chr4R	12	ID2,ID2,ID2,ID2,ID2,ID2,ID2,ID2,ID2,ID2,ID2,ID2	N	chr4R	12.0	ID2_Red,ID2_Red,ID2_Red,ID2_Red,ID2_Red,ID2_Red,ID2_Red,ID2_Red,ID2_Red,ID2_Red,ID2_Red,ID2_Red	Y' Gain	self[3-6]:ID2_Red,ID2_Red,ID2_Red,ID2_Red,ID2_Red(circ x1.2 moderate | alt chr4R[1] + chr4R[4-7])	chr4R3,4,7;chr12R2,3,4,5;chr14L2;chr16L3|chr4R3,4,7;chr12R2,3,4,5;chr14L2;chr16L3|chr4R1,2,6;chr16L2|chr4R3,4,7;chr12R2,3,4,5;chr14L2;chr16L3|chr4R5|chr4R3,4,7;chr12R2,3,4,5;chr14L2;chr16L3|chr4R3,4,7;chr12R2,3,4,5;chr14L2;chr16L3|chr4R3,4,7;chr12R2,3,4,5;chr14L2;chr16L3|chr4R3,4,7;chr12R2,3,4,5;chr14L2;chr16L3|chr4R5|chr4R1,2,6;chr16L2|chr4R1,2,6;chr16L2	chr4R	tandem_amplification_same_end	chr4R	False
7302	28	c7ab32a0-24be-4cb4-9777-98333493dfdd	7302_day3_with_selection	SRR33298450.6056	chr10R	3	ID7,ID8,ID7	N	chr10R	3.0	ID7_Yellow,ID2_Red-Light,ID7_Yellow	Y' Gain	chr13L[1-3]:ID7_Yellow,ID2_Red-Light,ID7_Yellow	chr13L3|chr13L4|chr13L3	chr13L	donor_transfer	chr13L	False
7172	28	c7edbddb-c8f3-48a8-b89e-5890f16d3470	7172_day3_with_selection	SRR33298430.438770	chr5R	4	ID2,ID2,ID2,ID1	N	chr5R	4.0	ID1_Gray,ID2_Red,ID2_Red,ID2_Red	Y' Gain	chr12R|chr4R:ID2_Red,ID2_Red,ID2_Red	chr5R1|chr4R3,4,7;chr12R2,3,4,5;chr14L2;chr16L3|chr4R3,4,7;chr12R2,3,4,5;chr14L2;chr16L3|chr4R1,2,6;chr16L2	chr12R	donor_transfer_candidates:2	chr12R|chr4R	False
7302	28	c846b112-fe54-441f-8bdc-12389ceb4a8d	7302_day3_with_selection	SRR33298450.9453	chr12L	3	ID1,ID7,ID8	N	chr12L	3.0	ID1_Gray,ID7_Yellow,ID2_Red-Light	Y' Gain	chr13L[1-2]:ID7_Yellow,ID2_Red-Light	chr12L1|chr13L3|chr13L4	chr13L	donor_transfer	chr13L	False
7302	28	c8b09253-120a-4b83-83f3-b6a75676d499	7302_day3_with_selection	SRR33298450.550311	chr7R	3	ID8,ID7,ID5	N	chr7R	3.0	ID5_Blue-Dark,ID7_Yellow,ID2_Red-Light	Y' Gain	chr13L[1-2]:ID7_Yellow,ID2_Red-Light	chr16L1|chr13L3|chr13L4	chr13L	donor_transfer	chr13L	False
7302	33	c8e97366-0499-4057-97a7-9feebef6440c	7302_day4_with_selection	SRR33298449.196678	chr2R	4	ID8,ID7,ID8,ID7	N	chr2R	4.0	ID7_Yellow,ID2_Red-Light,ID7_Yellow,ID2_Red-Light	Y' Gain	chr13L[1-4]:ID7_Yellow,ID2_Red-Light,ID7_Yellow,ID2_Red-Light	chr13L3|chr13L4|chr13L3|chr13L4	chr13L	donor_transfer	chr13L	False
7302	33	c90681fe-cbfb-46cd-9590-1b7ee18b50ea	7302_day4_with_selection	SRR33298449.17944	chr8L	4	ID8,ID7,ID8,ID7	N	chr8L	4.0	ID2_Red-Light,ID7_Yellow,ID2_Red-Light,ID7_Yellow	1st Y' Change	chr13L[1-2]:ID2_Red-Light,ID7_Yellow,ID2_Red-Light,ID7_Yellow(circ x2.0 moderate | alt chr13L[2-4] + chr13L[1])	chr13L4|chr13L3|chr13L4|chr13L3	chr13L	donor_transfer	chr13L	False
7172	33	c91169f1-eeac-41cc-bf68-c9b644adcb15	7172_day4_with_selection	SRR33298429.433917	chr12L	3	ID2,ID2,ID1	N	chr12L	3.0	ID1_Gray,ID2_Red,ID2_Red	Y' Gain	chr12R|chr4R:ID2_Red,ID2_Red	chr12L1|chr4R3,4,7;chr12R2,3,4,5;chr14L2;chr16L3|chr15R1	chr12R	donor_transfer_candidates:3	chr12R|chr4R	False
7302	28	ca0db879-93ca-4b3e-9566-638959a6ab15	7302_day3_with_selection	SRR33298450.553836	chr14L	7	ID3,ID3,ID3,ID3,ID3,ID2,ID5	N	chr14L	7.0	ID5_Blue-Dark,ID2_Red-Light,ID3_Orange,ID3_Orange,ID3_Orange,ID3_Orange,ID3_Orange	1st Y' Change	chr16L|chr7R:ID5_Blue-Dark > self[2-5]:ID2_Red-Light,ID3_Orange,ID3_Orange,ID3_Orange > self[3-4]:ID3_Orange,ID3_Orange	chr16L1|chr4R4,7;chr12R3,4,5;chr14L2|chr14L3,4,5|chr14L3,4,5|chr14L3,4,5|chr14L3,4,5|chr14L3,4,5	chr14L	tandem_amplification_same_end	chr16L|chr7R > chr14L	True
7302	28	cb030eec-b9e2-4471-afdc-473496562201	7302_day3_with_selection	SRR33298450.519409	chr8L	5	ID3,ID3,ID3,ID2,ID1	N	chr8L	5.0	ID1_Gray,ID2_Red-Light,ID3_Orange,ID3_Orange,ID3_Orange	Y' Gain	chr14L[2-5]:ID2_Red-Light,ID3_Orange,ID3_Orange,ID3_Orange	chr8L1|chr4R4,7;chr12R3,4,5;chr14L2|chr14L3,4,5|chr14L3,4,5|chr14L3,4,5	chr14L	donor_transfer	chr14L	False
7302	28	cbae7a2c-5f7c-49fb-b1ba-202eb4f8c7ea	7302_day3_with_selection	SRR33298450.553877	chr2L	4	ID2,ID2,ID2,ID4	N	chr2L	4.0	ID4_Green-Light,ID2_Red-Light,ID2_Red-Light,ID2_Red-Light	Y' Gain	chr12R|chr4R:ID2_Red-Light,ID2_Red-Light,ID2_Red-Light	chr2L1|chr4R4,7;chr12R3,4,5;chr14L2|chr4R1,2,3,6|chr12R6	chr12R	donor_transfer_candidates:2	chr12R|chr4R	False
7172	28	cbc7bee3-61f7-49fa-b6cd-98905df0f928	7172_day3_with_selection	SRR33298430.481583	chr14L	6	ID5,ID2,ID3,ID3,ID5,ID2	N	chr14L	6.0	ID5_Blue-Dark,ID2_Red,ID3_Orange,ID3_Orange,ID5_Blue-Light,ID2_Red	1st Y' Change	chr7R?[1]:ID5_Blue-Dark > self[2-3]:ID2_Red,ID3_Orange > self[3]:ID3_Orange > self[1-2]:ID5_Blue-Light,ID2_Red	chr16L1|chr4R3,4,7;chr12R2,3,4,5;chr14L2;chr16L3|chr14L3|chr14L3|chr14L1|chr4R3,4,7;chr12R2,3,4,5;chr14L2;chr16L3	chr14L	tandem_amplification_same_end	chr7R > chr14L	True
7172	28	ccc0f1f3-963a-4398-9296-7cec941eb879	7172_day3_with_selection	SRR33298430.438826	chr7R	3	ID3,ID2,ID5	N	chr7R	3.0	ID5_Blue-Dark,ID2_Red,ID3_Orange	Y' Gain	chr14L[2-3]:ID2_Red,ID3_Orange	chr16L1|chr4R1,2,6;chr16L2|chr14L3	chr14L	donor_transfer	chr14L	False
7302	33	ccc28dcc-7a00-4f45-b9ee-0b0eff2d4840	7302_day4_with_selection	SRR33298449.552456	chr13L	7	ID7,ID7,ID8,ID7,ID8,ID8,ID7	N	chr13L	6.0	ID7_Yellow,ID2_Red-Light,ID7_Yellow,ID2_Red-Light,ID2_Red-Light,ID7_Yellow	Y' Gain	self[2-3]:ID2_Red-Light,ID7_Yellow	chr13L3|chr13L4|chr13L3|chr13L4|chr13L4|chr13L3	chr13L	tandem_amplification_same_end	chr13L	False
7302	28	ce3cdefc-ff36-47ad-8a0b-9f1f170f4dda	7302_day3_with_selection	SRR33298450.289374	chr16R	5	ID1,ID2,ID2,ID2,ID2	N	chr16R	5.0	ID1_Gray,ID2_Red-Light,ID2_Red-Light,ID2_Red-Light,ID2_Red-Light	Y' Gain	chr12R[2-5]:ID2_Red-Light,ID2_Red-Light,ID2_Red-Light,ID2_Red-Light	chr16R1|chr4R4,7;chr12R3,4,5;chr14L2|chr4R1,2,3,6|chr4R1,2,3,6|chr12R6	chr12R	donor_transfer	chr12R	False
7302	33	cfe9ef3a-5653-4c61-830c-59f07d65b7e4	7302_day4_with_selection	SRR33298449.369151	chr12L	3	ID8,ID7,ID1	N	chr12L	3.0	ID1_Gray,ID7_Yellow,ID2_Red-Light	Y' Gain	chr13L[1-2]:ID7_Yellow,ID2_Red-Light	chr12L1|chr13L3|chr13L4	chr13L	donor_transfer	chr13L	False
7302	28	cff0bede-cb8c-4b88-b6ad-5089415c3345	7302_day3_with_selection	SRR33298450.224858	chr15R	3	ID2,ID2,ID2	N	chr15R	3.0	ID2_Red-Dark,ID2_Red-Light,ID2_Red-Light	Y' Gain	chr12R|chr4R:ID2_Red-Light,ID2_Red-Light	chr15R1|chr4R4,7;chr12R3,4,5;chr14L2|chr12R6	chr4R	donor_transfer_candidates:2	chr12R|chr4R	False
7172	28	d1921f67-5cf4-4939-86b7-01663ced1ccc	7172_day3_with_selection	SRR33298430.185734	chr9L	5	ID5,ID3,ID3,ID5,ID6	Y	chr9L	5.0	ID6_Purple-Dark,ID5_Blue-Dark,ID3_Orange,ID3_Orange,ID5_Blue-Light	Y' Gain	chr16L?[1]:ID5_Blue-Dark > chr14L[3]:ID3_Orange > chr14L[3]:ID3_Orange > chr14L[1]:ID5_Blue-Light	chr10L1|chr7R1|chr14L3|chr14L3|chr14L1	ambiguous	unmatched_array	chr16L > chr14L	True
7172	33	d1a350d6-2c57-4783-8f0d-3aca8b456c46	7172_day4_with_selection	SRR33298429.21416	chr5L	5	ID2,ID2,ID2,ID2,ID6	N	chr5L	5.0	ID6_Purple-Light,ID2_Red,ID2_Red,ID2_Red,ID2_Red	Y' Gain	chr12R[5-8]:ID2_Red,ID2_Red,ID2_Red,ID2_Red	chr5L1|chr4R3,4,7;chr12R2,3,4,5;chr14L2;chr16L3|chr12R6,8|chr12R7|chr12R6,8	chr12R	donor_transfer	chr12R	False
7172	33	d1b778d9-ecac-478f-abcf-cf6cdb90585a	7172_day4_with_selection	SRR33298429.467336	chr14L	6	ID3,ID2,ID3,ID3,ID2,ID5	N	chr14L	6.0	ID5_Blue-Dark,ID2_Red,ID3_Orange,ID3_Orange,ID2_Red,ID3_Orange	1st Y' Change	chr7R?[1]:ID5_Blue-Dark > self[2-3]:ID2_Red,ID3_Orange > self[2-3]:ID3_Orange,ID2_Red,ID3_Orange(circ x1.5 moderate | alt chr14L[3] + chr14L[2-3])	chr16L1|chr4R3,4,7;chr12R2,3,4,5;chr14L2;chr16L3|chr14L3|chr14L3|chr12R6,8|chr14L3	chr16L	donor_transfer	chr7R > chr14L	True
7302	28	d1fee906-353b-4ab2-b222-d56ae8707331	7302_day3_with_selection	SRR33298450.496271	chr16R	3	ID1,ID2,ID3	N	chr16R	3.0	ID1_Gray,ID2_Red-Light,ID3_Orange	Y' Gain	chr13L?[2]:ID2_Red-Light > chr14L[3]:ID3_Orange	chr16R1|chr4R4,7;chr12R3,4,5;chr14L2|chr14L3,4,5	chr14L	donor_transfer	chr13L > chr14L	True
7172	28	d230ced0-21af-4365-8290-f49c23ea82e6	7172_day3_with_selection	SRR33298430.481729	chr12R	16	ID3,ID3,ID3,ID3,ID3,ID3,ID3,ID3,ID2,ID2,ID2,ID2,ID2,ID2,ID2,ID1	N	chr12R	16.0	ID1_Gray,ID2_Red,ID2_Red,ID2_Red,ID2_Red,ID2_Red,ID2_Red,ID2_Red,ID3_Orange,ID3_Orange,ID3_Orange,ID3_Orange,ID3_Orange,ID3_Orange,ID3_Orange,ID3_Orange	Y' Gain	chr14L[3]:ID3_Orange,ID3_Orange,ID3_Orange,ID3_Orange,ID3_Orange,ID3_Orange,ID3_Orange,ID3_Orange(circ x8.0 strong)	chr12R1|chr4R3,4,7;chr12R2,3,4,5;chr14L2;chr16L3|chr4R3,4,7;chr12R2,3,4,5;chr14L2;chr16L3|chr4R3,4,7;chr12R2,3,4,5;chr14L2;chr16L3|chr4R3,4,7;chr12R2,3,4,5;chr14L2;chr16L3|chr12R6,8|chr4R3,4,7;chr12R2,3,4,5;chr14L2;chr16L3|chr4R3,4,7;chr12R2,3,4,5;chr14L2;chr16L3|chr14L3|chr14L3|chr14L3|chr14L3|chr14L3|chr14L3|chr14L3|chr14L3	chr14L	donor_transfer	chr14L	False
7172	28	d234dacb-ec66-4d2b-9dda-82a35cf90e99	7172_day3_with_selection	SRR33298430.529312	chr14L	14	ID2,ID2,ID2,ID2,ID2,ID2,ID2,ID2,ID2,ID2,ID2,ID2,ID2,ID5	N	chr14L	11.0	ID5_Blue-Dark,ID2_Red,ID2_Red,ID2_Red,ID2_Red,ID2_Red,ID2_Red,ID2_Red,ID2_Red,ID2_Red,ID2_Red	1st Y' Change	chr16L[1-2]:ID5_Blue-Dark,ID2_Red > chr4R[4-6]:ID2_Red,ID2_Red,ID2_Red > chr12R[2-5]:ID2_Red,ID2_Red,ID2_Red,ID2_Red,ID2_Red,ID2_Red(circ x1.5 moderate | alt chr12R[2-5] + chr12R[2-3])	chr16L1|chr4R3,4,7;chr12R2,3,4,5;chr14L2;chr16L3|chr4R3,4,7;chr12R2,3,4,5;chr14L2;chr16L3|chr4R1,2,6;chr16L2|chr4R3,4,7;chr12R2,3,4,5;chr14L2;chr16L3|chr4R1,2,6;chr16L2|chr4R3,4,7;chr12R2,3,4,5;chr14L2;chr16L3|chr4R3,4,7;chr12R2,3,4,5;chr14L2;chr16L3|chr4R3,4,7;chr12R2,3,4,5;chr14L2;chr16L3|chr4R3,4,7;chr12R2,3,4,5;chr14L2;chr16L3|chr4R1,2,6;chr16L2	chr16L	donor_transfer	chr16L > chr4R > chr12R	True
7302	28	d2e610a3-829a-4e1d-b682-51b233e950ff	7302_day3_with_selection	SRR33298450.174100	chr1L	5	ID8,ID8,ID7,ID8,ID7	N	chr1L	5.0	ID7_Yellow,ID2_Red-Light,ID7_Yellow,ID2_Red-Light,ID2_Red-Light	Y' Gain	chr13L[1-4]:ID7_Yellow,ID2_Red-Light,ID7_Yellow,ID2_Red-Light > chr12R|chr13L|chr14L|chr4R:ID2_Red-Light	chr13L3|chr13L4|chr13L3|chr13L4|chr13L4	chr13L	donor_transfer	chr13L	False
7302	33	d3083910-d389-431e-a515-21bf01cb6b97	7302_day4_with_selection	SRR33298449.170056	chr9L	3	ID6,ID2,ID2	N	chr9L	3.0	ID6_Purple-Dark,ID2_Red-Light,ID2_Red-Light	Y' Gain	chr4R[1-2]:ID2_Red-Light,ID2_Red-Light	chr9L1|chr4R1,2,3,6|chr4R1,2,3,6	chr4R	donor_transfer	chr4R	False
7302	28	d37a506e-0754-46d2-a741-28c232d3c97e	7302_day3_with_selection	SRR33298450.277655	chr6L	4	ID2,ID2,ID2,ID2	N	chr6L	4.0	ID2_Red-Light,ID2_Red-Light,ID2_Red-Light,ID2_Red-Light	1st Y' Change	chr12R[2-5]:ID2_Red-Light,ID2_Red-Light,ID2_Red-Light,ID2_Red-Light	chr4R4,7;chr12R3,4,5;chr14L2|chr4R4,7;chr12R3,4,5;chr14L2|chr4R4,7;chr12R3,4,5;chr14L2|chr12R6	chr12R	donor_transfer	chr12R	False
7302	33	d3ec9dff-5c34-4c96-9cea-e877d9e8d106	7302_day4_with_selection	SRR33298449.510400	chr8L	3	ID8,ID7,ID1	N	chr8L	3.0	ID1_Gray,ID7_Yellow,ID2_Red-Light	Y' Gain	chr13L[1-2]:ID7_Yellow,ID2_Red-Light	chr8L1|chr13L3|chr13L4	chr13L	donor_transfer	chr13L	False
7302	28	d4ab735a-5e27-454c-9f7c-d484efcc5b7f	7302_day3_with_selection	SRR33298450.557450	chr12R	9	ID2,ID2,ID2,ID2,ID2,ID2,ID2,ID2,ID1	N	chr12R	9.0	ID1_Gray,ID2_Red-Light,ID2_Red-Light,ID2_Red-Light,ID2_Red-Light,ID2_Red-Light,ID2_Red-Light,ID2_Red-Light,ID2_Red-Light	Y' Gain	self[2-4]:ID2_Red-Light,ID2_Red-Light,ID2_Red-Light	chr12R1|chr4R4,7;chr12R3,4,5;chr14L2|chr4R4,7;chr12R3,4,5;chr14L2|chr4R4,7;chr12R3,4,5;chr14L2|chr4R1,2,3,6|chr4R4,7;chr12R3,4,5;chr14L2|chr4R4,7;chr12R3,4,5;chr14L2|chr4R4,7;chr12R3,4,5;chr14L2|chr12R6	chr12R	tandem_amplification_same_end	chr12R	False
7302	28	d4d6c7ae-2d34-4c43-bcab-f0a2db0aac5a	7302_day3_with_selection	SRR33298450.393336	chr16L	3	ID2,ID2,ID5	N	chr16L	3.0	ID5_Blue-Dark,ID2_Red-Light,ID2_Red-Light	Y' Gain	chr4R[1-2]:ID2_Red-Light,ID2_Red-Light	chr16L1|chr4R4,7;chr12R3,4,5;chr14L2|chr4R4,7;chr12R3,4,5;chr14L2	chr4R	donor_transfer	chr4R	False
7172	33	d50ee75b-8a37-4d52-9f96-01fcc3c2dc0c	7172_day4_with_selection	SRR33298429.322285	chr2R	4	ID2,ID2,ID2,ID3	N	chr2R	4.0	ID3_Orange,ID2_Red,ID2_Red,ID2_Red	Y' Gain	chr14L[3]:ID3_Orange > chr4R[5-7]:ID2_Red,ID2_Red,ID2_Red	chr14L3|chr4R5|chr4R1,2,6;chr16L2|chr4R3,4,7;chr12R2,3,4,5;chr14L2;chr16L3	chr14L	donor_transfer	chr14L > chr4R	True
7172	33	d54a0d8d-68b0-4bfd-b84a-ca82606de743	7172_day4_with_selection_repeat	SRR33298428.54771	chr11R	2	ID2,ID2	N	chr11R	2.0	ID2_Red,ID2_Red	Y' Gain	chr12R|chr4R:ID2_Red,ID2_Red	chr15R1|chr12R6,8	chr15R	subtelomere_switch	chr12R|chr4R	False
7302	28	d6030f13-923e-4572-8ec4-3ba17dbbabb0	7302_day3_with_selection	SRR33298450.390026	chr10R	5	ID7,ID8,ID7,ID8,ID7	N	chr10R	5.0	ID7_Yellow,ID2_Red-Light,ID7_Yellow,ID2_Red-Light,ID7_Yellow	Y' Gain	chr13L[1-2]:ID7_Yellow,ID2_Red-Light,ID7_Yellow,ID2_Red-Light,ID7_Yellow(circ x2.5 strong)	chr13L3|chr13L4|chr13L3|chr13L4|chr13L3	chr13L	subtelomere_switch	chr13L	False
7302	33	d7a2c0c9-84c3-4b00-b573-0e7b3089ea9c	7302_day4_with_selection	SRR33298449.507268	chr2R	4	ID7,ID8,ID7,ID8	N	chr2R	4.0	ID7_Yellow,ID2_Red-Light,ID7_Yellow,ID2_Red-Light	Y' Gain	chr13L[1-4]:ID7_Yellow,ID2_Red-Light,ID7_Yellow,ID2_Red-Light	chr13L3|chr13L4|chr13L3|chr13L4	chr13L	donor_transfer	chr13L	False
7302	33	d90ce87d-1638-46df-b1c7-9ba664ca05ad	7302_day4_with_selection	SRR33298449.109175	chr1R	3	ID5,ID7,ID3	Y	chr1R	3.0	ID5_Blue-Dark,ID7_Yellow,ID3_Orange	Y' Gain	chr16L|chr7R:ID5_Blue-Dark > chr13L[1]:ID7_Yellow > chr14L[3]:ID3_Orange	chr16L1|chr13L3|chr14L3,4,5	chr14	unmatched_array	chr16L|chr7R > chr13L > chr14L	True
7172	33	d9e16463-70dc-4332-bd42-c366464072f4	7172_day4_with_selection	SRR33298429.534535	chr6L	5	ID3,ID3,ID3,ID3,ID4	N	chr6L	5.0	ID4_Green-Light,ID3_Orange,ID3_Orange,ID3_Orange,ID3_Orange	Y' Gain	chr14L[3]:ID3_Orange,ID3_Orange,ID3_Orange,ID3_Orange(circ x4.0 strong)	chr6L1|chr14L3|chr14L3|chr14L3|chr14L3	chr14L	donor_transfer	chr14L	False
7302	28	da0f3c7b-80e8-486b-9f3f-fc30aaa4d91a	7302_day3_with_selection	SRR33298450.569831	chr10R	3	ID7,ID8,ID7	N	chr10R	3.0	ID7_Yellow,ID2_Red-Light,ID7_Yellow	Y' Gain	chr13L[1-3]:ID7_Yellow,ID2_Red-Light,ID7_Yellow	chr13L3|chr13L4|chr13L3	chr13L	donor_transfer	chr13L	False
7302	28	db16d22f-ccd3-4606-8d59-93703ce35cc0	7302_day3_with_selection	SRR33298450.262845	chr12L	3	ID1,ID7,ID8	N	chr12L	3.0	ID1_Gray,ID7_Yellow,ID2_Red-Light	Y' Gain	chr13L[1-2]:ID7_Yellow,ID2_Red-Light	chr12L1|chr13L3|chr13L4	chr13L	donor_transfer	chr13L	False
7302	33	ddc393f4-1635-454a-a245-cdfb56c01bae	7302_day4_with_selection	SRR33298449.433991	chr15L	5	ID5,ID2,ID3,ID3,ID3	N	chr15L	5.0	ID5_Blue-Light,ID2_Red-Light,ID3_Orange,ID3_Orange,ID3_Orange	Y' Gain	chr14L[1-5]:ID5_Blue-Light,ID2_Red-Light,ID3_Orange,ID3_Orange,ID3_Orange	chr14L1|chr4R1,2,3,6|chr14L3,4,5|chr14L3,4,5|chr14L3,4,5	chr14L	donor_transfer	chr14L	False
7172	28	de4d9dd6-7cef-472b-990c-2d2dc5a89611	7172_day3_with_selection	SRR33298430.163554	chr5R	3	ID3,ID2,ID1	N	chr5R	3.0	ID1_Gray,ID2_Red,ID3_Orange	Y' Gain	chr14L[2-3]:ID2_Red,ID3_Orange	chr5R1|chr4R1,2,6;chr16L2|chr14L3	chr14L	donor_transfer	chr14L	False
7302	28	de6a7be9-a028-4bdc-8219-a7901ac93bdc	7302_day3_with_selection	SRR33298450.354968	chr5R	4	ID3,ID3,ID3,ID1	N	chr5R	4.0	ID1_Gray,ID3_Orange,ID3_Orange,ID3_Orange	Y' Gain	chr14L[3-5]:ID3_Orange,ID3_Orange,ID3_Orange	chr5R1|chr14L3,4,5|chr14L3,4,5|chr14L3,4,5	chr14L	donor_transfer	chr14L	False
7302	33	df1e7249-2866-40bb-b696-61c18108b66d	7302_day4_with_selection	SRR33298449.475779	chr7R	3	ID5,ID8,ID7	N	chr7R	3.0	ID5_Blue-Dark,ID2_Red-Light,ID7_Yellow	Y' Gain	chr13L[2-3]:ID2_Red-Light,ID7_Yellow	chr16L1|chr13L4|chr13L3	chr13L	donor_transfer	chr13L	False
7172	28	df447bd4-35ef-4db3-ae43-a480a1837d4e	7172_day3_with_selection	SRR33298430.139959	chr1L	3	ID5,ID5,ID5	Y	chr1L	3.0	ID5_Blue-Dark,ID5_Blue-Light,ID5_Blue-Light	Y' Gain	chr16L?[1]:ID5_Blue-Dark > chr14L[1]:ID5_Blue-Light > chr14L[1]:ID5_Blue-Light	chr16L1|chr14L1|chr14L1	ambiguous	unmatched_array	chr16L > chr14L	True
7172	28	df663ed4-83b5-4ebe-bc77-cffa0749b1b5	7172_day3_with_selection	SRR33298430.320491	chr6R	2	ID3,ID3	N	chr6R	2.0	ID3_Orange,ID3_Orange	Y' Gain	chr14L[3]:ID3_Orange > chr14L[3]:ID3_Orange	chr14L3|chr14L3	ambiguous	unmatched_array	chr14L	False
7302	33	e140f647-ce2b-4697-ac36-315c9b9cde67	7302_day4_with_selection	SRR33298449.567566	chr3R	4	ID5,ID8,ID7,ID8	Y	chr3R	4.0	ID5_Blue-Dark,ID2_Red-Light,ID7_Yellow,ID2_Red-Light	Y' Gain	chr16L|chr7R:ID5_Blue-Dark > chr13L[2-4]:ID2_Red-Light,ID7_Yellow,ID2_Red-Light	chr16L1|chr13L4|chr13L3|chr13L4	chr7R	subtelomere_switch	chr16L|chr7R > chr13L	True
7172	33	e38fc433-77dd-47f4-bd03-2204a718f8f6	7172_day4_with_selection_repeat	SRR33298428.30826	chr12R	10	ID2,ID2,ID2,ID2,ID2,ID2,ID2,ID2,ID2,ID1	N	chr12R	10.0	ID1_Gray,ID2_Red,ID2_Red,ID2_Red,ID2_Red,ID2_Red,ID2_Red,ID2_Red,ID2_Red,ID2_Red	Y' Gain	self[6-7]:ID2_Red,ID2_Red	chr12R1|chr4R3,4,7;chr12R2,3,4,5;chr14L2;chr16L3|chr4R3,4,7;chr12R2,3,4,5;chr14L2;chr16L3|chr4R3,4,7;chr12R2,3,4,5;chr14L2;chr16L3|chr4R3,4,7;chr12R2,3,4,5;chr14L2;chr16L3|chr12R6,8|chr12R7|chr12R6,8|chr12R7|chr12R6,8	chr12R	tandem_amplification_same_end	chr12R	False
7172	33	e5e5cd3c-fa24-42bc-98a2-4967ac0c1b30	7172_day4_with_selection	SRR33298429.147069	chr4R	10	ID2,ID2,ID2,ID2,ID2,ID2,ID2,ID2,ID2,ID2	N	chr4R	10.0	ID2_Red,ID2_Red,ID2_Red,ID2_Red,ID2_Red,ID2_Red,ID2_Red,ID2_Red,ID2_Red,ID2_Red	Y' Gain	self[5-7]:ID2_Red,ID2_Red,ID2_Red	chr4R1,2,6;chr16L2|chr4R3,4,7;chr12R2,3,4,5;chr14L2;chr16L3|chr4R1,2,6;chr16L2|chr4R3,4,7;chr12R2,3,4,5;chr14L2;chr16L3|chr4R3,4,7;chr12R2,3,4,5;chr14L2;chr16L3|chr4R3,4,7;chr12R2,3,4,5;chr14L2;chr16L3|chr4R3,4,7;chr12R2,3,4,5;chr14L2;chr16L3|chr4R5|chr4R3,4,7;chr12R2,3,4,5;chr14L2;chr16L3|chr4R3,4,7;chr12R2,3,4,5;chr14L2;chr16L3	chr4R	tandem_amplification_same_end	chr4R	False
7172	33	e635abd2-2812-4cf0-9765-5934dd0ebc26	7172_day4_with_selection_repeat	SRR33298428.303246	chr2L	4	ID4,ID2,ID2,ID2	N	chr2L	4.0	ID4_Green-Light,ID2_Red,ID2_Red,ID2_Red	Y' Gain	chr12R[6-8]:ID2_Red,ID2_Red,ID2_Red	chr2L1|chr12R6,8|chr12R6,8|chr4R1,2,6;chr16L2	chr12R	donor_transfer	chr12R	False
7172	33	e65cec7b-630f-4127-8c3d-c70ad9142eee	7172_day4_with_selection	SRR33298429.17822	chr16R	3	ID3,ID2,ID3	N	chr16R	3.0	ID3_Orange,ID2_Red,ID3_Orange	1st Y' Change	chr14L[2-3]:ID3_Orange,ID2_Red,ID3_Orange(circ x1.5 moderate | alt chr14L[3] + chr14L[2-3])	chr14L3|chr4R3,4,7;chr12R2,3,4,5;chr14L2;chr16L3|chr14L3	chr14L	donor_transfer	chr14L	False
7302	28	e67f4986-8e8a-4da8-bbfc-0141b7004b7f	7302_day3_with_selection	SRR33298450.404768	chr13L	7	ID7,ID8,ID7,ID8,ID7,ID8,ID7	N	chr13L	7.0	ID7_Yellow,ID2_Red-Light,ID7_Yellow,ID2_Red-Light,ID7_Yellow,ID2_Red-Light,ID7_Yellow	Y' Gain	self[1-3]:ID7_Yellow,ID2_Red-Light,ID7_Yellow	chr13L3|chr13L4|chr13L3|chr13L4|chr13L3|chr13L4|chr13L3	chr13L	tandem_amplification_same_end	chr13L	False
7172	33	e6906376-dc00-478a-a5ee-b0e3bd43a647	7172_day4_with_selection	SRR33298429.127382	chr4R	17	ID2,ID2,ID2,ID2,ID2,ID2,ID2,ID2,ID2,ID2,ID2,ID2,ID2,ID2,ID2,ID2,ID2	N	chr4R	17.0	ID2_Red,ID2_Red,ID2_Red,ID2_Red,ID2_Red,ID2_Red,ID2_Red,ID2_Red,ID2_Red,ID2_Red,ID2_Red,ID2_Red,ID2_Red,ID2_Red,ID2_Red,ID2_Red,ID2_Red	Y' Gain	self[3-6]:ID2_Red,ID2_Red,ID2_Red,ID2_Red,ID2_Red(circ x1.2 moderate | alt chr4R[1] + chr4R[4-7]) > self[3-5]:ID2_Red,ID2_Red,ID2_Red,ID2_Red,ID2_Red(circ x1.7 moderate | alt chr4R[1] + chr4R[3-6])	chr4R3,4,7;chr12R2,3,4,5;chr14L2;chr16L3|chr4R1,2,6;chr16L2|chr4R1,2,6;chr16L2|chr4R3,4,7;chr12R2,3,4,5;chr14L2;chr16L3|chr4R5|chr4R3,4,7;chr12R2,3,4,5;chr14L2;chr16L3|chr4R1,2,6;chr16L2|chr4R3,4,7;chr12R2,3,4,5;chr14L2;chr16L3|chr4R3,4,7;chr12R2,3,4,5;chr14L2;chr16L3|chr15R1|chr4R3,4,7;chr12R2,3,4,5;chr14L2;chr16L3|chr4R1,2,6;chr16L2|chr4R5|chr4R3,4,7;chr12R2,3,4,5;chr14L2;chr16L3|chr4R3,4,7;chr12R2,3,4,5;chr14L2;chr16L3|chr4R3,4,7;chr12R2,3,4,5;chr14L2;chr16L3|chr4R1,2,6;chr16L2	chr4R	tandem_amplification_same_end	chr4R	False
7172	33	e710ba90-c03b-4598-8ccd-09e7bce527d1	7172_day4_with_selection_repeat	SRR33298428.246987	chr4R	9	ID2,ID2,ID2,ID2,ID2,ID2,ID2,ID2,ID2	N	chr4R	9.0	ID2_Red,ID2_Red,ID2_Red,ID2_Red,ID2_Red,ID2_Red,ID2_Red,ID2_Red,ID2_Red	Y' Gain	self[4-5]:ID2_Red,ID2_Red	chr4R1,2,6;chr16L2|chr4R3,4,7;chr12R2,3,4,5;chr14L2;chr16L3|chr4R3,4,7;chr12R2,3,4,5;chr14L2;chr16L3|chr4R1,2,6;chr16L2|chr4R5|chr4R3,4,7;chr12R2,3,4,5;chr14L2;chr16L3|chr4R5|chr4R3,4,7;chr12R2,3,4,5;chr14L2;chr16L3|chr4R5	chr4R	tandem_amplification_same_end	chr4R	False
7172	33	e7c356f8-38b3-4e0a-8a18-249364b2a307	7172_day4_with_selection_repeat	SRR33298428.387794	chr9R	3	ID2,ID2,ID1	N	chr9R	3.0	ID1_Gray,ID2_Red,ID2_Red	Y' Gain	chr12R[1-2]:ID1_Gray,ID2_Red > chr12R|chr14L|chr15R|chr16L|chr4R:ID2_Red	chr5R1|chr4R3,4,7;chr12R2,3,4,5;chr14L2;chr16L3|chr4R3,4,7;chr12R2,3,4,5;chr14L2;chr16L3	chr12R	donor_transfer	chr12R	False
7172	33	e81d43b3-64a7-48d3-bee5-6a098b2cb7e3	7172_day4_with_selection_repeat	SRR33298428.165639	chr2R	3	ID1,ID2,ID2	N	chr2R	3.0	ID1_Gray,ID2_Red,ID2_Red	Y' Gain	chr12R[1-3]:ID1_Gray,ID2_Red,ID2_Red	chr5R1|chr4R3,4,7;chr12R2,3,4,5;chr14L2;chr16L3|chr4R3,4,7;chr12R2,3,4,5;chr14L2;chr16L3	chr3L	subtelomere_switch	chr12R	False
7172	33	e8e0aa3c-86e7-4b64-88af-21262db25dd8	7172_day4_with_selection	SRR33298429.120791	chr15L	5	ID5,ID2,ID3,ID3,ID3	N	chr15L	5.0	ID5_Blue-Light,ID2_Red,ID3_Orange,ID3_Orange,ID3_Orange	Y' Gain	chr14L[1-3]:ID5_Blue-Light,ID2_Red,ID3_Orange > chr14L[3]:ID3_Orange > chr14L[3]:ID3_Orange	chr14L1|chr4R3,4,7;chr12R2,3,4,5;chr14L2;chr16L3|chr14L3|chr14L3|chr14L3	chr14L	donor_transfer	chr14L	False
7172	33	e9bc29d8-9839-446f-a5b9-33a619476590	7172_day4_with_selection	SRR33298429.576509	chr5R	4	ID3,ID3,ID3,ID1	N	chr5R	4.0	ID1_Gray,ID3_Orange,ID3_Orange,ID3_Orange	Y' Gain	chr14L[3]:ID3_Orange,ID3_Orange,ID3_Orange(circ x3.0 moderate)	chr5R1|chr14L3|chr14L3|chr14L3	chr14L	donor_transfer	chr14L	False
7302	28	e9c75ac2-059b-48c0-b998-3e85b103c147	7302_day3_with_selection	SRR33298450.488923	chr15R	5	ID2,ID2,ID2,ID2,ID2	N	chr15R	5.0	ID2_Red-Dark,ID2_Red-Light,ID2_Red-Light,ID2_Red-Light,ID2_Red-Light	Y' Gain	chr12R[2-5]:ID2_Red-Light,ID2_Red-Light,ID2_Red-Light,ID2_Red-Light	chr15R1|chr4R4,7;chr12R3,4,5;chr14L2|chr4R1,2,3,6|chr4R1,2,3,6|chr12R6	chr12R	donor_transfer	chr12R	False
7302	28	eb140958-28c1-4bbb-b2f9-005c08515832	7302_day3_with_selection	SRR33298450.304959	chr15R	3	ID2,ID2,ID2	N	chr15R	3.0	ID2_Red-Dark,ID2_Red-Light,ID2_Red-Light	Y' Gain	chr4R[1-2]:ID2_Red-Light,ID2_Red-Light	chr15R1|chr4R1,2,3,6|chr4R4,7;chr12R3,4,5;chr14L2	chr4R	donor_transfer	chr4R	False
7172	28	eb22400c-0848-472b-9ba7-d8ffb350bca2	7172_day3_with_selection	SRR33298430.404625	chr6L	4	ID3,ID3,ID2,ID5	N	chr6L	4.0	ID5_Blue-Light,ID2_Red,ID3_Orange,ID3_Orange	1st Y' Change	chr14L[1-3]:ID5_Blue-Light,ID2_Red,ID3_Orange > chr14L[3]:ID3_Orange	chr14L1|chr4R1,2,6;chr16L2|chr14L3|chr14L3	chr14L	subtelomere_switch	chr14L	False
7172	28	ec6d8ad3-ecbb-480f-a89d-84f1f0c26889	7172_day3_with_selection	SRR33298430.449375	chr13R	10	ID6,ID2,ID2,ID2,ID2,ID2,ID2,ID2,ID2,ID1	Y	chr13R	10.0	ID1_Gray,ID2_Red,ID2_Red,ID2_Red,ID2_Red,ID2_Red,ID2_Red,ID2_Red,ID2_Red,ID6_Purple-Dark	Y' Gain	chr12R[1-7]:ID1_Gray,ID2_Red,ID2_Red,ID2_Red,ID2_Red,ID2_Red,ID2_Red > chr12R|chr4R:ID2_Red,ID2_Red > chr10L|chr9L:ID6_Purple-Dark	chr12R1|chr4R1,2,6;chr16L2|chr4R1,2,6;chr16L2|chr4R3,4,7;chr12R2,3,4,5;chr14L2;chr16L3|chr4R3,4,7;chr12R2,3,4,5;chr14L2;chr16L3|chr12R6,8|chr12R7|chr4R3,4,7;chr12R2,3,4,5;chr14L2;chr16L3|chr12R6,8|chr9L1	chr12R	donor_transfer	chr12R > chr10L|chr9L	True
7302	33	ed1ad3d8-fa2a-45c7-8be3-91896c3bce77	7302_day4_with_selection	SRR33298449.40681	chr8L	3	ID8,ID8,ID7	N	chr8L	3.0	ID7_Yellow,ID2_Red-Light,ID2_Red-Light	1st Y' Change	chr13L[1]:ID7_Yellow > chr12R|chr4R:ID2_Red-Light,ID2_Red-Light	chr13L3|chr13L4|chr13L4	chr13L	donor_transfer	chr13L > chr12R|chr4R	True
7172	33	edbbab8b-0ace-4a3f-940d-3a60de4f234d	7172_day4_with_selection_repeat	SRR33298428.275796	chr8L	3	ID1,ID2,ID2	N	chr8L	3.0	ID1_Gray,ID2_Red,ID2_Red	Y' Gain	chr12R|chr4R:ID2_Red,ID2_Red	chr8L1|chr4R1,2,6;chr16L2|chr4R3,4,7;chr12R2,3,4,5;chr14L2;chr16L3	chr12R	donor_transfer_candidates:3	chr12R|chr4R	False
7302	33	efb1d44c-6204-4e61-b1c7-bb257411bda6	7302_day4_with_selection	SRR33298449.338586	chr4R	9	ID2,ID2,ID2,ID2,ID2,ID2,ID2,ID2,ID2	N	chr4R	9.0	ID2_Red-Light,ID2_Red-Light,ID2_Red-Light,ID2_Red-Light,ID2_Red-Light,ID2_Red-Light,ID2_Red-Light,ID2_Red-Light,ID2_Red-Light	Y' Gain	self[4-5]:ID2_Red-Light,ID2_Red-Light	chr4R1,2,3,6|chr4R4,7;chr12R3,4,5;chr14L2|chr4R1,2,3,6|chr4R4,7;chr12R3,4,5;chr14L2|chr4R5|chr4R4,7;chr12R3,4,5;chr14L2|chr4R5|chr4R1,2,3,6|chr4R1,2,3,6	chr4R	tandem_amplification_same_end	chr4R	False
7172	33	f2ff864b-6503-49b8-a97d-5ae3fd95afff	7172_day4_with_selection	SRR33298429.160226	chr1L	2	ID2,ID4	Y	chr1L	2.0	ID4_Green-Light,ID2_Red	Y' Gain	chr2L|chr6L:ID4_Green-Light > chr12R|chr14L|chr15R|chr16L|chr4R:ID2_Red	chr6L1|chr4R1,2,6;chr16L2	chr14	unmatched_array	chr2L|chr6L > chr12R|chr14L|chr15R|chr16L|chr4R	True
7172	33	f3474c80-07e1-4bad-8803-38f0fa50ab1d	7172_day4_with_selection_repeat	SRR33298428.145526	chr11R	3	ID4,ID2,ID5	Y	chr11R	3.0	ID5_Blue-Dark,ID2_Red,ID4_Green-Light	Y' Gain	chr16L[1-2]:ID5_Blue-Dark,ID2_Red > chr2L|chr6L:ID4_Green-Light	chr16L1|chr4R3,4,7;chr12R2,3,4,5;chr14L2;chr16L3|chr2L1	chr16L	donor_transfer	chr16L > chr2L|chr6L	True
7172	28	f3714def-e5dd-488a-92bf-8d23858a629a	7172_day3_with_selection	SRR33298430.263721	chr3R	3	ID3,ID2,ID5	N	chr3R	3.0	ID5_Blue-Light,ID2_Red,ID3_Orange	Y' Gain	chr14L[1-3]:ID5_Blue-Light,ID2_Red,ID3_Orange	chr14L1|chr4R1,2,6;chr16L2|chr14L3	chr14L	donor_transfer	chr14L	False
7302	28	f3ec9b2f-6220-4f71-a848-9f62e5c91389	7302_day3_with_selection	SRR33298450.420986	chr6L	3	ID8,ID7,ID4	N	chr6L	3.0	ID4_Green-Dark,ID7_Yellow,ID2_Red-Light	Y' Gain	chr13L[1-2]:ID7_Yellow,ID2_Red-Light	chr6L1|chr13L3|chr13L4	chr13L	donor_transfer	chr13L	False
7302	28	f43e22b7-0ab1-45a7-9643-5bb56e56e677	7302_day3_with_selection	SRR33298450.317089	chr12L	3	ID8,ID7,ID1	N	chr12L	3.0	ID1_Gray,ID7_Yellow,ID2_Red-Light	Y' Gain	chr13L[1-2]:ID7_Yellow,ID2_Red-Light	chr12L1|chr13L3|chr13L4	chr13L	donor_transfer	chr13L	False
7302	33	f4907755-64c1-44fa-a46e-1ec5fa0ed2bf	7302_day4_with_selection	SRR33298449.399579	chr13L	8	ID7,ID8,ID7,ID7,ID8,ID7,ID8,ID7	N	chr13L	8.0	ID7_Yellow,ID2_Red-Light,ID7_Yellow,ID2_Red-Light,ID7_Yellow,ID7_Yellow,ID2_Red-Light,ID7_Yellow	Y' Gain	self[1-3]:ID7_Yellow,ID7_Yellow,ID2_Red-Light,ID7_Yellow(circ x1.3 moderate | alt chr13L[1] + chr13L[1-3])	chr13L3|chr13L4|chr13L3|chr13L4|chr13L3|chr13L3|chr13L4|chr13L3	chr13L	tandem_amplification_same_end	chr13L	False
7302	28	f71fea52-ae6c-4894-a461-22be38881ca9	7302_day3_with_selection	SRR33298450.336080	chr11R	4	ID8,ID7,ID8,ID7	N	chr11R	4.0	ID7_Yellow,ID2_Red-Light,ID7_Yellow,ID2_Red-Light	Y' Gain	chr13L[1-4]:ID7_Yellow,ID2_Red-Light,ID7_Yellow,ID2_Red-Light	chr13L3|chr13L4|chr13L3|chr13L4	chr13L	donor_transfer	chr13L	False
7172	33	f82ca737-29b2-4e10-9b5b-4073001a575a	7172_day4_with_selection	SRR33298429.127478	chr4R	9	ID2,ID2,ID2,ID2,ID2,ID2,ID2,ID2,ID2	N	chr4R	7.0	ID2_Red,ID2_Red,ID2_Red,ID2_Red,ID2_Red,ID2_Red,ID2_Red	No Change		chr4R1,2,6;chr16L2|chr4R1,2,6;chr16L2|chr4R3,4,7;chr12R2,3,4,5;chr14L2;chr16L3|chr4R3,4,7;chr12R2,3,4,5;chr14L2;chr16L3|chr4R5|chr4R3,4,7;chr12R2,3,4,5;chr14L2;chr16L3|chr4R3,4,7;chr12R2,3,4,5;chr14L2;chr16L3				
7302	33	f91943bc-c5f3-4e31-98ab-05a6842a1565	7302_day4_with_selection	SRR33298449.67876	chr5R	4	ID3,ID3,ID3,ID1	N	chr5R	4.0	ID1_Gray,ID3_Orange,ID3_Orange,ID3_Orange	Y' Gain	chr14L[3-5]:ID3_Orange,ID3_Orange,ID3_Orange	chr5R1|chr14L3,4,5|chr14L3,4,5|chr14L3,4,5	chr14L	donor_transfer	chr14L	False
7172	33	fa272ca5-e88f-4f3a-ac57-cf215b1f89c3	7172_day4_with_selection_repeat	SRR33298428.186371	chr11R	4	ID2,ID2,ID2,ID2	N	chr11R	4.0	ID2_Red,ID2_Red,ID2_Red,ID2_Red	Y' Gain	chr4R[1-4]:ID2_Red,ID2_Red,ID2_Red,ID2_Red	chr4R3,4,7;chr12R2,3,4,5;chr14L2;chr16L3|chr4R3,4,7;chr12R2,3,4,5;chr14L2;chr16L3|chr4R1,2,6;chr16L2|chr4R3,4,7;chr12R2,3,4,5;chr14L2;chr16L3	chr4R	donor_transfer	chr4R	False
7302	28	fb19124b-d0a5-4522-880a-0ec297cdf2fd	7302_day3_with_selection	SRR33298450.531449	chr13R	6	ID3,ID3,ID3,ID3,ID2,ID5	N	chr13R	6.0	ID5_Blue-Dark,ID2_Red-Light,ID3_Orange,ID3_Orange,ID3_Orange,ID3_Orange	Y' Gain	chr16L|chr7R:ID5_Blue-Dark > chr14L[2-5]:ID2_Red-Light,ID3_Orange,ID3_Orange,ID3_Orange > chr14L[3]:ID3_Orange	chr16L1|chr4R4,7;chr12R3,4,5;chr14L2|chr14L3,4,5|chr14L3,4,5|chr14L3,4,5|chr14L3,4,5	chr14L	subtelomere_switch	chr16L|chr7R > chr14L	True
7172	33	fc7d7664-d085-4ddb-a572-90418cf5ef2a	7172_day4_with_selection_repeat	SRR33298428.109313	chr13L	3	ID2,ID2,ID1	N	chr13L	3.0	ID1_Gray,ID2_Red,ID2_Red	Y' Gain	chr12R[6-7]:ID2_Red,ID2_Red	chr13L1|chr12R7|chr12R6,8	chr12R	donor_transfer	chr12R	False
7302	28	fcdcd0c0-42a6-458c-ae4e-ed843ddea1b2	7302_day3_with_selection	SRR33298450.500957	chr11R	4	ID7,ID8,ID7,ID8	N	chr11R	4.0	ID7_Yellow,ID2_Red-Light,ID7_Yellow,ID2_Red-Light	Y' Gain	chr13L[1-3]:ID7_Yellow,ID2_Red-Light,ID7_Yellow > chr12R|chr13L|chr14L|chr4R:ID2_Red-Light	chr13L3|chr13L4|chr13L3|chr13L4	chr13L	donor_transfer	chr13L	False
7172	28	fd13b0dd-9293-4cbc-9f7b-1086e0912e0e	7172_day3_with_selection	SRR33298430.450280	chr14L	6	ID2,ID3,ID2,ID3,ID2,ID5	N	chr14L	6.0	ID5_Blue-Dark,ID2_Red,ID3_Orange,ID2_Red,ID3_Orange,ID2_Red	1st Y' Change	chr7R?[1]:ID5_Blue-Dark > self[2-3]:ID2_Red,ID3_Orange,ID2_Red,ID3_Orange,ID2_Red(circ x2.5 strong)	chr16L1|chr4R3,4,7;chr12R2,3,4,5;chr14L2;chr16L3|chr14L3|chr4R3,4,7;chr12R2,3,4,5;chr14L2;chr16L3|chr14L3|chr4R1,2,6;chr16L2	chr14L	tandem_amplification_same_end	chr7R > chr14L	True
7302	33	fd52549c-8cdd-4b91-b3df-e2ad74363237	7302_day4_with_selection	SRR33298449.399655	chr12L	7	ID3,ID2,ID2,ID2,ID2,ID2,ID2	N	chr12L	7.0	ID3_Orange,ID2_Red-Light,ID2_Red-Light,ID2_Red-Light,ID2_Red-Light,ID2_Red-Light,ID2_Red-Light	1st Y' Change	chr14L[3]:ID3_Orange > chr12R|chr13L|chr14L|chr4R:ID2_Red-Light,ID2_Red-Light,ID2_Red-Light,ID2_Red-Light,ID2_Red-Light,ID2_Red-Light(circ x6.0)	chr14L3,4,5|chr4R1,2,3,6|chr4R1,2,3,6|chr4R1,2,3,6|chr4R1,2,3,6|chr4R4,7;chr12R3,4,5;chr14L2|chr12R6	chr14L	donor_transfer	chr14L	False
7302	28	fe48a918-fbde-435a-b36a-e49a7a72de95	7302_day3_with_selection	SRR33298450.26211	chr3R	4	ID8,ID7,ID8,ID7	N	chr3R	4.0	ID7_Yellow,ID2_Red-Light,ID7_Yellow,ID2_Red-Light	Y' Gain	chr13L[1-4]:ID7_Yellow,ID2_Red-Light,ID7_Yellow,ID2_Red-Light	chr13L3|chr13L4|chr13L3|chr13L4	chr13L	donor_transfer	chr13L	False
7172	33	fef62010-e6b2-4ff0-9859-8105943820e4	7172_day4_with_selection_repeat	SRR33298428.130354	chr7R	3	ID2,ID2,ID5	N	chr7R	3.0	ID5_Blue-Dark,ID2_Red,ID2_Red	Y' Gain	chr16L|chr4R:ID2_Red,ID2_Red	chr16L1|chr4R3,4,7;chr12R2,3,4,5;chr14L2;chr16L3|chr4R3,4,7;chr12R2,3,4,5;chr14L2;chr16L3	chr12R	donor_transfer_candidates:3	chr16L|chr4R	False
7302	28	feffd4e4-b2bb-460d-a1ec-b7da25bd29d0	7302_day3_with_selection	SRR33298450.57170	chr13L	7	ID7,ID8,ID7,ID8,ID7,ID8,ID7	N	chr13L	7.0	ID7_Yellow,ID2_Red-Light,ID7_Yellow,ID2_Red-Light,ID7_Yellow,ID2_Red-Light,ID7_Yellow	Y' Gain	self[1-3]:ID7_Yellow,ID2_Red-Light,ID7_Yellow	chr13L3|chr13L4|chr13L3|chr13L4|chr13L3|chr13L4|chr13L3	chr13L	tandem_amplification_same_end	chr13L	False
7172	33	ff735532-11f1-4d8f-8ecb-d34839ba6671	7172_day4_with_selection_repeat	SRR33298428.306050	chr5R	3	ID2,ID5,ID1	N	chr5R	3.0	ID1_Gray,ID5_Blue-Dark,ID2_Red	Y' Gain	chr16L|chr7R:ID5_Blue-Dark > chr12R|chr14L|chr15R|chr16L|chr4R:ID2_Red	chr5R1|chr7R1|chr4R1,2,6;chr16L2	chr16L	donor_transfer	chr16L	False
7172	28	ffd9f90d-1795-4259-ba4a-0c93761010b6	7172_day3_with_selection	SRR33298430.317913	chr2R	7	ID2,ID2,ID2,ID2,ID2,ID2,ID2	N	chr2R	7.0	ID2_Red,ID2_Red,ID2_Red,ID2_Red,ID2_Red,ID2_Red,ID2_Red	Y' Gain	chr4R[1-7]:ID2_Red,ID2_Red,ID2_Red,ID2_Red,ID2_Red,ID2_Red,ID2_Red	chr4R3,4,7;chr12R2,3,4,5;chr14L2;chr16L3|chr4R1,2,6;chr16L2|chr4R1,2,6;chr16L2|chr4R3,4,7;chr12R2,3,4,5;chr14L2;chr16L3|chr4R5|chr4R1,2,6;chr16L2|chr4R3,4,7;chr12R2,3,4,5;chr14L2;chr16L3	chr4R	donor_transfer	chr4R	False
