strain	sample	read_id	chr_end	copy	expected_element	expected_group	donor_element	donor_group	split_anchor_bp	split_telo_bp	split_total_bp	split_pct_from_anchor	program_assigned_yprime	program_status	program_source	program_mechanism	program_path	anchorHalf_vs_expected	anchorHalf_vs_donor	anchor_margin	teloHalf_vs_expected	teloHalf_vs_donor	telo_margin	pair_longest_homology_bp	pair_homology_identity	evidence	explanation	telo_side
6991	6991_day0	SRR33298461.57209	chr10L	1/1	chr10L-1	G7	chr7R-1	G8	4201	2700	6901	60.9	E-chr7R-1	1st Y' Change	chr7R	donor_transfer	chr7R[1]:E-chr7R-1	99.15%	97.54%	+1.61	94.52%	98.63%	+4.11	5010	97.15%	strong	mid-Y' recombination (both halves favour the right reference)	beginning
6991	6991_day0	SRR33298461.181020	chr6L	1/1	chr6L-1	G1	chr13L-1	G2	2368	3450	5818	40.7	E-chr13L-1	1st Y' Change	chr13L	donor_transfer	chr13L[1]:E-chr13L-1	97.55%	95.20%	+2.35	95.35%	98.58%	+3.23	3884	97.27%	strong	mid-Y' recombination (both halves favour the right reference)	beginning
6991	6991_day0_TeloTag	SRR33298460.274149	chr14R	1/1	chr14R-1	G11	chr14L-1	G9	4209	2775	6984	60.3	E-chr14L-1	1st Y' Change	chr14L	donor_transfer	chr14L[1]:E-chr14L-1	98.92%	96.54%	+2.38	94.47%	98.15%	+3.68	4973	96.70%	strong	mid-Y' recombination (both halves favour the right reference)	beginning
6991	6991_day0_TeloTag	SRR33298460.568401	chr14R	1/1	chr14R-1	G11	chr14L-1	G9	4125	2829	6954	59.3	E-chr14L-1	1st Y' Change	chr14L	donor_transfer	chr14L[1]:E-chr14L-1	99.52%	97.13%	+2.39	95.38%	98.66%	+3.28	4973	96.70%	strong	mid-Y' recombination (both halves favour the right reference)	end
6991	6991_day0_TeloTag_with_selection	SRR33298434.94939	chr2L	1/1	chr2L-1	G1	chr16L-1	G8	1435	5475	6910	20.8	E-chr16L-1	1st Y' Change	chr16L	donor_transfer	chr16L[1]:E-chr16L-1	99.25%	95.53%	+3.72	95.69%	98.24%	+2.55	2047	97.36%	strong	mid-Y' recombination (both halves favour the right reference)	beginning
6991	6991_day0_TeloTag_with_selection	SRR33298434.226995	chr5L	1/1	chr5L-1	G12	chr12R-1	G11	4232	2475	6707	63.1	E-chr12R-1	1st Y' Change	chr12R	donor_transfer	chr12R[1]:E-chr12R-1	99.40%	97.88%	+1.52	95.20%	97.68%	+2.48	4719	97.03%	strong	mid-Y' recombination (both halves favour the right reference)	beginning
6991	6991_day0_TeloTag_with_selection	SRR33298434.116145	chr5L	1/1	chr5L-1	G12	chr12R-1	G11	4050	2576	6626	61.1	E-chr12R-1	1st Y' Change	chr12R	donor_transfer	chr12R[1]:E-chr12R-1	99.19%	97.64%	+1.55	96.22%	98.47%	+2.25	4719	97.03%	strong	mid-Y' recombination (both halves favour the right reference)	end
6991	6991_day0_TeloTag_with_selection	SRR33298434.164214	chr7R	1/1	chr7R-1	G8	chr14R-1	G10	4212	2775	6987	60.3	E-chr14R-1	1st Y' Change	chr14R	donor_transfer	chr14R[1]:E-chr14R-1	96.47%	94.34%	+2.13	92.94%	97.10%	+4.16	4973	96.70%	strong	mid-Y' recombination (both halves favour the right reference)	beginning
6991	6991_day0_TeloTag_with_selection	SRR33298434.515556	chr8R	1/1	chr8R-1	G3	chr14R-1	G10	1200	5719	6919	17.3	E-chr14R-1	1st Y' Change	chr14R	donor_transfer	chr14R[1]:E-chr14R-1	99.50%	93.61%	+5.89	95.88%	99.22%	+3.34	1960	96.53%	strong	mid-Y' recombination (both halves favour the right reference)	end
6991	6991_day0_reference	SRR33298378.265251	chr13L	1/1	chr13L-1	G2	chr2L-1	G1	2700	3578	6278	43.0	E-chr2L-1	1st Y' Change	chr2L	donor_transfer	chr2L[1]:E-chr2L-1	98.37%	96.55%	+1.82	94.48%	97.56%	+3.08	3883	97.12%	strong	mid-Y' recombination (both halves favour the right reference)	end
6991	6991_day0_reference	SRR33298378.240117	chr14R	1/1	chr14R-1	G10	chr5L-1	G12	1725	5163	6888	25.0	E-chr5L-1	1st Y' Change	chr5L	donor_transfer	chr5L[1]:E-chr5L-1	98.36%	90.09%	+8.27	94.66%	98.30%	+3.64	2842	96.23%	strong	mid-Y' recombination (both halves favour the right reference)	end
6991	6991_day0_reference	SRR33298378.306956	chr14R	1/1	chr14R-1	G10	chr15R-1	G8	1430	5550	6980	20.5	E-chr15R-1	1st Y' Change	chr15R	donor_transfer	chr15R[1]:E-chr15R-1	98.50%	94.56%	+3.94	95.80%	99.21%	+3.41	4978	96.50%	strong	mid-Y' recombination (both halves favour the right reference)	beginning
6991	6991_day0_reference	SRR33298378.305547	chr16L	1/1	chr16L-1	G8	chr5L-1	G12	900	5945	6845	13.1	E-chr5L-1	1st Y' Change	chr5L	donor_transfer	chr5L[1]:E-chr5L-1	98.20%	90.88%	+7.32	94.99%	99.01%	+4.02	2925	95.93%	strong	mid-Y' recombination (both halves favour the right reference)	end
6991	6991_day0_reference	SRR33298378.400808	chr16R	1/1	chr16R-1	G6	chr14L-5	G2	2175	3353	5528	39.3	E-chr14L-5	1st Y' Change	chr14L	donor_transfer	chr14L[5]:E-chr14L-5	97.99%	96.39%	+1.60	94.40%	97.30%	+2.90	3588	98.55%	strong	mid-Y' recombination (both halves favour the right reference)	end
6991	6991_day0_reference	SRR33298378.334381	chr5L	1/1	chr5L-1	G12	chr5R-1	G9	1858	4875	6733	27.6	E-chr5R-1	1st Y' Change	chr5R	donor_transfer	chr5R[1]:E-chr5R-1	96.13%	93.55%	+2.58	93.48%	97.28%	+3.80	2925	95.97%	strong	mid-Y' recombination (both halves favour the right reference)	beginning
6991	6991_day0_reference	SRR33298378.151924	chr6L	1/1	chr6L-1	G1	chr14L-5	G2	2477	3375	5852	42.3	E-chr14L-5	1st Y' Change	chr14L	donor_transfer	chr14L[5]:E-chr14L-5	98.95%	96.76%	+2.19	95.07%	98.56%	+3.49	3884	97.35%	strong	mid-Y' recombination (both halves favour the right reference)	beginning
6991	6991_day0_reference	SRR33298378.95349	chr6L	1/1	chr6L-1	G1	chr13L-1	G2	2175	3506	5681	38.3	E-chr13L-1	1st Y' Change	chr13L	donor_transfer	chr13L[1]:E-chr13L-1	99.24%	97.61%	+1.63	95.74%	98.96%	+3.22	3884	97.27%	strong	mid-Y' recombination (both halves favour the right reference)	end
6991	6991_day0_reference	SRR33298378.180346	chr6L	1/1	chr6L-1	G1	chr14L-5	G2	2250	3402	5652	39.8	E-chr14L-5	1st Y' Change	chr14L	donor_transfer	chr14L[5]:E-chr14L-5	98.99%	96.75%	+2.24	95.79%	98.72%	+2.93	3884	97.35%	strong	mid-Y' recombination (both halves favour the right reference)	end
6991	6991_day0_reference	SRR33298378.296817	chr6L	1/1	chr6L-1	G1	chr14L-5	G2	2994	2775	5769	51.9	E-chr14L-5	1st Y' Change	chr14L	donor_transfer	chr14L[5]:E-chr14L-5	98.95%	97.03%	+1.92	96.53%	99.56%	+3.03	3884	97.35%	strong	mid-Y' recombination (both halves favour the right reference)	beginning
6991	6991_day0_reference_promethion	SRR33298377.267122	chr13L	1/1	chr13L-1	G2	chr2L-1	G1	1183	5175	6358	18.6	E-chr2L-1	1st Y' Change	chr2L	donor_transfer	chr2L[1]:E-chr2L-1	97.50%	93.10%	+4.40	94.49%	96.56%	+2.07	3883	97.12%	strong	mid-Y' recombination (both halves favour the right reference)	beginning
6991	6991_day0_reference_promethion	SRR33298377.125819	chr13L	1/1	chr13L-1	G2	chr2L-1	G1	1200	5095	6295	19.1	E-chr2L-1	1st Y' Change	chr2L	donor_transfer	chr2L[1]:E-chr2L-1	98.61%	93.90%	+4.71	94.64%	96.83%	+2.19	3883	97.12%	strong	mid-Y' recombination (both halves favour the right reference)	end
6991	6991_day0_reference_promethion	SRR33298377.534605	chr16R	1/1	chr16R-1	G6	chr13L-1	G2	2175	3376	5551	39.2	E-chr13L-1	1st Y' Change	chr13L	donor_transfer	chr13L[1]:E-chr13L-1	98.44%	96.94%	+1.50	94.75%	97.73%	+2.98	3588	98.61%	strong	mid-Y' recombination (both halves favour the right reference)	end
6991	6991_day0_with_selection	SRR33298395.1154314	chr10L	1/1	chr10L-1	G7	chr16L-1	G8	2057	4950	7007	29.4	E-chr16L-1	1st Y' Change	chr16L	donor_transfer	chr16L[1]:E-chr16L-1	92.33%	90.32%	+2.01	90.91%	94.31%	+3.40	5010	97.13%	strong	mid-Y' recombination (both halves favour the right reference)	beginning
6991	6991_day0_with_selection	SRR33298395.850311	chr10L	1/1	chr10L-1	G7	chr16L-1	G8	2035	4950	6985	29.1	E-chr16L-1	1st Y' Change	chr16L	donor_transfer	chr16L[1]:E-chr16L-1	98.90%	96.76%	+2.14	96.31%	99.42%	+3.11	5010	97.13%	strong	mid-Y' recombination (both halves favour the right reference)	beginning
6991	6991_day0_with_selection	SRR33298395.1509441	chr10L	1/1	chr10L-1	G7	chr7R-1	G8	4425	2483	6908	64.1	E-chr7R-1	1st Y' Change	chr7R	donor_transfer	chr7R[1]:E-chr7R-1	99.48%	97.93%	+1.55	95.10%	99.75%	+4.65	5010	97.15%	strong	mid-Y' recombination (both halves favour the right reference)	end
6991	6991_day0_with_selection	SRR33298395.1158890	chr10L	1/1	chr10L-1	G7	chr13L-1	G2	1236	4500	5736	21.5	E-chr13L-1	1st Y' Change	chr13L	donor_transfer	chr13L[1]:E-chr13L-1	99.80%	95.56%	+4.24	95.10%	99.01%	+3.91	2058	95.67%	strong	mid-Y' recombination (both halves favour the right reference)	beginning
6991	6991_day0_with_selection	SRR33298395.1438229	chr13L	1/1	chr13L-1	G2	chr2L-1	G1	2704	3675	6379	42.4	E-chr2L-1	1st Y' Change	chr6L	subtelomere_switch	chr2L[1]:E-chr2L-1	99.68%	97.86%	+1.82	96.27%	99.26%	+2.99	3883	97.12%	strong	mid-Y' recombination (both halves favour the right reference)	beginning
6991	6991_day0_with_selection	SRR33298395.1400154	chr13L	1/1	chr13L-1	G2	chr2L-1	G1	3900	2475	6375	61.2	E-chr2L-1	1st Y' Change	chr2L	donor_transfer	chr2L[1]:E-chr2L-1	99.51%	97.37%	+2.14	96.51%	99.66%	+3.15	3883	97.12%	strong	mid-Y' recombination (both halves favour the right reference)	beginning
6991	6991_day0_with_selection	SRR33298395.836889	chr13L	1/1	chr13L-1	G2	chr2L-1	G1	1205	5175	6380	18.9	E-chr2L-1	1st Y' Change	chr2L	donor_transfer	chr2L[1]:E-chr2L-1	99.79%	95.42%	+4.37	96.22%	98.93%	+2.71	3883	97.12%	strong	mid-Y' recombination (both halves favour the right reference)	beginning
6991	6991_day0_with_selection	SRR33298395.705953	chr13L	1/1	chr13L-1	G2	chr2L-1	G1	2700	3632	6332	42.6	E-chr2L-1	1st Y' Change	chr6L	subtelomere_switch	chr2L[1]:E-chr2L-1	99.16%	97.38%	+1.78	96.74%	99.28%	+2.54	3883	97.12%	strong	mid-Y' recombination (both halves favour the right reference)	end
6991	6991_day0_with_selection	SRR33298395.931252	chr13L	1/1	chr13L-1	G2	chr2L-1	G1	2700	3597	6297	42.9	E-chr2L-1	1st Y' Change	chr6L	subtelomere_switch	chr2L[1]:E-chr2L-1	99.12%	97.14%	+1.98	96.27%	98.91%	+2.64	3883	97.12%	strong	mid-Y' recombination (both halves favour the right reference)	end
6991	6991_day0_with_selection	SRR33298395.614488	chr14R	1/1	chr14R-1	G11	chr7R-1	G8	2798	4200	6998	40.0	E-chr7R-1	1st Y' Change	chr7R	donor_transfer	chr7R[1]:E-chr7R-1	98.24%	95.31%	+2.93	95.33%	98.39%	+3.06	4973	96.70%	strong	mid-Y' recombination (both halves favour the right reference)	beginning
6991	6991_day0_with_selection	SRR33298395.349274	chr14R	1/1	chr14R-1	G11	chr7R-1	G8	4141	2850	6991	59.2	E-chr7R-1	1st Y' Change	chr7R	donor_transfer	chr7R[1]:E-chr7R-1	98.08%	95.79%	+2.29	93.32%	96.47%	+3.15	4973	96.70%	strong	mid-Y' recombination (both halves favour the right reference)	beginning
6991	6991_day0_with_selection	SRR33298395.279078	chr14R	1/1	chr14R-1	G11	chr7R-1	G8	2775	4142	6917	40.1	E-chr7R-1	1st Y' Change	chr7R	donor_transfer	chr7R[1]:E-chr7R-1	99.15%	96.15%	+3.00	92.85%	96.74%	+3.89	4973	96.70%	strong	mid-Y' recombination (both halves favour the right reference)	end
6991	6991_day0_with_selection	SRR33298395.1459324	chr14R	1/1	chr14R-1	G11	chr7R-1	G8	4200	2655	6855	61.3	E-chr7R-1	1st Y' Change	chr7R	donor_transfer	chr7R[1]:E-chr7R-1	94.04%	92.12%	+1.92	92.49%	94.87%	+2.38	4973	96.70%	strong	mid-Y' recombination (both halves favour the right reference)	end
6991	6991_day0_with_selection	SRR33298395.1099939	chr16L	1/1	chr16L-1	G8	chr10L-1	G7	4200	3071	7271	57.8	E-chr10L-1	1st Y' Change	chr10L	donor_transfer	chr10L[1]:E-chr10L-1	99.38%	97.83%	+1.55	94.57%	99.17%	+4.60	5010	97.13%	strong	mid-Y' recombination (both halves favour the right reference)	end
6991	6991_day0_with_selection	SRR33298395.517366	chr16R	1/1	chr16R-1	G6	chr14L-4	G2	2180	3375	5555	39.2	E-chr14L-4	1st Y' Change	chr14L	donor_transfer	chr14L[4]:E-chr14L-4	99.95%	98.31%	+1.64	96.76%	99.42%	+2.66	3588	98.55%	strong	mid-Y' recombination (both halves favour the right reference)	beginning
6991	6991_day0_with_selection	SRR33298395.555288	chr16R	1/1	chr16R-1	G6	chr13L-1	G2	2175	3361	5536	39.3	E-chr13L-1	1st Y' Change	chr13L	donor_transfer	chr13L[1]:E-chr13L-1	99.85%	98.23%	+1.62	96.76%	99.28%	+2.52	3588	98.61%	strong	mid-Y' recombination (both halves favour the right reference)	end
6991	6991_day0_with_selection	SRR33298395.1657397	chr5R	1/1	chr5R-1	G9	chr10L-1	G7	4208	3000	7208	58.4	E-chr10L-1	1st Y' Change	chr10L	donor_transfer	chr10L[1]:E-chr10L-1	98.64%	96.96%	+1.68	94.85%	98.60%	+3.75	4999	96.86%	strong	mid-Y' recombination (both halves favour the right reference)	beginning
6991	6991_day0_with_selection	SRR33298395.580888	chr5R	1/1	chr5R-1	G9	chr10L-1	G7	1575	5562	7137	22.1	E-chr10L-1	1st Y' Change	chr10L	donor_transfer	chr10L[1]:E-chr10L-1	98.68%	95.28%	+3.40	95.72%	98.94%	+3.22	4999	96.86%	strong	mid-Y' recombination (both halves favour the right reference)	end
6991	6991_day0_with_selection	SRR33298395.319132	chr6L	1/1	chr6L-1	G1	chr14L-4	G2	2476	3375	5851	42.3	E-chr14L-4	1st Y' Change	chr14L	donor_transfer	chr14L[4]:E-chr14L-4	99.11%	96.96%	+2.15	96.81%	98.92%	+2.11	3884	97.35%	strong	mid-Y' recombination (both halves favour the right reference)	beginning
6991	6991_day0_with_selection	SRR33298395.1011445	chr6L	1/1	chr6L-1	G1	chr14L-5	G2	2325	3465	5790	40.2	E-chr14L-5	1st Y' Change	chr14L	donor_transfer	chr14L[5]:E-chr14L-5	93.64%	91.68%	+1.96	92.47%	94.19%	+1.72	3884	97.35%	strong	mid-Y' recombination (both halves favour the right reference)	end
6991	6991_day0_with_selection_repeat	SRR33298373.545529	chr10L	1/1	chr10L-1	G7	chr16L-1	G8	2925	4057	6982	41.9	E-chr16L-1	1st Y' Change	chr16L	donor_transfer	chr16L[1]:E-chr16L-1	99.93%	97.99%	+1.94	95.78%	98.58%	+2.80	5010	97.13%	strong	mid-Y' recombination (both halves favour the right reference)	end
6991	6991_day0_with_selection_repeat	SRR33298373.1520960	chr13L	1/1	chr13L-1	G2	chr2L-1	G1	3071	3300	6371	48.2	E-chr2L-1	1st Y' Change	chr2L	donor_transfer	chr2L[1]:E-chr2L-1	99.44%	97.20%	+2.24	96.02%	99.27%	+3.25	3883	97.12%	strong	mid-Y' recombination (both halves favour the right reference)	beginning
6991	6991_day0_with_selection_repeat	SRR33298373.8939	chr13L	1/1	chr13L-1	G2	chr2L-1	G1	2700	3646	6346	42.5	E-chr2L-1	1st Y' Change	chr2L	donor_transfer	chr2L[1]:E-chr2L-1	99.92%	97.45%	+2.47	96.17%	99.45%	+3.28	3883	97.12%	strong	mid-Y' recombination (both halves favour the right reference)	end
6991	6991_day0_with_selection_repeat	SRR33298373.1266643	chr14R	1/1	chr14R-1	G10	chr14L-1	G8	4200	2804	7004	60.0	E-chr14L-1	1st Y' Change	chr14L	donor_transfer	chr14L[1]:E-chr14L-1	99.18%	96.81%	+2.37	94.76%	98.63%	+3.87	4973	96.70%	strong	mid-Y' recombination (both halves favour the right reference)	end
6991	6991_day0_with_selection_repeat	SRR33298373.942862	chr14R	1/1	chr14R-1	G10	chr13L-1	G2	1114	4725	5839	19.1	E-chr13L-1	1st Y' Change	chr13L	donor_transfer	chr13L[1]:E-chr13L-1	99.66%	94.63%	+5.03	95.65%	99.70%	+4.05	1974	95.90%	strong	mid-Y' recombination (both halves favour the right reference)	beginning
6991	6991_day0_with_selection_repeat2	SRR33298384.498901	chr10L	1/1	chr10L-1	G7	chr7R-1	G8	4200	2794	6994	60.1	E-chr7R-1	1st Y' Change	chr7R	donor_transfer	chr7R[1]:E-chr7R-1	99.68%	98.13%	+1.55	94.86%	99.65%	+4.79	5010	97.15%	strong	mid-Y' recombination (both halves favour the right reference)	end
6991	6991_day0_with_selection_repeat2	SRR33298384.285744	chr14R	1/1	chr14R-1	G10	chr6L-1	G1	1052	5325	6377	16.5	E-chr6L-1	1st Y' Change	chr6L	donor_transfer	chr6L[1]:E-chr6L-1	99.51%	93.51%	+6.00	96.23%	99.63%	+3.40	1963	96.23%	strong	mid-Y' recombination (both halves favour the right reference)	beginning
6991	6991_day0_with_selection_repeat2	SRR33298384.129326	chr15R	1/1	chr15R-1	G8	chr9L-1	G7	1350	5868	7218	18.7	E-chr9L-1	1st Y' Change	chr9L	donor_transfer	chr9L[1]:E-chr9L-1	100.00%	96.39%	+3.61	96.03%	99.23%	+3.20	5016	96.89%	strong	mid-Y' recombination (both halves favour the right reference)	end
6991	6991_day0_with_selection_repeat2	SRR33298384.538094	chr16R	1/1	chr16R-1	G6	chr13L-1	G2	2221	3375	5596	39.7	E-chr13L-1	1st Y' Change	chr13L	donor_transfer	chr13L[1]:E-chr13L-1	98.24%	96.64%	+1.60	95.40%	98.24%	+2.84	3588	98.61%	strong	mid-Y' recombination (both halves favour the right reference)	beginning
6991	6991_day0_with_selection_repeat2	SRR33298384.248800	chr16R	1/1	chr16R-1	G6	chr14L-5	G2	2175	3284	5459	39.8	E-chr14L-5	1st Y' Change	chr14L	donor_transfer	chr14L[5]:E-chr14L-5	100.00%	98.39%	+1.61	96.51%	99.29%	+2.78	3588	98.55%	strong	mid-Y' recombination (both halves favour the right reference)	end
6991	6991_day0	SRR33298461.44252	chr13L	1/1	chr13L-1	G2	chr2L-1	G1	4633	1500	6133	75.5	E-chr2L-1	1st Y' Change	chr2L	donor_transfer	chr2L[1]:E-chr2L-1	97.12%	94.52%	+2.60	95.59%	95.74%	+0.15	3883	97.12%	weak	mid-Y' recombination (correct direction, margins < 1.5 %)	beginning
6991	6991_day0_TeloTag	SRR33298460.128649	chr7R	1/1	chr7R-1	G9	chr5R-1	G10	609	6450	7059	8.6	E-chr5R-1	1st Y' Change	chr5R	donor_transfer	chr5R[1]:E-chr5R-1	97.36%	90.20%	+7.16	97.32%	98.22%	+0.90	6657	98.78%	weak	mid-Y' recombination (correct direction, margins < 1.5 %)	beginning
6991	6991_day0_reference	SRR33298378.55891	chr12L	1/1	chr12L-1	G4	chr16R-1	G6	2475	3098	5573	44.4	E-chr16R-1	1st Y' Change	chr16R	donor_transfer	chr16R[1]:E-chr16R-1	98.91%	97.52%	+1.39	96.03%	96.12%	+0.09	3589	98.41%	weak	mid-Y' recombination (correct direction, margins < 1.5 %)	end
6991	6991_day0_reference	SRR33298378.479559	chr12L	1/1	chr12L-1	G4	chr13L-1	G2	2400	3161	5561	43.2	E-chr13L-1	1st Y' Change	chr13L	donor_transfer	chr13L[1]:E-chr13L-1	98.59%	98.14%	+0.45	97.84%	98.67%	+0.83	5188	99.17%	weak	mid-Y' recombination (correct direction, margins < 1.5 %)	end
6991	6991_day0_reference	SRR33298378.9482	chr14R	1/1	chr14R-1	G10	chr9L-1	G7	3075	4156	7231	42.5	E-chr9L-1	1st Y' Change	chr9L	donor_transfer	chr9L[1]:E-chr9L-1	99.35%	98.28%	+1.07	94.91%	98.16%	+3.25	4903	97.88%	weak	mid-Y' recombination (correct direction, margins < 1.5 %)	end
6991	6991_day0_reference	SRR33298378.69401	chr2L	1/1	chr2L-1	G1	chr14L-5	G2	4317	1650	5967	72.3	E-chr14L-5	1st Y' Change	chr14L	donor_transfer	chr14L[5]:E-chr14L-5	97.81%	97.33%	+0.48	97.53%	98.53%	+1.00	3883	97.24%	weak	mid-Y' recombination (correct direction, margins < 1.5 %)	beginning
6991	6991_day0_reference	SRR33298378.381146	chr5L	1/1	chr5L-1	G12	chr12R-1	G11	3655	3000	6655	54.9	E-chr12R-1	1st Y' Change	chr12R	donor_transfer	chr12R[1]:E-chr12R-1	95.79%	94.65%	+1.14	91.99%	94.15%	+2.16	4718	97.05%	weak	mid-Y' recombination (correct direction, margins < 1.5 %)	beginning
6991	6991_day0_reference	SRR33298378.142793	chr8L	1/1	chr8L-1	G5	chr2L-1	G1	2743	3150	5893	46.5	E-chr2L-1	1st Y' Change	chr2L	donor_transfer	chr2L[1]:E-chr2L-1	99.33%	98.12%	+1.21	95.94%	99.60%	+3.66	3457	97.37%	weak	mid-Y' recombination (correct direction, margins < 1.5 %)	beginning
6991	6991_day0_reference_promethion	SRR33298377.726683	chr14R	1/1	chr14R-1	G10	chr9L-1	G7	5025	1866	6891	72.9	E-chr9L-1	1st Y' Change	chr9L	donor_transfer	chr9L[1]:E-chr9L-1	98.69%	97.37%	+1.32	94.24%	94.69%	+0.45	4903	97.88%	weak	mid-Y' recombination (correct direction, margins < 1.5 %)	end
6991	6991_day0_reference_promethion	SRR33298377.763070	chr8L	1/1	chr8L-1	G5	chr13L-1	G2	1303	4125	5428	24.0	E-chr13L-1	1st Y' Change	chr13L	donor_transfer	chr13L[1]:E-chr13L-1	99.44%	98.79%	+0.65	96.89%	98.94%	+2.05	5058	98.16%	weak	mid-Y' recombination (correct direction, margins < 1.5 %)	beginning
6991	6991_day0_reference_promethion	SRR33298377.221175	chr8R	1/1	chr8R-1	G3	chr14L-5	G2	2475	3119	5594	44.2	E-chr14L-5	1st Y' Change	chr14L	donor_transfer	chr14L[5]:E-chr14L-5	99.14%	97.07%	+2.07	98.06%	99.01%	+0.95	5493	98.47%	weak	mid-Y' recombination (correct direction, margins < 1.5 %)	end
6991	6991_day0_with_selection	SRR33298395.1020823	chr13L	1/1	chr13L-1	G2	chr16L-1	G8	3225	3807	7032	45.9	E-chr16L-1	1st Y' Change	chr16L	donor_transfer	chr16L[1]:E-chr16L-1	96.69%	95.87%	+0.82	96.87%	97.25%	+0.38	3656	99.59%	weak	mid-Y' recombination (correct direction, margins < 1.5 %)	end
6991	6991_day0_with_selection	SRR33298395.1669606	chr14R	1/1	chr14R-1	G11	chr9L-1	G7	3075	4135	7210	42.6	E-chr9L-1	1st Y' Change	chr9L	donor_transfer	chr9L[1]:E-chr9L-1	99.35%	98.31%	+1.04	95.85%	97.36%	+1.51	4903	97.88%	weak	mid-Y' recombination (correct direction, margins < 1.5 %)	end
6991	6991_day0_with_selection	SRR33298395.88506	chr14R	1/1	chr14R-1	G11	chr9L-1	G7	3090	4125	7215	42.8	E-chr9L-1	1st Y' Change	chr9L	donor_transfer	chr9L[1]:E-chr9L-1	99.42%	98.37%	+1.05	97.42%	98.97%	+1.55	4903	97.88%	weak	mid-Y' recombination (correct direction, margins < 1.5 %)	beginning
6991	6991_day0_with_selection	SRR33298395.614991	chr14R	1/1	chr14R-1	G11	chr9L-1	G7	3110	4050	7160	43.4	E-chr9L-1	1st Y' Change	chr9L	donor_transfer	chr9L[1]:E-chr9L-1	99.08%	98.00%	+1.08	96.76%	98.70%	+1.94	4903	97.88%	weak	mid-Y' recombination (correct direction, margins < 1.5 %)	beginning
6991	6991_day0_with_selection	SRR33298395.807323	chr6L	1/1	chr6L-1	G1	chr14L-5	G2	2475	3058	5533	44.7	E-chr14L-5	1st Y' Change	chr14L	donor_transfer	chr14L[5]:E-chr14L-5	98.63%	96.60%	+2.03	94.29%	95.10%	+0.81	3884	97.35%	weak	mid-Y' recombination (correct direction, margins < 1.5 %)	end
6991	6991_day0_with_selection_repeat	SRR33298373.122658	chr10L	1/1	chr10L-1	G7	chr14L-1	G8	5509	1500	7009	78.6	E-chr14L-1	1st Y' Change	chr14L	donor_transfer	chr14L[1]:E-chr14L-1	96.03%	95.47%	+0.56	94.47%	97.05%	+2.58	5010	97.15%	weak	mid-Y' recombination (correct direction, margins < 1.5 %)	beginning
6991	6991_day0_with_selection_repeat	SRR33298373.72733	chr16R	1/1	chr16R-1	G6	chr14L-5	G2	5153	300	5453	94.5	E-chr14L-5	1st Y' Change	chr14L	donor_transfer	chr14L[5]:E-chr14L-5	99.33%	98.97%	+0.36	98.48%	99.62%	+1.14	3588	98.55%	weak	mid-Y' recombination (correct direction, margins < 1.5 %)	beginning
6991	6991_day0_with_selection_repeat2	SRR33298384.151130	chr10L	1/1	chr10L-1	G7	chr7R-1	G8	4094	2850	6944	59.0	E-chr7R-1	1st Y' Change	chr7R	donor_transfer	chr7R[1]:E-chr7R-1	95.83%	94.44%	+1.39	93.29%	96.36%	+3.07	5010	97.15%	weak	mid-Y' recombination (correct direction, margins < 1.5 %)	beginning
6991	6991_day0_with_selection_repeat2	SRR33298384.443822	chr12L	1/1	chr12L-1	G4	chr14L-5	G2	2438	3150	5588	43.6	E-chr14L-5	1st Y' Change	chr14L	donor_transfer	chr14L[5]:E-chr14L-5	99.14%	98.38%	+0.76	98.86%	99.73%	+0.87	5193	99.15%	weak	mid-Y' recombination (correct direction, margins < 1.5 %)	beginning
6991	6991_day0_with_selection_repeat2	SRR33298384.550794	chr12L	1/1	chr12L-1	G4	chr13L-1	G2	2400	3083	5483	43.8	E-chr13L-1	1st Y' Change	chr13L	donor_transfer	chr13L[1]:E-chr13L-1	98.69%	97.96%	+0.73	98.19%	99.06%	+0.87	5188	99.19%	weak	mid-Y' recombination (correct direction, margins < 1.5 %)	end
6991	6991_day0_with_selection_repeat2	SRR33298384.220455	chr13L	1/1	chr13L-1	G2	chr16R-1	G6	675	5007	5682	11.9	E-chr16R-1	1st Y' Change	chr16R	donor_transfer	chr16R[1]:E-chr16R-1	98.68%	95.69%	+2.99	98.81%	99.34%	+0.53	3588	98.61%	weak	mid-Y' recombination (correct direction, margins < 1.5 %)	end
6991	6991_day0	SRR33298461.168936	chr14L	5/5	chr14L-5	G2	chr4R-6	G8	9600	16379	25979	37.0	E-chr14L-1,E-chr4R-6,E-chr14L-5,E-chr14L-5,E-chr4R-6	Y' Recombination	ambiguous	unmatched_array	chr4R[6]:E-chr4R-6 > self[5]:E-chr14L-5 > self[5]:E-chr14L-5 > chr4R[6]:E-chr4R-6	74.47%	74.47%	+0.00	99.51%	99.53%	+0.02	3659	99.89%	FAILS	not supported: no half is better explained by the donor	end
6991	6991_day0_TeloTag_with_selection	SRR33298434.530414	chr14L	1/5	chr14L-1	G8	chr12R-1	G11	30235	375	30610	98.8	E-chr12R-1,E-chr4R-7,E-chr14L-3,E-chr14L-3,E-chr14L-5	1st Y' Change	ambiguous	unmatched_array	chr12R[1]:E-chr12R-1 > chr4R[7]:E-chr4R-7 > self[3]:E-chr14L-3 > self[3]:E-chr14L-3 > self[5]:E-chr14L-5	97.72%	97.77%	-0.05	97.48%	95.38%	-2.10	4520	99.09%	FAILS	not supported: no half is better explained by the donor	beginning
6991	6991_day0_TeloTag_with_selection	SRR33298434.378016	chr16R	1/1	chr16R-1	G6	chr14L-5	G2	4413	1125	5538	79.7	E-chr14L-5	1st Y' Change	chr14L	donor_transfer	chr14L[5]:E-chr14L-5	96.18%	96.05%	+0.13	95.41%	95.15%	-0.26	3589	98.52%	FAILS	not supported: no half is better explained by the donor	beginning
6991	6991_day0_TeloTag_with_selection	SRR33298434.64148	chr16R	1/1	chr16R-1	G6	chr14L-3	G2	2100	3354	5454	38.5	E-chr14L-3	1st Y' Change	chr14L	donor_transfer	chr14L[3]:E-chr14L-3	93.10%	91.75%	+1.35	95.92%	92.89%	-3.03	3588	98.55%	FAILS	not supported: no half is better explained by the donor	end
6991	6991_day0_TeloTag_with_selection	SRR33298434.497585	chr8L	1/1	chr8L-1	G5	chr2L-1	G1	4493	1200	5693	78.9	E-chr2L-1	1st Y' Change	chr2L	donor_transfer	chr2L[1]:E-chr2L-1	97.66%	94.76%	+2.90	98.46%	97.99%	-0.47	3457	97.37%	FAILS	not supported: no half is better explained by the donor	beginning
6991	6991_day0_reference	SRR33298378.151832	chr12L	1/1	chr12L-1	G4	chr2L-1	G1	3000	2748	5748	52.2	E-chr2L-1	1st Y' Change	chr2L	donor_transfer	chr2L[1]:E-chr2L-1	98.30%	97.23%	+1.07	94.49%	92.31%	-2.18	3473	97.98%	FAILS	not supported: no half is better explained by the donor	end
6991	6991_day0_reference	SRR33298378.275479	chr13L	1/1	chr13L-1	G2	chr9L-1	G7	584	6525	7109	8.2	E-chr9L-1	1st Y' Change	chr9L	donor_transfer	chr9L[1]:E-chr9L-1	86.77%	88.22%	-1.45	90.07%	93.39%	+3.32	2058	95.58%	FAILS	not supported: no half is better explained by the donor	beginning
6991	6991_day0_reference	SRR33298378.159765	chr13L	1/1	chr13L-1	G2	chr2L-1	G1	5167	1125	6292	82.1	E-chr2L-1	1st Y' Change	chr2L	donor_transfer	chr2L[1]:E-chr2L-1	95.64%	95.48%	+0.16	95.65%	95.19%	-0.46	3883	97.12%	FAILS	not supported: no half is better explained by the donor	beginning
6991	6991_day0_reference	SRR33298378.714719	chr14R	1/1	chr14R-1	G10	chr9L-1	G7	4875	2508	7383	66.0	E-chr9L-1	1st Y' Change	chr9L	donor_transfer	chr9L[1]:E-chr9L-1	97.76%	97.24%	+0.52	93.11%	91.05%	-2.06	4903	97.88%	FAILS	not supported: no half is better explained by the donor	end
6991	6991_day0_reference	SRR33298378.566178	chr14R	1/1	chr14R-1	G10	chr9L-1	G7	3075	3947	7022	43.8	E-chr9L-1	1st Y' Change	chr9L	donor_transfer	chr9L[1]:E-chr9L-1	99.42%	98.35%	+1.07	97.87%	93.95%	-3.92	4903	97.88%	FAILS	not supported: no half is better explained by the donor	end
6991	6991_day0_reference	SRR33298378.651427	chr15R	1/1	chr15R-1	G8	chr13L-1	G2	3675	2209	5884	62.5	E-chr13L-1	1st Y' Change	chr13L	donor_transfer	chr13L[1]:E-chr13L-1	99.51%	99.17%	+0.34	98.96%	98.61%	-0.35	3656	99.56%	FAILS	not supported: no half is better explained by the donor	end
6991	6991_day0_reference	SRR33298378.290053	chr16L	1/1	chr16L-1	G8	chr10L-1	G7	4875	2604	7479	65.2	E-chr10L-1	1st Y' Change	chr10L	donor_transfer	chr10L[1]:E-chr10L-1	98.61%	97.39%	+1.22	96.52%	92.43%	-4.09	5010	97.13%	FAILS	not supported: no half is better explained by the donor	end
6991	6991_day0_reference	SRR33298378.722027	chr2L	1/1	chr2L-1	G1	chr8R-1	G3	3975	1847	5822	68.3	E-chr8R-1	1st Y' Change	chr8R	donor_transfer	chr8R[1]:E-chr8R-1	98.52%	98.18%	+0.34	98.02%	96.78%	-1.24	3855	99.14%	FAILS	not supported: no half is better explained by the donor	end
6991	6991_day0_reference_promethion	SRR33298377.644709	chr16R	1/1	chr16R-1	G6	chr13L-1	G2	4378	1200	5578	78.5	E-chr13L-1	1st Y' Change	chr13L	donor_transfer	chr13L[1]:E-chr13L-1	98.11%	97.72%	+0.39	95.88%	95.41%	-0.47	3588	98.61%	FAILS	not supported: no half is better explained by the donor	beginning
6991	6991_day0_reference_promethion	SRR33298377.541858	chr2L	1/1	chr2L-1	G1	chr8R-1	G3	3975	1853	5828	68.2	E-chr8R-1	1st Y' Change	chr8R	donor_transfer	chr8R[1]:E-chr8R-1	98.34%	97.99%	+0.35	95.95%	95.38%	-0.57	3855	99.14%	FAILS	not supported: no half is better explained by the donor	end
6991	6991_day0_with_selection	SRR33298395.1740335	chr13L	1/1	chr13L-1	G2	chr2L-1	G1	2700	3563	6263	43.1	E-chr2L-1	1st Y' Change	chr2L	donor_transfer	chr2L[1]:E-chr2L-1	99.68%	97.22%	+2.46	97.50%	97.37%	-0.13	3883	97.12%	FAILS	not supported: no half is better explained by the donor	end
6991	6991_day0_with_selection	SRR33298395.240085	chr13L	1/1	chr13L-1	G2	chr2L-1	G1	2774	3375	6149	45.1	E-chr2L-1	1st Y' Change	chr2L	donor_transfer	chr2L[1]:E-chr2L-1	99.61%	97.42%	+2.19	93.78%	91.59%	-2.19	3883	97.12%	FAILS	not supported: no half is better explained by the donor	beginning
6991	6991_day0_with_selection	SRR33298395.91673	chr13L	1/1	chr13L-1	G2	chr6L-1	G1	3080	3075	6155	50.0	E-chr6L-1	1st Y' Change	chr6L	donor_transfer	chr6L[1]:E-chr6L-1	98.77%	97.03%	+1.74	93.83%	91.49%	-2.34	3884	97.27%	FAILS	not supported: no half is better explained by the donor	beginning
6991	6991_day0_with_selection	SRR33298395.167741	chr13L	1/1	chr13L-1	G2	chr2L-1	G1	2925	3224	6149	47.6	E-chr2L-1	1st Y' Change	chr2L	donor_transfer	chr2L[1]:E-chr2L-1	99.60%	97.34%	+2.26	94.75%	92.44%	-2.31	3883	97.12%	FAILS	not supported: no half is better explained by the donor	end
6991	6991_day0_with_selection	SRR33298395.30875	chr13L	1/1	chr13L-1	G2	chr8R-1	G3	1125	4568	5693	19.8	E-chr8R-1	1st Y' Change	chr8R	donor_transfer	chr8R[1]:E-chr8R-1	94.27%	98.71%	-4.44	97.40%	97.27%	-0.13	5495	98.54%	FAILS	not supported: no half is better explained by the donor	end
6991	6991_day0_with_selection	SRR33298395.768603	chr14R	1/1	chr14R-1	G11	chr9L-1	G7	3075	3939	7014	43.8	E-chr9L-1	1st Y' Change	chr9L	donor_transfer	chr9L[1]:E-chr9L-1	99.42%	98.35%	+1.07	95.72%	95.62%	-0.10	4903	97.88%	FAILS	not supported: no half is better explained by the donor	end
6991	6991_day0_with_selection	SRR33298395.632924	chr16L	1/1	chr16L-1	G8	chr10L-1	G7	4875	2595	7470	65.3	E-chr10L-1	1st Y' Change	chr10L	donor_transfer	chr10L[1]:E-chr10L-1	99.45%	97.73%	+1.72	96.56%	92.47%	-4.09	5010	97.13%	FAILS	not supported: no half is better explained by the donor	end
6991	6991_day0_with_selection	SRR33298395.736127	chr2L	1/1	chr2L-1	G1	chr8R-1	G3	4776	825	5601	85.3	E-chr8R-1	1st Y' Change	chr8R	donor_transfer	chr8R[1]:E-chr8R-1	92.84%	93.63%	-0.79	95.83%	93.96%	-1.87	3855	99.14%	FAILS	not supported: no half is better explained by the donor	beginning
6991	6991_day0_with_selection	SRR33298395.939873	chr5R	1/1	chr5R-1	G9	chr10L-1	G7	825	6305	7130	11.6	E-chr10L-1	1st Y' Change	chr10L	donor_transfer	chr10L[1]:E-chr10L-1	95.57%	96.48%	-0.91	92.15%	94.14%	+1.99	4999	96.86%	FAILS	not supported: no half is better explained by the donor	end
6991	6991_day0_with_selection	SRR33298395.1707743	chr7R	1/1	chr7R-1	G8	chr8R-1	G3	4549	1275	5824	78.1	E-chr8R-1	1st Y' Change	chr8R	donor_transfer	chr8R[1]:E-chr8R-1	98.64%	97.90%	+0.74	99.66%	98.89%	-0.77	3657	99.07%	FAILS	not supported: no half is better explained by the donor	beginning
6991	6991_day0_with_selection	SRR33298395.1208889	chr8L	1/1	chr8L-1	G5	chr2L-1	G1	3150	2460	5610	56.1	E-chr2L-1	1st Y' Change	chr2L	donor_transfer	chr2L[1]:E-chr2L-1	97.64%	96.32%	+1.32	94.63%	92.91%	-1.72	3457	97.37%	FAILS	not supported: no half is better explained by the donor	end
6991	6991_day0_with_selection	SRR33298395.1543959	chr8R	1/1	chr8R-1	G3	chr2L-1	G1	4650	1625	6275	74.1	E-chr2L-1	1st Y' Change	chr2L	donor_transfer	chr2L[1]:E-chr2L-1	98.21%	98.95%	-0.74	97.50%	96.76%	-0.74	3855	99.14%	FAILS	not supported: no half is better explained by the donor	end
6991	6991_day0_with_selection_repeat	SRR33298373.491903	chr10L	1/1	chr10L-1	G7	chr16L-1	G8	5568	1425	6993	79.6	E-chr16L-1	1st Y' Change	chr16L	donor_transfer	chr16L[1]:E-chr16L-1	97.56%	98.39%	-0.83	99.76%	96.37%	-3.39	5010	97.13%	FAILS	not supported: no half is better explained by the donor	beginning
6991	6991_day0_with_selection_repeat	SRR33298373.897522	chr14R	1/1	chr14R-1	G10	chr9L-1	G7	4875	2588	7463	65.3	E-chr9L-1	1st Y' Change	chr9L	donor_transfer	chr9L[1]:E-chr9L-1	98.88%	98.35%	+0.53	94.01%	91.97%	-2.04	4903	97.88%	FAILS	not supported: no half is better explained by the donor	end
6991	6991_day0_with_selection_repeat2	SRR33298384.185796	chr13L	1/1	chr13L-1	G2	chr6L-1	G1	567	5775	6342	8.9	E-chr6L-1	1st Y' Change	chr6L	subtelomere_switch	chr6L[1]:E-chr6L-1	98.54%	99.12%	-0.58	95.29%	98.56%	+3.27	3884	97.27%	FAILS	not supported: no half is better explained by the donor	beginning
6991	6991_day0_TeloTag	SRR33298460.150620	chr13L	1/1	chr13L-1	G2	chr8R-1	G3					E-chr8R-1	1st Y' Change	chr8R	donor_transfer	chr8R[1]:E-chr8R-1							5495	98.54%	no junction	no junction found; donor wins across the element or signal too weak	beginning
6991	6991_day0_TeloTag	SRR33298460.108378	chr14R	1/1	chr14R-1	G11	chr13L-1	G2					E-chr13L-1	1st Y' Change	chr13L	donor_transfer	chr13L[1]:E-chr13L-1							1974	95.90%	no junction	no junction found; donor wins across the element or signal too weak	end
6991	6991_day0_TeloTag	SRR33298460.275124	chr16R	1/1	chr16R-1	G6	chr13L-1	G2					E-chr13L-1	1st Y' Change	chr13L	donor_transfer	chr13L[1]:E-chr13L-1							3588	98.61%	no junction	no junction found; donor wins across the element or signal too weak	end
6991	6991_day0_TeloTag_with_selection	SRR33298434.76895	chr13L	1/1	chr13L-1	G2	chr15R-1	G8					E-chr15R-1	1st Y' Change	chr15R	donor_transfer	chr15R[1]:E-chr15R-1							3656	99.56%	no junction	no junction found; donor wins across the element or signal too weak	beginning
6991	6991_day0_TeloTag_with_selection	SRR33298434.79614	chr16L	1/1	chr16L-1	G8	chr12R-1	G11					E-chr12R-1	1st Y' Change	chr12R	donor_transfer	chr12R[1]:E-chr12R-1							4520	99.11%	no junction	no junction found; donor wins across the element or signal too weak	end
6991	6991_day0_reference	SRR33298378.42439	chr13L	1/1	chr13L-1	G2	chr10L-1	G7					E-chr10L-1	1st Y' Change	chr10L	donor_transfer	chr10L[1]:E-chr10L-1							2058	95.67%	no junction	no junction found; donor wins across the element or signal too weak	end
6991	6991_day0_reference	SRR33298378.427420	chr2L	1/1	chr2L-1	G1	chr8R-1	G3					E-chr8R-1	1st Y' Change	chr8R	donor_transfer	chr8R[1]:E-chr8R-1							3855	99.14%	no junction	no junction found; donor wins across the element or signal too weak	beginning
6991	6991_day0_reference	SRR33298378.56289	chr8R	1/1	chr8R-1	G3	chr2L-1	G1					E-chr2L-1	1st Y' Change	chr2L	donor_transfer	chr2L[1]:E-chr2L-1							3855	99.14%	no junction	no junction found; donor wins across the element or signal too weak	end
6991	6991_day0_reference_promethion	SRR33298377.260642	chr13L	1/1	chr13L-1	G2	chr6L-1	G1					E-chr6L-1	1st Y' Change	chr6L	subtelomere_switch	chr6L[1]:E-chr6L-1							3884	97.27%	no junction	no junction found; donor wins across the element or signal too weak	beginning
6991	6991_day0_reference_promethion	SRR33298377.272313	chr13L	1/1	chr13L-1	G2	chr6L-1	G1					E-chr6L-1	1st Y' Change	chr6L	subtelomere_switch	chr6L[1]:E-chr6L-1							3884	97.27%	no junction	no junction found; donor wins across the element or signal too weak	end
6991	6991_day0_reference_promethion	SRR33298377.93825	chr14R	1/1	chr14R-1	G10	chr2L-1	G1					E-chr2L-1	1st Y' Change	chr2L	subtelomere_switch	chr2L[1]:E-chr2L-1							1963	96.23%	no junction	no junction found; donor wins across the element or signal too weak	end
6991	6991_day0_reference_promethion	SRR33298377.75463	chr5R	1/1	chr5R-1	G9	chr9L-1	G7					E-chr9L-1	1st Y' Change	chr9L	donor_transfer	chr9L[1]:E-chr9L-1							5000	96.74%	no junction	no junction found; donor wins across the element or signal too weak	end
6991	6991_day0_with_selection	SRR33298395.1286062	chr10L	1/1	chr10L-1	G7	chr5R-1	G9					E-chr5R-1	1st Y' Change	chr5R	donor_transfer	chr5R[1]:E-chr5R-1							4999	96.86%	no junction	no junction found; donor wins across the element or signal too weak	end
6991	6991_day0_with_selection	SRR33298395.790631	chr12L	1/1	chr12L-1	G4	chr2L-1	G1					E-chr2L-1	1st Y' Change	chr2L	subtelomere_switch	chr2L[1]:E-chr2L-1							3473	97.98%	no junction	no junction found; donor wins across the element or signal too weak	end
6991	6991_day0_with_selection	SRR33298395.198323	chr12L	1/1	chr12L-1	G4	chr8L-1	G5					E-chr8L-1	1st Y' Change	chr8L	donor_transfer	chr8L[1]:E-chr8L-1							5056	97.92%	no junction	no junction found; donor wins across the element or signal too weak	end
6991	6991_day0_with_selection	SRR33298395.1185585	chr13L	1/1	chr13L-1	G2	chr7R-1	G8					E-chr7R-1	1st Y' Change	chr14L	subtelomere_switch	chr7R[1]:E-chr7R-1							3656	99.59%	no junction	no junction found; donor wins across the element or signal too weak	beginning
6991	6991_day0_with_selection	SRR33298395.1573029	chr13L	1/1	chr13L-1	G2	chr15R-1	G8					E-chr15R-1	1st Y' Change	chr15R	donor_transfer	chr15R[1]:E-chr15R-1							3656	99.56%	no junction	no junction found; donor wins across the element or signal too weak	beginning
6991	6991_day0_with_selection	SRR33298395.1472813	chr13L	1/1	chr13L-1	G2	chr14L-2	G8					E-chr14L-2	1st Y' Change	chr14L	donor_transfer	chr14L[2]:E-chr14L-2							3656	99.64%	no junction	no junction found; donor wins across the element or signal too weak	end
6991	6991_day0_with_selection	SRR33298395.398286	chr13L	1/1	chr13L-1	G2	chr6L-1	G1					E-chr6L-1	1st Y' Change	chr6L	subtelomere_switch	chr6L[1]:E-chr6L-1							3884	97.27%	no junction	no junction found; donor wins across the element or signal too weak	beginning
6991	6991_day0_with_selection	SRR33298395.1088166	chr13L	1/1	chr13L-1	G2	chr6L-1	G1					E-chr6L-1	1st Y' Change	chr6L	subtelomere_switch	chr6L[1]:E-chr6L-1							3884	97.27%	no junction	no junction found; donor wins across the element or signal too weak	end
6991	6991_day0_with_selection	SRR33298395.1334307	chr13L	1/1	chr13L-1	G2	chr6L-1	G1					E-chr6L-1	1st Y' Change	chr6L	donor_transfer	chr6L[1]:E-chr6L-1							3884	97.27%	no junction	no junction found; donor wins across the element or signal too weak	beginning
6991	6991_day0_with_selection	SRR33298395.634165	chr13L	1/1	chr13L-1	G2	chr5R-1	G9					E-chr5R-1	1st Y' Change	chr5R	donor_transfer	chr5R[1]:E-chr5R-1							3656	99.59%	no junction	no junction found; donor wins across the element or signal too weak	end
6991	6991_day0_with_selection	SRR33298395.117875	chr2L	1/1	chr2L-1	G1	chr8R-1	G3					E-chr8R-1	1st Y' Change	chr8R	donor_transfer	chr8R[1]:E-chr8R-1							3855	99.14%	no junction	no junction found; donor wins across the element or signal too weak	beginning
6991	6991_day0_with_selection	SRR33298395.202022	chr2L	1/1	chr2L-1	G1	chr8R-1	G3					E-chr8R-1	1st Y' Change	chr8R	donor_transfer	chr8R[1]:E-chr8R-1							3855	99.14%	no junction	no junction found; donor wins across the element or signal too weak	end
6991	6991_day0_with_selection	SRR33298395.1560587	chr8L	1/1	chr8L-1	G5	chr9L-1	G7					E-chr9L-1	1st Y' Change	chr10L	subtelomere_switch	chr9L[1]:E-chr9L-1							2063	95.01%	no junction	no junction found; donor wins across the element or signal too weak	beginning
6991	6991_day0_with_selection	SRR33298395.779900	chr8R	1/1	chr8R-1	G3	chr2L-1	G1					E-chr2L-1	1st Y' Change	chr2L	donor_transfer	chr2L[1]:E-chr2L-1							3855	99.14%	no junction	no junction found; donor wins across the element or signal too weak	end
6991	6991_day0_with_selection_repeat	SRR33298373.896473	chr13L	1/1	chr13L-1	G2	chr6L-1	G1					E-chr6L-1	1st Y' Change	chr6L	subtelomere_switch	chr6L[1]:E-chr6L-1							3884	97.27%	no junction	no junction found; donor wins across the element or signal too weak	beginning
6991	6991_day0_with_selection_repeat	SRR33298373.1068481	chr13L	1/1	chr13L-1	G2	chr6L-1	G1					E-chr6L-1	1st Y' Change	chr6L	subtelomere_switch	chr6L[1]:E-chr6L-1							3884	97.27%	no junction	no junction found; donor wins across the element or signal too weak	beginning
6991	6991_day0_with_selection_repeat	SRR33298373.107087	chr13L	1/1	chr13L-1	G2	chr6L-1	G1					E-chr6L-1	1st Y' Change	chr6L	subtelomere_switch	chr6L[1]:E-chr6L-1							3884	97.27%	no junction	no junction found; donor wins across the element or signal too weak	beginning
6991	6991_day0_with_selection_repeat	SRR33298373.1079946	chr13L	1/1	chr13L-1	G2	chr6L-1	G1					E-chr6L-1	1st Y' Change	chr6L	subtelomere_switch	chr6L[1]:E-chr6L-1							3884	97.27%	no junction	no junction found; donor wins across the element or signal too weak	beginning
6991	6991_day0_with_selection_repeat	SRR33298373.46529	chr13L	1/1	chr13L-1	G2	chr6L-1	G1					E-chr6L-1	1st Y' Change	chr6L	subtelomere_switch	chr6L[1]:E-chr6L-1							3884	97.27%	no junction	no junction found; donor wins across the element or signal too weak	end
6991	6991_day0_with_selection_repeat	SRR33298373.797552	chr13L	1/1	chr13L-1	G2	chr6L-1	G1					E-chr6L-1	1st Y' Change	chr6L	subtelomere_switch	chr6L[1]:E-chr6L-1							3884	97.27%	no junction	no junction found; donor wins across the element or signal too weak	end
6991	6991_day0_with_selection_repeat	SRR33298373.677153	chr13L	1/1	chr13L-1	G2	chr8L-1	G5					E-chr8L-1	1st Y' Change	chr8L	subtelomere_switch	chr8L[1]:E-chr8L-1							5059	98.14%	no junction	no junction found; donor wins across the element or signal too weak	beginning
6991	6991_day0_with_selection_repeat	SRR33298373.284052	chr2L	1/1	chr2L-1	G1	chr8R-1	G3					E-chr8R-1	1st Y' Change	chr8R	donor_transfer	chr8R[1]:E-chr8R-1							3855	99.14%	no junction	no junction found; donor wins across the element or signal too weak	beginning
6991	6991_day0_with_selection_repeat	SRR33298373.260098	chr5L	1/1	chr5L-1	G12	chr10L-1	G7					E-chr10L-1	1st Y' Change	chr10L	donor_transfer	chr10L[1]:E-chr10L-1							3093	96.25%	no junction	no junction found; donor wins across the element or signal too weak	end
6991	6991_day0_with_selection_repeat2	SRR33298384.45869	chr13L	1/1	chr13L-1	G2	chr6L-1	G1					E-chr6L-1	1st Y' Change	chr6L	subtelomere_switch	chr6L[1]:E-chr6L-1							3884	97.27%	no junction	no junction found; donor wins across the element or signal too weak	beginning
6991	6991_day0_with_selection_repeat2	SRR33298384.467718	chr2L	1/1	chr2L-1	G1	chr8R-1	G3					E-chr8R-1	1st Y' Change	chr8R	donor_transfer	chr8R[1]:E-chr8R-1							3855	99.14%	no junction	no junction found; donor wins across the element or signal too weak	beginning
6991	6991_day0_with_selection_repeat2	SRR33298384.313055	chr2L	1/1	chr2L-1	G1	chr8R-1	G3					E-chr8R-1	1st Y' Change	chr8R	donor_transfer	chr8R[1]:E-chr8R-1							3855	99.14%	no junction	no junction found; donor wins across the element or signal too weak	beginning
6991	6991_day0_with_selection	SRR33298395.325275	chr14L	1/5	chr14L-1	G10	chr7R-1	G8					E-chr7R-1,E-chr4R-3,E-chr14L-4,E-chr14L-4,E-chr14L-5	1st Y' Change	chr14L	tandem_amplification_same_end	chr7R[1]:E-chr7R-1 > chr4R[3]:E-chr4R-3 > self[4]:E-chr14L-4 > self[4-5]:E-chr14L-4,E-chr14L-5							5721	99.95%	reference defect	chr14L-1 is mis-assembled in this sample (5,720 bp vs 6,654) -- not recombination	beginning
6991	6991_day0_with_selection	SRR33298395.528253	chr14L	1/5	chr14L-1	G10	chr7R-1	G8					E-chr7R-1,E-chr4R-3,E-chr14L-5,E-chr14L-4,E-chr14L-4	1st Y' Change	chr14L	tandem_amplification_same_end	chr7R[1]:E-chr7R-1 > chr4R[3]:E-chr4R-3 > self[5]:E-chr14L-5 > self[4]:E-chr14L-4 > self[4]:E-chr14L-4							5721	99.95%	reference defect	chr14L-1 is mis-assembled in this sample (5,720 bp vs 6,654) -- not recombination	end
6991	6991_day0_with_selection	SRR33298395.1612775	chr14L	1/5	chr14L-1	G10	chr7R-1	G8					E-chr7R-1,E-chr14L-2,E-chr14L-4,E-chr14L-4,E-chr14L-4	1st Y' Change	chr14L	tandem_amplification_same_end	chr7R[1]:E-chr7R-1 > self[2]:E-chr14L-2 > self[4]:E-chr14L-4,E-chr14L-4,E-chr14L-4(circ x3.0 moderate)							5721	99.95%	reference defect	chr14L-1 is mis-assembled in this sample (5,720 bp vs 6,654) -- not recombination	end
6991	6991_day0_with_selection	SRR33298395.1062822	chr14L	1/5	chr14L-1	G10	chr7R-1	G8					E-chr7R-1,E-chr4R-7,E-chr14L-5,E-chr14L-4,E-chr14L-4	1st Y' Change	chr14L	tandem_amplification_same_end	chr7R[1]:E-chr7R-1 > chr4R[7]:E-chr4R-7 > self[5]:E-chr14L-5 > self[4]:E-chr14L-4 > self[4]:E-chr14L-4							5721	99.95%	reference defect	chr14L-1 is mis-assembled in this sample (5,720 bp vs 6,654) -- not recombination	beginning
6991	6991_day0_with_selection	SRR33298395.677200	chr14L	1/5	chr14L-1	G10	chr7R-1	G8					E-chr7R-1,E-chr4R-3,E-chr14L-5,E-chr14L-5,E-chr14L-4	1st Y' Change	chr14L	tandem_amplification_same_end	chr7R[1]:E-chr7R-1 > chr4R[3]:E-chr4R-3 > self[5]:E-chr14L-5 > self[5]:E-chr14L-5 > self[4]:E-chr14L-4							5721	99.95%	reference defect	chr14L-1 is mis-assembled in this sample (5,720 bp vs 6,654) -- not recombination	beginning
6991	6991_day0_with_selection	SRR33298395.766619	chr14L	1/5	chr14L-1	G10	chr7R-1	G8					E-chr7R-1,E-chr14L-2,E-chr14L-4,E-chr14L-4,E-chr14L-4	1st Y' Change	chr14L	tandem_amplification_same_end	chr7R[1]:E-chr7R-1 > self[2]:E-chr14L-2 > self[4]:E-chr14L-4,E-chr14L-4,E-chr14L-4(circ x3.0 moderate)							5721	99.95%	reference defect	chr14L-1 is mis-assembled in this sample (5,720 bp vs 6,654) -- not recombination	end
6991	6991_day0_with_selection	SRR33298395.1020947	chr14L	1/5	chr14L-1	G10	chr7R-1	G8					E-chr7R-1,E-chr14L-2,E-chr14L-5,E-chr14L-4,E-chr14L-4	1st Y' Change	chr14L	tandem_amplification_same_end	chr7R[1]:E-chr7R-1 > self[2]:E-chr14L-2 > self[5]:E-chr14L-5 > self[4]:E-chr14L-4 > self[4]:E-chr14L-4							5721	99.95%	reference defect	chr14L-1 is mis-assembled in this sample (5,720 bp vs 6,654) -- not recombination	beginning
6991	6991_day0_with_selection	SRR33298395.1837458	chr14L	1/5	chr14L-1	G10	chr7R-1	G8					E-chr7R-1,E-chr4R-3,E-chr14L-4,E-chr14L-4,E-chr14L-4	1st Y' Change	chr14L	tandem_amplification_same_end	chr7R[1]:E-chr7R-1 > chr4R[3]:E-chr4R-3 > self[4]:E-chr14L-4,E-chr14L-4,E-chr14L-4(circ x3.0 moderate)							5721	99.95%	reference defect	chr14L-1 is mis-assembled in this sample (5,720 bp vs 6,654) -- not recombination	end
6991	6991_day0_with_selection	SRR33298395.54408	chr14L	1/5	chr14L-1	G10	chr7R-1	G8					E-chr7R-1,E-chr4R-3,E-chr14L-5,E-chr14L-5,E-chr14L-4	1st Y' Change	chr14L	tandem_amplification_same_end	chr7R[1]:E-chr7R-1 > chr4R[3]:E-chr4R-3 > self[5]:E-chr14L-5 > self[5]:E-chr14L-5 > self[4]:E-chr14L-4							5721	99.95%	reference defect	chr14L-1 is mis-assembled in this sample (5,720 bp vs 6,654) -- not recombination	end
6991	6991_day0_with_selection	SRR33298395.1511669	chr14L	1/5	chr14L-1	G10	chr7R-1	G8					E-chr7R-1,E-chr4R-7,E-chr14L-4,E-chr14L-5,E-chr14L-5	1st Y' Change	chr14L	tandem_amplification_same_end	chr7R[1]:E-chr7R-1 > chr4R[7]:E-chr4R-7 > self[4]:E-chr14L-4 > self[5]:E-chr14L-5 > self[5]:E-chr14L-5							5721	99.95%	reference defect	chr14L-1 is mis-assembled in this sample (5,720 bp vs 6,654) -- not recombination	beginning
6991	6991_day0_with_selection	SRR33298395.446747	chr14L	1/5	chr14L-1	G10	chr7R-1	G8					E-chr7R-1,E-chr4R-7,E-chr14L-5,E-chr14L-5,E-chr14L-5	1st Y' Change	chr14L	tandem_amplification_same_end	chr7R[1]:E-chr7R-1 > chr4R[7]:E-chr4R-7 > self[5]:E-chr14L-5,E-chr14L-5,E-chr14L-5(circ x3.0 moderate)							5721	99.95%	reference defect	chr14L-1 is mis-assembled in this sample (5,720 bp vs 6,654) -- not recombination	beginning
6991	6991_day0_with_selection	SRR33298395.1594070	chr14L	1/5	chr14L-1	G10	chr7R-1	G8					E-chr7R-1,E-chr4R-7,E-chr14L-4,E-chr14L-4,E-chr14L-5	1st Y' Change	chr14L	tandem_amplification_same_end	chr7R[1]:E-chr7R-1 > chr4R[7]:E-chr4R-7 > self[4]:E-chr14L-4 > self[4-5]:E-chr14L-4,E-chr14L-5							5721	99.95%	reference defect	chr14L-1 is mis-assembled in this sample (5,720 bp vs 6,654) -- not recombination	beginning
6991	6991_day0_with_selection	SRR33298395.123855	chr14L	1/5	chr14L-1	G10	chr7R-1	G8					E-chr7R-1,E-chr4R-3,E-chr14L-4,E-chr14L-4,E-chr14L-4	1st Y' Change	chr14L	tandem_amplification_same_end	chr7R[1]:E-chr7R-1 > chr4R[3]:E-chr4R-3 > self[4]:E-chr14L-4,E-chr14L-4,E-chr14L-4(circ x3.0 moderate)							5721	99.95%	reference defect	chr14L-1 is mis-assembled in this sample (5,720 bp vs 6,654) -- not recombination	beginning
6991	6991_day0_with_selection	SRR33298395.1788836	chr14L	1/5	chr14L-1	G10	chr7R-1	G8					E-chr7R-1,E-chr4R-3,E-chr14L-4,E-chr14L-4,E-chr14L-4	1st Y' Change	chr14L	tandem_amplification_same_end	chr7R[1]:E-chr7R-1 > chr4R[3]:E-chr4R-3 > self[4]:E-chr14L-4,E-chr14L-4,E-chr14L-4(circ x3.0 moderate)							5721	99.95%	reference defect	chr14L-1 is mis-assembled in this sample (5,720 bp vs 6,654) -- not recombination	beginning
6991	6991_day0_with_selection	SRR33298395.142127	chr14L	1/5	chr14L-1	G10	chr7R-1	G8					E-chr7R-1,E-chr4R-3,E-chr14L-4,E-chr14L-4,E-chr14L-4	1st Y' Change	chr14L	tandem_amplification_same_end	chr7R[1]:E-chr7R-1 > chr4R[3]:E-chr4R-3 > self[4]:E-chr14L-4,E-chr14L-4,E-chr14L-4(circ x3.0 moderate)							5721	99.95%	reference defect	chr14L-1 is mis-assembled in this sample (5,720 bp vs 6,654) -- not recombination	beginning
6991	6991_day0_with_selection	SRR33298395.428780	chr14L	1/5	chr14L-1	G10	chr7R-1	G8					E-chr7R-1,E-chr14L-2,E-chr14L-5,E-chr14L-4,E-chr14L-4	1st Y' Change	chr14L	tandem_amplification_same_end	chr7R[1]:E-chr7R-1 > self[2]:E-chr14L-2 > self[5]:E-chr14L-5 > self[4]:E-chr14L-4 > self[4]:E-chr14L-4							5721	99.95%	reference defect	chr14L-1 is mis-assembled in this sample (5,720 bp vs 6,654) -- not recombination	end
6991	6991_day0_with_selection	SRR33298395.816978	chr14L	1/5	chr14L-1	G10	chr7R-1	G8					E-chr7R-1,E-chr4R-3,E-chr14L-4,E-chr14L-4,E-chr14L-5	1st Y' Change	chr14L	tandem_amplification_same_end	chr7R[1]:E-chr7R-1 > chr4R[3]:E-chr4R-3 > self[4]:E-chr14L-4 > self[4]:E-chr14L-4 > self[5]:E-chr14L-5							5721	99.95%	reference defect	chr14L-1 is mis-assembled in this sample (5,720 bp vs 6,654) -- not recombination	beginning
6991	6991_day0_with_selection	SRR33298395.1211427	chr14L	1/5	chr14L-1	G10	chr7R-1	G8					E-chr7R-1,E-chr4R-7,E-chr14L-4,E-chr14L-5,E-chr14L-4	1st Y' Change	chr14L	tandem_amplification_same_end	chr7R[1]:E-chr7R-1 > chr4R[7]:E-chr4R-7 > self[4-5]:E-chr14L-4,E-chr14L-5,E-chr14L-4(circ x1.5 moderate | alt chr14L[4-5] + chr14L[4])							5721	99.95%	reference defect	chr14L-1 is mis-assembled in this sample (5,720 bp vs 6,654) -- not recombination	beginning
6991	6991_day0_with_selection	SRR33298395.1167915	chr14L	1/5	chr14L-1	G10	chr7R-1	G8					E-chr7R-1,E-chr4R-7,E-chr14L-4,E-chr14L-4,E-chr14L-4	1st Y' Change	chr14L	tandem_amplification_same_end	chr7R[1]:E-chr7R-1 > chr4R[7]:E-chr4R-7 > self[4]:E-chr14L-4,E-chr14L-4,E-chr14L-4(circ x3.0 moderate)							5721	99.95%	reference defect	chr14L-1 is mis-assembled in this sample (5,720 bp vs 6,654) -- not recombination	beginning
6991	6991_day0_with_selection	SRR33298395.988630	chr14L	1/5	chr14L-1	G10	chr7R-1	G8					E-chr7R-1,E-chr4R-3,E-chr14L-5,E-chr14L-4,E-chr14L-4	1st Y' Change	chr14L	tandem_amplification_same_end	chr7R[1]:E-chr7R-1 > chr4R[3]:E-chr4R-3 > self[5]:E-chr14L-5 > self[4]:E-chr14L-4 > self[4]:E-chr14L-4							5721	99.95%	reference defect	chr14L-1 is mis-assembled in this sample (5,720 bp vs 6,654) -- not recombination	beginning
6991	6991_day0_with_selection	SRR33298395.1801793	chr14L	1/5	chr14L-1	G10	chr7R-1	G8					E-chr7R-1,E-chr4R-7,E-chr14L-5,E-chr14L-4,E-chr14L-5	1st Y' Change	chr14L	tandem_amplification_same_end	chr7R[1]:E-chr7R-1 > chr4R[7]:E-chr4R-7 > self[4-5]:E-chr14L-5,E-chr14L-4,E-chr14L-5(circ x1.5 moderate | alt chr14L[5] + chr14L[4-5])							5721	99.95%	reference defect	chr14L-1 is mis-assembled in this sample (5,720 bp vs 6,654) -- not recombination	beginning
6991	6991_day0_with_selection	SRR33298395.1029632	chr14L	1/5	chr14L-1	G10	chr7R-1	G8					E-chr7R-1,E-chr14L-2,E-chr14L-4,E-chr14L-4,E-chr14L-4	1st Y' Change	chr14L	tandem_amplification_same_end	chr7R[1]:E-chr7R-1 > self[2]:E-chr14L-2 > self[4]:E-chr14L-4,E-chr14L-4,E-chr14L-4(circ x3.0 moderate)							5721	99.95%	reference defect	chr14L-1 is mis-assembled in this sample (5,720 bp vs 6,654) -- not recombination	end
6991	6991_day0_with_selection	SRR33298395.967435	chr14L	1/5	chr14L-1	G10	chr7R-1	G8					E-chr7R-1,E-chr14L-2,E-chr14L-4,E-chr14L-4,E-chr14L-4	1st Y' Change	chr14L	tandem_amplification_same_end	chr7R[1]:E-chr7R-1 > self[2]:E-chr14L-2 > self[4]:E-chr14L-4,E-chr14L-4,E-chr14L-4(circ x3.0 moderate)							5721	99.95%	reference defect	chr14L-1 is mis-assembled in this sample (5,720 bp vs 6,654) -- not recombination	beginning
6991	6991_day0_with_selection	SRR33298395.1150272	chr14L	1/5	chr14L-1	G10	chr7R-1	G8					E-chr7R-1,E-chr14L-2,E-chr14L-4,E-chr14L-4,E-chr14L-5	1st Y' Change	chr14L	tandem_amplification_same_end	chr7R[1]:E-chr7R-1 > self[2]:E-chr14L-2 > self[4]:E-chr14L-4 > self[4-5]:E-chr14L-4,E-chr14L-5							5721	99.95%	reference defect	chr14L-1 is mis-assembled in this sample (5,720 bp vs 6,654) -- not recombination	beginning
6991	6991_day0_with_selection	SRR33298395.607261	chr14L	1/5	chr14L-1	G10	chr16L-1	G8					E-chr16L-1,E-chr14L-2,E-chr14L-4,E-chr14L-4,E-chr14L-5	1st Y' Change	chr14L	tandem_amplification_same_end	chr16L[1]:E-chr16L-1 > self[2]:E-chr14L-2 > self[4]:E-chr14L-4 > self[4-5]:E-chr14L-4,E-chr14L-5							5721	99.93%	reference defect	chr14L-1 is mis-assembled in this sample (5,720 bp vs 6,654) -- not recombination	end
6991	6991_day0_with_selection	SRR33298395.25789	chr14L	1/5	chr14L-1	G10	chr7R-1	G8					E-chr7R-1,E-chr4R-3,E-chr14L-5,E-chr14L-4,E-chr14L-4	1st Y' Change	chr14L	tandem_amplification_same_end	chr7R[1]:E-chr7R-1 > chr4R[3]:E-chr4R-3 > self[5]:E-chr14L-5 > self[4]:E-chr14L-4 > self[4]:E-chr14L-4							5721	99.95%	reference defect	chr14L-1 is mis-assembled in this sample (5,720 bp vs 6,654) -- not recombination	beginning
6991	6991_day0_with_selection	SRR33298395.880061	chr14L	1/5	chr14L-1	G10	chr7R-1	G8					E-chr7R-1,E-chr14L-2,E-chr14L-4,E-chr14L-4,E-chr14L-5	1st Y' Change	chr14L	tandem_amplification_same_end	chr7R[1]:E-chr7R-1 > self[2]:E-chr14L-2 > self[4]:E-chr14L-4 > self[4-5]:E-chr14L-4,E-chr14L-5							5721	99.95%	reference defect	chr14L-1 is mis-assembled in this sample (5,720 bp vs 6,654) -- not recombination	beginning
6991	6991_day0_with_selection	SRR33298395.798433	chr14L	1/5	chr14L-1	G10	chr7R-1	G8					E-chr7R-1,E-chr4R-3,E-chr14L-4,E-chr14L-5,E-chr14L-4	1st Y' Change	chr14L	tandem_amplification_same_end	chr7R[1]:E-chr7R-1 > chr4R[3]:E-chr4R-3 > self[4-5]:E-chr14L-4,E-chr14L-5,E-chr14L-4(circ x1.5 moderate | alt chr14L[4-5] + chr14L[4])							5721	99.95%	reference defect	chr14L-1 is mis-assembled in this sample (5,720 bp vs 6,654) -- not recombination	end
6991	6991_day0_with_selection	SRR33298395.1759651	chr14L	1/5	chr14L-1	G10	chr7R-1	G8					E-chr7R-1,E-chr4R-7,E-chr14L-5,E-chr14L-4,E-chr14L-5	1st Y' Change	chr14L	tandem_amplification_same_end	chr7R[1]:E-chr7R-1 > chr4R[7]:E-chr4R-7 > self[4-5]:E-chr14L-5,E-chr14L-4,E-chr14L-5(circ x1.5 moderate | alt chr14L[5] + chr14L[4-5])							5721	99.95%	reference defect	chr14L-1 is mis-assembled in this sample (5,720 bp vs 6,654) -- not recombination	beginning
6991	6991_day0_with_selection	SRR33298395.1610248	chr14L	1/5	chr14L-1	G10	chr7R-1	G8					E-chr7R-1,E-chr4R-3,E-chr14L-5,E-chr14L-4,E-chr14L-5	1st Y' Change	chr14L	tandem_amplification_same_end	chr7R[1]:E-chr7R-1 > chr4R[3]:E-chr4R-3 > self[4-5]:E-chr14L-5,E-chr14L-4,E-chr14L-5(circ x1.5 moderate | alt chr14L[5] + chr14L[4-5])							5721	99.95%	reference defect	chr14L-1 is mis-assembled in this sample (5,720 bp vs 6,654) -- not recombination	beginning
6991	6991_day0_with_selection	SRR33298395.610576	chr14L	1/5	chr14L-1	G10	chr7R-1	G8					E-chr7R-1,E-chr14L-2,E-chr14L-5,E-chr14L-5,E-chr14L-5	1st Y' Change	chr14L	tandem_amplification_same_end	chr7R[1]:E-chr7R-1 > self[2]:E-chr14L-2 > self[5]:E-chr14L-5,E-chr14L-5,E-chr14L-5(circ x3.0 moderate)							5721	99.95%	reference defect	chr14L-1 is mis-assembled in this sample (5,720 bp vs 6,654) -- not recombination	end
6991	6991_day0_with_selection	SRR33298395.1142253	chr14L	1/5	chr14L-1	G10	chr7R-1	G8					E-chr7R-1,E-chr4R-3,E-chr14L-4,E-chr14L-4,E-chr14L-5	1st Y' Change	chr14L	tandem_amplification_same_end	chr7R[1]:E-chr7R-1 > chr4R[3]:E-chr4R-3 > self[4]:E-chr14L-4 > self[4-5]:E-chr14L-4,E-chr14L-5							5721	99.95%	reference defect	chr14L-1 is mis-assembled in this sample (5,720 bp vs 6,654) -- not recombination	beginning
6991	6991_day0_with_selection	SRR33298395.1485400	chr14L	1/5	chr14L-1	G10	chr7R-1	G8					E-chr7R-1,E-chr4R-3,E-chr14L-4,E-chr14L-5,E-chr14L-4	1st Y' Change	chr14L	tandem_amplification_same_end	chr7R[1]:E-chr7R-1 > chr4R[3]:E-chr4R-3 > self[4-5]:E-chr14L-4,E-chr14L-5,E-chr14L-4(circ x1.5 moderate | alt chr14L[4-5] + chr14L[4])							5721	99.95%	reference defect	chr14L-1 is mis-assembled in this sample (5,720 bp vs 6,654) -- not recombination	beginning
6991	6991_day0_with_selection	SRR33298395.1313016	chr14L	1/5	chr14L-1	G10	chr7R-1	G8					E-chr7R-1,E-chr4R-7,E-chr14L-4,E-chr14L-4,E-chr14L-4	1st Y' Change	chr14L	tandem_amplification_same_end	chr7R[1]:E-chr7R-1 > chr4R[7]:E-chr4R-7 > self[4]:E-chr14L-4,E-chr14L-4,E-chr14L-4(circ x3.0 moderate)							5721	99.95%	reference defect	chr14L-1 is mis-assembled in this sample (5,720 bp vs 6,654) -- not recombination	beginning
6991	6991_day0_with_selection	SRR33298395.443198	chr14L	1/5	chr14L-1	G10	chr7R-1	G8					E-chr7R-1,E-chr4R-7,E-chr14L-5,E-chr14L-5,E-chr14L-5	1st Y' Change	chr14L	tandem_amplification_same_end	chr7R[1]:E-chr7R-1 > chr4R[7]:E-chr4R-7 > self[5]:E-chr14L-5,E-chr14L-5,E-chr14L-5(circ x3.0 moderate)							5721	99.95%	reference defect	chr14L-1 is mis-assembled in this sample (5,720 bp vs 6,654) -- not recombination	beginning
6991	6991_day0_with_selection	SRR33298395.476186	chr14L	1/5	chr14L-1	G10	chr7R-1	G8					E-chr7R-1,E-chr4R-7,E-chr14L-5,E-chr14L-4,E-chr14L-5	1st Y' Change	chr14L	tandem_amplification_same_end	chr7R[1]:E-chr7R-1 > chr4R[7]:E-chr4R-7 > self[4-5]:E-chr14L-5,E-chr14L-4,E-chr14L-5(circ x1.5 moderate | alt chr14L[5] + chr14L[4-5])							5721	99.95%	reference defect	chr14L-1 is mis-assembled in this sample (5,720 bp vs 6,654) -- not recombination	beginning
6991	6991_day0_with_selection	SRR33298395.637265	chr14L	1/5	chr14L-1	G10	chr7R-1	G8					E-chr7R-1,E-chr4R-7,E-chr14L-4,E-chr14L-5,E-chr14L-4	1st Y' Change	chr14L	tandem_amplification_same_end	chr7R[1]:E-chr7R-1 > chr4R[7]:E-chr4R-7 > self[4]:E-chr14L-4 > self[5]:E-chr14L-5 > self[4]:E-chr14L-4							5721	99.95%	reference defect	chr14L-1 is mis-assembled in this sample (5,720 bp vs 6,654) -- not recombination	beginning
6991	6991_day0_with_selection	SRR33298395.1307086	chr14L	1/5	chr14L-1	G10	chr7R-1	G8					E-chr7R-1,E-chr14L-2,E-chr14L-5,E-chr14L-5,E-chr14L-4	1st Y' Change	chr14L	tandem_amplification_same_end	chr7R[1]:E-chr7R-1 > self[2]:E-chr14L-2 > self[5]:E-chr14L-5 > self[5]:E-chr14L-5 > self[4]:E-chr14L-4							5721	99.95%	reference defect	chr14L-1 is mis-assembled in this sample (5,720 bp vs 6,654) -- not recombination	end
6991	6991_day0_with_selection	SRR33298395.728075	chr14L	1/5	chr14L-1	G10	chr7R-1	G8					E-chr7R-1,E-chr4R-3,E-chr14L-5,E-chr14L-5,E-chr14L-4	1st Y' Change	chr14L	tandem_amplification_same_end	chr7R[1]:E-chr7R-1 > chr4R[3]:E-chr4R-3 > self[5]:E-chr14L-5 > self[5]:E-chr14L-5 > self[4]:E-chr14L-4							5721	99.95%	reference defect	chr14L-1 is mis-assembled in this sample (5,720 bp vs 6,654) -- not recombination	beginning
6991	6991_day0_with_selection	SRR33298395.308740	chr14L	1/5	chr14L-1	G10	chr7R-1	G8					E-chr7R-1,E-chr4R-3,E-chr14L-4,E-chr14L-5,E-chr14L-5	1st Y' Change	chr14L	tandem_amplification_same_end	chr7R[1]:E-chr7R-1 > chr4R[3]:E-chr4R-3 > self[4-5]:E-chr14L-4,E-chr14L-5 > self[5]:E-chr14L-5							5721	99.95%	reference defect	chr14L-1 is mis-assembled in this sample (5,720 bp vs 6,654) -- not recombination	beginning
6991	6991_day0_with_selection	SRR33298395.331331	chr14L	1/5	chr14L-1	G10	chr7R-1	G8					E-chr7R-1,E-chr4R-7,E-chr14L-5,E-chr14L-5,E-chr14L-5	1st Y' Change	chr14L	tandem_amplification_same_end	chr7R[1]:E-chr7R-1 > chr4R[7]:E-chr4R-7 > self[5]:E-chr14L-5,E-chr14L-5,E-chr14L-5(circ x3.0 moderate)							5721	99.95%	reference defect	chr14L-1 is mis-assembled in this sample (5,720 bp vs 6,654) -- not recombination	beginning
6991	6991_day0_with_selection	SRR33298395.551995	chr14L	1/5	chr14L-1	G10	chr7R-1	G8					E-chr7R-1,E-chr4R-3,E-chr14L-5,E-chr14L-4,E-chr14L-4	1st Y' Change	chr14L	tandem_amplification_same_end	chr7R[1]:E-chr7R-1 > chr4R[3]:E-chr4R-3 > self[5]:E-chr14L-5 > self[4]:E-chr14L-4 > self[4]:E-chr14L-4							5721	99.95%	reference defect	chr14L-1 is mis-assembled in this sample (5,720 bp vs 6,654) -- not recombination	end
6991	6991_day0_with_selection	SRR33298395.424223	chr14L	1/5	chr14L-1	G10	chr7R-1	G8					E-chr7R-1,E-chr4R-7,E-chr14L-4,E-chr14L-4,E-chr14L-5	1st Y' Change	chr14L	tandem_amplification_same_end	chr7R[1]:E-chr7R-1 > chr4R[7]:E-chr4R-7 > self[4]:E-chr14L-4 > self[4-5]:E-chr14L-4,E-chr14L-5							5721	99.95%	reference defect	chr14L-1 is mis-assembled in this sample (5,720 bp vs 6,654) -- not recombination	beginning
6991	6991_day0_with_selection	SRR33298395.1170501	chr14L	1/5	chr14L-1	G10	chr7R-1	G8					E-chr7R-1,E-chr4R-3,E-chr14L-5,E-chr14L-5,E-chr14L-4	1st Y' Change	chr14L	tandem_amplification_same_end	chr7R[1]:E-chr7R-1 > chr4R[3]:E-chr4R-3 > self[5]:E-chr14L-5 > self[5]:E-chr14L-5 > self[4]:E-chr14L-4							5721	99.95%	reference defect	chr14L-1 is mis-assembled in this sample (5,720 bp vs 6,654) -- not recombination	beginning
6991	6991_day0_with_selection	SRR33298395.776355	chr14L	1/5	chr14L-1	G10	chr7R-1	G8					E-chr7R-1,E-chr4R-3,E-chr14L-4,E-chr14L-4,E-chr14L-5	1st Y' Change	chr14L	tandem_amplification_same_end	chr7R[1]:E-chr7R-1 > chr4R[3]:E-chr4R-3 > self[4]:E-chr14L-4 > self[4-5]:E-chr14L-4,E-chr14L-5							5721	99.95%	reference defect	chr14L-1 is mis-assembled in this sample (5,720 bp vs 6,654) -- not recombination	end
6991	6991_day0_with_selection	SRR33298395.1224775	chr14L	1/5	chr14L-1	G10	chr7R-1	G8					E-chr7R-1,E-chr4R-7,E-chr14L-4,E-chr14L-4,E-chr14L-4	1st Y' Change	chr14L	tandem_amplification_same_end	chr7R[1]:E-chr7R-1 > chr4R[7]:E-chr4R-7 > self[4]:E-chr14L-4,E-chr14L-4,E-chr14L-4(circ x3.0 moderate)							5721	99.95%	reference defect	chr14L-1 is mis-assembled in this sample (5,720 bp vs 6,654) -- not recombination	beginning
6991	6991_day0_with_selection	SRR33298395.316210	chr14L	1/5	chr14L-1	G10	chr7R-1	G8					E-chr7R-1,E-chr4R-7,E-chr14L-4,E-chr14L-4,E-chr14L-4	1st Y' Change	chr14L	tandem_amplification_same_end	chr7R[1]:E-chr7R-1 > chr4R[7]:E-chr4R-7 > self[4]:E-chr14L-4,E-chr14L-4,E-chr14L-4(circ x3.0 moderate)							5721	99.95%	reference defect	chr14L-1 is mis-assembled in this sample (5,720 bp vs 6,654) -- not recombination	beginning
6991	6991_day0_with_selection	SRR33298395.1126272	chr14L	1/5	chr14L-1	G10	chr7R-1	G8					E-chr7R-1,E-chr4R-7,E-chr14L-4,E-chr14L-4,E-chr14L-5	1st Y' Change	chr14L	tandem_amplification_same_end	chr7R[1]:E-chr7R-1 > chr4R[7]:E-chr4R-7 > self[4]:E-chr14L-4 > self[4-5]:E-chr14L-4,E-chr14L-5							5721	99.95%	reference defect	chr14L-1 is mis-assembled in this sample (5,720 bp vs 6,654) -- not recombination	beginning
6991	6991_day0_with_selection	SRR33298395.855063	chr14L	1/5	chr14L-1	G10	chr7R-1	G8					E-chr7R-1,E-chr4R-3,E-chr14L-5,E-chr14L-4,E-chr14L-4	1st Y' Change	chr14L	tandem_amplification_same_end	chr7R[1]:E-chr7R-1 > chr4R[3]:E-chr4R-3 > self[5]:E-chr14L-5 > self[4]:E-chr14L-4 > self[4]:E-chr14L-4							5721	99.95%	reference defect	chr14L-1 is mis-assembled in this sample (5,720 bp vs 6,654) -- not recombination	beginning
6991	6991_day0_with_selection	SRR33298395.1341080	chr14L	1/5	chr14L-1	G10	chr7R-1	G8					E-chr7R-1,E-chr4R-3,E-chr14L-4,E-chr14L-4,E-chr14L-5	1st Y' Change	chr14L	tandem_amplification_same_end	chr7R[1]:E-chr7R-1 > chr4R[3]:E-chr4R-3 > self[4]:E-chr14L-4 > self[4-5]:E-chr14L-4,E-chr14L-5							5721	99.95%	reference defect	chr14L-1 is mis-assembled in this sample (5,720 bp vs 6,654) -- not recombination	end
6991	6991_day0_with_selection	SRR33298395.1234752	chr14L	1/5	chr14L-1	G10	chr7R-1	G8					E-chr7R-1,E-chr4R-3,E-chr14L-4,E-chr14L-4,E-chr14L-4	1st Y' Change	chr14L	tandem_amplification_same_end	chr7R[1]:E-chr7R-1 > chr4R[3]:E-chr4R-3 > self[4]:E-chr14L-4,E-chr14L-4,E-chr14L-4(circ x3.0 moderate)							5721	99.95%	reference defect	chr14L-1 is mis-assembled in this sample (5,720 bp vs 6,654) -- not recombination	beginning
6991	6991_day0_with_selection	SRR33298395.491324	chr14L	1/5	chr14L-1	G10	chr7R-1	G8					E-chr7R-1,E-chr4R-7,E-chr14L-4,E-chr14L-5,E-chr14L-4	1st Y' Change	chr14L	tandem_amplification_same_end	chr7R[1]:E-chr7R-1 > chr4R[7]:E-chr4R-7 > self[4-5]:E-chr14L-4,E-chr14L-5,E-chr14L-4(circ x1.5 moderate | alt chr14L[4-5] + chr14L[4])							5721	99.95%	reference defect	chr14L-1 is mis-assembled in this sample (5,720 bp vs 6,654) -- not recombination	beginning
6991	6991_day0_with_selection	SRR33298395.1748780	chr14L	1/5	chr14L-1	G10	chr7R-1	G8					E-chr7R-1,E-chr4R-7,E-chr14L-4,E-chr14L-5,E-chr14L-4	1st Y' Change	chr14L	tandem_amplification_same_end	chr7R[1]:E-chr7R-1 > chr4R[7]:E-chr4R-7 > self[4-5]:E-chr14L-4,E-chr14L-5,E-chr14L-4(circ x1.5 moderate | alt chr14L[4-5] + chr14L[4])							5721	99.95%	reference defect	chr14L-1 is mis-assembled in this sample (5,720 bp vs 6,654) -- not recombination	beginning
6991	6991_day0_with_selection	SRR33298395.1651301	chr14L	1/5	chr14L-1	G10	chr7R-1	G8					E-chr7R-1,E-chr4R-3,E-chr14L-4,E-chr14L-4,E-chr14L-5	1st Y' Change	chr14L	tandem_amplification_same_end	chr7R[1]:E-chr7R-1 > chr4R[3]:E-chr4R-3 > self[4]:E-chr14L-4 > self[4-5]:E-chr14L-4,E-chr14L-5							5721	99.95%	reference defect	chr14L-1 is mis-assembled in this sample (5,720 bp vs 6,654) -- not recombination	beginning
6991	6991_day0_with_selection	SRR33298395.1734548	chr14L	1/5	chr14L-1	G10	chr7R-1	G8					E-chr7R-1,E-chr4R-7,E-chr14L-4,E-chr14L-5,E-chr14L-4	1st Y' Change	chr14L	tandem_amplification_same_end	chr7R[1]:E-chr7R-1 > chr4R[7]:E-chr4R-7 > self[4-5]:E-chr14L-4,E-chr14L-5,E-chr14L-4(circ x1.5 moderate | alt chr14L[4-5] + chr14L[4])							5721	99.95%	reference defect	chr14L-1 is mis-assembled in this sample (5,720 bp vs 6,654) -- not recombination	beginning
6991	6991_day0_with_selection	SRR33298395.302182	chr14L	1/5	chr14L-1	G10	chr7R-1	G8					E-chr7R-1,E-chr4R-7,E-chr14L-5,E-chr14L-4,E-chr14L-4	1st Y' Change	chr14L	tandem_amplification_same_end	chr7R[1]:E-chr7R-1 > chr4R[7]:E-chr4R-7 > self[5]:E-chr14L-5 > self[4]:E-chr14L-4 > self[4]:E-chr14L-4							5721	99.95%	reference defect	chr14L-1 is mis-assembled in this sample (5,720 bp vs 6,654) -- not recombination	beginning
6991	6991_day0_with_selection	SRR33298395.787630	chr14L	1/5	chr14L-1	G10	chr7R-1	G8					E-chr7R-1,E-chr4R-3,E-chr14L-4,E-chr14L-4,E-chr14L-4	1st Y' Change	chr14L	tandem_amplification_same_end	chr7R[1]:E-chr7R-1 > chr4R[3]:E-chr4R-3 > self[4]:E-chr14L-4,E-chr14L-4,E-chr14L-4(circ x3.0 moderate)							5721	99.95%	reference defect	chr14L-1 is mis-assembled in this sample (5,720 bp vs 6,654) -- not recombination	end
6991	6991_day0_with_selection	SRR33298395.632644	chr14L	1/5	chr14L-1	G10	chr7R-1	G8					E-chr7R-1,E-chr4R-3,E-chr14L-5,E-chr14L-5,E-chr14L-5	1st Y' Change	chr14L	tandem_amplification_same_end	chr7R[1]:E-chr7R-1 > chr4R[3]:E-chr4R-3 > self[5]:E-chr14L-5,E-chr14L-5,E-chr14L-5(circ x3.0 moderate)							5721	99.95%	reference defect	chr14L-1 is mis-assembled in this sample (5,720 bp vs 6,654) -- not recombination	end
6991	6991_day0_with_selection	SRR33298395.1253500	chr14L	1/5	chr14L-1	G10	chr7R-1	G8					E-chr7R-1,E-chr4R-3,E-chr14L-4,E-chr14L-4,E-chr14L-4	1st Y' Change	chr14L	tandem_amplification_same_end	chr7R[1]:E-chr7R-1 > chr4R[3]:E-chr4R-3 > self[4]:E-chr14L-4,E-chr14L-4,E-chr14L-4(circ x3.0 moderate)							5721	99.95%	reference defect	chr14L-1 is mis-assembled in this sample (5,720 bp vs 6,654) -- not recombination	beginning
6991	6991_day0_with_selection	SRR33298395.1666601	chr14L	1/5	chr14L-1	G10	chr7R-1	G8					E-chr7R-1,E-chr4R-7,E-chr14L-4,E-chr14L-5,E-chr14L-4	1st Y' Change	chr14L	tandem_amplification_same_end	chr7R[1]:E-chr7R-1 > chr4R[7]:E-chr4R-7 > self[4-5]:E-chr14L-4,E-chr14L-5,E-chr14L-4(circ x1.5 moderate | alt chr14L[4-5] + chr14L[4])							5721	99.95%	reference defect	chr14L-1 is mis-assembled in this sample (5,720 bp vs 6,654) -- not recombination	beginning
6991	6991_day0_with_selection	SRR33298395.96483	chr14L	1/5	chr14L-1	G10	chr7R-1	G8					E-chr7R-1,E-chr14L-2,E-chr14L-4,E-chr14L-4,E-chr14L-4	1st Y' Change	chr14L	tandem_amplification_same_end	chr7R[1]:E-chr7R-1 > self[2]:E-chr14L-2 > self[4]:E-chr14L-4,E-chr14L-4,E-chr14L-4(circ x3.0 moderate)							5721	99.95%	reference defect	chr14L-1 is mis-assembled in this sample (5,720 bp vs 6,654) -- not recombination	end
6991	6991_day0_with_selection	SRR33298395.1769709	chr14L	1/5	chr14L-1	G10	chr7R-1	G8					E-chr7R-1,E-chr4R-3,E-chr14L-5,E-chr14L-5,E-chr14L-5	1st Y' Change	chr14L	tandem_amplification_same_end	chr7R[1]:E-chr7R-1 > chr4R[3]:E-chr4R-3 > self[5]:E-chr14L-5,E-chr14L-5,E-chr14L-5(circ x3.0 moderate)							5721	99.95%	reference defect	chr14L-1 is mis-assembled in this sample (5,720 bp vs 6,654) -- not recombination	beginning
6991	6991_day0_with_selection	SRR33298395.1160969	chr14L	1/5	chr14L-1	G10	chr7R-1	G8					E-chr7R-1,E-chr4R-7,E-chr14L-5,E-chr14L-5,E-chr14L-4	1st Y' Change	chr14L	tandem_amplification_same_end	chr7R[1]:E-chr7R-1 > chr4R[7]:E-chr4R-7 > self[5]:E-chr14L-5 > self[5]:E-chr14L-5 > self[4]:E-chr14L-4							5721	99.95%	reference defect	chr14L-1 is mis-assembled in this sample (5,720 bp vs 6,654) -- not recombination	beginning
6991	6991_day0_with_selection	SRR33298395.1767319	chr14L	1/5	chr14L-1	G10	chr7R-1	G8					E-chr7R-1,E-chr4R-7,E-chr14L-4,E-chr14L-5,E-chr14L-5	1st Y' Change	chr14L	tandem_amplification_same_end	chr7R[1]:E-chr7R-1 > chr4R[7]:E-chr4R-7 > self[4-5]:E-chr14L-4,E-chr14L-5 > self[5]:E-chr14L-5							5721	99.95%	reference defect	chr14L-1 is mis-assembled in this sample (5,720 bp vs 6,654) -- not recombination	beginning
6991	6991_day0_with_selection	SRR33298395.1411367	chr14L	1/5	chr14L-1	G10	chr7R-1	G8					E-chr7R-1,E-chr4R-7,E-chr14L-4,E-chr14L-5,E-chr14L-5	1st Y' Change	chr14L	tandem_amplification_same_end	chr7R[1]:E-chr7R-1 > chr4R[7]:E-chr4R-7 > self[4-5]:E-chr14L-4,E-chr14L-5 > self[5]:E-chr14L-5							5721	99.95%	reference defect	chr14L-1 is mis-assembled in this sample (5,720 bp vs 6,654) -- not recombination	beginning
6991	6991_day0_with_selection	SRR33298395.1506260	chr14L	1/5	chr14L-1	G10	chr7R-1	G8					E-chr7R-1,E-chr4R-7,E-chr14L-4,E-chr14L-4,E-chr14L-5	1st Y' Change	chr14L	tandem_amplification_same_end	chr7R[1]:E-chr7R-1 > chr4R[7]:E-chr4R-7 > self[4]:E-chr14L-4 > self[4-5]:E-chr14L-4,E-chr14L-5							5721	99.95%	reference defect	chr14L-1 is mis-assembled in this sample (5,720 bp vs 6,654) -- not recombination	beginning
6991	6991_day0_with_selection	SRR33298395.1320286	chr14L	1/5	chr14L-1	G10	chr7R-1	G8					E-chr7R-1,E-chr4R-7,E-chr14L-4,E-chr14L-5,E-chr14L-4	1st Y' Change	chr14L	tandem_amplification_same_end	chr7R[1]:E-chr7R-1 > chr4R[7]:E-chr4R-7 > self[4-5]:E-chr14L-4,E-chr14L-5,E-chr14L-4(circ x1.5 moderate | alt chr14L[4-5] + chr14L[4])							5721	99.95%	reference defect	chr14L-1 is mis-assembled in this sample (5,720 bp vs 6,654) -- not recombination	beginning
6991	6991_day0_with_selection	SRR33298395.607367	chr14L	1/5	chr14L-1	G10	chr7R-1	G8					E-chr7R-1,E-chr14L-2,E-chr14L-5,E-chr14L-5,E-chr14L-5	1st Y' Change	chr14L	tandem_amplification_same_end	chr7R[1]:E-chr7R-1 > self[2]:E-chr14L-2 > self[5]:E-chr14L-5,E-chr14L-5,E-chr14L-5(circ x3.0 moderate)							5721	99.95%	reference defect	chr14L-1 is mis-assembled in this sample (5,720 bp vs 6,654) -- not recombination	end
6991	6991_day0_with_selection	SRR33298395.1748312	chr14L	1/5	chr14L-1	G10	chr7R-1	G8					E-chr7R-1,E-chr4R-3,E-chr14L-5,E-chr14L-5,E-chr14L-4	1st Y' Change	chr14L	tandem_amplification_same_end	chr7R[1]:E-chr7R-1 > chr4R[3]:E-chr4R-3 > self[5]:E-chr14L-5 > self[5]:E-chr14L-5 > self[4]:E-chr14L-4							5721	99.95%	reference defect	chr14L-1 is mis-assembled in this sample (5,720 bp vs 6,654) -- not recombination	beginning
6991	6991_day0_with_selection	SRR33298395.1406507	chr14L	1/5	chr14L-1	G10	chr7R-1	G8					E-chr7R-1,E-chr14L-2,E-chr14L-4,E-chr14L-5,E-chr14L-5	1st Y' Change	chr14L	tandem_amplification_same_end	chr7R[1]:E-chr7R-1 > self[2]:E-chr14L-2 > self[4]:E-chr14L-4 > self[5]:E-chr14L-5 > self[5]:E-chr14L-5							5721	99.95%	reference defect	chr14L-1 is mis-assembled in this sample (5,720 bp vs 6,654) -- not recombination	end
6991	6991_day0_with_selection	SRR33298395.920021	chr14L	1/5	chr14L-1	G10	chr7R-1	G8					E-chr7R-1,E-chr4R-7,E-chr14L-5,E-chr14L-5,E-chr14L-5	1st Y' Change	chr14L	tandem_amplification_same_end	chr7R[1]:E-chr7R-1 > chr4R[7]:E-chr4R-7 > self[5]:E-chr14L-5,E-chr14L-5,E-chr14L-5(circ x3.0 moderate)							5721	99.95%	reference defect	chr14L-1 is mis-assembled in this sample (5,720 bp vs 6,654) -- not recombination	beginning
6991	6991_day0_with_selection	SRR33298395.672131	chr14L	1/5	chr14L-1	G10	chr7R-1	G8					E-chr7R-1,E-chr4R-3,E-chr14L-5,E-chr14L-5,E-chr14L-5	1st Y' Change	chr14L	tandem_amplification_same_end	chr7R[1]:E-chr7R-1 > chr4R[3]:E-chr4R-3 > self[5]:E-chr14L-5,E-chr14L-5,E-chr14L-5(circ x3.0 moderate)							5721	99.95%	reference defect	chr14L-1 is mis-assembled in this sample (5,720 bp vs 6,654) -- not recombination	end
6991	6991_day0_with_selection	SRR33298395.1437730	chr14L	1/5	chr14L-1	G10	chr7R-1	G8					E-chr7R-1,E-chr4R-7,E-chr14L-4,E-chr14L-5,E-chr14L-5	1st Y' Change	chr14L	tandem_amplification_same_end	chr7R[1]:E-chr7R-1 > chr4R[7]:E-chr4R-7 > self[4-5]:E-chr14L-4,E-chr14L-5 > self[5]:E-chr14L-5							5721	99.95%	reference defect	chr14L-1 is mis-assembled in this sample (5,720 bp vs 6,654) -- not recombination	beginning
6991	6991_day0_with_selection	SRR33298395.1658920	chr14L	1/5	chr14L-1	G10	chr7R-1	G8					E-chr7R-1,E-chr4R-7,E-chr14L-5,E-chr14L-4,E-chr14L-5	1st Y' Change	chr14L	tandem_amplification_same_end	chr7R[1]:E-chr7R-1 > chr4R[7]:E-chr4R-7 > self[4-5]:E-chr14L-5,E-chr14L-4,E-chr14L-5(circ x1.5 moderate | alt chr14L[5] + chr14L[4-5])							5721	99.95%	reference defect	chr14L-1 is mis-assembled in this sample (5,720 bp vs 6,654) -- not recombination	beginning
6991	6991_day0_with_selection	SRR33298395.495125	chr14L	1/5	chr14L-1	G10	chr7R-1	G8					E-chr7R-1,E-chr4R-7,E-chr14L-4,E-chr14L-4,E-chr14L-5	1st Y' Change	chr14L	tandem_amplification_same_end	chr7R[1]:E-chr7R-1 > chr4R[7]:E-chr4R-7 > self[4]:E-chr14L-4 > self[4-5]:E-chr14L-4,E-chr14L-5							5721	99.95%	reference defect	chr14L-1 is mis-assembled in this sample (5,720 bp vs 6,654) -- not recombination	beginning
6991	6991_day0_with_selection	SRR33298395.1537026	chr14L	1/5	chr14L-1	G10	chr7R-1	G8					E-chr7R-1,E-chr4R-3,E-chr14L-4,E-chr14L-4,E-chr14L-4	1st Y' Change	chr14L	tandem_amplification_same_end	chr7R[1]:E-chr7R-1 > chr4R[3]:E-chr4R-3 > self[4]:E-chr14L-4,E-chr14L-4,E-chr14L-4(circ x3.0 moderate)							5721	99.95%	reference defect	chr14L-1 is mis-assembled in this sample (5,720 bp vs 6,654) -- not recombination	beginning
6991	6991_day0_with_selection	SRR33298395.1797464	chr14L	1/5	chr14L-1	G10	chr7R-1	G8					E-chr7R-1,E-chr4R-3,E-chr14L-4,E-chr14L-5,E-chr14L-4	1st Y' Change	chr14L	tandem_amplification_same_end	chr7R[1]:E-chr7R-1 > chr4R[3]:E-chr4R-3 > self[4-5]:E-chr14L-4,E-chr14L-5,E-chr14L-4(circ x1.5 moderate | alt chr14L[4-5] + chr14L[4])							5721	99.95%	reference defect	chr14L-1 is mis-assembled in this sample (5,720 bp vs 6,654) -- not recombination	end
6991	6991_day0_with_selection	SRR33298395.1747448	chr14L	1/5	chr14L-1	G10	chr7R-1	G8					E-chr7R-1,E-chr4R-3,E-chr14L-4,E-chr14L-4,E-chr14L-4	1st Y' Change	chr14L	tandem_amplification_same_end	chr7R[1]:E-chr7R-1 > chr4R[3]:E-chr4R-3 > self[4]:E-chr14L-4,E-chr14L-4,E-chr14L-4(circ x3.0 moderate)							5721	99.95%	reference defect	chr14L-1 is mis-assembled in this sample (5,720 bp vs 6,654) -- not recombination	end
6991	6991_day0_with_selection	SRR33298395.655647	chr14L	1/5	chr14L-1	G10	chr7R-1	G8					E-chr7R-1,E-chr14L-2,E-chr14L-5,E-chr14L-4,E-chr14L-4	1st Y' Change	chr14L	tandem_amplification_same_end	chr7R[1]:E-chr7R-1 > self[2]:E-chr14L-2 > self[5]:E-chr14L-5 > self[4]:E-chr14L-4 > self[4]:E-chr14L-4							5721	99.95%	reference defect	chr14L-1 is mis-assembled in this sample (5,720 bp vs 6,654) -- not recombination	end
6991	6991_day0_with_selection	SRR33298395.957933	chr14L	1/5	chr14L-1	G10	chr7R-1	G8					E-chr7R-1,E-chr4R-3,E-chr14L-4,E-chr14L-4,E-chr14L-5	1st Y' Change	chr14L	tandem_amplification_same_end	chr7R[1]:E-chr7R-1 > chr4R[3]:E-chr4R-3 > self[4]:E-chr14L-4 > self[4-5]:E-chr14L-4,E-chr14L-5							5721	99.95%	reference defect	chr14L-1 is mis-assembled in this sample (5,720 bp vs 6,654) -- not recombination	beginning
6991	6991_day0_with_selection	SRR33298395.142464	chr14L	1/5	chr14L-1	G10	chr7R-1	G8					E-chr7R-1,E-chr4R-3,E-chr14L-5,E-chr14L-4,E-chr14L-5	1st Y' Change	chr14L	tandem_amplification_same_end	chr7R[1]:E-chr7R-1 > chr4R[3]:E-chr4R-3 > self[4-5]:E-chr14L-5,E-chr14L-4,E-chr14L-5(circ x1.5 moderate | alt chr14L[5] + chr14L[4-5])							5721	99.95%	reference defect	chr14L-1 is mis-assembled in this sample (5,720 bp vs 6,654) -- not recombination	beginning
6991	6991_day0_with_selection	SRR33298395.651359	chr14L	1/5	chr14L-1	G10	chr7R-1	G8					E-chr7R-1,E-chr4R-7,E-chr14L-5,E-chr14L-4,E-chr14L-5	1st Y' Change	chr14L	tandem_amplification_same_end	chr7R[1]:E-chr7R-1 > chr4R[7]:E-chr4R-7 > self[4-5]:E-chr14L-5,E-chr14L-4,E-chr14L-5(circ x1.5 moderate | alt chr14L[5] + chr14L[4-5])							5721	99.95%	reference defect	chr14L-1 is mis-assembled in this sample (5,720 bp vs 6,654) -- not recombination	beginning
6991	6991_day0_with_selection	SRR33298395.800183	chr14L	1/5	chr14L-1	G10	chr7R-1	G8					E-chr7R-1,E-chr4R-3,E-chr14L-4,E-chr14L-5,E-chr14L-4	1st Y' Change	chr14L	tandem_amplification_same_end	chr7R[1]:E-chr7R-1 > chr4R[3]:E-chr4R-3 > self[4-5]:E-chr14L-4,E-chr14L-5,E-chr14L-4(circ x1.5 moderate | alt chr14L[4-5] + chr14L[4])							5721	99.95%	reference defect	chr14L-1 is mis-assembled in this sample (5,720 bp vs 6,654) -- not recombination	beginning
6991	6991_day0_with_selection	SRR33298395.1664400	chr14L	1/5	chr14L-1	G10	chr7R-1	G8					E-chr7R-1,E-chr4R-7,E-chr14L-5,E-chr14L-4,E-chr14L-5	1st Y' Change	chr14L	tandem_amplification_same_end	chr7R[1]:E-chr7R-1 > chr4R[7]:E-chr4R-7 > self[4-5]:E-chr14L-5,E-chr14L-4,E-chr14L-5(circ x1.5 moderate | alt chr14L[5] + chr14L[4-5])							5721	99.95%	reference defect	chr14L-1 is mis-assembled in this sample (5,720 bp vs 6,654) -- not recombination	beginning
6991	6991_day0_with_selection	SRR33298395.302232	chr14L	1/5	chr14L-1	G10	chr7R-1	G8					E-chr7R-1,E-chr4R-7,E-chr14L-5,E-chr14L-4,E-chr14L-4	1st Y' Change	chr14L	tandem_amplification_same_end	chr7R[1]:E-chr7R-1 > chr4R[7]:E-chr4R-7 > self[5]:E-chr14L-5 > self[4]:E-chr14L-4 > self[4]:E-chr14L-4							5721	99.95%	reference defect	chr14L-1 is mis-assembled in this sample (5,720 bp vs 6,654) -- not recombination	beginning
6991	6991_day0_with_selection	SRR33298395.1328439	chr14L	1/5	chr14L-1	G10	chr7R-1	G8					E-chr7R-1,E-chr4R-3,E-chr14L-4,E-chr14L-4,E-chr14L-4	1st Y' Change	chr14L	tandem_amplification_same_end	chr7R[1]:E-chr7R-1 > chr4R[3]:E-chr4R-3 > self[4]:E-chr14L-4,E-chr14L-4,E-chr14L-4(circ x3.0 moderate)							5721	99.95%	reference defect	chr14L-1 is mis-assembled in this sample (5,720 bp vs 6,654) -- not recombination	beginning
6991	6991_day0_with_selection	SRR33298395.394125	chr14L	1/5	chr14L-1	G10	chr7R-1	G8					E-chr7R-1,E-chr4R-3,E-chr14L-4,E-chr14L-5,E-chr14L-5	1st Y' Change	chr14L	tandem_amplification_same_end	chr7R[1]:E-chr7R-1 > chr4R[3]:E-chr4R-3 > self[4-5]:E-chr14L-4,E-chr14L-5 > self[5]:E-chr14L-5							5721	99.95%	reference defect	chr14L-1 is mis-assembled in this sample (5,720 bp vs 6,654) -- not recombination	beginning
6991	6991_day0_with_selection	SRR33298395.199971	chr14L	1/5	chr14L-1	G10	chr7R-1	G8					E-chr7R-1,E-chr4R-3,E-chr14L-4,E-chr14L-4,E-chr14L-4	1st Y' Change	chr14L	tandem_amplification_same_end	chr7R[1]:E-chr7R-1 > chr4R[3]:E-chr4R-3 > self[4]:E-chr14L-4,E-chr14L-4,E-chr14L-4(circ x3.0 moderate)							5721	99.95%	reference defect	chr14L-1 is mis-assembled in this sample (5,720 bp vs 6,654) -- not recombination	end
6991	6991_day0_with_selection	SRR33298395.245128	chr14L	1/5	chr14L-1	G10	chr7R-1	G8					E-chr7R-1,E-chr4R-3,E-chr14L-5,E-chr14L-5,E-chr14L-5	1st Y' Change	chr14L	tandem_amplification_same_end	chr7R[1]:E-chr7R-1 > chr4R[3]:E-chr4R-3 > self[5]:E-chr14L-5,E-chr14L-5,E-chr14L-5(circ x3.0 moderate)							5721	99.95%	reference defect	chr14L-1 is mis-assembled in this sample (5,720 bp vs 6,654) -- not recombination	end
6991	6991_day0_with_selection	SRR33298395.1082645	chr14L	1/5	chr14L-1	G10	chr7R-1	G8					E-chr7R-1,E-chr14L-2,E-chr14L-5,E-chr14L-5,E-chr14L-5	1st Y' Change	chr14L	tandem_amplification_same_end	chr7R[1]:E-chr7R-1 > self[2]:E-chr14L-2 > self[5]:E-chr14L-5,E-chr14L-5,E-chr14L-5(circ x3.0 moderate)							5721	99.95%	reference defect	chr14L-1 is mis-assembled in this sample (5,720 bp vs 6,654) -- not recombination	end
6991	6991_day0_with_selection	SRR33298395.1000358	chr14L	1/5	chr14L-1	G10	chr7R-1	G8					E-chr7R-1,E-chr4R-3,E-chr14L-5,E-chr14L-5,E-chr14L-5	1st Y' Change	chr14L	tandem_amplification_same_end	chr7R[1]:E-chr7R-1 > chr4R[3]:E-chr4R-3 > self[5]:E-chr14L-5,E-chr14L-5,E-chr14L-5(circ x3.0 moderate)							5721	99.95%	reference defect	chr14L-1 is mis-assembled in this sample (5,720 bp vs 6,654) -- not recombination	beginning
6991	6991_day0_with_selection	SRR33298395.1411373	chr14L	1/5	chr14L-1	G10	chr7R-1	G8					E-chr7R-1,E-chr14L-2,E-chr14L-4,E-chr14L-5,E-chr14L-5	1st Y' Change	chr14L	tandem_amplification_same_end	chr7R[1]:E-chr7R-1 > self[2]:E-chr14L-2 > self[4-5]:E-chr14L-4,E-chr14L-5 > self[5]:E-chr14L-5							5721	99.95%	reference defect	chr14L-1 is mis-assembled in this sample (5,720 bp vs 6,654) -- not recombination	end
6991	6991_day0_with_selection	SRR33298395.1835348	chr14L	1/5	chr14L-1	G10	chr7R-1	G8					E-chr7R-1,E-chr4R-7,E-chr14L-4,E-chr14L-4,E-chr14L-4	1st Y' Change	chr14L	tandem_amplification_same_end	chr7R[1]:E-chr7R-1 > chr4R[7]:E-chr4R-7 > self[4]:E-chr14L-4,E-chr14L-4,E-chr14L-4(circ x3.0 moderate)							5721	99.95%	reference defect	chr14L-1 is mis-assembled in this sample (5,720 bp vs 6,654) -- not recombination	end
6991	6991_day0_with_selection	SRR33298395.261747	chr14L	1/5	chr14L-1	G10	chr7R-1	G8					E-chr7R-1,E-chr4R-3,E-chr14L-4,E-chr14L-5,E-chr14L-4	1st Y' Change	chr14L	tandem_amplification_same_end	chr7R[1]:E-chr7R-1 > chr4R[3]:E-chr4R-3 > self[4-5]:E-chr14L-4,E-chr14L-5,E-chr14L-4(circ x1.5 moderate | alt chr14L[4-5] + chr14L[4])							5721	99.95%	reference defect	chr14L-1 is mis-assembled in this sample (5,720 bp vs 6,654) -- not recombination	beginning
6991	6991_day0_with_selection	SRR33298395.975868	chr14L	1/5	chr14L-1	G10	chr7R-1	G8					E-chr7R-1,E-chr4R-3,E-chr14L-4,E-chr14L-4,E-chr14L-5	1st Y' Change	chr14L	tandem_amplification_same_end	chr7R[1]:E-chr7R-1 > chr4R[3]:E-chr4R-3 > self[4]:E-chr14L-4 > self[4-5]:E-chr14L-4,E-chr14L-5							5721	99.95%	reference defect	chr14L-1 is mis-assembled in this sample (5,720 bp vs 6,654) -- not recombination	beginning
6991	6991_day0_with_selection	SRR33298395.1158786	chr14L	1/5	chr14L-1	G10	chr7R-1	G8					E-chr7R-1,E-chr4R-3,E-chr14L-4,E-chr14L-4,E-chr14L-4	1st Y' Change	chr14L	tandem_amplification_same_end	chr7R[1]:E-chr7R-1 > chr4R[3]:E-chr4R-3 > self[4]:E-chr14L-4,E-chr14L-4,E-chr14L-4(circ x3.0 moderate)							5721	99.95%	reference defect	chr14L-1 is mis-assembled in this sample (5,720 bp vs 6,654) -- not recombination	end
6991	6991_day0_with_selection	SRR33298395.1680078	chr14L	1/5	chr14L-1	G10	chr7R-1	G8					E-chr7R-1,E-chr4R-3,E-chr14L-4,E-chr14L-5,E-chr14L-4	1st Y' Change	chr14L	tandem_amplification_same_end	chr7R[1]:E-chr7R-1 > chr4R[3]:E-chr4R-3 > self[4-5]:E-chr14L-4,E-chr14L-5,E-chr14L-4(circ x1.5 moderate | alt chr14L[4-5] + chr14L[4])							5721	99.95%	reference defect	chr14L-1 is mis-assembled in this sample (5,720 bp vs 6,654) -- not recombination	end
6991	6991_day0_with_selection	SRR33298395.316121	chr14L	1/5	chr14L-1	G10	chr7R-1	G8					E-chr7R-1,E-chr4R-7,E-chr14L-5,E-chr14L-5,E-chr14L-5	1st Y' Change	chr14L	tandem_amplification_same_end	chr7R[1]:E-chr7R-1 > chr4R[7]:E-chr4R-7 > self[5]:E-chr14L-5,E-chr14L-5,E-chr14L-5(circ x3.0 moderate)							5721	99.95%	reference defect	chr14L-1 is mis-assembled in this sample (5,720 bp vs 6,654) -- not recombination	beginning
6991	6991_day0_with_selection	SRR33298395.48813	chr14L	1/5	chr14L-1	G10	chr7R-1	G8					E-chr7R-1,E-chr4R-7,E-chr14L-5,E-chr14L-4,E-chr14L-5	1st Y' Change	chr14L	tandem_amplification_same_end	chr7R[1]:E-chr7R-1 > chr4R[7]:E-chr4R-7 > self[4-5]:E-chr14L-5,E-chr14L-4,E-chr14L-5(circ x1.5 moderate | alt chr14L[5] + chr14L[4-5])							5721	99.95%	reference defect	chr14L-1 is mis-assembled in this sample (5,720 bp vs 6,654) -- not recombination	beginning
6991	6991_day0_with_selection	SRR33298395.118833	chr14L	1/5	chr14L-1	G10	chr7R-1	G8					E-chr7R-1,E-chr4R-7,E-chr14L-4,E-chr14L-4,E-chr14L-4	1st Y' Change	chr14L	tandem_amplification_same_end	chr7R[1]:E-chr7R-1 > chr4R[7]:E-chr4R-7 > self[4]:E-chr14L-4,E-chr14L-4,E-chr14L-4(circ x3.0 moderate)							5721	99.95%	reference defect	chr14L-1 is mis-assembled in this sample (5,720 bp vs 6,654) -- not recombination	beginning
6991	6991_day0_with_selection	SRR33298395.1474819	chr14L	1/5	chr14L-1	G10	chr7R-1	G8					E-chr7R-1,E-chr4R-3,E-chr14L-4,E-chr14L-5,E-chr14L-5	1st Y' Change	chr14L	tandem_amplification_same_end	chr7R[1]:E-chr7R-1 > chr4R[3]:E-chr4R-3 > self[4-5]:E-chr14L-4,E-chr14L-5 > self[5]:E-chr14L-5							5721	99.95%	reference defect	chr14L-1 is mis-assembled in this sample (5,720 bp vs 6,654) -- not recombination	beginning
6991	6991_day0_with_selection	SRR33298395.1595650	chr14L	1/5	chr14L-1	G10	chr7R-1	G8					E-chr7R-1,E-chr4R-7,E-chr14L-4,E-chr14L-4,E-chr14L-5	1st Y' Change	chr14L	tandem_amplification_same_end	chr7R[1]:E-chr7R-1 > chr4R[7]:E-chr4R-7 > self[4]:E-chr14L-4 > self[4-5]:E-chr14L-4,E-chr14L-5							5721	99.95%	reference defect	chr14L-1 is mis-assembled in this sample (5,720 bp vs 6,654) -- not recombination	beginning
6991	6991_day0_with_selection	SRR33298395.251326	chr14L	1/5	chr14L-1	G10	chr7R-1	G8					E-chr7R-1,E-chr4R-7,E-chr14L-5,E-chr14L-4,E-chr14L-4	1st Y' Change	chr14L	tandem_amplification_same_end	chr7R[1]:E-chr7R-1 > chr4R[7]:E-chr4R-7 > self[5]:E-chr14L-5 > self[4]:E-chr14L-4 > self[4]:E-chr14L-4							5721	99.95%	reference defect	chr14L-1 is mis-assembled in this sample (5,720 bp vs 6,654) -- not recombination	beginning
6991	6991_day0_with_selection	SRR33298395.1352573	chr14L	1/5	chr14L-1	G10	chr7R-1	G8					E-chr7R-1,E-chr4R-3,E-chr14L-4,E-chr14L-4,E-chr14L-4	1st Y' Change	chr14L	tandem_amplification_same_end	chr7R[1]:E-chr7R-1 > chr4R[3]:E-chr4R-3 > self[4]:E-chr14L-4,E-chr14L-4,E-chr14L-4(circ x3.0 moderate)							5721	99.95%	reference defect	chr14L-1 is mis-assembled in this sample (5,720 bp vs 6,654) -- not recombination	beginning
6991	6991_day0_with_selection	SRR33298395.1112954	chr14L	1/5	chr14L-1	G10	chr7R-1	G8					E-chr7R-1,E-chr4R-3,E-chr14L-4,E-chr14L-4,E-chr14L-5	1st Y' Change	chr14L	tandem_amplification_same_end	chr7R[1]:E-chr7R-1 > chr4R[3]:E-chr4R-3 > self[4]:E-chr14L-4 > self[4-5]:E-chr14L-4,E-chr14L-5							5721	99.95%	reference defect	chr14L-1 is mis-assembled in this sample (5,720 bp vs 6,654) -- not recombination	beginning
6991	6991_day0_with_selection	SRR33298395.68112	chr14L	1/5	chr14L-1	G10	chr7R-1	G8					E-chr7R-1,E-chr4R-3,E-chr14L-5,E-chr14L-5,E-chr14L-5	1st Y' Change	chr14L	tandem_amplification_same_end	chr7R[1]:E-chr7R-1 > chr4R[3]:E-chr4R-3 > self[5]:E-chr14L-5,E-chr14L-5,E-chr14L-5(circ x3.0 moderate)							5721	99.95%	reference defect	chr14L-1 is mis-assembled in this sample (5,720 bp vs 6,654) -- not recombination	beginning
6991	6991_day0_with_selection	SRR33298395.610353	chr14L	1/5	chr14L-1	G10	chr7R-1	G8					E-chr7R-1,E-chr4R-7,E-chr14L-5,E-chr14L-5,E-chr14L-5	1st Y' Change	chr14L	tandem_amplification_same_end	chr7R[1]:E-chr7R-1 > chr4R[7]:E-chr4R-7 > self[5]:E-chr14L-5,E-chr14L-5,E-chr14L-5(circ x3.0 moderate)							5721	99.95%	reference defect	chr14L-1 is mis-assembled in this sample (5,720 bp vs 6,654) -- not recombination	beginning
6991	6991_day0_with_selection	SRR33298395.164880	chr14L	1/5	chr14L-1	G10	chr7R-1	G8					E-chr7R-1,E-chr4R-3,E-chr14L-4,E-chr14L-5,E-chr14L-4	1st Y' Change	chr14L	tandem_amplification_same_end	chr7R[1]:E-chr7R-1 > chr4R[3]:E-chr4R-3 > self[4-5]:E-chr14L-4,E-chr14L-5,E-chr14L-4(circ x1.5 moderate | alt chr14L[4-5] + chr14L[4])							5721	99.95%	reference defect	chr14L-1 is mis-assembled in this sample (5,720 bp vs 6,654) -- not recombination	beginning
6991	6991_day0_with_selection	SRR33298395.1808529	chr14L	1/5	chr14L-1	G10	chr7R-1	G8					E-chr7R-1,E-chr4R-7,E-chr14L-5,E-chr14L-5,E-chr14L-5	1st Y' Change	chr14L	tandem_amplification_same_end	chr7R[1]:E-chr7R-1 > chr4R[7]:E-chr4R-7 > self[5]:E-chr14L-5,E-chr14L-5,E-chr14L-5(circ x3.0 moderate)							5721	99.95%	reference defect	chr14L-1 is mis-assembled in this sample (5,720 bp vs 6,654) -- not recombination	beginning
6991	6991_day0_with_selection	SRR33298395.98478	chr14L	1/5	chr14L-1	G10	chr7R-1	G8					E-chr7R-1,E-chr14L-2,E-chr14L-4,E-chr14L-4,E-chr14L-5	1st Y' Change	chr14L	tandem_amplification_same_end	chr7R[1]:E-chr7R-1 > self[2]:E-chr14L-2 > self[4]:E-chr14L-4 > self[4-5]:E-chr14L-4,E-chr14L-5							5721	99.95%	reference defect	chr14L-1 is mis-assembled in this sample (5,720 bp vs 6,654) -- not recombination	beginning
6991	6991_day0_with_selection	SRR33298395.814052	chr14L	1/5	chr14L-1	G10	chr7R-1	G8					E-chr7R-1,E-chr4R-7,E-chr14L-4,E-chr14L-4,E-chr14L-5	1st Y' Change	chr14L	tandem_amplification_same_end	chr7R[1]:E-chr7R-1 > chr4R[7]:E-chr4R-7 > self[4]:E-chr14L-4 > self[4-5]:E-chr14L-4,E-chr14L-5							5721	99.95%	reference defect	chr14L-1 is mis-assembled in this sample (5,720 bp vs 6,654) -- not recombination	beginning
6991	6991_day0_with_selection	SRR33298395.1352494	chr14L	1/5	chr14L-1	G10	chr7R-1	G8					E-chr7R-1,E-chr4R-3,E-chr14L-5,E-chr14L-5,E-chr14L-4	1st Y' Change	chr14L	tandem_amplification_same_end	chr7R[1]:E-chr7R-1 > chr4R[3]:E-chr4R-3 > self[5]:E-chr14L-5 > self[5]:E-chr14L-5 > self[4]:E-chr14L-4							5721	99.95%	reference defect	chr14L-1 is mis-assembled in this sample (5,720 bp vs 6,654) -- not recombination	beginning
6991	6991_day0_with_selection	SRR33298395.820222	chr14L	1/5	chr14L-1	G10	chr7R-1	G8					E-chr7R-1,E-chr14L-2,E-chr14L-4,E-chr14L-5,E-chr14L-4	1st Y' Change	chr14L	tandem_amplification_same_end	chr7R[1]:E-chr7R-1 > self[2]:E-chr14L-2 > self[4-5]:E-chr14L-4,E-chr14L-5,E-chr14L-4(circ x1.5 moderate | alt chr14L[4-5] + chr14L[4])							5721	99.95%	reference defect	chr14L-1 is mis-assembled in this sample (5,720 bp vs 6,654) -- not recombination	end
6991	6991_day0_with_selection	SRR33298395.200567	chr14L	1/5	chr14L-1	G10	chr7R-1	G8					E-chr7R-1,E-chr4R-3,E-chr14L-5,E-chr14L-4,E-chr14L-4	1st Y' Change	chr14L	tandem_amplification_same_end	chr7R[1]:E-chr7R-1 > chr4R[3]:E-chr4R-3 > self[5]:E-chr14L-5 > self[4]:E-chr14L-4 > self[4]:E-chr14L-4							5721	99.95%	reference defect	chr14L-1 is mis-assembled in this sample (5,720 bp vs 6,654) -- not recombination	end
6991	6991_day0_with_selection	SRR33298395.668719	chr14L	1/5	chr14L-1	G10	chr7R-1	G8					E-chr7R-1,E-chr4R-7,E-chr14L-5,E-chr14L-4,E-chr14L-4	1st Y' Change	chr14L	tandem_amplification_same_end	chr7R[1]:E-chr7R-1 > chr4R[7]:E-chr4R-7 > self[5]:E-chr14L-5 > self[4]:E-chr14L-4 > self[4]:E-chr14L-4							5721	99.95%	reference defect	chr14L-1 is mis-assembled in this sample (5,720 bp vs 6,654) -- not recombination	beginning
6991	6991_day0_with_selection	SRR33298395.1069798	chr14L	1/5	chr14L-1	G10	chr7R-1	G8					E-chr7R-1,E-chr14L-2,E-chr14L-4,E-chr14L-5,E-chr14L-5	1st Y' Change	chr14L	tandem_amplification_same_end	chr7R[1]:E-chr7R-1 > self[2]:E-chr14L-2 > self[4-5]:E-chr14L-4,E-chr14L-5 > self[5]:E-chr14L-5							5721	99.95%	reference defect	chr14L-1 is mis-assembled in this sample (5,720 bp vs 6,654) -- not recombination	end
6991	6991_day0_with_selection	SRR33298395.7053	chr14L	1/5	chr14L-1	G10	chr7R-1	G8					E-chr7R-1,E-chr4R-7,E-chr14L-4,E-chr14L-5,E-chr14L-5	1st Y' Change	chr14L	tandem_amplification_same_end	chr7R[1]:E-chr7R-1 > chr4R[7]:E-chr4R-7 > self[4-5]:E-chr14L-4,E-chr14L-5 > self[5]:E-chr14L-5							5721	99.95%	reference defect	chr14L-1 is mis-assembled in this sample (5,720 bp vs 6,654) -- not recombination	beginning
6991	6991_day0_with_selection	SRR33298395.358902	chr14L	1/5	chr14L-1	G10	chr7R-1	G8					E-chr7R-1,E-chr4R-7,E-chr14L-4,E-chr14L-4,E-chr14L-5	1st Y' Change	chr14L	tandem_amplification_same_end	chr7R[1]:E-chr7R-1 > chr4R[7]:E-chr4R-7 > self[4]:E-chr14L-4 > self[4-5]:E-chr14L-4,E-chr14L-5							5721	99.95%	reference defect	chr14L-1 is mis-assembled in this sample (5,720 bp vs 6,654) -- not recombination	beginning
6991	6991_day0_with_selection	SRR33298395.287202	chr14L	1/5	chr14L-1	G10	chr7R-1	G8					E-chr7R-1,E-chr4R-7,E-chr14L-5,E-chr14L-5,E-chr14L-5	1st Y' Change	chr14L	tandem_amplification_same_end	chr7R[1]:E-chr7R-1 > chr4R[7]:E-chr4R-7 > self[5]:E-chr14L-5,E-chr14L-5,E-chr14L-5(circ x3.0 moderate)							5721	99.95%	reference defect	chr14L-1 is mis-assembled in this sample (5,720 bp vs 6,654) -- not recombination	beginning
6991	6991_day0_with_selection	SRR33298395.1714684	chr14L	1/5	chr14L-1	G10	chr7R-1	G8					E-chr7R-1,E-chr4R-7,E-chr14L-5,E-chr14L-5,E-chr14L-5	1st Y' Change	chr14L	tandem_amplification_same_end	chr7R[1]:E-chr7R-1 > chr4R[7]:E-chr4R-7 > self[5]:E-chr14L-5,E-chr14L-5,E-chr14L-5(circ x3.0 moderate)							5721	99.95%	reference defect	chr14L-1 is mis-assembled in this sample (5,720 bp vs 6,654) -- not recombination	beginning
6991	6991_day0_with_selection	SRR33298395.1581631	chr14L	1/5	chr14L-1	G10	chr7R-1	G8					E-chr7R-1,E-chr14L-2,E-chr14L-5,E-chr14L-4,E-chr14L-4	1st Y' Change	chr14L	tandem_amplification_same_end	chr7R[1]:E-chr7R-1 > self[2]:E-chr14L-2 > self[5]:E-chr14L-5 > self[4]:E-chr14L-4 > self[4]:E-chr14L-4							5721	99.95%	reference defect	chr14L-1 is mis-assembled in this sample (5,720 bp vs 6,654) -- not recombination	end
6991	6991_day0_with_selection	SRR33298395.159025	chr14L	1/5	chr14L-1	G10	chr7R-1	G8					E-chr7R-1,E-chr4R-3,E-chr14L-5,E-chr14L-5,E-chr14L-5	1st Y' Change	chr14L	tandem_amplification_same_end	chr7R[1]:E-chr7R-1 > chr4R[3]:E-chr4R-3 > self[5]:E-chr14L-5,E-chr14L-5,E-chr14L-5(circ x3.0 moderate)							5721	99.95%	reference defect	chr14L-1 is mis-assembled in this sample (5,720 bp vs 6,654) -- not recombination	end
6991	6991_day0_with_selection	SRR33298395.465043	chr14L	1/5	chr14L-1	G10	chr7R-1	G8					E-chr7R-1,E-chr4R-3,E-chr14L-5,E-chr14L-5,E-chr14L-4	1st Y' Change	chr14L	tandem_amplification_same_end	chr7R[1]:E-chr7R-1 > chr4R[3]:E-chr4R-3 > self[5]:E-chr14L-5 > self[5]:E-chr14L-5 > self[4]:E-chr14L-4							5721	99.95%	reference defect	chr14L-1 is mis-assembled in this sample (5,720 bp vs 6,654) -- not recombination	beginning
6991	6991_day0_with_selection	SRR33298395.1159002	chr14L	1/5	chr14L-1	G10	chr7R-1	G8					E-chr7R-1,E-chr4R-3,E-chr14L-5,E-chr14L-4,E-chr14L-5	1st Y' Change	chr14L	tandem_amplification_same_end	chr7R[1]:E-chr7R-1 > chr4R[3]:E-chr4R-3 > self[4-5]:E-chr14L-5,E-chr14L-4,E-chr14L-5(circ x1.5 moderate | alt chr14L[5] + chr14L[4-5])							5721	99.95%	reference defect	chr14L-1 is mis-assembled in this sample (5,720 bp vs 6,654) -- not recombination	beginning
6991	6991_day0_with_selection	SRR33298395.278135	chr14L	1/5	chr14L-1	G10	chr7R-1	G8					E-chr7R-1,E-chr4R-3,E-chr14L-4,E-chr14L-5,E-chr14L-5	1st Y' Change	chr14L	tandem_amplification_same_end	chr7R[1]:E-chr7R-1 > chr4R[3]:E-chr4R-3 > self[4-5]:E-chr14L-4,E-chr14L-5 > self[5]:E-chr14L-5							5721	99.95%	reference defect	chr14L-1 is mis-assembled in this sample (5,720 bp vs 6,654) -- not recombination	beginning
6991	6991_day0_with_selection	SRR33298395.380551	chr14L	1/5	chr14L-1	G10	chr7R-1	G8					E-chr7R-1,E-chr14L-2,E-chr14L-4,E-chr14L-4,E-chr14L-5	1st Y' Change	chr14L	tandem_amplification_same_end	chr7R[1]:E-chr7R-1 > self[2]:E-chr14L-2 > self[4]:E-chr14L-4 > self[4]:E-chr14L-4 > self[5]:E-chr14L-5							5721	99.95%	reference defect	chr14L-1 is mis-assembled in this sample (5,720 bp vs 6,654) -- not recombination	end
6991	6991_day0_with_selection	SRR33298395.1252712	chr14L	1/5	chr14L-1	G10	chr7R-1	G8					E-chr7R-1,E-chr4R-3,E-chr14L-4,E-chr14L-4,E-chr14L-5	1st Y' Change	chr14L	tandem_amplification_same_end	chr7R[1]:E-chr7R-1 > chr4R[3]:E-chr4R-3 > self[4]:E-chr14L-4 > self[4-5]:E-chr14L-4,E-chr14L-5							5721	99.95%	reference defect	chr14L-1 is mis-assembled in this sample (5,720 bp vs 6,654) -- not recombination	beginning
6991	6991_day0_with_selection	SRR33298395.746766	chr14L	1/5	chr14L-1	G10	chr7R-1	G8					E-chr7R-1,E-chr4R-7,E-chr14L-5,E-chr14L-4,E-chr14L-5	1st Y' Change	chr14L	tandem_amplification_same_end	chr7R[1]:E-chr7R-1 > chr4R[7]:E-chr4R-7 > self[4-5]:E-chr14L-5,E-chr14L-4,E-chr14L-5(circ x1.5 moderate | alt chr14L[5] + chr14L[4-5])							5721	99.95%	reference defect	chr14L-1 is mis-assembled in this sample (5,720 bp vs 6,654) -- not recombination	end
6991	6991_day0_with_selection	SRR33298395.1112420	chr14L	1/5	chr14L-1	G10	chr7R-1	G8					E-chr7R-1,E-chr4R-7,E-chr14L-5,E-chr14L-4,E-chr14L-4	1st Y' Change	chr14L	tandem_amplification_same_end	chr7R[1]:E-chr7R-1 > chr4R[7]:E-chr4R-7 > self[5]:E-chr14L-5 > self[4]:E-chr14L-4 > self[4]:E-chr14L-4							5721	99.95%	reference defect	chr14L-1 is mis-assembled in this sample (5,720 bp vs 6,654) -- not recombination	beginning
6991	6991_day0_with_selection	SRR33298395.1428727	chr14L	1/5	chr14L-1	G10	chr7R-1	G8					E-chr7R-1,E-chr4R-3,E-chr14L-4,E-chr14L-4,E-chr14L-4	1st Y' Change	chr14L	tandem_amplification_same_end	chr7R[1]:E-chr7R-1 > chr4R[3]:E-chr4R-3 > self[4]:E-chr14L-4,E-chr14L-4,E-chr14L-4(circ x3.0 moderate)							5721	99.95%	reference defect	chr14L-1 is mis-assembled in this sample (5,720 bp vs 6,654) -- not recombination	beginning
6991	6991_day0_with_selection	SRR33298395.1180940	chr14L	1/5	chr14L-1	G10	chr7R-1	G8					E-chr7R-1,E-chr4R-3,E-chr14L-4,E-chr14L-4,E-chr14L-5	1st Y' Change	chr14L	tandem_amplification_same_end	chr7R[1]:E-chr7R-1 > chr4R[3]:E-chr4R-3 > self[4]:E-chr14L-4 > self[4-5]:E-chr14L-4,E-chr14L-5							5721	99.95%	reference defect	chr14L-1 is mis-assembled in this sample (5,720 bp vs 6,654) -- not recombination	beginning
6991	6991_day0_with_selection	SRR33298395.683264	chr14L	1/5	chr14L-1	G10	chr7R-1	G8					E-chr7R-1,E-chr4R-7,E-chr14L-5,E-chr14L-4,E-chr14L-5	1st Y' Change	chr14L	tandem_amplification_same_end	chr7R[1]:E-chr7R-1 > chr4R[7]:E-chr4R-7 > self[4-5]:E-chr14L-5,E-chr14L-4,E-chr14L-5(circ x1.5 moderate | alt chr14L[5] + chr14L[4-5])							5721	99.95%	reference defect	chr14L-1 is mis-assembled in this sample (5,720 bp vs 6,654) -- not recombination	beginning
6991	6991_day0_with_selection	SRR33298395.872612	chr14L	1/5	chr14L-1	G10	chr7R-1	G8					E-chr7R-1,E-chr4R-7,E-chr14L-4,E-chr14L-4,E-chr14L-5	1st Y' Change	chr14L	tandem_amplification_same_end	chr7R[1]:E-chr7R-1 > chr4R[7]:E-chr4R-7 > self[4]:E-chr14L-4 > self[4-5]:E-chr14L-4,E-chr14L-5							5721	99.95%	reference defect	chr14L-1 is mis-assembled in this sample (5,720 bp vs 6,654) -- not recombination	beginning
6991	6991_day0_with_selection	SRR33298395.1464148	chr14L	1/5	chr14L-1	G10	chr7R-1	G8					E-chr7R-1,E-chr4R-7,E-chr14L-4,E-chr14L-5,E-chr14L-5	1st Y' Change	chr14L	tandem_amplification_same_end	chr7R[1]:E-chr7R-1 > chr4R[7]:E-chr4R-7 > self[4-5]:E-chr14L-4,E-chr14L-5 > self[5]:E-chr14L-5							5721	99.95%	reference defect	chr14L-1 is mis-assembled in this sample (5,720 bp vs 6,654) -- not recombination	beginning
6991	6991_day0_with_selection	SRR33298395.892421	chr14L	1/5	chr14L-1	G10	chr7R-1	G8					E-chr7R-1,E-chr14L-2,E-chr14L-4,E-chr14L-5,E-chr14L-4	1st Y' Change	chr14L	tandem_amplification_same_end	chr7R[1]:E-chr7R-1 > self[2]:E-chr14L-2 > self[4-5]:E-chr14L-4,E-chr14L-5,E-chr14L-4(circ x1.5 moderate | alt chr14L[4-5] + chr14L[4])							5721	99.95%	reference defect	chr14L-1 is mis-assembled in this sample (5,720 bp vs 6,654) -- not recombination	end
6991	6991_day0_with_selection	SRR33298395.599420	chr14L	1/5	chr14L-1	G10	chr7R-1	G8					E-chr7R-1,E-chr4R-3,E-chr14L-5,E-chr14L-4,E-chr14L-4	1st Y' Change	chr14L	tandem_amplification_same_end	chr7R[1]:E-chr7R-1 > chr4R[3]:E-chr4R-3 > self[5]:E-chr14L-5 > self[4]:E-chr14L-4 > self[4]:E-chr14L-4							5721	99.95%	reference defect	chr14L-1 is mis-assembled in this sample (5,720 bp vs 6,654) -- not recombination	end
6991	6991_day0_with_selection	SRR33298395.302464	chr14L	1/5	chr14L-1	G10	chr7R-1	G8					E-chr7R-1,E-chr4R-3,E-chr14L-5,E-chr14L-5,E-chr14L-4	1st Y' Change	chr14L	tandem_amplification_same_end	chr7R[1]:E-chr7R-1 > chr4R[3]:E-chr4R-3 > self[5]:E-chr14L-5 > self[5]:E-chr14L-5 > self[4]:E-chr14L-4							5721	99.95%	reference defect	chr14L-1 is mis-assembled in this sample (5,720 bp vs 6,654) -- not recombination	beginning
6991	6991_day0_with_selection	SRR33298395.736721	chr14L	1/5	chr14L-1	G10	chr7R-1	G8					E-chr7R-1,E-chr4R-7,E-chr14L-4,E-chr14L-5,E-chr14L-4	1st Y' Change	chr14L	tandem_amplification_same_end	chr7R[1]:E-chr7R-1 > chr4R[7]:E-chr4R-7 > self[4-5]:E-chr14L-4,E-chr14L-5,E-chr14L-4(circ x1.5 moderate | alt chr14L[4-5] + chr14L[4])							5721	99.95%	reference defect	chr14L-1 is mis-assembled in this sample (5,720 bp vs 6,654) -- not recombination	beginning
6991	6991_day0_with_selection	SRR33298395.1559042	chr14L	1/5	chr14L-1	G10	chr7R-1	G8					E-chr7R-1,E-chr4R-7,E-chr14L-5,E-chr14L-5,E-chr14L-5	1st Y' Change	ambiguous	unmatched_array	chr7R[1]:E-chr7R-1 > chr4R[7]:E-chr4R-7 > self[5]:E-chr14L-5 > self[5]:E-chr14L-5 > self[5]:E-chr14L-5							5721	99.95%	reference defect	chr14L-1 is mis-assembled in this sample (5,720 bp vs 6,654) -- not recombination	beginning
6991	6991_day0_with_selection	SRR33298395.281002	chr14L	1/5	chr14L-1	G10	chr7R-1	G8					E-chr7R-1,E-chr14L-2,E-chr14L-4,E-chr14L-4,E-chr14L-5	1st Y' Change	chr14L	tandem_amplification_same_end	chr7R[1]:E-chr7R-1 > self[2]:E-chr14L-2 > self[4]:E-chr14L-4 > self[4-5]:E-chr14L-4,E-chr14L-5							5721	99.95%	reference defect	chr14L-1 is mis-assembled in this sample (5,720 bp vs 6,654) -- not recombination	end
6991	6991_day0_with_selection	SRR33298395.1644031	chr14L	1/5	chr14L-1	G10	chr7R-1	G8					E-chr7R-1,E-chr14L-2,E-chr14L-5,E-chr14L-5,E-chr14L-4	1st Y' Change	chr14L	tandem_amplification_same_end	chr7R[1]:E-chr7R-1 > self[2]:E-chr14L-2 > self[5]:E-chr14L-5 > self[5]:E-chr14L-5 > self[4]:E-chr14L-4							5721	99.95%	reference defect	chr14L-1 is mis-assembled in this sample (5,720 bp vs 6,654) -- not recombination	end
6991	6991_day0_with_selection	SRR33298395.388440	chr14L	1/5	chr14L-1	G10	chr7R-1	G8					E-chr7R-1,E-chr14L-2,E-chr14L-5,E-chr14L-4,E-chr14L-4	1st Y' Change	chr14L	tandem_amplification_same_end	chr7R[1]:E-chr7R-1 > self[2]:E-chr14L-2 > self[5]:E-chr14L-5 > self[4]:E-chr14L-4 > self[4]:E-chr14L-4							5721	99.95%	reference defect	chr14L-1 is mis-assembled in this sample (5,720 bp vs 6,654) -- not recombination	end
6991	6991_day0_with_selection	SRR33298395.399037	chr14L	1/5	chr14L-1	G10	chr7R-1	G8					E-chr7R-1,E-chr4R-3,E-chr14L-4,E-chr14L-5,E-chr14L-5	1st Y' Change	chr14L	tandem_amplification_same_end	chr7R[1]:E-chr7R-1 > chr4R[3]:E-chr4R-3 > self[4-5]:E-chr14L-4,E-chr14L-5 > self[5]:E-chr14L-5							5721	99.95%	reference defect	chr14L-1 is mis-assembled in this sample (5,720 bp vs 6,654) -- not recombination	end
6991	6991_day0_with_selection	SRR33298395.1379808	chr14L	1/5	chr14L-1	G10	chr7R-1	G8					E-chr7R-1,E-chr4R-3,E-chr14L-4,E-chr14L-4,E-chr14L-5	1st Y' Change	chr14L	tandem_amplification_same_end	chr7R[1]:E-chr7R-1 > chr4R[3]:E-chr4R-3 > self[4]:E-chr14L-4 > self[4-5]:E-chr14L-4,E-chr14L-5							5721	99.95%	reference defect	chr14L-1 is mis-assembled in this sample (5,720 bp vs 6,654) -- not recombination	end
6991	6991_day0_with_selection	SRR33298395.1297934	chr14L	1/5	chr14L-1	G10	chr7R-1	G8					E-chr7R-1,E-chr4R-5,E-chr14L-5,E-chr14L-5,E-chr14L-5	1st Y' Change	ambiguous	unmatched_array	chr7R[1]:E-chr7R-1 > chr4R[5]:E-chr4R-5 > self[5]:E-chr14L-5 > self[5]:E-chr14L-5 > self[5]:E-chr14L-5							5721	99.95%	reference defect	chr14L-1 is mis-assembled in this sample (5,720 bp vs 6,654) -- not recombination	end
6991	6991_day0_with_selection	SRR33298395.1845659	chr14L	1/5	chr14L-1	G10	chr7R-1	G8					E-chr7R-1,E-chr4R-7,E-chr14L-4,E-chr14L-4,E-chr14L-5	1st Y' Change	chr14L	tandem_amplification_same_end	chr7R[1]:E-chr7R-1 > chr4R[7]:E-chr4R-7 > self[4]:E-chr14L-4 > self[4-5]:E-chr14L-4,E-chr14L-5							5721	99.95%	reference defect	chr14L-1 is mis-assembled in this sample (5,720 bp vs 6,654) -- not recombination	beginning
6991	6991_day0_with_selection	SRR33298395.172780	chr14L	1/5	chr14L-1	G10	chr7R-1	G8					E-chr7R-1,E-chr14L-2,E-chr14L-4,E-chr14L-4,E-chr14L-4	1st Y' Change	chr14L	tandem_amplification_same_end	chr7R[1]:E-chr7R-1 > self[2]:E-chr14L-2 > self[4]:E-chr14L-4,E-chr14L-4,E-chr14L-4(circ x3.0 moderate)							5721	99.95%	reference defect	chr14L-1 is mis-assembled in this sample (5,720 bp vs 6,654) -- not recombination	end
6991	6991_day0_with_selection	SRR33298395.1581459	chr14L	1/5	chr14L-1	G10	chr7R-1	G8					E-chr7R-1,E-chr4R-7,E-chr14L-5,E-chr14L-4,E-chr14L-4	1st Y' Change	chr14L	tandem_amplification_same_end	chr7R[1]:E-chr7R-1 > chr4R[7]:E-chr4R-7 > self[5]:E-chr14L-5 > self[4]:E-chr14L-4 > self[4]:E-chr14L-4							5721	99.95%	reference defect	chr14L-1 is mis-assembled in this sample (5,720 bp vs 6,654) -- not recombination	beginning
6991	6991_day0_with_selection	SRR33298395.198280	chr14L	1/5	chr14L-1	G10	chr7R-1	G8					E-chr7R-1,E-chr14L-2,E-chr14L-4,E-chr14L-4,E-chr14L-4	1st Y' Change	chr14L	tandem_amplification_same_end	chr7R[1]:E-chr7R-1 > self[2]:E-chr14L-2 > self[4]:E-chr14L-4,E-chr14L-4,E-chr14L-4(circ x3.0 moderate)							5721	99.95%	reference defect	chr14L-1 is mis-assembled in this sample (5,720 bp vs 6,654) -- not recombination	end
6991	6991_day0_with_selection	SRR33298395.1038524	chr14L	1/5	chr14L-1	G10	chr7R-1	G8					E-chr7R-1,E-chr4R-3,E-chr14L-5,E-chr14L-4,E-chr14L-5	1st Y' Change	chr14L	tandem_amplification_same_end	chr7R[1]:E-chr7R-1 > chr4R[3]:E-chr4R-3 > self[4-5]:E-chr14L-5,E-chr14L-4,E-chr14L-5(circ x1.5 moderate | alt chr14L[5] + chr14L[4-5])							5721	99.95%	reference defect	chr14L-1 is mis-assembled in this sample (5,720 bp vs 6,654) -- not recombination	beginning
6991	6991_day0_with_selection	SRR33298395.458193	chr14L	1/5	chr14L-1	G10	chr7R-1	G8					E-chr7R-1,E-chr4R-7,E-chr14L-5,E-chr14L-5,E-chr14L-4	1st Y' Change	chr14L	tandem_amplification_same_end	chr7R[1]:E-chr7R-1 > chr4R[7]:E-chr4R-7 > self[5]:E-chr14L-5 > self[5]:E-chr14L-5 > self[4]:E-chr14L-4							5721	99.95%	reference defect	chr14L-1 is mis-assembled in this sample (5,720 bp vs 6,654) -- not recombination	beginning
6991	6991_day0_with_selection	SRR33298395.797200	chr14L	1/5	chr14L-1	G10	chr7R-1	G8					E-chr7R-1,E-chr4R-7,E-chr14L-4,E-chr14L-5,E-chr14L-5	1st Y' Change	chr14L	tandem_amplification_same_end	chr7R[1]:E-chr7R-1 > chr4R[7]:E-chr4R-7 > self[4-5]:E-chr14L-4,E-chr14L-5 > self[5]:E-chr14L-5							5721	99.95%	reference defect	chr14L-1 is mis-assembled in this sample (5,720 bp vs 6,654) -- not recombination	beginning
6991	6991_day0_with_selection	SRR33298395.211670	chr14L	1/5	chr14L-1	G10	chr7R-1	G8					E-chr7R-1,E-chr4R-3,E-chr14L-5,E-chr14L-4,E-chr14L-5	1st Y' Change	chr14L	tandem_amplification_same_end	chr7R[1]:E-chr7R-1 > chr4R[3]:E-chr4R-3 > self[4-5]:E-chr14L-5,E-chr14L-4,E-chr14L-5(circ x1.5 moderate | alt chr14L[5] + chr14L[4-5])							5721	99.95%	reference defect	chr14L-1 is mis-assembled in this sample (5,720 bp vs 6,654) -- not recombination	beginning
6991	6991_day0_with_selection	SRR33298395.1163660	chr14L	1/5	chr14L-1	G10	chr7R-1	G8					E-chr7R-1,E-chr4R-3,E-chr14L-4,E-chr14L-5,E-chr14L-4	1st Y' Change	chr14L	tandem_amplification_same_end	chr7R[1]:E-chr7R-1 > chr4R[3]:E-chr4R-3 > self[4]:E-chr14L-4 > self[5]:E-chr14L-5 > self[4]:E-chr14L-4							5721	99.95%	reference defect	chr14L-1 is mis-assembled in this sample (5,720 bp vs 6,654) -- not recombination	beginning
6991	6991_day0_with_selection	SRR33298395.1096070	chr14L	1/5	chr14L-1	G10	chr7R-1	G8					E-chr7R-1,E-chr4R-7,E-chr14L-4,E-chr14L-4,E-chr14L-4	1st Y' Change	chr14L	tandem_amplification_same_end	chr7R[1]:E-chr7R-1 > chr4R[7]:E-chr4R-7 > self[4]:E-chr14L-4,E-chr14L-4,E-chr14L-4(circ x3.0 moderate)							5721	99.95%	reference defect	chr14L-1 is mis-assembled in this sample (5,720 bp vs 6,654) -- not recombination	beginning
6991	6991_day0_with_selection	SRR33298395.631218	chr14L	1/5	chr14L-1	G10	chr7R-1	G8					E-chr7R-1,E-chr4R-3,E-chr14L-5,E-chr14L-4,E-chr14L-4	1st Y' Change	chr14L	tandem_amplification_same_end	chr7R[1]:E-chr7R-1 > chr4R[3]:E-chr4R-3 > self[5]:E-chr14L-5 > self[4]:E-chr14L-4 > self[4]:E-chr14L-4							5721	99.95%	reference defect	chr14L-1 is mis-assembled in this sample (5,720 bp vs 6,654) -- not recombination	beginning
6991	6991_day0_with_selection	SRR33298395.605133	chr14L	1/5	chr14L-1	G10	chr7R-1	G8					E-chr7R-1,E-chr4R-7,E-chr14L-4,E-chr14L-5,E-chr14L-5	1st Y' Change	chr14L	tandem_amplification_same_end	chr7R[1]:E-chr7R-1 > chr4R[7]:E-chr4R-7 > self[4-5]:E-chr14L-4,E-chr14L-5 > self[5]:E-chr14L-5							5721	99.95%	reference defect	chr14L-1 is mis-assembled in this sample (5,720 bp vs 6,654) -- not recombination	beginning
6991	6991_day0_with_selection	SRR33298395.1708465	chr14L	1/5	chr14L-1	G10	chr7R-1	G8					E-chr7R-1,E-chr4R-7,E-chr14L-4,E-chr14L-5,E-chr14L-5	1st Y' Change	chr14L	tandem_amplification_same_end	chr7R[1]:E-chr7R-1 > chr4R[7]:E-chr4R-7 > self[4-5]:E-chr14L-4,E-chr14L-5 > self[5]:E-chr14L-5							5721	99.95%	reference defect	chr14L-1 is mis-assembled in this sample (5,720 bp vs 6,654) -- not recombination	beginning
6991	6991_day0_with_selection	SRR33298395.1069575	chr14L	1/5	chr14L-1	G10	chr7R-1	G8					E-chr7R-1,E-chr4R-7,E-chr14L-4,E-chr14L-5,E-chr14L-5	1st Y' Change	chr14L	tandem_amplification_same_end	chr7R[1]:E-chr7R-1 > chr4R[7]:E-chr4R-7 > self[4-5]:E-chr14L-4,E-chr14L-5 > self[5]:E-chr14L-5							5721	99.95%	reference defect	chr14L-1 is mis-assembled in this sample (5,720 bp vs 6,654) -- not recombination	beginning
6991	6991_day0_with_selection	SRR33298395.562725	chr14L	1/5	chr14L-1	G10	chr7R-1	G8					E-chr7R-1,E-chr4R-3,E-chr14L-4,E-chr14L-5,E-chr14L-5	1st Y' Change	chr14L	tandem_amplification_same_end	chr7R[1]:E-chr7R-1 > chr4R[3]:E-chr4R-3 > self[4-5]:E-chr14L-4,E-chr14L-5 > self[5]:E-chr14L-5							5721	99.95%	reference defect	chr14L-1 is mis-assembled in this sample (5,720 bp vs 6,654) -- not recombination	end
6991	6991_day0_with_selection	SRR33298395.907250	chr14L	1/5	chr14L-1	G10	chr7R-1	G8					E-chr7R-1,E-chr4R-7,E-chr14L-4,E-chr14L-5,E-chr14L-4	1st Y' Change	chr14L	tandem_amplification_same_end	chr7R[1]:E-chr7R-1 > chr4R[7]:E-chr4R-7 > self[4-5]:E-chr14L-4,E-chr14L-5,E-chr14L-4(circ x1.5 moderate | alt chr14L[4-5] + chr14L[4])							5721	99.95%	reference defect	chr14L-1 is mis-assembled in this sample (5,720 bp vs 6,654) -- not recombination	beginning
6991	6991_day0_with_selection	SRR33298395.245283	chr14L	1/5	chr14L-1	G10	chr16L-1	G8					E-chr16L-1,E-chr14L-2,E-chr14L-4,E-chr14L-5,E-chr14L-4	1st Y' Change	chr14L	tandem_amplification_same_end	chr16L[1]:E-chr16L-1 > self[2]:E-chr14L-2 > self[4-5]:E-chr14L-4,E-chr14L-5,E-chr14L-4(circ x1.5 moderate | alt chr14L[4-5] + chr14L[4])							5721	99.93%	reference defect	chr14L-1 is mis-assembled in this sample (5,720 bp vs 6,654) -- not recombination	end
6991	6991_day0_with_selection	SRR33298395.1005653	chr14L	1/5	chr14L-1	G10	chr7R-1	G8					E-chr7R-1,E-chr4R-3,E-chr14L-5,E-chr14L-4,E-chr14L-5	1st Y' Change	chr14L	tandem_amplification_same_end	chr7R[1]:E-chr7R-1 > chr4R[3]:E-chr4R-3 > self[4-5]:E-chr14L-5,E-chr14L-4,E-chr14L-5(circ x1.5 moderate | alt chr14L[5] + chr14L[4-5])							5721	99.95%	reference defect	chr14L-1 is mis-assembled in this sample (5,720 bp vs 6,654) -- not recombination	beginning
6991	6991_day0_with_selection	SRR33298395.545956	chr14L	1/5	chr14L-1	G10	chr7R-1	G8					E-chr7R-1,E-chr4R-3,E-chr14L-5,E-chr14L-5,E-chr14L-5	1st Y' Change	chr14L	tandem_amplification_same_end	chr7R[1]:E-chr7R-1 > chr4R[3]:E-chr4R-3 > self[5]:E-chr14L-5,E-chr14L-5,E-chr14L-5(circ x3.0 moderate)							5721	99.95%	reference defect	chr14L-1 is mis-assembled in this sample (5,720 bp vs 6,654) -- not recombination	end
6991	6991_day0_with_selection	SRR33298395.1059321	chr14L	1/5	chr14L-1	G10	chr7R-1	G8					E-chr7R-1,E-chr4R-3,E-chr14L-5,E-chr14L-5,E-chr14L-4	1st Y' Change	chr14L	tandem_amplification_same_end	chr7R[1]:E-chr7R-1 > chr4R[3]:E-chr4R-3 > self[5]:E-chr14L-5 > self[5]:E-chr14L-5 > self[4]:E-chr14L-4							5721	99.95%	reference defect	chr14L-1 is mis-assembled in this sample (5,720 bp vs 6,654) -- not recombination	beginning
6991	6991_day0_with_selection	SRR33298395.845055	chr14L	1/5	chr14L-1	G10	chr7R-1	G8					E-chr7R-1,E-chr4R-7,E-chr14L-4,E-chr14L-5,E-chr14L-4	1st Y' Change	chr14L	tandem_amplification_same_end	chr7R[1]:E-chr7R-1 > chr4R[7]:E-chr4R-7 > self[4-5]:E-chr14L-4,E-chr14L-5,E-chr14L-4(circ x1.5 moderate | alt chr14L[4-5] + chr14L[4])							5721	99.95%	reference defect	chr14L-1 is mis-assembled in this sample (5,720 bp vs 6,654) -- not recombination	beginning
6991	6991_day0_with_selection	SRR33298395.325156	chr14L	1/5	chr14L-1	G10	chr7R-1	G8					E-chr7R-1,E-chr4R-7,E-chr14L-4,E-chr14L-5,E-chr14L-5	1st Y' Change	chr14L	tandem_amplification_same_end	chr7R[1]:E-chr7R-1 > chr4R[7]:E-chr4R-7 > self[4-5]:E-chr14L-4,E-chr14L-5 > self[5]:E-chr14L-5							5721	99.95%	reference defect	chr14L-1 is mis-assembled in this sample (5,720 bp vs 6,654) -- not recombination	beginning
6991	6991_day0_with_selection	SRR33298395.1048730	chr14L	1/5	chr14L-1	G10	chr7R-1	G8					E-chr7R-1,E-chr4R-7,E-chr14L-5,E-chr14L-5,E-chr14L-5	1st Y' Change	chr14L	tandem_amplification_same_end	chr7R[1]:E-chr7R-1 > chr4R[7]:E-chr4R-7 > self[5]:E-chr14L-5,E-chr14L-5,E-chr14L-5(circ x3.0 moderate)							5721	99.95%	reference defect	chr14L-1 is mis-assembled in this sample (5,720 bp vs 6,654) -- not recombination	beginning
6991	6991_day0_with_selection	SRR33298395.1700922	chr14L	1/5	chr14L-1	G10	chr7R-1	G8					E-chr7R-1,E-chr14L-2,E-chr14L-4,E-chr14L-4,E-chr14L-5	1st Y' Change	chr14L	tandem_amplification_same_end	chr7R[1]:E-chr7R-1 > self[2]:E-chr14L-2 > self[4]:E-chr14L-4 > self[4-5]:E-chr14L-4,E-chr14L-5							5721	99.95%	reference defect	chr14L-1 is mis-assembled in this sample (5,720 bp vs 6,654) -- not recombination	end
6991	6991_day0_with_selection	SRR33298395.1270719	chr14L	1/5	chr14L-1	G10	chr7R-1	G8					E-chr7R-1,E-chr4R-3,E-chr14L-5,E-chr14L-4,E-chr14L-5	1st Y' Change	chr14L	tandem_amplification_same_end	chr7R[1]:E-chr7R-1 > chr4R[3]:E-chr4R-3 > self[4-5]:E-chr14L-5,E-chr14L-4,E-chr14L-5(circ x1.5 moderate | alt chr14L[5] + chr14L[4-5])							5721	99.95%	reference defect	chr14L-1 is mis-assembled in this sample (5,720 bp vs 6,654) -- not recombination	beginning
6991	6991_day0_with_selection	SRR33298395.1540771	chr14L	1/5	chr14L-1	G10	chr7R-1	G8					E-chr7R-1,E-chr4R-3,E-chr14L-5,E-chr14L-5,E-chr14L-5	1st Y' Change	chr14L	tandem_amplification_same_end	chr7R[1]:E-chr7R-1 > chr4R[3]:E-chr4R-3 > self[5]:E-chr14L-5,E-chr14L-5,E-chr14L-5(circ x3.0 moderate)							5721	99.95%	reference defect	chr14L-1 is mis-assembled in this sample (5,720 bp vs 6,654) -- not recombination	beginning
6991	6991_day0_with_selection	SRR33298395.1484869	chr14L	1/5	chr14L-1	G10	chr7R-1	G8					E-chr7R-1,E-chr4R-3,E-chr14L-4,E-chr14L-4,E-chr14L-5	1st Y' Change	chr14L	tandem_amplification_same_end	chr7R[1]:E-chr7R-1 > chr4R[3]:E-chr4R-3 > self[4]:E-chr14L-4 > self[4-5]:E-chr14L-4,E-chr14L-5							5721	99.95%	reference defect	chr14L-1 is mis-assembled in this sample (5,720 bp vs 6,654) -- not recombination	end
6991	6991_day0_with_selection	SRR33298395.1083591	chr14L	1/5	chr14L-1	G10	chr7R-1	G8					E-chr7R-1,E-chr4R-3,E-chr14L-4,E-chr14L-4,E-chr14L-4	1st Y' Change	chr14L	tandem_amplification_same_end	chr7R[1]:E-chr7R-1 > chr4R[3]:E-chr4R-3 > self[4]:E-chr14L-4,E-chr14L-4,E-chr14L-4(circ x3.0 moderate)							5721	99.95%	reference defect	chr14L-1 is mis-assembled in this sample (5,720 bp vs 6,654) -- not recombination	end
6991	6991_day0_with_selection	SRR33298395.336083	chr14L	1/5	chr14L-1	G10	chr7R-1	G8					E-chr7R-1,E-chr4R-3,E-chr14L-4,E-chr14L-5,E-chr14L-5	1st Y' Change	chr14L	tandem_amplification_same_end	chr7R[1]:E-chr7R-1 > chr4R[3]:E-chr4R-3 > self[4-5]:E-chr14L-4,E-chr14L-5 > self[5]:E-chr14L-5							5721	99.95%	reference defect	chr14L-1 is mis-assembled in this sample (5,720 bp vs 6,654) -- not recombination	beginning
6991	6991_day0_with_selection	SRR33298395.690824	chr14L	1/5	chr14L-1	G10	chr7R-1	G8					E-chr7R-1,E-chr4R-7,E-chr14L-4,E-chr14L-5,E-chr14L-5	1st Y' Change	chr14L	tandem_amplification_same_end	chr7R[1]:E-chr7R-1 > chr4R[7]:E-chr4R-7 > self[4-5]:E-chr14L-4,E-chr14L-5 > self[5]:E-chr14L-5							5721	99.95%	reference defect	chr14L-1 is mis-assembled in this sample (5,720 bp vs 6,654) -- not recombination	beginning
6991	6991_day0_with_selection	SRR33298395.1139569	chr14L	1/5	chr14L-1	G10	chr7R-1	G8					E-chr7R-1,E-chr14L-2,E-chr14L-4,E-chr14L-4,E-chr14L-4	1st Y' Change	ambiguous	unmatched_array	chr7R[1]:E-chr7R-1 > self[2]:E-chr14L-2 > self[4]:E-chr14L-4 > self[4]:E-chr14L-4 > self[4]:E-chr14L-4							5721	99.95%	reference defect	chr14L-1 is mis-assembled in this sample (5,720 bp vs 6,654) -- not recombination	end
6991	6991_day0_with_selection	SRR33298395.373974	chr14L	1/5	chr14L-1	G10	chr7R-1	G8					E-chr7R-1,E-chr4R-7,E-chr14L-5,E-chr14L-4,E-chr14L-4	1st Y' Change	chr14L	tandem_amplification_same_end	chr7R[1]:E-chr7R-1 > chr4R[7]:E-chr4R-7 > self[5]:E-chr14L-5 > self[4]:E-chr14L-4 > self[4]:E-chr14L-4							5721	99.95%	reference defect	chr14L-1 is mis-assembled in this sample (5,720 bp vs 6,654) -- not recombination	beginning
6991	6991_day0_with_selection	SRR33298395.48510	chr14L	1/5	chr14L-1	G10	chr7R-1	G8					E-chr7R-1,E-chr14L-2,E-chr14L-4,E-chr14L-4,E-chr14L-5	1st Y' Change	chr14L	tandem_amplification_same_end	chr7R[1]:E-chr7R-1 > self[2]:E-chr14L-2 > self[4]:E-chr14L-4 > self[4-5]:E-chr14L-4,E-chr14L-5							5721	99.95%	reference defect	chr14L-1 is mis-assembled in this sample (5,720 bp vs 6,654) -- not recombination	end
6991	6991_day0_with_selection	SRR33298395.99775	chr14L	1/5	chr14L-1	G10	chr7R-1	G8					E-chr7R-1,E-chr4R-3,E-chr14L-4,E-chr14L-5,E-chr14L-4	1st Y' Change	chr14L	tandem_amplification_same_end	chr7R[1]:E-chr7R-1 > chr4R[3]:E-chr4R-3 > self[4-5]:E-chr14L-4,E-chr14L-5,E-chr14L-4(circ x1.5 moderate | alt chr14L[4-5] + chr14L[4])							5721	99.95%	reference defect	chr14L-1 is mis-assembled in this sample (5,720 bp vs 6,654) -- not recombination	end
6991	6991_day0_with_selection	SRR33298395.30112	chr14L	1/5	chr14L-1	G10	chr7R-1	G8					E-chr7R-1,E-chr4R-7,E-chr14L-5,E-chr14L-5,E-chr14L-5	1st Y' Change	chr14L	tandem_amplification_same_end	chr7R[1]:E-chr7R-1 > chr4R[7]:E-chr4R-7 > self[5]:E-chr14L-5,E-chr14L-5,E-chr14L-5(circ x3.0 moderate)							5721	99.95%	reference defect	chr14L-1 is mis-assembled in this sample (5,720 bp vs 6,654) -- not recombination	beginning
6991	6991_day0_with_selection	SRR33298395.596845	chr14L	1/5	chr14L-1	G10	chr7R-1	G8					E-chr7R-1,E-chr4R-3,E-chr14L-4,E-chr14L-5,E-chr14L-5	1st Y' Change	chr14L	tandem_amplification_same_end	chr7R[1]:E-chr7R-1 > chr4R[3]:E-chr4R-3 > self[4-5]:E-chr14L-4,E-chr14L-5 > self[5]:E-chr14L-5							5721	99.95%	reference defect	chr14L-1 is mis-assembled in this sample (5,720 bp vs 6,654) -- not recombination	beginning
6991	6991_day0_with_selection	SRR33298395.1612278	chr14L	1/5	chr14L-1	G10	chr7R-1	G8					E-chr7R-1,E-chr4R-7,E-chr14L-5,E-chr14L-4,E-chr14L-4	1st Y' Change	chr14L	tandem_amplification_same_end	chr7R[1]:E-chr7R-1 > chr4R[7]:E-chr4R-7 > self[5]:E-chr14L-5 > self[4]:E-chr14L-4 > self[4]:E-chr14L-4							5721	99.95%	reference defect	chr14L-1 is mis-assembled in this sample (5,720 bp vs 6,654) -- not recombination	beginning
6991	6991_day0_with_selection	SRR33298395.580974	chr14L	1/5	chr14L-1	G10	chr7R-1	G8					E-chr7R-1,E-chr4R-3,E-chr14L-5,E-chr14L-4,E-chr14L-4	1st Y' Change	chr14L	tandem_amplification_same_end	chr7R[1]:E-chr7R-1 > chr4R[3]:E-chr4R-3 > self[5]:E-chr14L-5 > self[4]:E-chr14L-4 > self[4]:E-chr14L-4							5721	99.95%	reference defect	chr14L-1 is mis-assembled in this sample (5,720 bp vs 6,654) -- not recombination	beginning
6991	6991_day0_with_selection	SRR33298395.523723	chr14L	1/5	chr14L-1	G10	chr7R-1	G8					E-chr7R-1,E-chr4R-7,E-chr14L-4,E-chr14L-4,E-chr14L-5	1st Y' Change	chr14L	tandem_amplification_same_end	chr7R[1]:E-chr7R-1 > chr4R[7]:E-chr4R-7 > self[4]:E-chr14L-4 > self[4-5]:E-chr14L-4,E-chr14L-5							5721	99.95%	reference defect	chr14L-1 is mis-assembled in this sample (5,720 bp vs 6,654) -- not recombination	beginning
6991	6991_day0_with_selection	SRR33298395.1567744	chr14L	1/5	chr14L-1	G10	chr7R-1	G8					E-chr7R-1,E-chr4R-7,E-chr14L-5,E-chr14L-4,E-chr14L-5	1st Y' Change	chr14L	tandem_amplification_same_end	chr7R[1]:E-chr7R-1 > chr4R[7]:E-chr4R-7 > self[4-5]:E-chr14L-5,E-chr14L-4,E-chr14L-5(circ x1.5 moderate | alt chr14L[5] + chr14L[4-5])							5721	99.95%	reference defect	chr14L-1 is mis-assembled in this sample (5,720 bp vs 6,654) -- not recombination	beginning
6991	6991_day0_with_selection	SRR33298395.778210	chr14L	1/5	chr14L-1	G10	chr7R-1	G8					E-chr7R-1,E-chr4R-3,E-chr14L-4,E-chr14L-4,E-chr14L-4	1st Y' Change	chr14L	tandem_amplification_same_end	chr7R[1]:E-chr7R-1 > chr4R[3]:E-chr4R-3 > self[4]:E-chr14L-4,E-chr14L-4,E-chr14L-4(circ x3.0 moderate)							5721	99.95%	reference defect	chr14L-1 is mis-assembled in this sample (5,720 bp vs 6,654) -- not recombination	beginning
6991	6991_day0_with_selection	SRR33298395.632403	chr14L	1/5	chr14L-1	G10	chr7R-1	G8					E-chr7R-1,E-chr4R-3,E-chr14L-5,E-chr14L-5,E-chr14L-5	1st Y' Change	chr14L	tandem_amplification_same_end	chr7R[1]:E-chr7R-1 > chr4R[3]:E-chr4R-3 > self[5]:E-chr14L-5,E-chr14L-5,E-chr14L-5(circ x3.0 moderate)							5721	99.95%	reference defect	chr14L-1 is mis-assembled in this sample (5,720 bp vs 6,654) -- not recombination	end
6991	6991_day0_with_selection	SRR33298395.1039941	chr14L	1/5	chr14L-1	G10	chr7R-1	G8					E-chr7R-1,E-chr4R-3,E-chr14L-4,E-chr14L-4,E-chr14L-4	1st Y' Change	chr14L	tandem_amplification_same_end	chr7R[1]:E-chr7R-1 > chr4R[3]:E-chr4R-3 > self[4]:E-chr14L-4,E-chr14L-4,E-chr14L-4(circ x3.0 moderate)							5721	99.95%	reference defect	chr14L-1 is mis-assembled in this sample (5,720 bp vs 6,654) -- not recombination	beginning
6991	6991_day0_with_selection	SRR33298395.905113	chr14L	1/5	chr14L-1	G10	chr7R-1	G8					E-chr7R-1,E-chr14L-2,E-chr14L-4,E-chr14L-4,E-chr14L-4	1st Y' Change	chr14L	tandem_amplification_same_end	chr7R[1]:E-chr7R-1 > self[2]:E-chr14L-2 > self[4]:E-chr14L-4,E-chr14L-4,E-chr14L-4(circ x3.0 moderate)							5721	99.95%	reference defect	chr14L-1 is mis-assembled in this sample (5,720 bp vs 6,654) -- not recombination	end
6991	6991_day0_with_selection	SRR33298395.1808203	chr14L	1/5	chr14L-1	G10	chr7R-1	G8					E-chr7R-1,E-chr4R-3,E-chr14L-5,E-chr14L-5,E-chr14L-5	1st Y' Change	chr14L	tandem_amplification_same_end	chr7R[1]:E-chr7R-1 > chr4R[3]:E-chr4R-3 > self[5]:E-chr14L-5,E-chr14L-5,E-chr14L-5(circ x3.0 moderate)							5721	99.95%	reference defect	chr14L-1 is mis-assembled in this sample (5,720 bp vs 6,654) -- not recombination	beginning
6991	6991_day0_with_selection	SRR33298395.417888	chr14L	1/5	chr14L-1	G10	chr7R-1	G8					E-chr7R-1,E-chr14L-2,E-chr14L-5,E-chr14L-5,E-chr14L-4	1st Y' Change	chr14L	tandem_amplification_same_end	chr7R[1]:E-chr7R-1 > self[2]:E-chr14L-2 > self[5]:E-chr14L-5 > self[5]:E-chr14L-5 > self[4]:E-chr14L-4							5721	99.95%	reference defect	chr14L-1 is mis-assembled in this sample (5,720 bp vs 6,654) -- not recombination	beginning
6991	6991_day0_with_selection	SRR33298395.1760648	chr14L	1/5	chr14L-1	G10	chr7R-1	G8					E-chr7R-1,E-chr14L-2,E-chr14L-5,E-chr14L-5,E-chr14L-5	1st Y' Change	chr14L	tandem_amplification_same_end	chr7R[1]:E-chr7R-1 > self[2]:E-chr14L-2 > self[5]:E-chr14L-5,E-chr14L-5,E-chr14L-5(circ x3.0 moderate)							5721	99.95%	reference defect	chr14L-1 is mis-assembled in this sample (5,720 bp vs 6,654) -- not recombination	end
6991	6991_day0_with_selection	SRR33298395.474762	chr14L	1/5	chr14L-1	G10	chr7R-1	G8					E-chr7R-1,E-chr4R-3,E-chr14L-4,E-chr14L-4,E-chr14L-5	1st Y' Change	chr14L	tandem_amplification_same_end	chr7R[1]:E-chr7R-1 > chr4R[3]:E-chr4R-3 > self[4]:E-chr14L-4 > self[4-5]:E-chr14L-4,E-chr14L-5							5721	99.95%	reference defect	chr14L-1 is mis-assembled in this sample (5,720 bp vs 6,654) -- not recombination	beginning
6991	6991_day0_with_selection	SRR33298395.400686	chr14L	1/5	chr14L-1	G10	chr7R-1	G8					E-chr7R-1,E-chr4R-3,E-chr14L-5,E-chr14L-4,E-chr14L-4	1st Y' Change	chr14L	tandem_amplification_same_end	chr7R[1]:E-chr7R-1 > chr4R[3]:E-chr4R-3 > self[5]:E-chr14L-5 > self[4]:E-chr14L-4 > self[4]:E-chr14L-4							5721	99.95%	reference defect	chr14L-1 is mis-assembled in this sample (5,720 bp vs 6,654) -- not recombination	beginning
6991	6991_day0_with_selection	SRR33298395.1420829	chr14L	1/5	chr14L-1	G10	chr7R-1	G8					E-chr7R-1,E-chr4R-7,E-chr14L-4,E-chr14L-4,E-chr14L-4	1st Y' Change	ambiguous	unmatched_array	chr7R[1]:E-chr7R-1 > chr4R[7]:E-chr4R-7 > self[4]:E-chr14L-4 > self[4]:E-chr14L-4 > self[4]:E-chr14L-4							5721	99.95%	reference defect	chr14L-1 is mis-assembled in this sample (5,720 bp vs 6,654) -- not recombination	beginning
6991	6991_day0_with_selection	SRR33298395.1415311	chr14L	1/5	chr14L-1	G10	chr7R-1	G8					E-chr7R-1,E-chr14L-2,E-chr14L-5,E-chr14L-5,E-chr14L-5	1st Y' Change	chr14L	tandem_amplification_same_end	chr7R[1]:E-chr7R-1 > self[2]:E-chr14L-2 > self[5]:E-chr14L-5,E-chr14L-5,E-chr14L-5(circ x3.0 moderate)							5721	99.95%	reference defect	chr14L-1 is mis-assembled in this sample (5,720 bp vs 6,654) -- not recombination	end
6991	6991_day0_with_selection	SRR33298395.1568590	chr14L	1/5	chr14L-1	G10	chr7R-1	G8					E-chr7R-1,E-chr4R-3,E-chr14L-4,E-chr14L-4,E-chr14L-5	1st Y' Change	chr14L	tandem_amplification_same_end	chr7R[1]:E-chr7R-1 > chr4R[3]:E-chr4R-3 > self[4]:E-chr14L-4 > self[4]:E-chr14L-4 > self[5]:E-chr14L-5							5721	99.95%	reference defect	chr14L-1 is mis-assembled in this sample (5,720 bp vs 6,654) -- not recombination	beginning
6991	6991_day0_with_selection	SRR33298395.39802	chr14L	1/5	chr14L-1	G10	chr7R-1	G8					E-chr7R-1,E-chr4R-7,E-chr14L-4,E-chr14L-4,E-chr14L-4	1st Y' Change	chr14L	tandem_amplification_same_end	chr7R[1]:E-chr7R-1 > chr4R[7]:E-chr4R-7 > self[4]:E-chr14L-4,E-chr14L-4,E-chr14L-4(circ x3.0 moderate)							5721	99.95%	reference defect	chr14L-1 is mis-assembled in this sample (5,720 bp vs 6,654) -- not recombination	beginning
6991	6991_day0_with_selection	SRR33298395.47580	chr14L	1/5	chr14L-1	G10	chr7R-1	G8					E-chr7R-1,E-chr4R-7,E-chr14L-5,E-chr14L-5,E-chr14L-4	1st Y' Change	chr14L	tandem_amplification_same_end	chr7R[1]:E-chr7R-1 > chr4R[7]:E-chr4R-7 > self[5]:E-chr14L-5 > self[5]:E-chr14L-5 > self[4]:E-chr14L-4							5721	99.95%	reference defect	chr14L-1 is mis-assembled in this sample (5,720 bp vs 6,654) -- not recombination	beginning
6991	6991_day0_with_selection	SRR33298395.523724	chr14L	1/5	chr14L-1	G10	chr7R-1	G8					E-chr7R-1,E-chr14L-2,E-chr14L-4,E-chr14L-4,E-chr14L-4	1st Y' Change	chr14L	tandem_amplification_same_end	chr7R[1]:E-chr7R-1 > self[2]:E-chr14L-2 > self[4]:E-chr14L-4,E-chr14L-4,E-chr14L-4(circ x3.0 moderate)							5721	99.95%	reference defect	chr14L-1 is mis-assembled in this sample (5,720 bp vs 6,654) -- not recombination	end
6991	6991_day0_with_selection	SRR33298395.1626285	chr14L	1/5	chr14L-1	G10	chr7R-1	G8					E-chr7R-1,E-chr4R-7,E-chr14L-4,E-chr14L-5,E-chr14L-4	1st Y' Change	chr14L	tandem_amplification_same_end	chr7R[1]:E-chr7R-1 > chr4R[7]:E-chr4R-7 > self[4-5]:E-chr14L-4,E-chr14L-5,E-chr14L-4(circ x1.5 moderate | alt chr14L[4-5] + chr14L[4])							5721	99.95%	reference defect	chr14L-1 is mis-assembled in this sample (5,720 bp vs 6,654) -- not recombination	beginning
6991	6991_day0_with_selection	SRR33298395.1468038	chr14L	1/5	chr14L-1	G10	chr7R-1	G8					E-chr7R-1,E-chr4R-3,E-chr14L-5,E-chr14L-4,E-chr14L-4	1st Y' Change	chr14L	tandem_amplification_same_end	chr7R[1]:E-chr7R-1 > chr4R[3]:E-chr4R-3 > self[5]:E-chr14L-5 > self[4]:E-chr14L-4 > self[4]:E-chr14L-4							5721	99.95%	reference defect	chr14L-1 is mis-assembled in this sample (5,720 bp vs 6,654) -- not recombination	end
6991	6991_day0_with_selection	SRR33298395.1376502	chr14L	1/5	chr14L-1	G10	chr7R-1	G8					E-chr7R-1,E-chr4R-7,E-chr14L-4,E-chr14L-4,E-chr14L-4	1st Y' Change	chr14L	tandem_amplification_same_end	chr7R[1]:E-chr7R-1 > chr4R[7]:E-chr4R-7 > self[4]:E-chr14L-4,E-chr14L-4,E-chr14L-4(circ x3.0 moderate)							5721	99.95%	reference defect	chr14L-1 is mis-assembled in this sample (5,720 bp vs 6,654) -- not recombination	beginning
6991	6991_day0_with_selection	SRR33298395.580770	chr14L	1/5	chr14L-1	G10	chr7R-1	G8					E-chr7R-1,E-chr14L-2,E-chr14L-5,E-chr14L-4,E-chr14L-4	1st Y' Change	chr14L	tandem_amplification_same_end	chr7R[1]:E-chr7R-1 > self[2]:E-chr14L-2 > self[5]:E-chr14L-5 > self[4]:E-chr14L-4 > self[4]:E-chr14L-4							5721	99.95%	reference defect	chr14L-1 is mis-assembled in this sample (5,720 bp vs 6,654) -- not recombination	end
6991	6991_day0_with_selection	SRR33298395.1180675	chr14L	1/5	chr14L-1	G10	chr7R-1	G8					E-chr7R-1,E-chr4R-3,E-chr14L-5,E-chr14L-5,E-chr14L-5	1st Y' Change	chr14L	tandem_amplification_same_end	chr7R[1]:E-chr7R-1 > chr4R[3]:E-chr4R-3 > self[5]:E-chr14L-5,E-chr14L-5,E-chr14L-5(circ x3.0 moderate)							5721	99.95%	reference defect	chr14L-1 is mis-assembled in this sample (5,720 bp vs 6,654) -- not recombination	end
6991	6991_day0_with_selection	SRR33298395.1787711	chr14L	1/5	chr14L-1	G10	chr7R-1	G8					E-chr7R-1,E-chr4R-3,E-chr14L-5,E-chr14L-4,E-chr14L-4	1st Y' Change	chr14L	tandem_amplification_same_end	chr7R[1]:E-chr7R-1 > chr4R[3]:E-chr4R-3 > self[5]:E-chr14L-5 > self[4]:E-chr14L-4 > self[4]:E-chr14L-4							5721	99.95%	reference defect	chr14L-1 is mis-assembled in this sample (5,720 bp vs 6,654) -- not recombination	beginning
6991	6991_day0_with_selection	SRR33298395.1413152	chr14L	1/5	chr14L-1	G10	chr7R-1	G8					E-chr7R-1,E-chr4R-3,E-chr14L-4,E-chr14L-5,E-chr14L-5	1st Y' Change	chr14L	tandem_amplification_same_end	chr7R[1]:E-chr7R-1 > chr4R[3]:E-chr4R-3 > self[4-5]:E-chr14L-4,E-chr14L-5 > self[5]:E-chr14L-5							5721	99.95%	reference defect	chr14L-1 is mis-assembled in this sample (5,720 bp vs 6,654) -- not recombination	beginning
6991	6991_day0_with_selection	SRR33298395.1432802	chr14L	1/5	chr14L-1	G10	chr7R-1	G8					E-chr7R-1,E-chr4R-7,E-chr14L-5,E-chr14L-4,E-chr14L-4	1st Y' Change	chr14L	tandem_amplification_same_end	chr7R[1]:E-chr7R-1 > chr4R[7]:E-chr4R-7 > self[5]:E-chr14L-5 > self[4]:E-chr14L-4 > self[4]:E-chr14L-4							5721	99.95%	reference defect	chr14L-1 is mis-assembled in this sample (5,720 bp vs 6,654) -- not recombination	beginning
6991	6991_day0_with_selection	SRR33298395.1860015	chr14L	1/5	chr14L-1	G10	chr7R-1	G8					E-chr7R-1,E-chr4R-3,E-chr14L-5,E-chr14L-4,E-chr14L-5	1st Y' Change	chr14L	tandem_amplification_same_end	chr7R[1]:E-chr7R-1 > chr4R[3]:E-chr4R-3 > self[4-5]:E-chr14L-5,E-chr14L-4,E-chr14L-5(circ x1.5 moderate | alt chr14L[5] + chr14L[4-5])							5721	99.95%	reference defect	chr14L-1 is mis-assembled in this sample (5,720 bp vs 6,654) -- not recombination	beginning
6991	6991_day0_with_selection	SRR33298395.872875	chr14L	1/5	chr14L-1	G10	chr7R-1	G8					E-chr7R-1,E-chr4R-7,E-chr14L-4,E-chr14L-5,E-chr14L-5	1st Y' Change	chr14L	tandem_amplification_same_end	chr7R[1]:E-chr7R-1 > chr4R[7]:E-chr4R-7 > self[4-5]:E-chr14L-4,E-chr14L-5 > self[5]:E-chr14L-5							5721	99.95%	reference defect	chr14L-1 is mis-assembled in this sample (5,720 bp vs 6,654) -- not recombination	beginning
6991	6991_day0_with_selection	SRR33298395.394127	chr14L	1/5	chr14L-1	G10	chr7R-1	G8					E-chr7R-1,E-chr4R-3,E-chr14L-5,E-chr14L-4,E-chr14L-4	1st Y' Change	chr14L	tandem_amplification_same_end	chr7R[1]:E-chr7R-1 > chr4R[3]:E-chr4R-3 > self[5]:E-chr14L-5 > self[4]:E-chr14L-4 > self[4]:E-chr14L-4							5721	99.95%	reference defect	chr14L-1 is mis-assembled in this sample (5,720 bp vs 6,654) -- not recombination	end
6991	6991_day0_with_selection	SRR33298395.1643501	chr14L	1/5	chr14L-1	G10	chr7R-1	G8					E-chr7R-1,E-chr4R-3,E-chr14L-4,E-chr14L-5,E-chr14L-5	1st Y' Change	chr14L	tandem_amplification_same_end	chr7R[1]:E-chr7R-1 > chr4R[3]:E-chr4R-3 > self[4-5]:E-chr14L-4,E-chr14L-5 > self[5]:E-chr14L-5							5721	99.95%	reference defect	chr14L-1 is mis-assembled in this sample (5,720 bp vs 6,654) -- not recombination	beginning
6991	6991_day0_with_selection	SRR33298395.1890733	chr14L	1/5	chr14L-1	G10	chr7R-1	G8					E-chr7R-1,E-chr4R-3,E-chr14L-4,E-chr14L-4,E-chr14L-5	1st Y' Change	chr14L	tandem_amplification_same_end	chr7R[1]:E-chr7R-1 > chr4R[3]:E-chr4R-3 > self[4]:E-chr14L-4 > self[4-5]:E-chr14L-4,E-chr14L-5							5721	99.95%	reference defect	chr14L-1 is mis-assembled in this sample (5,720 bp vs 6,654) -- not recombination	beginning
6991	6991_day0_with_selection	SRR33298395.1379529	chr14L	1/5	chr14L-1	G10	chr7R-1	G8					E-chr7R-1,E-chr4R-3,E-chr14L-4,E-chr14L-5,E-chr14L-5	1st Y' Change	chr14L	tandem_amplification_same_end	chr7R[1]:E-chr7R-1 > chr4R[3]:E-chr4R-3 > self[4-5]:E-chr14L-4,E-chr14L-5 > self[5]:E-chr14L-5							5721	99.95%	reference defect	chr14L-1 is mis-assembled in this sample (5,720 bp vs 6,654) -- not recombination	beginning
6991	6991_day0_with_selection	SRR33298395.132856	chr14L	1/5	chr14L-1	G10	chr7R-1	G8					E-chr7R-1,E-chr4R-3,E-chr14L-4,E-chr14L-5,E-chr14L-5	1st Y' Change	chr14L	tandem_amplification_same_end	chr7R[1]:E-chr7R-1 > chr4R[3]:E-chr4R-3 > self[4-5]:E-chr14L-4,E-chr14L-5 > self[5]:E-chr14L-5							5721	99.95%	reference defect	chr14L-1 is mis-assembled in this sample (5,720 bp vs 6,654) -- not recombination	beginning
6991	6991_day0_with_selection	SRR33298395.87032	chr14L	1/5	chr14L-1	G10	chr16L-1	G8					E-chr16L-1,E-chr14L-2,E-chr14L-5,E-chr14L-4,E-chr14L-4	1st Y' Change	chr14L	tandem_amplification_same_end	chr16L[1]:E-chr16L-1 > self[2]:E-chr14L-2 > self[5]:E-chr14L-5 > self[4]:E-chr14L-4 > self[4]:E-chr14L-4							5721	99.93%	reference defect	chr14L-1 is mis-assembled in this sample (5,720 bp vs 6,654) -- not recombination	beginning
6991	6991_day0_with_selection	SRR33298395.798452	chr14L	1/5	chr14L-1	G10	chr7R-1	G8					E-chr7R-1,E-chr4R-3,E-chr14L-5,E-chr14L-5,E-chr14L-4	1st Y' Change	chr14L	tandem_amplification_same_end	chr7R[1]:E-chr7R-1 > chr4R[3]:E-chr4R-3 > self[5]:E-chr14L-5 > self[5]:E-chr14L-5 > self[4]:E-chr14L-4							5721	99.95%	reference defect	chr14L-1 is mis-assembled in this sample (5,720 bp vs 6,654) -- not recombination	end
6991	6991_day0_with_selection	SRR33298395.1740175	chr14L	1/5	chr14L-1	G10	chr7R-1	G8					E-chr7R-1,E-chr4R-3,E-chr14L-4,E-chr14L-4,E-chr14L-5	1st Y' Change	chr14L	tandem_amplification_same_end	chr7R[1]:E-chr7R-1 > chr4R[3]:E-chr4R-3 > self[4]:E-chr14L-4 > self[4-5]:E-chr14L-4,E-chr14L-5							5721	99.95%	reference defect	chr14L-1 is mis-assembled in this sample (5,720 bp vs 6,654) -- not recombination	end
6991	6991_day0_with_selection	SRR33298395.1294430	chr14L	1/5	chr14L-1	G10	chr7R-1	G8					E-chr7R-1,E-chr14L-2,E-chr14L-4,E-chr14L-4,E-chr14L-4	1st Y' Change	chr14L	tandem_amplification_same_end	chr7R[1]:E-chr7R-1 > self[2]:E-chr14L-2 > self[4]:E-chr14L-4,E-chr14L-4,E-chr14L-4(circ x3.0 moderate)							5721	99.95%	reference defect	chr14L-1 is mis-assembled in this sample (5,720 bp vs 6,654) -- not recombination	end
6991	6991_day0_with_selection	SRR33298395.461661	chr14L	1/5	chr14L-1	G10	chr7R-1	G8					E-chr7R-1,E-chr14L-2,E-chr14L-4,E-chr14L-5,E-chr14L-5	1st Y' Change	chr14L	tandem_amplification_same_end	chr7R[1]:E-chr7R-1 > self[2]:E-chr14L-2 > self[4-5]:E-chr14L-4,E-chr14L-5 > self[5]:E-chr14L-5							5721	99.95%	reference defect	chr14L-1 is mis-assembled in this sample (5,720 bp vs 6,654) -- not recombination	end
6991	6991_day0_with_selection	SRR33298395.98792	chr14L	1/5	chr14L-1	G10	chr7R-1	G8					E-chr7R-1,E-chr4R-3,E-chr14L-4,E-chr14L-4,E-chr14L-5	1st Y' Change	chr14L	tandem_amplification_same_end	chr7R[1]:E-chr7R-1 > chr4R[3]:E-chr4R-3 > self[4]:E-chr14L-4 > self[4-5]:E-chr14L-4,E-chr14L-5							5721	99.95%	reference defect	chr14L-1 is mis-assembled in this sample (5,720 bp vs 6,654) -- not recombination	end
6991	6991_day0_with_selection	SRR33298395.1518652	chr14L	1/5	chr14L-1	G10	chr7R-1	G8					E-chr7R-1,E-chr14L-2,E-chr14L-4,E-chr14L-5,E-chr14L-5	1st Y' Change	chr14L	tandem_amplification_same_end	chr7R[1]:E-chr7R-1 > self[2]:E-chr14L-2 > self[4-5]:E-chr14L-4,E-chr14L-5 > self[5]:E-chr14L-5							5721	99.95%	reference defect	chr14L-1 is mis-assembled in this sample (5,720 bp vs 6,654) -- not recombination	end
6991	6991_day0_with_selection	SRR33298395.1046868	chr14L	1/5	chr14L-1	G10	chr7R-1	G8					E-chr7R-1,E-chr4R-3,E-chr14L-5,E-chr14L-5,E-chr14L-5	1st Y' Change	chr14L	tandem_amplification_same_end	chr7R[1]:E-chr7R-1 > chr4R[3]:E-chr4R-3 > self[5]:E-chr14L-5,E-chr14L-5,E-chr14L-5(circ x3.0 moderate)							5721	99.95%	reference defect	chr14L-1 is mis-assembled in this sample (5,720 bp vs 6,654) -- not recombination	end
6991	6991_day0_with_selection	SRR33298395.784939	chr14L	1/5	chr14L-1	G10	chr7R-1	G8					E-chr7R-1,E-chr14L-2,E-chr14L-4,E-chr14L-5,E-chr14L-5	1st Y' Change	chr14L	tandem_amplification_same_end	chr7R[1]:E-chr7R-1 > self[2]:E-chr14L-2 > self[4-5]:E-chr14L-4,E-chr14L-5 > self[5]:E-chr14L-5							5721	99.95%	reference defect	chr14L-1 is mis-assembled in this sample (5,720 bp vs 6,654) -- not recombination	beginning
6991	6991_day0_with_selection	SRR33298395.697305	chr14L	1/5	chr14L-1	G10	chr7R-1	G8					E-chr7R-1,E-chr4R-3,E-chr14L-4,E-chr14L-5,E-chr14L-4	1st Y' Change	chr14L	tandem_amplification_same_end	chr7R[1]:E-chr7R-1 > chr4R[3]:E-chr4R-3 > self[4-5]:E-chr14L-4,E-chr14L-5,E-chr14L-4(circ x1.5 moderate | alt chr14L[4-5] + chr14L[4])							5721	99.95%	reference defect	chr14L-1 is mis-assembled in this sample (5,720 bp vs 6,654) -- not recombination	beginning
6991	6991_day0_with_selection	SRR33298395.390655	chr14L	1/5	chr14L-1	G10	chr7R-1	G8					E-chr7R-1,E-chr4R-3,E-chr14L-5,E-chr14L-4,E-chr14L-5	1st Y' Change	chr14L	tandem_amplification_same_end	chr7R[1]:E-chr7R-1 > chr4R[3]:E-chr4R-3 > self[4-5]:E-chr14L-5,E-chr14L-4,E-chr14L-5(circ x1.5 moderate | alt chr14L[5] + chr14L[4-5])							5721	99.95%	reference defect	chr14L-1 is mis-assembled in this sample (5,720 bp vs 6,654) -- not recombination	beginning
6991	6991_day0_with_selection	SRR33298395.315998	chr14L	1/5	chr14L-1	G10	chr7R-1	G8					E-chr7R-1,E-chr14L-2,E-chr14L-5,E-chr14L-4,E-chr14L-4	1st Y' Change	chr14L	tandem_amplification_same_end	chr7R[1]:E-chr7R-1 > self[2]:E-chr14L-2 > self[5]:E-chr14L-5 > self[4]:E-chr14L-4 > self[4]:E-chr14L-4							5721	99.95%	reference defect	chr14L-1 is mis-assembled in this sample (5,720 bp vs 6,654) -- not recombination	end
6991	6991_day0_with_selection	SRR33298395.172635	chr14L	1/5	chr14L-1	G10	chr7R-1	G8					E-chr7R-1,E-chr4R-7,E-chr14L-5,E-chr14L-4,E-chr14L-4	1st Y' Change	chr14L	tandem_amplification_same_end	chr7R[1]:E-chr7R-1 > chr4R[7]:E-chr4R-7 > self[5]:E-chr14L-5 > self[4]:E-chr14L-4 > self[4]:E-chr14L-4							5721	99.95%	reference defect	chr14L-1 is mis-assembled in this sample (5,720 bp vs 6,654) -- not recombination	beginning
6991	6991_day0_with_selection	SRR33298395.696419	chr14L	1/5	chr14L-1	G10	chr7R-1	G8					E-chr7R-1,E-chr4R-3,E-chr14L-5,E-chr14L-5,E-chr14L-5	1st Y' Change	chr14L	tandem_amplification_same_end	chr7R[1]:E-chr7R-1 > chr4R[3]:E-chr4R-3 > self[5]:E-chr14L-5,E-chr14L-5,E-chr14L-5(circ x3.0 moderate)							5721	99.95%	reference defect	chr14L-1 is mis-assembled in this sample (5,720 bp vs 6,654) -- not recombination	beginning
6991	6991_day0_with_selection	SRR33298395.996646	chr14L	1/5	chr14L-1	G10	chr7R-1	G8					E-chr7R-1,E-chr14L-2,E-chr14L-4,E-chr14L-4,E-chr14L-4	1st Y' Change	chr14L	tandem_amplification_same_end	chr7R[1]:E-chr7R-1 > self[2]:E-chr14L-2 > self[4]:E-chr14L-4,E-chr14L-4,E-chr14L-4(circ x3.0 moderate)							5721	99.95%	reference defect	chr14L-1 is mis-assembled in this sample (5,720 bp vs 6,654) -- not recombination	end
6991	6991_day0_with_selection	SRR33298395.32627	chr14L	1/5	chr14L-1	G10	chr7R-1	G8					E-chr7R-1,E-chr4R-3,E-chr14L-4,E-chr14L-4,E-chr14L-4	1st Y' Change	chr14L	tandem_amplification_same_end	chr7R[1]:E-chr7R-1 > chr4R[3]:E-chr4R-3 > self[4]:E-chr14L-4,E-chr14L-4,E-chr14L-4(circ x3.0 moderate)							5721	99.95%	reference defect	chr14L-1 is mis-assembled in this sample (5,720 bp vs 6,654) -- not recombination	end
6991	6991_day0_with_selection	SRR33298395.308280	chr14L	1/5	chr14L-1	G10	chr7R-1	G8					E-chr7R-1,E-chr14L-2,E-chr14L-5,E-chr14L-5,E-chr14L-5	1st Y' Change	chr14L	tandem_amplification_same_end	chr7R[1]:E-chr7R-1 > self[2]:E-chr14L-2 > self[5]:E-chr14L-5,E-chr14L-5,E-chr14L-5(circ x3.0 moderate)							5721	99.95%	reference defect	chr14L-1 is mis-assembled in this sample (5,720 bp vs 6,654) -- not recombination	end
6991	6991_day0_with_selection	SRR33298395.814054	chr14L	1/5	chr14L-1	G10	chr7R-1	G8					E-chr7R-1,E-chr14L-2,E-chr14L-4,E-chr14L-5,E-chr14L-5	1st Y' Change	chr14L	tandem_amplification_same_end	chr7R[1]:E-chr7R-1 > self[2]:E-chr14L-2 > self[4-5]:E-chr14L-4,E-chr14L-5 > self[5]:E-chr14L-5							5721	99.95%	reference defect	chr14L-1 is mis-assembled in this sample (5,720 bp vs 6,654) -- not recombination	end
6991	6991_day0_with_selection	SRR33298395.1679138	chr14L	1/5	chr14L-1	G10	chr7R-1	G8					E-chr7R-1,E-chr4R-7,E-chr14L-5,E-chr14L-4,E-chr14L-4	1st Y' Change	chr14L	tandem_amplification_same_end	chr7R[1]:E-chr7R-1 > chr4R[7]:E-chr4R-7 > self[5]:E-chr14L-5 > self[4]:E-chr14L-4 > self[4]:E-chr14L-4							5721	99.95%	reference defect	chr14L-1 is mis-assembled in this sample (5,720 bp vs 6,654) -- not recombination	beginning
6991	6991_day0_with_selection	SRR33298395.1384319	chr14L	1/5	chr14L-1	G10	chr7R-1	G8					E-chr7R-1,E-chr14L-2,E-chr14L-4,E-chr14L-5,E-chr14L-4	1st Y' Change	chr14L	tandem_amplification_same_end	chr7R[1]:E-chr7R-1 > self[2]:E-chr14L-2 > self[4-5]:E-chr14L-4,E-chr14L-5,E-chr14L-4(circ x1.5 moderate | alt chr14L[4-5] + chr14L[4])							5721	99.95%	reference defect	chr14L-1 is mis-assembled in this sample (5,720 bp vs 6,654) -- not recombination	end
6991	6991_day0_with_selection	SRR33298395.1492525	chr14L	1/5	chr14L-1	G10	chr7R-1	G8					E-chr7R-1,E-chr4R-3,E-chr14L-4,E-chr14L-4,E-chr14L-4	1st Y' Change	chr14L	tandem_amplification_same_end	chr7R[1]:E-chr7R-1 > chr4R[3]:E-chr4R-3 > self[4]:E-chr14L-4,E-chr14L-4,E-chr14L-4(circ x3.0 moderate)							5721	99.95%	reference defect	chr14L-1 is mis-assembled in this sample (5,720 bp vs 6,654) -- not recombination	beginning
6991	6991_day0_with_selection	SRR33298395.1760358	chr14L	1/5	chr14L-1	G10	chr7R-1	G8					E-chr7R-1,E-chr14L-2,E-chr14L-5,E-chr14L-5,E-chr14L-5	1st Y' Change	ambiguous	unmatched_array	chr7R[1]:E-chr7R-1 > self[2]:E-chr14L-2 > self[5]:E-chr14L-5 > self[5]:E-chr14L-5 > self[5]:E-chr14L-5							5721	99.95%	reference defect	chr14L-1 is mis-assembled in this sample (5,720 bp vs 6,654) -- not recombination	beginning
6991	6991_day0_with_selection	SRR33298395.1092879	chr14L	1/5	chr14L-1	G10	chr7R-1	G8					E-chr7R-1,E-chr14L-2,E-chr14L-4,E-chr14L-5,E-chr14L-4	1st Y' Change	chr14L	tandem_amplification_same_end	chr7R[1]:E-chr7R-1 > self[2]:E-chr14L-2 > self[4]:E-chr14L-4 > self[5]:E-chr14L-5 > self[4]:E-chr14L-4							5721	99.95%	reference defect	chr14L-1 is mis-assembled in this sample (5,720 bp vs 6,654) -- not recombination	end
6991	6991_day0_with_selection	SRR33298395.1649954	chr14L	1/5	chr14L-1	G10	chr7R-1	G8					E-chr7R-1,E-chr14L-2,E-chr14L-4,E-chr14L-5,E-chr14L-5	1st Y' Change	chr14L	tandem_amplification_same_end	chr7R[1]:E-chr7R-1 > self[2]:E-chr14L-2 > self[4-5]:E-chr14L-4,E-chr14L-5 > self[5]:E-chr14L-5							5721	99.95%	reference defect	chr14L-1 is mis-assembled in this sample (5,720 bp vs 6,654) -- not recombination	end
6991	6991_day0_with_selection	SRR33298395.379148	chr14L	1/5	chr14L-1	G10	chr7R-1	G8					E-chr7R-1,E-chr4R-3,E-chr14L-4,E-chr14L-4,E-chr14L-4	1st Y' Change	chr14L	tandem_amplification_same_end	chr7R[1]:E-chr7R-1 > chr4R[3]:E-chr4R-3 > self[4]:E-chr14L-4,E-chr14L-4,E-chr14L-4(circ x3.0 moderate)							5721	99.95%	reference defect	chr14L-1 is mis-assembled in this sample (5,720 bp vs 6,654) -- not recombination	beginning
6991	6991_day0_with_selection	SRR33298395.1360057	chr14L	1/5	chr14L-1	G10	chr7R-1	G8					E-chr7R-1,E-chr4R-7,E-chr14L-4,E-chr14L-4,E-chr14L-4	1st Y' Change	chr14L	tandem_amplification_same_end	chr7R[1]:E-chr7R-1 > chr4R[7]:E-chr4R-7 > self[4]:E-chr14L-4,E-chr14L-4,E-chr14L-4(circ x3.0 moderate)							5721	99.95%	reference defect	chr14L-1 is mis-assembled in this sample (5,720 bp vs 6,654) -- not recombination	beginning
6991	6991_day0_with_selection	SRR33298395.248137	chr14L	1/5	chr14L-1	G10	chr7R-1	G8					E-chr7R-1,E-chr4R-3,E-chr14L-4,E-chr14L-5,E-chr14L-4	1st Y' Change	chr14L	tandem_amplification_same_end	chr7R[1]:E-chr7R-1 > chr4R[3]:E-chr4R-3 > self[4-5]:E-chr14L-4,E-chr14L-5,E-chr14L-4(circ x1.5 moderate | alt chr14L[4-5] + chr14L[4])							5721	99.95%	reference defect	chr14L-1 is mis-assembled in this sample (5,720 bp vs 6,654) -- not recombination	beginning
6991	6991_day0_with_selection	SRR33298395.1507271	chr14L	1/5	chr14L-1	G10	chr7R-1	G8					E-chr7R-1,E-chr4R-7,E-chr14L-5,E-chr14L-4,E-chr14L-5	1st Y' Change	chr14L	tandem_amplification_same_end	chr7R[1]:E-chr7R-1 > chr4R[7]:E-chr4R-7 > self[4-5]:E-chr14L-5,E-chr14L-4,E-chr14L-5(circ x1.5 moderate | alt chr14L[5] + chr14L[4-5])							5721	99.95%	reference defect	chr14L-1 is mis-assembled in this sample (5,720 bp vs 6,654) -- not recombination	beginning
6991	6991_day0_with_selection	SRR33298395.286745	chr14L	1/5	chr14L-1	G10	chr7R-1	G8					E-chr7R-1,E-chr4R-3,E-chr14L-4,E-chr14L-4,E-chr14L-4	1st Y' Change	chr14L	tandem_amplification_same_end	chr7R[1]:E-chr7R-1 > chr4R[3]:E-chr4R-3 > self[4]:E-chr14L-4,E-chr14L-4,E-chr14L-4(circ x3.0 moderate)							5721	99.95%	reference defect	chr14L-1 is mis-assembled in this sample (5,720 bp vs 6,654) -- not recombination	beginning
6991	6991_day0_with_selection	SRR33298395.68400	chr14L	1/5	chr14L-1	G10	chr7R-1	G8					E-chr7R-1,E-chr4R-7,E-chr14L-5,E-chr14L-4,E-chr14L-5	1st Y' Change	chr14L	tandem_amplification_same_end	chr7R[1]:E-chr7R-1 > chr4R[7]:E-chr4R-7 > self[4-5]:E-chr14L-5,E-chr14L-4,E-chr14L-5(circ x1.5 moderate | alt chr14L[5] + chr14L[4-5])							5721	99.95%	reference defect	chr14L-1 is mis-assembled in this sample (5,720 bp vs 6,654) -- not recombination	beginning
6991	6991_day0_with_selection	SRR33298395.1306733	chr14L	1/5	chr14L-1	G10	chr7R-1	G8					E-chr7R-1,E-chr4R-3,E-chr14L-5,E-chr14L-5,E-chr14L-5	1st Y' Change	chr14L	tandem_amplification_same_end	chr7R[1]:E-chr7R-1 > chr4R[3]:E-chr4R-3 > self[5]:E-chr14L-5,E-chr14L-5,E-chr14L-5(circ x3.0 moderate)							5721	99.95%	reference defect	chr14L-1 is mis-assembled in this sample (5,720 bp vs 6,654) -- not recombination	end
6991	6991_day0_with_selection	SRR33298395.558251	chr14L	1/5	chr14L-1	G10	chr7R-1	G8					E-chr7R-1,E-chr4R-3,E-chr14L-5,E-chr14L-4,E-chr14L-4	1st Y' Change	chr14L	tandem_amplification_same_end	chr7R[1]:E-chr7R-1 > chr4R[3]:E-chr4R-3 > self[5]:E-chr14L-5 > self[4]:E-chr14L-4 > self[4]:E-chr14L-4							5721	99.95%	reference defect	chr14L-1 is mis-assembled in this sample (5,720 bp vs 6,654) -- not recombination	beginning
6991	6991_day0_with_selection	SRR33298395.1745320	chr14L	1/5	chr14L-1	G10	chr7R-1	G8					E-chr7R-1,E-chr4R-3,E-chr14L-4,E-chr14L-4,E-chr14L-5	1st Y' Change	chr14L	tandem_amplification_same_end	chr7R[1]:E-chr7R-1 > chr4R[3]:E-chr4R-3 > self[4]:E-chr14L-4 > self[4]:E-chr14L-4 > self[5]:E-chr14L-5							5721	99.95%	reference defect	chr14L-1 is mis-assembled in this sample (5,720 bp vs 6,654) -- not recombination	end
6991	6991_day0_with_selection	SRR33298395.499146	chr14L	1/5	chr14L-1	G10	chr7R-1	G8					E-chr7R-1,E-chr4R-3,E-chr14L-4,E-chr14L-4,E-chr14L-5	1st Y' Change	chr14L	tandem_amplification_same_end	chr7R[1]:E-chr7R-1 > chr4R[3]:E-chr4R-3 > self[4]:E-chr14L-4 > self[4-5]:E-chr14L-4,E-chr14L-5							5721	99.95%	reference defect	chr14L-1 is mis-assembled in this sample (5,720 bp vs 6,654) -- not recombination	beginning
6991	6991_day0_with_selection	SRR33298395.1562750	chr14L	1/5	chr14L-1	G10	chr7R-1	G8					E-chr7R-1,E-chr14L-2,E-chr14L-5,E-chr14L-5,E-chr14L-4	1st Y' Change	chr14L	tandem_amplification_same_end	chr7R[1]:E-chr7R-1 > self[2]:E-chr14L-2 > self[5]:E-chr14L-5 > self[5]:E-chr14L-5 > self[4]:E-chr14L-4							5721	99.95%	reference defect	chr14L-1 is mis-assembled in this sample (5,720 bp vs 6,654) -- not recombination	end
6991	6991_day0_with_selection	SRR33298395.309684	chr14L	1/5	chr14L-1	G10	chr7R-1	G8					E-chr7R-1,E-chr4R-3,E-chr14L-5,E-chr14L-5,E-chr14L-5	1st Y' Change	chr14L	tandem_amplification_same_end	chr7R[1]:E-chr7R-1 > chr4R[3]:E-chr4R-3 > self[5]:E-chr14L-5,E-chr14L-5,E-chr14L-5(circ x3.0 moderate)							5721	99.95%	reference defect	chr14L-1 is mis-assembled in this sample (5,720 bp vs 6,654) -- not recombination	end
6991	6991_day0_with_selection	SRR33298395.801921	chr14L	1/5	chr14L-1	G10	chr7R-1	G8					E-chr7R-1,E-chr4R-3,E-chr14L-5,E-chr14L-5,E-chr14L-4	1st Y' Change	chr14L	tandem_amplification_same_end	chr7R[1]:E-chr7R-1 > chr4R[3]:E-chr4R-3 > self[5]:E-chr14L-5 > self[5]:E-chr14L-5 > self[4]:E-chr14L-4							5721	99.95%	reference defect	chr14L-1 is mis-assembled in this sample (5,720 bp vs 6,654) -- not recombination	end
6991	6991_day0_with_selection	SRR33298395.1395470	chr14L	1/5	chr14L-1	G10	chr7R-1	G8					E-chr7R-1,E-chr4R-3,E-chr14L-5,E-chr14L-4,E-chr14L-4	1st Y' Change	chr14L	tandem_amplification_same_end	chr7R[1]:E-chr7R-1 > chr4R[3]:E-chr4R-3 > self[5]:E-chr14L-5 > self[4]:E-chr14L-4 > self[4]:E-chr14L-4							5721	99.95%	reference defect	chr14L-1 is mis-assembled in this sample (5,720 bp vs 6,654) -- not recombination	end
6991	6991_day0_with_selection	SRR33298395.1394265	chr14L	1/5	chr14L-1	G10	chr7R-1	G8					E-chr7R-1,E-chr14L-2,E-chr14L-4,E-chr14L-5,E-chr14L-4	1st Y' Change	chr14L	tandem_amplification_same_end	chr7R[1]:E-chr7R-1 > self[2]:E-chr14L-2 > self[4-5]:E-chr14L-4,E-chr14L-5,E-chr14L-4(circ x1.5 moderate | alt chr14L[4-5] + chr14L[4])							5721	99.95%	reference defect	chr14L-1 is mis-assembled in this sample (5,720 bp vs 6,654) -- not recombination	end
6991	6991_day0_with_selection	SRR33298395.1869644	chr14L	1/5	chr14L-1	G10	chr7R-1	G8					E-chr7R-1,E-chr14L-2,E-chr14L-4,E-chr14L-4,E-chr14L-5	1st Y' Change	chr14L	tandem_amplification_same_end	chr7R[1]:E-chr7R-1 > self[2]:E-chr14L-2 > self[4]:E-chr14L-4 > self[4-5]:E-chr14L-4,E-chr14L-5							5721	99.95%	reference defect	chr14L-1 is mis-assembled in this sample (5,720 bp vs 6,654) -- not recombination	end
6991	6991_day0_with_selection	SRR33298395.21435	chr14L	1/5	chr14L-1	G10	chr7R-1	G8					E-chr7R-1,E-chr4R-7,E-chr14L-4,E-chr14L-4,E-chr14L-5	1st Y' Change	chr14L	tandem_amplification_same_end	chr7R[1]:E-chr7R-1 > chr4R[7]:E-chr4R-7 > self[4]:E-chr14L-4 > self[4-5]:E-chr14L-4,E-chr14L-5							5721	99.95%	reference defect	chr14L-1 is mis-assembled in this sample (5,720 bp vs 6,654) -- not recombination	beginning
6991	6991_day0_with_selection	SRR33298395.1801293	chr14L	1/5	chr14L-1	G10	chr7R-1	G8					E-chr7R-1,E-chr14L-2,E-chr14L-4,E-chr14L-5,E-chr14L-5	1st Y' Change	chr14L	tandem_amplification_same_end	chr7R[1]:E-chr7R-1 > self[2]:E-chr14L-2 > self[4-5]:E-chr14L-4,E-chr14L-5 > self[5]:E-chr14L-5							5721	99.95%	reference defect	chr14L-1 is mis-assembled in this sample (5,720 bp vs 6,654) -- not recombination	beginning
6991	6991_day0_with_selection	SRR33298395.1488353	chr14L	1/5	chr14L-1	G10	chr7R-1	G8					E-chr7R-1,E-chr14L-2,E-chr14L-5,E-chr14L-4,E-chr14L-5	1st Y' Change	chr14L	tandem_amplification_same_end	chr7R[1]:E-chr7R-1 > self[2]:E-chr14L-2 > self[4-5]:E-chr14L-5,E-chr14L-4,E-chr14L-5(circ x1.5 moderate | alt chr14L[5] + chr14L[4-5])							5721	99.95%	reference defect	chr14L-1 is mis-assembled in this sample (5,720 bp vs 6,654) -- not recombination	end
6991	6991_day0_with_selection	SRR33298395.76131	chr14L	1/5	chr14L-1	G10	chr7R-1	G8					E-chr7R-1,E-chr4R-3,E-chr14L-4,E-chr14L-4,E-chr14L-4	1st Y' Change	chr14L	tandem_amplification_same_end	chr7R[1]:E-chr7R-1 > chr4R[3]:E-chr4R-3 > self[4]:E-chr14L-4,E-chr14L-4,E-chr14L-4(circ x3.0 moderate)							5721	99.95%	reference defect	chr14L-1 is mis-assembled in this sample (5,720 bp vs 6,654) -- not recombination	end
6991	6991_day0_with_selection	SRR33298395.168686	chr14L	1/5	chr14L-1	G10	chr7R-1	G8					E-chr7R-1,E-chr4R-7,E-chr14L-5,E-chr14L-4,E-chr14L-5	1st Y' Change	chr14L	tandem_amplification_same_end	chr7R[1]:E-chr7R-1 > chr4R[7]:E-chr4R-7 > self[4-5]:E-chr14L-5,E-chr14L-4,E-chr14L-5(circ x1.5 moderate | alt chr14L[5] + chr14L[4-5])							5721	99.95%	reference defect	chr14L-1 is mis-assembled in this sample (5,720 bp vs 6,654) -- not recombination	beginning
6991	6991_day0_with_selection	SRR33298395.1504299	chr14L	1/5	chr14L-1	G10	chr7R-1	G8					E-chr7R-1,E-chr4R-3,E-chr14L-4,E-chr14L-4,E-chr14L-5	1st Y' Change	chr14L	tandem_amplification_same_end	chr7R[1]:E-chr7R-1 > chr4R[3]:E-chr4R-3 > self[4]:E-chr14L-4 > self[4-5]:E-chr14L-4,E-chr14L-5							5721	99.95%	reference defect	chr14L-1 is mis-assembled in this sample (5,720 bp vs 6,654) -- not recombination	beginning
6991	6991_day0_with_selection	SRR33298395.964739	chr14L	1/5	chr14L-1	G10	chr7R-1	G8					E-chr7R-1,E-chr4R-7,E-chr14L-5,E-chr14L-5,E-chr14L-4	1st Y' Change	chr14L	tandem_amplification_same_end	chr7R[1]:E-chr7R-1 > chr4R[7]:E-chr4R-7 > self[5]:E-chr14L-5 > self[5]:E-chr14L-5 > self[4]:E-chr14L-4							5721	99.95%	reference defect	chr14L-1 is mis-assembled in this sample (5,720 bp vs 6,654) -- not recombination	beginning
6991	6991_day0_with_selection	SRR33298395.1883541	chr14L	1/5	chr14L-1	G10	chr7R-1	G8					E-chr7R-1,E-chr4R-3,E-chr14L-5,E-chr14L-5,E-chr14L-4	1st Y' Change	chr14L	tandem_amplification_same_end	chr7R[1]:E-chr7R-1 > chr4R[3]:E-chr4R-3 > self[5]:E-chr14L-5 > self[5]:E-chr14L-5 > self[4]:E-chr14L-4							5721	99.95%	reference defect	chr14L-1 is mis-assembled in this sample (5,720 bp vs 6,654) -- not recombination	beginning
6991	6991_day0_with_selection	SRR33298395.1864412	chr14L	1/5	chr14L-1	G10	chr7R-1	G8					E-chr7R-1,E-chr4R-7,E-chr14L-5,E-chr14L-4,E-chr14L-5	1st Y' Change	chr14L	tandem_amplification_same_end	chr7R[1]:E-chr7R-1 > chr4R[7]:E-chr4R-7 > self[4-5]:E-chr14L-5,E-chr14L-4,E-chr14L-5(circ x1.5 moderate | alt chr14L[5] + chr14L[4-5])							5721	99.95%	reference defect	chr14L-1 is mis-assembled in this sample (5,720 bp vs 6,654) -- not recombination	beginning
6991	6991_day0_with_selection	SRR33298395.650714	chr14L	1/5	chr14L-1	G10	chr7R-1	G8					E-chr7R-1,E-chr14L-2,E-chr14L-4,E-chr14L-5,E-chr14L-5	1st Y' Change	chr14L	tandem_amplification_same_end	chr7R[1]:E-chr7R-1 > self[2]:E-chr14L-2 > self[4-5]:E-chr14L-4,E-chr14L-5 > self[5]:E-chr14L-5							5721	99.95%	reference defect	chr14L-1 is mis-assembled in this sample (5,720 bp vs 6,654) -- not recombination	end
6991	6991_day0_with_selection	SRR33298395.172371	chr14L	1/5	chr14L-1	G10	chr7R-1	G8					E-chr7R-1,E-chr14L-2,E-chr14L-5,E-chr14L-4,E-chr14L-4	1st Y' Change	chr14L	tandem_amplification_same_end	chr7R[1]:E-chr7R-1 > self[2]:E-chr14L-2 > self[5]:E-chr14L-5 > self[4]:E-chr14L-4 > self[4]:E-chr14L-4							5721	99.95%	reference defect	chr14L-1 is mis-assembled in this sample (5,720 bp vs 6,654) -- not recombination	end
6991	6991_day0_with_selection	SRR33298395.947425	chr14L	1/5	chr14L-1	G10	chr7R-1	G8					E-chr7R-1,E-chr4R-7,E-chr14L-4,E-chr14L-4,E-chr14L-5	1st Y' Change	chr14L	tandem_amplification_same_end	chr7R[1]:E-chr7R-1 > chr4R[7]:E-chr4R-7 > self[4]:E-chr14L-4 > self[4-5]:E-chr14L-4,E-chr14L-5							5721	99.95%	reference defect	chr14L-1 is mis-assembled in this sample (5,720 bp vs 6,654) -- not recombination	beginning
6991	6991_day0_with_selection	SRR33298395.930185	chr14L	1/5	chr14L-1	G10	chr7R-1	G8					E-chr7R-1,E-chr4R-3,E-chr14L-5,E-chr14L-4,E-chr14L-4	1st Y' Change	chr14L	tandem_amplification_same_end	chr7R[1]:E-chr7R-1 > chr4R[3]:E-chr4R-3 > self[5]:E-chr14L-5 > self[4]:E-chr14L-4 > self[4]:E-chr14L-4							5721	99.95%	reference defect	chr14L-1 is mis-assembled in this sample (5,720 bp vs 6,654) -- not recombination	end
6991	6991_day0_with_selection	SRR33298395.1273808	chr14L	1/5	chr14L-1	G10	chr7R-1	G8					E-chr7R-1,E-chr4R-3,E-chr14L-4,E-chr14L-4,E-chr14L-5	1st Y' Change	chr14L	tandem_amplification_same_end	chr7R[1]:E-chr7R-1 > chr4R[3]:E-chr4R-3 > self[4]:E-chr14L-4 > self[4-5]:E-chr14L-4,E-chr14L-5							5721	99.95%	reference defect	chr14L-1 is mis-assembled in this sample (5,720 bp vs 6,654) -- not recombination	end
6991	6991_day0_with_selection	SRR33298395.1321274	chr14L	1/5	chr14L-1	G10	chr7R-1	G8					E-chr7R-1,E-chr4R-7,E-chr14L-4,E-chr14L-5,E-chr14L-4	1st Y' Change	chr14L	tandem_amplification_same_end	chr7R[1]:E-chr7R-1 > chr4R[7]:E-chr4R-7 > self[4-5]:E-chr14L-4,E-chr14L-5,E-chr14L-4(circ x1.5 moderate | alt chr14L[4-5] + chr14L[4])							5721	99.95%	reference defect	chr14L-1 is mis-assembled in this sample (5,720 bp vs 6,654) -- not recombination	beginning
6991	6991_day0_with_selection	SRR33298395.1239059	chr14L	1/5	chr14L-1	G10	chr7R-1	G8					E-chr7R-1,E-chr4R-7,E-chr14L-5,E-chr14L-5,E-chr14L-5	1st Y' Change	chr14L	tandem_amplification_same_end	chr7R[1]:E-chr7R-1 > chr4R[7]:E-chr4R-7 > self[5]:E-chr14L-5,E-chr14L-5,E-chr14L-5(circ x3.0 moderate)							5721	99.95%	reference defect	chr14L-1 is mis-assembled in this sample (5,720 bp vs 6,654) -- not recombination	beginning
6991	6991_day0_with_selection	SRR33298395.1356672	chr14L	1/5	chr14L-1	G10	chr7R-1	G8					E-chr7R-1,E-chr4R-3,E-chr14L-4,E-chr14L-4,E-chr14L-4	1st Y' Change	chr14L	tandem_amplification_same_end	chr7R[1]:E-chr7R-1 > chr4R[3]:E-chr4R-3 > self[4]:E-chr14L-4,E-chr14L-4,E-chr14L-4(circ x3.0 moderate)							5721	99.95%	reference defect	chr14L-1 is mis-assembled in this sample (5,720 bp vs 6,654) -- not recombination	beginning
6991	6991_day0_with_selection	SRR33298395.1254154	chr14L	1/5	chr14L-1	G10	chr7R-1	G8					E-chr7R-1,E-chr4R-7,E-chr14L-4,E-chr14L-5,E-chr14L-5	1st Y' Change	chr14L	tandem_amplification_same_end	chr7R[1]:E-chr7R-1 > chr4R[7]:E-chr4R-7 > self[4-5]:E-chr14L-4,E-chr14L-5 > self[5]:E-chr14L-5							5721	99.95%	reference defect	chr14L-1 is mis-assembled in this sample (5,720 bp vs 6,654) -- not recombination	end
6991	6991_day0_with_selection	SRR33298395.461449	chr14L	1/5	chr14L-1	G10	chr7R-1	G8					E-chr7R-1,E-chr4R-3,E-chr14L-5,E-chr14L-5,E-chr14L-5	1st Y' Change	chr14L	tandem_amplification_same_end	chr7R[1]:E-chr7R-1 > chr4R[3]:E-chr4R-3 > self[5]:E-chr14L-5,E-chr14L-5,E-chr14L-5(circ x3.0 moderate)							5721	99.95%	reference defect	chr14L-1 is mis-assembled in this sample (5,720 bp vs 6,654) -- not recombination	end
6991	6991_day0_with_selection	SRR33298395.1855837	chr14L	1/5	chr14L-1	G10	chr7R-1	G8					E-chr7R-1,E-chr4R-7,E-chr14L-5,E-chr14L-4,E-chr14L-4	1st Y' Change	chr14L	tandem_amplification_same_end	chr7R[1]:E-chr7R-1 > chr4R[7]:E-chr4R-7 > self[5]:E-chr14L-5 > self[4]:E-chr14L-4 > self[4]:E-chr14L-4							5721	99.95%	reference defect	chr14L-1 is mis-assembled in this sample (5,720 bp vs 6,654) -- not recombination	end
6991	6991_day0_with_selection	SRR33298395.1166852	chr14L	1/5	chr14L-1	G10	chr7R-1	G8					E-chr7R-1,E-chr4R-3,E-chr14L-5,E-chr14L-5,E-chr14L-4	1st Y' Change	chr14L	tandem_amplification_same_end	chr7R[1]:E-chr7R-1 > chr4R[3]:E-chr4R-3 > self[5]:E-chr14L-5 > self[5]:E-chr14L-5 > self[4]:E-chr14L-4							5721	99.95%	reference defect	chr14L-1 is mis-assembled in this sample (5,720 bp vs 6,654) -- not recombination	end
6991	6991_day0_with_selection	SRR33298395.1708313	chr14L	1/5	chr14L-1	G10	chr7R-1	G8					E-chr7R-1,E-chr4R-3,E-chr14L-4,E-chr14L-5,E-chr14L-5	1st Y' Change	chr14L	tandem_amplification_same_end	chr7R[1]:E-chr7R-1 > chr4R[3]:E-chr4R-3 > self[4-5]:E-chr14L-4,E-chr14L-5 > self[5]:E-chr14L-5							5721	99.95%	reference defect	chr14L-1 is mis-assembled in this sample (5,720 bp vs 6,654) -- not recombination	end
6991	6991_day0_with_selection	SRR33298395.1657843	chr14L	1/5	chr14L-1	G10	chr7R-1	G8					E-chr7R-1,E-chr14L-2,E-chr14L-4,E-chr14L-4,E-chr14L-4	1st Y' Change	chr14L	tandem_amplification_same_end	chr7R[1]:E-chr7R-1 > self[2]:E-chr14L-2 > self[4]:E-chr14L-4,E-chr14L-4,E-chr14L-4(circ x3.0 moderate)							5721	99.95%	reference defect	chr14L-1 is mis-assembled in this sample (5,720 bp vs 6,654) -- not recombination	end
6991	6991_day0_with_selection	SRR33298395.854309	chr14L	1/5	chr14L-1	G10	chr7R-1	G8					E-chr7R-1,E-chr14L-2,E-chr14L-4,E-chr14L-4,E-chr14L-5	1st Y' Change	chr14L	tandem_amplification_same_end	chr7R[1]:E-chr7R-1 > self[2]:E-chr14L-2 > self[4]:E-chr14L-4 > self[4-5]:E-chr14L-4,E-chr14L-5							5721	99.95%	reference defect	chr14L-1 is mis-assembled in this sample (5,720 bp vs 6,654) -- not recombination	end
6991	6991_day0_with_selection	SRR33298395.1495423	chr14L	1/5	chr14L-1	G10	chr7R-1	G8					E-chr7R-1,E-chr14L-2,E-chr14L-4,E-chr14L-5,E-chr14L-5	1st Y' Change	chr14L	tandem_amplification_same_end	chr7R[1]:E-chr7R-1 > self[2]:E-chr14L-2 > self[4]:E-chr14L-4 > self[5]:E-chr14L-5 > self[5]:E-chr14L-5							5721	99.95%	reference defect	chr14L-1 is mis-assembled in this sample (5,720 bp vs 6,654) -- not recombination	end
6991	6991_day0_with_selection	SRR33298395.1625551	chr14L	1/5	chr14L-1	G10	chr7R-1	G8					E-chr7R-1,E-chr4R-3,E-chr14L-5,E-chr14L-5,E-chr14L-4	1st Y' Change	chr14L	tandem_amplification_same_end	chr7R[1]:E-chr7R-1 > chr4R[3]:E-chr4R-3 > self[5]:E-chr14L-5 > self[5]:E-chr14L-5 > self[4]:E-chr14L-4							5721	99.95%	reference defect	chr14L-1 is mis-assembled in this sample (5,720 bp vs 6,654) -- not recombination	end
6991	6991_day0_with_selection	SRR33298395.1169185	chr14L	1/5	chr14L-1	G10	chr7R-1	G8					E-chr7R-1,E-chr4R-3,E-chr14L-5,E-chr14L-4,E-chr14L-5	1st Y' Change	chr14L	tandem_amplification_same_end	chr7R[1]:E-chr7R-1 > chr4R[3]:E-chr4R-3 > self[4-5]:E-chr14L-5,E-chr14L-4,E-chr14L-5(circ x1.5 moderate | alt chr14L[5] + chr14L[4-5])							5721	99.95%	reference defect	chr14L-1 is mis-assembled in this sample (5,720 bp vs 6,654) -- not recombination	end
6991	6991_day0_with_selection	SRR33298395.887841	chr14L	1/5	chr14L-1	G10	chr7R-1	G8					E-chr7R-1,E-chr14L-2,E-chr14L-5,E-chr14L-5,E-chr14L-4	1st Y' Change	chr14L	tandem_amplification_same_end	chr7R[1]:E-chr7R-1 > self[2]:E-chr14L-2 > self[5]:E-chr14L-5 > self[5]:E-chr14L-5 > self[4]:E-chr14L-4							5721	99.95%	reference defect	chr14L-1 is mis-assembled in this sample (5,720 bp vs 6,654) -- not recombination	end
6991	6991_day0_with_selection	SRR33298395.40292	chr14L	1/5	chr14L-1	G10	chr7R-1	G8					E-chr7R-1,E-chr4R-3,E-chr14L-4,E-chr14L-5,E-chr14L-4	1st Y' Change	chr14L	tandem_amplification_same_end	chr7R[1]:E-chr7R-1 > chr4R[3]:E-chr4R-3 > self[4-5]:E-chr14L-4,E-chr14L-5,E-chr14L-4(circ x1.5 moderate | alt chr14L[4-5] + chr14L[4])							5721	99.95%	reference defect	chr14L-1 is mis-assembled in this sample (5,720 bp vs 6,654) -- not recombination	beginning
6991	6991_day0_with_selection	SRR33298395.1043530	chr14L	1/5	chr14L-1	G10	chr7R-1	G8					E-chr7R-1,E-chr4R-3,E-chr14L-4,E-chr14L-5,E-chr14L-5	1st Y' Change	chr14L	tandem_amplification_same_end	chr7R[1]:E-chr7R-1 > chr4R[3]:E-chr4R-3 > self[4-5]:E-chr14L-4,E-chr14L-5 > self[5]:E-chr14L-5							5721	99.95%	reference defect	chr14L-1 is mis-assembled in this sample (5,720 bp vs 6,654) -- not recombination	end
6991	6991_day0_with_selection	SRR33298395.543619	chr14L	1/5	chr14L-1	G10	chr7R-1	G8					E-chr7R-1,E-chr4R-3,E-chr14L-4,E-chr14L-5,E-chr14L-5	1st Y' Change	chr14L	tandem_amplification_same_end	chr7R[1]:E-chr7R-1 > chr4R[3]:E-chr4R-3 > self[4-5]:E-chr14L-4,E-chr14L-5 > self[5]:E-chr14L-5							5721	99.95%	reference defect	chr14L-1 is mis-assembled in this sample (5,720 bp vs 6,654) -- not recombination	beginning
6991	6991_day0_with_selection	SRR33298395.967434	chr14L	1/5	chr14L-1	G10	chr7R-1	G8					E-chr7R-1,E-chr4R-3,E-chr14L-5,E-chr14L-4,E-chr14L-5	1st Y' Change	chr14L	tandem_amplification_same_end	chr7R[1]:E-chr7R-1 > chr4R[3]:E-chr4R-3 > self[4-5]:E-chr14L-5,E-chr14L-4,E-chr14L-5(circ x1.5 moderate | alt chr14L[5] + chr14L[4-5])							5721	99.95%	reference defect	chr14L-1 is mis-assembled in this sample (5,720 bp vs 6,654) -- not recombination	end
6991	6991_day0_with_selection	SRR33298395.1094098	chr14L	1/5	chr14L-1	G10	chr7R-1	G8					E-chr7R-1,E-chr14L-2,E-chr14L-5,E-chr14L-4,E-chr14L-5	1st Y' Change	chr14L	tandem_amplification_same_end	chr7R[1]:E-chr7R-1 > self[2]:E-chr14L-2 > self[5]:E-chr14L-5 > self[4]:E-chr14L-4 > self[5]:E-chr14L-5							5721	99.95%	reference defect	chr14L-1 is mis-assembled in this sample (5,720 bp vs 6,654) -- not recombination	end
6991	6991_day0_with_selection	SRR33298395.593564	chr14L	1/5	chr14L-1	G10	chr7R-1	G8					E-chr7R-1,E-chr14L-2,E-chr14L-5,E-chr14L-5,E-chr14L-4	1st Y' Change	chr14L	tandem_amplification_same_end	chr7R[1]:E-chr7R-1 > self[2]:E-chr14L-2 > self[5]:E-chr14L-5 > self[5]:E-chr14L-5 > self[4]:E-chr14L-4							5721	99.95%	reference defect	chr14L-1 is mis-assembled in this sample (5,720 bp vs 6,654) -- not recombination	end
6991	6991_day0_with_selection	SRR33298395.219677	chr14L	1/5	chr14L-1	G10	chr7R-1	G8					E-chr7R-1,E-chr4R-3,E-chr14L-5,E-chr14L-5,E-chr14L-4	1st Y' Change	chr14L	tandem_amplification_same_end	chr7R[1]:E-chr7R-1 > chr4R[3]:E-chr4R-3 > self[5]:E-chr14L-5 > self[5]:E-chr14L-5 > self[4]:E-chr14L-4							5721	99.95%	reference defect	chr14L-1 is mis-assembled in this sample (5,720 bp vs 6,654) -- not recombination	beginning
6991	6991_day0_with_selection	SRR33298395.1690263	chr14L	1/5	chr14L-1	G10	chr7R-1	G8					E-chr7R-1,E-chr14L-2,E-chr14L-5,E-chr14L-4,E-chr14L-4	1st Y' Change	chr14L	tandem_amplification_same_end	chr7R[1]:E-chr7R-1 > self[2]:E-chr14L-2 > self[5]:E-chr14L-5 > self[4]:E-chr14L-4 > self[4]:E-chr14L-4							5721	99.95%	reference defect	chr14L-1 is mis-assembled in this sample (5,720 bp vs 6,654) -- not recombination	end
6991	6991_day0_with_selection	SRR33298395.1520973	chr14L	1/5	chr14L-1	G10	chr7R-1	G8					E-chr7R-1,E-chr4R-3,E-chr14L-5,E-chr14L-4,E-chr14L-4	1st Y' Change	chr14L	tandem_amplification_same_end	chr7R[1]:E-chr7R-1 > chr4R[3]:E-chr4R-3 > self[5]:E-chr14L-5 > self[4]:E-chr14L-4 > self[4]:E-chr14L-4							5721	99.95%	reference defect	chr14L-1 is mis-assembled in this sample (5,720 bp vs 6,654) -- not recombination	end
6991	6991_day0_with_selection	SRR33298395.1856155	chr14L	1/5	chr14L-1	G10	chr7R-1	G8					E-chr7R-1,E-chr4R-3,E-chr14L-5,E-chr14L-4,E-chr14L-4	1st Y' Change	chr14L	tandem_amplification_same_end	chr7R[1]:E-chr7R-1 > chr4R[3]:E-chr4R-3 > self[5]:E-chr14L-5 > self[4]:E-chr14L-4 > self[4]:E-chr14L-4							5721	99.95%	reference defect	chr14L-1 is mis-assembled in this sample (5,720 bp vs 6,654) -- not recombination	beginning
6991	6991_day0_with_selection	SRR33298395.417960	chr14L	1/5	chr14L-1	G10	chr7R-1	G8					E-chr7R-1,E-chr4R-3,E-chr14L-4,E-chr14L-4,E-chr14L-4	1st Y' Change	chr14L	tandem_amplification_same_end	chr7R[1]:E-chr7R-1 > chr4R[3]:E-chr4R-3 > self[4]:E-chr14L-4,E-chr14L-4,E-chr14L-4(circ x3.0 moderate)							5721	99.95%	reference defect	chr14L-1 is mis-assembled in this sample (5,720 bp vs 6,654) -- not recombination	end
6991	6991_day0_with_selection	SRR33298395.556315	chr14L	1/5	chr14L-1	G10	chr7R-1	G8					E-chr7R-1,E-chr4R-3,E-chr14L-4,E-chr14L-4,E-chr14L-5	1st Y' Change	chr14L	tandem_amplification_same_end	chr7R[1]:E-chr7R-1 > chr4R[3]:E-chr4R-3 > self[4]:E-chr14L-4 > self[4-5]:E-chr14L-4,E-chr14L-5							5721	99.95%	reference defect	chr14L-1 is mis-assembled in this sample (5,720 bp vs 6,654) -- not recombination	beginning
6991	6991_day0_with_selection	SRR33298395.1223597	chr14L	1/5	chr14L-1	G10	chr7R-1	G8					E-chr7R-1,E-chr14L-2,E-chr14L-4,E-chr14L-4,E-chr14L-5	1st Y' Change	chr14L	tandem_amplification_same_end	chr7R[1]:E-chr7R-1 > self[2]:E-chr14L-2 > self[4]:E-chr14L-4 > self[4-5]:E-chr14L-4,E-chr14L-5							5721	99.95%	reference defect	chr14L-1 is mis-assembled in this sample (5,720 bp vs 6,654) -- not recombination	end
6991	6991_day0_with_selection	SRR33298395.1871383	chr14L	1/5	chr14L-1	G10	chr7R-1	G8					E-chr7R-1,E-chr14L-2,E-chr14L-5,E-chr14L-5,E-chr14L-5	1st Y' Change	chr14L	tandem_amplification_same_end	chr7R[1]:E-chr7R-1 > self[2]:E-chr14L-2 > self[5]:E-chr14L-5,E-chr14L-5,E-chr14L-5(circ x3.0 moderate)							5721	99.95%	reference defect	chr14L-1 is mis-assembled in this sample (5,720 bp vs 6,654) -- not recombination	end
6991	6991_day0_with_selection	SRR33298395.94638	chr14L	1/5	chr14L-1	G10	chr7R-1	G8					E-chr7R-1,E-chr14L-2,E-chr14L-5,E-chr14L-5,E-chr14L-4	1st Y' Change	chr14L	tandem_amplification_same_end	chr7R[1]:E-chr7R-1 > self[2]:E-chr14L-2 > self[5]:E-chr14L-5 > self[5]:E-chr14L-5 > self[4]:E-chr14L-4							5721	99.95%	reference defect	chr14L-1 is mis-assembled in this sample (5,720 bp vs 6,654) -- not recombination	end
6991	6991_day0_with_selection	SRR33298395.1699621	chr14L	1/5	chr14L-1	G10	chr7R-1	G8					E-chr7R-1,E-chr4R-3,E-chr14L-5,E-chr14L-5,E-chr14L-4	1st Y' Change	chr14L	tandem_amplification_same_end	chr7R[1]:E-chr7R-1 > chr4R[3]:E-chr4R-3 > self[5]:E-chr14L-5 > self[5]:E-chr14L-5 > self[4]:E-chr14L-4							5721	99.95%	reference defect	chr14L-1 is mis-assembled in this sample (5,720 bp vs 6,654) -- not recombination	beginning
6991	6991_day0_with_selection	SRR33298395.1457172	chr14L	1/5	chr14L-1	G10	chr7R-1	G8					E-chr7R-1,E-chr4R-3,E-chr14L-5,E-chr14L-5,E-chr14L-4	1st Y' Change	chr14L	tandem_amplification_same_end	chr7R[1]:E-chr7R-1 > chr4R[3]:E-chr4R-3 > self[5]:E-chr14L-5 > self[5]:E-chr14L-5 > self[4]:E-chr14L-4							5721	99.95%	reference defect	chr14L-1 is mis-assembled in this sample (5,720 bp vs 6,654) -- not recombination	beginning
6991	6991_day0_with_selection	SRR33298395.1313275	chr14L	1/5	chr14L-1	G10	chr7R-1	G8					E-chr7R-1,E-chr4R-3,E-chr14L-5,E-chr14L-4,E-chr14L-4	1st Y' Change	chr14L	tandem_amplification_same_end	chr7R[1]:E-chr7R-1 > chr4R[3]:E-chr4R-3 > self[5]:E-chr14L-5 > self[4]:E-chr14L-4 > self[4]:E-chr14L-4							5721	99.95%	reference defect	chr14L-1 is mis-assembled in this sample (5,720 bp vs 6,654) -- not recombination	beginning
6991	6991_day0_with_selection	SRR33298395.1413153	chr14L	1/5	chr14L-1	G10	chr7R-1	G8					E-chr7R-1,E-chr14L-2,E-chr14L-5,E-chr14L-5,E-chr14L-5	1st Y' Change	chr14L	tandem_amplification_same_end	chr7R[1]:E-chr7R-1 > self[2]:E-chr14L-2 > self[5]:E-chr14L-5,E-chr14L-5,E-chr14L-5(circ x3.0 moderate)							5721	99.95%	reference defect	chr14L-1 is mis-assembled in this sample (5,720 bp vs 6,654) -- not recombination	end
6991	6991_day0_with_selection	SRR33298395.1171862	chr14L	1/5	chr14L-1	G10	chr7R-1	G8					E-chr7R-1,E-chr4R-3,E-chr14L-5,E-chr14L-5,E-chr14L-4	1st Y' Change	chr14L	tandem_amplification_same_end	chr7R[1]:E-chr7R-1 > chr4R[3]:E-chr4R-3 > self[5]:E-chr14L-5 > self[5]:E-chr14L-5 > self[4]:E-chr14L-4							5721	99.95%	reference defect	chr14L-1 is mis-assembled in this sample (5,720 bp vs 6,654) -- not recombination	beginning
6991	6991_day0_with_selection	SRR33298395.1769377	chr14L	1/5	chr14L-1	G10	chr7R-1	G8					E-chr7R-1,E-chr4R-3,E-chr14L-4,E-chr14L-5,E-chr14L-5	1st Y' Change	chr14L	tandem_amplification_same_end	chr7R[1]:E-chr7R-1 > chr4R[3]:E-chr4R-3 > self[4-5]:E-chr14L-4,E-chr14L-5 > self[5]:E-chr14L-5							5721	99.95%	reference defect	chr14L-1 is mis-assembled in this sample (5,720 bp vs 6,654) -- not recombination	beginning
6991	6991_day0_with_selection	SRR33298395.808806	chr14L	1/5	chr14L-1	G10	chr7R-1	G8					E-chr7R-1,E-chr4R-3,E-chr14L-5,E-chr14L-5,E-chr14L-5	1st Y' Change	chr14L	tandem_amplification_same_end	chr7R[1]:E-chr7R-1 > chr4R[3]:E-chr4R-3 > self[5]:E-chr14L-5,E-chr14L-5,E-chr14L-5(circ x3.0 moderate)							5721	99.95%	reference defect	chr14L-1 is mis-assembled in this sample (5,720 bp vs 6,654) -- not recombination	beginning
6991	6991_day0_with_selection	SRR33298395.45787	chr14L	1/5	chr14L-1	G10	chr7R-1	G8					E-chr7R-1,E-chr4R-3,E-chr14L-4,E-chr14L-5,E-chr14L-4	1st Y' Change	chr14L	tandem_amplification_same_end	chr7R[1]:E-chr7R-1 > chr4R[3]:E-chr4R-3 > self[4-5]:E-chr14L-4,E-chr14L-5,E-chr14L-4(circ x1.5 moderate | alt chr14L[4-5] + chr14L[4])							5721	99.95%	reference defect	chr14L-1 is mis-assembled in this sample (5,720 bp vs 6,654) -- not recombination	beginning
6991	6991_day0_with_selection	SRR33298395.1873984	chr14L	1/5	chr14L-1	G10	chr7R-1	G8					E-chr7R-1,E-chr4R-7,E-chr14L-5,E-chr14L-5,E-chr14L-5	1st Y' Change	ambiguous	unmatched_array	chr7R[1]:E-chr7R-1 > chr4R[7]:E-chr4R-7 > self[5]:E-chr14L-5 > self[5]:E-chr14L-5 > self[5]:E-chr14L-5							5721	99.95%	reference defect	chr14L-1 is mis-assembled in this sample (5,720 bp vs 6,654) -- not recombination	end
6991	6991_day0_with_selection	SRR33298395.229393	chr14L	1/5	chr14L-1	G10	chr7R-1	G8					E-chr7R-1,E-chr4R-3,E-chr14L-5,E-chr14L-5,E-chr14L-5	1st Y' Change	chr14L	tandem_amplification_same_end	chr7R[1]:E-chr7R-1 > chr4R[3]:E-chr4R-3 > self[5]:E-chr14L-5,E-chr14L-5,E-chr14L-5(circ x3.0 moderate)							5721	99.95%	reference defect	chr14L-1 is mis-assembled in this sample (5,720 bp vs 6,654) -- not recombination	beginning
6991	6991_day0_with_selection	SRR33298395.1602383	chr14L	1/5	chr14L-1	G10	chr7R-1	G8					E-chr7R-1,E-chr4R-7,E-chr14L-5,E-chr14L-5,E-chr14L-5	1st Y' Change	chr14L	tandem_amplification_same_end	chr7R[1]:E-chr7R-1 > chr4R[7]:E-chr4R-7 > self[5]:E-chr14L-5,E-chr14L-5,E-chr14L-5(circ x3.0 moderate)							5721	99.95%	reference defect	chr14L-1 is mis-assembled in this sample (5,720 bp vs 6,654) -- not recombination	beginning
6991	6991_day0_with_selection	SRR33298395.614810	chr14L	1/5	chr14L-1	G10	chr7R-1	G8					E-chr7R-1,E-chr14L-2,E-chr14L-4,E-chr14L-4,E-chr14L-4	1st Y' Change	chr14L	tandem_amplification_same_end	chr7R[1]:E-chr7R-1 > self[2]:E-chr14L-2 > self[4]:E-chr14L-4,E-chr14L-4,E-chr14L-4(circ x3.0 moderate)							5721	99.95%	reference defect	chr14L-1 is mis-assembled in this sample (5,720 bp vs 6,654) -- not recombination	end
6991	6991_day0_with_selection	SRR33298395.1425574	chr14L	1/5	chr14L-1	G10	chr7R-1	G8					E-chr7R-1,E-chr4R-3,E-chr14L-5,E-chr14L-5,E-chr14L-4	1st Y' Change	chr14L	tandem_amplification_same_end	chr7R[1]:E-chr7R-1 > chr4R[3]:E-chr4R-3 > self[5]:E-chr14L-5 > self[5]:E-chr14L-5 > self[4]:E-chr14L-4							5721	99.95%	reference defect	chr14L-1 is mis-assembled in this sample (5,720 bp vs 6,654) -- not recombination	end
6991	6991_day0_with_selection	SRR33298395.614839	chr14L	1/5	chr14L-1	G10	chr7R-1	G8					E-chr7R-1,E-chr14L-2,E-chr14L-4,E-chr14L-5,E-chr14L-5	1st Y' Change	chr14L	tandem_amplification_same_end	chr7R[1]:E-chr7R-1 > self[2]:E-chr14L-2 > self[4-5]:E-chr14L-4,E-chr14L-5 > self[5]:E-chr14L-5							5721	99.95%	reference defect	chr14L-1 is mis-assembled in this sample (5,720 bp vs 6,654) -- not recombination	end
6991	6991_day0_with_selection	SRR33298395.725852	chr14L	1/5	chr14L-1	G10	chr7R-1	G8					E-chr7R-1,E-chr4R-7,E-chr14L-4,E-chr14L-5,E-chr14L-4	1st Y' Change	chr14L	tandem_amplification_same_end	chr7R[1]:E-chr7R-1 > chr4R[7]:E-chr4R-7 > self[4]:E-chr14L-4 > self[5]:E-chr14L-5 > self[4]:E-chr14L-4							5721	99.95%	reference defect	chr14L-1 is mis-assembled in this sample (5,720 bp vs 6,654) -- not recombination	beginning
6991	6991_day0_with_selection	SRR33298395.932054	chr14L	1/5	chr14L-1	G10	chr7R-1	G8					E-chr7R-1,E-chr14L-2,E-chr14L-5,E-chr14L-5,E-chr14L-4	1st Y' Change	chr14L	tandem_amplification_same_end	chr7R[1]:E-chr7R-1 > self[2]:E-chr14L-2 > self[5]:E-chr14L-5 > self[5]:E-chr14L-5 > self[4]:E-chr14L-4							5721	99.95%	reference defect	chr14L-1 is mis-assembled in this sample (5,720 bp vs 6,654) -- not recombination	end
6991	6991_day0_with_selection	SRR33298395.1680449	chr14L	1/5	chr14L-1	G10	chr7R-1	G8					E-chr7R-1,E-chr14L-2,E-chr14L-4,E-chr14L-5,E-chr14L-5	1st Y' Change	chr14L	tandem_amplification_same_end	chr7R[1]:E-chr7R-1 > self[2]:E-chr14L-2 > self[4]:E-chr14L-4 > self[5]:E-chr14L-5 > self[5]:E-chr14L-5							5721	99.95%	reference defect	chr14L-1 is mis-assembled in this sample (5,720 bp vs 6,654) -- not recombination	end
6991	6991_day0_with_selection	SRR33298395.623650	chr14L	1/5	chr14L-1	G10	chr7R-1	G8					E-chr7R-1,E-chr4R-7,E-chr14L-4,E-chr14L-4,E-chr14L-5	1st Y' Change	chr14L	tandem_amplification_same_end	chr7R[1]:E-chr7R-1 > chr4R[7]:E-chr4R-7 > self[4]:E-chr14L-4 > self[4-5]:E-chr14L-4,E-chr14L-5							5721	99.95%	reference defect	chr14L-1 is mis-assembled in this sample (5,720 bp vs 6,654) -- not recombination	beginning
6991	6991_day0_with_selection	SRR33298395.1895310	chr14L	1/5	chr14L-1	G10	chr7R-1	G8					E-chr7R-1,E-chr4R-3,E-chr14L-5,E-chr14L-5,E-chr14L-5	1st Y' Change	ambiguous	unmatched_array	chr7R[1]:E-chr7R-1 > chr4R[3]:E-chr4R-3 > self[5]:E-chr14L-5 > self[5]:E-chr14L-5 > self[5]:E-chr14L-5							5721	99.95%	reference defect	chr14L-1 is mis-assembled in this sample (5,720 bp vs 6,654) -- not recombination	beginning
6991	6991_day0_with_selection	SRR33298395.1684331	chr14L	1/5	chr14L-1	G10	chr7R-1	G8					E-chr7R-1,E-chr4R-3,E-chr14L-4,E-chr14L-4,E-chr14L-5	1st Y' Change	chr14L	tandem_amplification_same_end	chr7R[1]:E-chr7R-1 > chr4R[3]:E-chr4R-3 > self[4]:E-chr14L-4 > self[4-5]:E-chr14L-4,E-chr14L-5							5721	99.95%	reference defect	chr14L-1 is mis-assembled in this sample (5,720 bp vs 6,654) -- not recombination	beginning
6991	6991_day0_with_selection	SRR33298395.804308	chr14L	1/5	chr14L-1	G10	chr7R-1	G8					E-chr7R-1,E-chr14L-2,E-chr14L-5,E-chr14L-5,E-chr14L-4	1st Y' Change	chr14L	tandem_amplification_same_end	chr7R[1]:E-chr7R-1 > self[2]:E-chr14L-2 > self[5]:E-chr14L-5 > self[5]:E-chr14L-5 > self[4]:E-chr14L-4							5721	99.95%	reference defect	chr14L-1 is mis-assembled in this sample (5,720 bp vs 6,654) -- not recombination	beginning
6991	6991_day0_with_selection	SRR33298395.1415318	chr14L	1/5	chr14L-1	G10	chr7R-1	G8					E-chr7R-1,E-chr14L-2,E-chr14L-5,E-chr14L-4,E-chr14L-5	1st Y' Change	chr14L	tandem_amplification_same_end	chr7R[1]:E-chr7R-1 > self[2]:E-chr14L-2 > self[4-5]:E-chr14L-5,E-chr14L-4,E-chr14L-5(circ x1.5 moderate | alt chr14L[5] + chr14L[4-5])							5721	99.95%	reference defect	chr14L-1 is mis-assembled in this sample (5,720 bp vs 6,654) -- not recombination	beginning
6991	6991_day0_with_selection	SRR33298395.1105386	chr14L	1/5	chr14L-1	G10	chr7R-1	G8					E-chr7R-1,E-chr4R-7,E-chr14L-5,E-chr14L-4,E-chr14L-5	1st Y' Change	chr14L	tandem_amplification_same_end	chr7R[1]:E-chr7R-1 > chr4R[7]:E-chr4R-7 > self[4-5]:E-chr14L-5,E-chr14L-4,E-chr14L-5(circ x1.5 moderate | alt chr14L[5] + chr14L[4-5])							5721	99.95%	reference defect	chr14L-1 is mis-assembled in this sample (5,720 bp vs 6,654) -- not recombination	beginning
6991	6991_day0_with_selection	SRR33298395.1162528	chr14L	1/5	chr14L-1	G10	chr7R-1	G8					E-chr7R-1,E-chr4R-7,E-chr14L-5,E-chr14L-4,E-chr14L-4	1st Y' Change	chr14L	tandem_amplification_same_end	chr7R[1]:E-chr7R-1 > chr4R[7]:E-chr4R-7 > self[5]:E-chr14L-5 > self[4]:E-chr14L-4 > self[4]:E-chr14L-4							5721	99.95%	reference defect	chr14L-1 is mis-assembled in this sample (5,720 bp vs 6,654) -- not recombination	end
6991	6991_day0_with_selection	SRR33298395.1616382	chr14L	1/5	chr14L-1	G10	chr7R-1	G8					E-chr7R-1,E-chr4R-3,E-chr14L-5,E-chr14L-4,E-chr14L-5	1st Y' Change	chr14L	tandem_amplification_same_end	chr7R[1]:E-chr7R-1 > chr4R[3]:E-chr4R-3 > self[4-5]:E-chr14L-5,E-chr14L-4,E-chr14L-5(circ x1.5 moderate | alt chr14L[5] + chr14L[4-5])							5721	99.95%	reference defect	chr14L-1 is mis-assembled in this sample (5,720 bp vs 6,654) -- not recombination	end
6991	6991_day0_with_selection	SRR33298395.1589903	chr14L	1/5	chr14L-1	G10	chr7R-1	G8					E-chr7R-1,E-chr4R-3,E-chr14L-4,E-chr14L-4,E-chr14L-4	1st Y' Change	chr14L	tandem_amplification_same_end	chr7R[1]:E-chr7R-1 > chr4R[3]:E-chr4R-3 > self[4]:E-chr14L-4,E-chr14L-4,E-chr14L-4(circ x3.0 moderate)							5721	99.95%	reference defect	chr14L-1 is mis-assembled in this sample (5,720 bp vs 6,654) -- not recombination	beginning
6991	6991_day0_with_selection	SRR33298395.1642275	chr14L	1/5	chr14L-1	G10	chr7R-1	G8					E-chr7R-1,E-chr4R-3,E-chr14L-5,E-chr14L-5,E-chr14L-4	1st Y' Change	chr14L	tandem_amplification_same_end	chr7R[1]:E-chr7R-1 > chr4R[3]:E-chr4R-3 > self[5]:E-chr14L-5 > self[5]:E-chr14L-5 > self[4]:E-chr14L-4							5721	99.95%	reference defect	chr14L-1 is mis-assembled in this sample (5,720 bp vs 6,654) -- not recombination	beginning
6991	6991_day0_with_selection	SRR33298395.1227184	chr14L	1/5	chr14L-1	G10	chr7R-1	G8					E-chr7R-1,E-chr14L-2,E-chr14L-5,E-chr14L-4,E-chr14L-5	1st Y' Change	chr14L	tandem_amplification_same_end	chr7R[1]:E-chr7R-1 > self[2]:E-chr14L-2 > self[4-5]:E-chr14L-5,E-chr14L-4,E-chr14L-5(circ x1.5 moderate | alt chr14L[5] + chr14L[4-5])							5721	99.95%	reference defect	chr14L-1 is mis-assembled in this sample (5,720 bp vs 6,654) -- not recombination	end
6991	6991_day0_with_selection	SRR33298395.1565551	chr14L	1/5	chr14L-1	G10	chr7R-1	G8					E-chr7R-1,E-chr4R-3,E-chr14L-4,E-chr14L-5,E-chr14L-5	1st Y' Change	chr14L	tandem_amplification_same_end	chr7R[1]:E-chr7R-1 > chr4R[3]:E-chr4R-3 > self[4-5]:E-chr14L-4,E-chr14L-5 > self[5]:E-chr14L-5							5721	99.95%	reference defect	chr14L-1 is mis-assembled in this sample (5,720 bp vs 6,654) -- not recombination	end
6991	6991_day0_with_selection	SRR33298395.1332427	chr14L	1/5	chr14L-1	G10	chr7R-1	G8					E-chr7R-1,E-chr14L-2,E-chr14L-5,E-chr14L-4,E-chr14L-4	1st Y' Change	chr14L	tandem_amplification_same_end	chr7R[1]:E-chr7R-1 > self[2]:E-chr14L-2 > self[5]:E-chr14L-5 > self[4]:E-chr14L-4 > self[4]:E-chr14L-4							5721	99.95%	reference defect	chr14L-1 is mis-assembled in this sample (5,720 bp vs 6,654) -- not recombination	end
6991	6991_day0_with_selection	SRR33298395.1891822	chr14L	1/5	chr14L-1	G10	chr7R-1	G8					E-chr7R-1,E-chr14L-2,E-chr14L-4,E-chr14L-5,E-chr14L-4	1st Y' Change	chr14L	tandem_amplification_same_end	chr7R[1]:E-chr7R-1 > self[2]:E-chr14L-2 > self[4-5]:E-chr14L-4,E-chr14L-5,E-chr14L-4(circ x1.5 moderate | alt chr14L[4-5] + chr14L[4])							5721	99.95%	reference defect	chr14L-1 is mis-assembled in this sample (5,720 bp vs 6,654) -- not recombination	end
6991	6991_day0_with_selection	SRR33298395.444584	chr14L	1/5	chr14L-1	G10	chr7R-1	G8					E-chr7R-1,E-chr4R-7,E-chr14L-4,E-chr14L-4,E-chr14L-4	1st Y' Change	chr14L	tandem_amplification_same_end	chr7R[1]:E-chr7R-1 > chr4R[7]:E-chr4R-7 > self[4]:E-chr14L-4,E-chr14L-4,E-chr14L-4(circ x3.0 moderate)							5721	99.95%	reference defect	chr14L-1 is mis-assembled in this sample (5,720 bp vs 6,654) -- not recombination	beginning
6991	6991_day0_with_selection	SRR33298395.768550	chr14L	1/5	chr14L-1	G10	chr7R-1	G8					E-chr7R-1,E-chr4R-3,E-chr14L-4,E-chr14L-4,E-chr14L-5	1st Y' Change	chr14L	tandem_amplification_same_end	chr7R[1]:E-chr7R-1 > chr4R[3]:E-chr4R-3 > self[4]:E-chr14L-4 > self[4-5]:E-chr14L-4,E-chr14L-5							5721	99.95%	reference defect	chr14L-1 is mis-assembled in this sample (5,720 bp vs 6,654) -- not recombination	end
6991	6991_day0_with_selection	SRR33298395.1612606	chr14L	1/5	chr14L-1	G10	chr7R-1	G8					E-chr7R-1,E-chr4R-3,E-chr14L-4,E-chr14L-4,E-chr14L-4	1st Y' Change	chr14L	tandem_amplification_same_end	chr7R[1]:E-chr7R-1 > chr4R[3]:E-chr4R-3 > self[4]:E-chr14L-4,E-chr14L-4,E-chr14L-4(circ x3.0 moderate)							5721	99.95%	reference defect	chr14L-1 is mis-assembled in this sample (5,720 bp vs 6,654) -- not recombination	beginning
6991	6991_day0_with_selection	SRR33298395.1682178	chr14L	1/5	chr14L-1	G10	chr7R-1	G8					E-chr7R-1,E-chr4R-3,E-chr14L-5,E-chr14L-5,E-chr14L-5	1st Y' Change	chr14L	tandem_amplification_same_end	chr7R[1]:E-chr7R-1 > chr4R[3]:E-chr4R-3 > self[5]:E-chr14L-5,E-chr14L-5,E-chr14L-5(circ x3.0 moderate)							5721	99.95%	reference defect	chr14L-1 is mis-assembled in this sample (5,720 bp vs 6,654) -- not recombination	end
6991	6991_day0_with_selection	SRR33298395.632405	chr14L	1/5	chr14L-1	G10	chr7R-1	G8					E-chr7R-1,E-chr4R-7,E-chr14L-4,E-chr14L-5,E-chr14L-4	1st Y' Change	chr14L	tandem_amplification_same_end	chr7R[1]:E-chr7R-1 > chr4R[7]:E-chr4R-7 > self[4-5]:E-chr14L-4,E-chr14L-5,E-chr14L-4(circ x1.5 moderate | alt chr14L[4-5] + chr14L[4])							5721	99.95%	reference defect	chr14L-1 is mis-assembled in this sample (5,720 bp vs 6,654) -- not recombination	beginning
6991	6991_day0_with_selection	SRR33298395.15459	chr14L	1/5	chr14L-1	G10	chr7R-1	G8					E-chr7R-1,E-chr14L-2,E-chr14L-4,E-chr14L-5,E-chr14L-5	1st Y' Change	chr14L	tandem_amplification_same_end	chr7R[1]:E-chr7R-1 > self[2]:E-chr14L-2 > self[4-5]:E-chr14L-4,E-chr14L-5 > self[5]:E-chr14L-5							5721	99.95%	reference defect	chr14L-1 is mis-assembled in this sample (5,720 bp vs 6,654) -- not recombination	end
6991	6991_day0_with_selection	SRR33298395.1362805	chr14L	1/5	chr14L-1	G10	chr7R-1	G8					E-chr7R-1,E-chr4R-3,E-chr14L-5,E-chr14L-4,E-chr14L-5	1st Y' Change	chr14L	tandem_amplification_same_end	chr7R[1]:E-chr7R-1 > chr4R[3]:E-chr4R-3 > self[4-5]:E-chr14L-5,E-chr14L-4,E-chr14L-5(circ x1.5 moderate | alt chr14L[5] + chr14L[4-5])							5721	99.95%	reference defect	chr14L-1 is mis-assembled in this sample (5,720 bp vs 6,654) -- not recombination	end
6991	6991_day0_with_selection	SRR33298395.116162	chr14L	1/5	chr14L-1	G10	chr7R-1	G8					E-chr7R-1,E-chr14L-2,E-chr14L-4,E-chr14L-4,E-chr14L-4	1st Y' Change	ambiguous	unmatched_array	chr7R[1]:E-chr7R-1 > self[2]:E-chr14L-2 > self[4]:E-chr14L-4 > self[4]:E-chr14L-4 > self[4]:E-chr14L-4							5721	99.95%	reference defect	chr14L-1 is mis-assembled in this sample (5,720 bp vs 6,654) -- not recombination	end
6991	6991_day0_with_selection	SRR33298395.1121377	chr14L	1/5	chr14L-1	G10	chr7R-1	G8					E-chr7R-1,E-chr4R-3,E-chr14L-5,E-chr14L-5,E-chr14L-5	1st Y' Change	chr14L	tandem_amplification_same_end	chr7R[1]:E-chr7R-1 > chr4R[3]:E-chr4R-3 > self[5]:E-chr14L-5,E-chr14L-5,E-chr14L-5(circ x3.0 moderate)							5721	99.95%	reference defect	chr14L-1 is mis-assembled in this sample (5,720 bp vs 6,654) -- not recombination	end
6991	6991_day0_with_selection	SRR33298395.375597	chr14L	1/5	chr14L-1	G10	chr7R-1	G8					E-chr7R-1,E-chr4R-3,E-chr14L-4,E-chr14L-5,E-chr14L-5	1st Y' Change	chr14L	tandem_amplification_same_end	chr7R[1]:E-chr7R-1 > chr4R[3]:E-chr4R-3 > self[4-5]:E-chr14L-4,E-chr14L-5 > self[5]:E-chr14L-5							5721	99.95%	reference defect	chr14L-1 is mis-assembled in this sample (5,720 bp vs 6,654) -- not recombination	beginning
6991	6991_day0_with_selection	SRR33298395.398939	chr14L	1/5	chr14L-1	G10	chr7R-1	G8					E-chr7R-1,E-chr14L-2,E-chr14L-4,E-chr14L-5,E-chr14L-5	1st Y' Change	chr14L	tandem_amplification_same_end	chr7R[1]:E-chr7R-1 > self[2]:E-chr14L-2 > self[4-5]:E-chr14L-4,E-chr14L-5 > self[5]:E-chr14L-5							5721	99.95%	reference defect	chr14L-1 is mis-assembled in this sample (5,720 bp vs 6,654) -- not recombination	end
6991	6991_day0_with_selection	SRR33298395.708635	chr14L	1/5	chr14L-1	G10	chr7R-1	G8					E-chr7R-1,E-chr14L-2,E-chr14L-5,E-chr14L-5,E-chr14L-5	1st Y' Change	chr14L	tandem_amplification_same_end	chr7R[1]:E-chr7R-1 > self[2]:E-chr14L-2 > self[5]:E-chr14L-5,E-chr14L-5,E-chr14L-5(circ x3.0 moderate)							5721	99.95%	reference defect	chr14L-1 is mis-assembled in this sample (5,720 bp vs 6,654) -- not recombination	end
6991	6991_day0_with_selection	SRR33298395.1323710	chr14L	1/5	chr14L-1	G10	chr7R-1	G8					E-chr7R-1,E-chr4R-3,E-chr14L-5,E-chr14L-4,E-chr14L-4	1st Y' Change	chr14L	tandem_amplification_same_end	chr7R[1]:E-chr7R-1 > chr4R[3]:E-chr4R-3 > self[5]:E-chr14L-5 > self[4]:E-chr14L-4 > self[4]:E-chr14L-4							5721	99.95%	reference defect	chr14L-1 is mis-assembled in this sample (5,720 bp vs 6,654) -- not recombination	end
6991	6991_day0_with_selection	SRR33298395.283658	chr14L	1/5	chr14L-1	G10	chr7R-1	G8					E-chr7R-1,E-chr4R-7,E-chr14L-5,E-chr14L-5,E-chr14L-5	1st Y' Change	ambiguous	unmatched_array	chr7R[1]:E-chr7R-1 > chr4R[7]:E-chr4R-7 > self[5]:E-chr14L-5 > self[5]:E-chr14L-5 > self[5]:E-chr14L-5							5721	99.95%	reference defect	chr14L-1 is mis-assembled in this sample (5,720 bp vs 6,654) -- not recombination	beginning
6991	6991_day0_with_selection	SRR33298395.1859418	chr14L	1/5	chr14L-1	G10	chr7R-1	G8					E-chr7R-1,E-chr4R-3,E-chr14L-5,E-chr14L-5,E-chr14L-4	1st Y' Change	chr14L	tandem_amplification_same_end	chr7R[1]:E-chr7R-1 > chr4R[3]:E-chr4R-3 > self[5]:E-chr14L-5 > self[5]:E-chr14L-5 > self[4]:E-chr14L-4							5721	99.95%	reference defect	chr14L-1 is mis-assembled in this sample (5,720 bp vs 6,654) -- not recombination	beginning
6991	6991_day0_with_selection	SRR33298395.1313018	chr14L	1/5	chr14L-1	G10	chr7R-1	G8					E-chr7R-1,E-chr4R-3,E-chr14L-5,E-chr14L-4,E-chr14L-4	1st Y' Change	chr14L	tandem_amplification_same_end	chr7R[1]:E-chr7R-1 > chr4R[3]:E-chr4R-3 > self[5]:E-chr14L-5 > self[4]:E-chr14L-4 > self[4]:E-chr14L-4							5721	99.95%	reference defect	chr14L-1 is mis-assembled in this sample (5,720 bp vs 6,654) -- not recombination	beginning
6991	6991_day0_with_selection	SRR33298395.1616381	chr14L	1/5	chr14L-1	G10	chr7R-1	G8					E-chr7R-1,E-chr4R-3,E-chr14L-5,E-chr14L-4,E-chr14L-5	1st Y' Change	chr14L	tandem_amplification_same_end	chr7R[1]:E-chr7R-1 > chr4R[3]:E-chr4R-3 > self[4-5]:E-chr14L-5,E-chr14L-4,E-chr14L-5(circ x1.5 moderate | alt chr14L[5] + chr14L[4-5])							5721	99.95%	reference defect	chr14L-1 is mis-assembled in this sample (5,720 bp vs 6,654) -- not recombination	beginning
6991	6991_day0_with_selection	SRR33298395.1409075	chr14L	1/5	chr14L-1	G10	chr7R-1	G8					E-chr7R-1,E-chr4R-3,E-chr14L-5,E-chr14L-4,E-chr14L-4	1st Y' Change	chr14L	tandem_amplification_same_end	chr7R[1]:E-chr7R-1 > chr4R[3]:E-chr4R-3 > self[5]:E-chr14L-5 > self[4]:E-chr14L-4 > self[4]:E-chr14L-4							5721	99.95%	reference defect	chr14L-1 is mis-assembled in this sample (5,720 bp vs 6,654) -- not recombination	end
6991	6991_day0_with_selection	SRR33298395.1373269	chr14L	1/5	chr14L-1	G10	chr7R-1	G8					E-chr7R-1,E-chr4R-3,E-chr14L-4,E-chr14L-4,E-chr14L-4	1st Y' Change	chr14L	tandem_amplification_same_end	chr7R[1]:E-chr7R-1 > chr4R[3]:E-chr4R-3 > self[4]:E-chr14L-4,E-chr14L-4,E-chr14L-4(circ x3.0 moderate)							5721	99.95%	reference defect	chr14L-1 is mis-assembled in this sample (5,720 bp vs 6,654) -- not recombination	beginning
6991	6991_day0_with_selection	SRR33298395.444173	chr14L	1/5	chr14L-1	G10	chr7R-1	G8					E-chr7R-1,E-chr14L-2,E-chr14L-4,E-chr14L-5,E-chr14L-5	1st Y' Change	chr14L	tandem_amplification_same_end	chr7R[1]:E-chr7R-1 > self[2]:E-chr14L-2 > self[4-5]:E-chr14L-4,E-chr14L-5 > self[5]:E-chr14L-5							5721	99.95%	reference defect	chr14L-1 is mis-assembled in this sample (5,720 bp vs 6,654) -- not recombination	end
6991	6991_day0_with_selection	SRR33298395.857075	chr14L	1/5	chr14L-1	G10	chr7R-1	G8					E-chr7R-1,E-chr4R-7,E-chr14L-4,E-chr14L-4,E-chr14L-5	1st Y' Change	chr14L	tandem_amplification_same_end	chr7R[1]:E-chr7R-1 > chr4R[7]:E-chr4R-7 > self[4]:E-chr14L-4 > self[4-5]:E-chr14L-4,E-chr14L-5							5721	99.95%	reference defect	chr14L-1 is mis-assembled in this sample (5,720 bp vs 6,654) -- not recombination	beginning
6991	6991_day0_with_selection	SRR33298395.794534	chr14L	1/5	chr14L-1	G10	chr7R-1	G8					E-chr7R-1,E-chr4R-3,E-chr14L-4,E-chr14L-5,E-chr14L-5	1st Y' Change	chr14L	tandem_amplification_same_end	chr7R[1]:E-chr7R-1 > chr4R[3]:E-chr4R-3 > self[4-5]:E-chr14L-4,E-chr14L-5 > self[5]:E-chr14L-5							5721	99.95%	reference defect	chr14L-1 is mis-assembled in this sample (5,720 bp vs 6,654) -- not recombination	beginning
6991	6991_day0_with_selection	SRR33298395.332436	chr14L	1/5	chr14L-1	G10	chr7R-1	G8					E-chr7R-1,E-chr4R-3,E-chr14L-5,E-chr14L-5,E-chr14L-5	1st Y' Change	chr14L	tandem_amplification_same_end	chr7R[1]:E-chr7R-1 > chr4R[3]:E-chr4R-3 > self[5]:E-chr14L-5,E-chr14L-5,E-chr14L-5(circ x3.0 moderate)							5721	99.95%	reference defect	chr14L-1 is mis-assembled in this sample (5,720 bp vs 6,654) -- not recombination	end
6991	6991_day0_with_selection	SRR33298395.1313228	chr14L	1/5	chr14L-1	G10	chr7R-1	G8					E-chr7R-1,E-chr4R-3,E-chr14L-5,E-chr14L-5,E-chr14L-5	1st Y' Change	ambiguous	unmatched_array	chr7R[1]:E-chr7R-1 > chr4R[3]:E-chr4R-3 > self[5]:E-chr14L-5 > self[5]:E-chr14L-5 > self[5]:E-chr14L-5							5721	99.95%	reference defect	chr14L-1 is mis-assembled in this sample (5,720 bp vs 6,654) -- not recombination	beginning
6991	6991_day0_with_selection	SRR33298395.845865	chr14L	1/5	chr14L-1	G10	chr7R-1	G8					E-chr7R-1,E-chr4R-7,E-chr14L-5,E-chr14L-5,E-chr14L-4	1st Y' Change	chr14L	tandem_amplification_same_end	chr7R[1]:E-chr7R-1 > chr4R[7]:E-chr4R-7 > self[5]:E-chr14L-5 > self[5]:E-chr14L-5 > self[4]:E-chr14L-4							5721	99.95%	reference defect	chr14L-1 is mis-assembled in this sample (5,720 bp vs 6,654) -- not recombination	beginning
6991	6991_day0_with_selection	SRR33298395.1460232	chr14L	1/5	chr14L-1	G10	chr7R-1	G8					E-chr7R-1,E-chr4R-3,E-chr14L-4,E-chr14L-5,E-chr14L-5	1st Y' Change	chr14L	tandem_amplification_same_end	chr7R[1]:E-chr7R-1 > chr4R[3]:E-chr4R-3 > self[4-5]:E-chr14L-4,E-chr14L-5 > self[5]:E-chr14L-5							5721	99.95%	reference defect	chr14L-1 is mis-assembled in this sample (5,720 bp vs 6,654) -- not recombination	end
6991	6991_day0_with_selection	SRR33298395.1113936	chr14L	1/5	chr14L-1	G10	chr7R-1	G8					E-chr7R-1,E-chr14L-2,E-chr14L-4,E-chr14L-5,E-chr14L-5	1st Y' Change	chr14L	tandem_amplification_same_end	chr7R[1]:E-chr7R-1 > self[2]:E-chr14L-2 > self[4-5]:E-chr14L-4,E-chr14L-5 > self[5]:E-chr14L-5							5721	99.95%	reference defect	chr14L-1 is mis-assembled in this sample (5,720 bp vs 6,654) -- not recombination	end
6991	6991_day0_with_selection	SRR33298395.566981	chr14L	1/5	chr14L-1	G10	chr7R-1	G8					E-chr7R-1,E-chr4R-3,E-chr14L-5,E-chr14L-4,E-chr14L-4	1st Y' Change	chr14L	tandem_amplification_same_end	chr7R[1]:E-chr7R-1 > chr4R[3]:E-chr4R-3 > self[5]:E-chr14L-5 > self[4]:E-chr14L-4 > self[4]:E-chr14L-4							5721	99.95%	reference defect	chr14L-1 is mis-assembled in this sample (5,720 bp vs 6,654) -- not recombination	beginning
6991	6991_day0_with_selection	SRR33298395.1789589	chr14L	1/5	chr14L-1	G10	chr7R-1	G8					E-chr7R-1,E-chr4R-7,E-chr14L-5,E-chr14L-5,E-chr14L-5	1st Y' Change	ambiguous	unmatched_array	chr7R[1]:E-chr7R-1 > chr4R[7]:E-chr4R-7 > self[5]:E-chr14L-5 > self[5]:E-chr14L-5 > self[5]:E-chr14L-5							5721	99.95%	reference defect	chr14L-1 is mis-assembled in this sample (5,720 bp vs 6,654) -- not recombination	beginning
6991	6991_day0_with_selection	SRR33298395.943817	chr14L	1/5	chr14L-1	G10	chr7R-1	G8					E-chr7R-1,E-chr4R-3,E-chr14L-4,E-chr14L-5,E-chr14L-5	1st Y' Change	chr14L	tandem_amplification_same_end	chr7R[1]:E-chr7R-1 > chr4R[3]:E-chr4R-3 > self[4-5]:E-chr14L-4,E-chr14L-5 > self[5]:E-chr14L-5							5721	99.95%	reference defect	chr14L-1 is mis-assembled in this sample (5,720 bp vs 6,654) -- not recombination	end
6991	6991_day0_with_selection	SRR33298395.208754	chr14L	1/5	chr14L-1	G10	chr7R-1	G8					E-chr7R-1,E-chr4R-3,E-chr14L-5,E-chr14L-5,E-chr14L-5	1st Y' Change	ambiguous	unmatched_array	chr7R[1]:E-chr7R-1 > chr4R[3]:E-chr4R-3 > self[5]:E-chr14L-5 > self[5]:E-chr14L-5 > self[5]:E-chr14L-5							5721	99.95%	reference defect	chr14L-1 is mis-assembled in this sample (5,720 bp vs 6,654) -- not recombination	beginning
6991	6991_day0_with_selection	SRR33298395.880332	chr14L	1/5	chr14L-1	G10	chr7R-1	G8					E-chr7R-1,E-chr4R-3,E-chr14L-4,E-chr14L-5,E-chr14L-5	1st Y' Change	chr14L	tandem_amplification_same_end	chr7R[1]:E-chr7R-1 > chr4R[3]:E-chr4R-3 > self[4-5]:E-chr14L-4,E-chr14L-5 > self[5]:E-chr14L-5							5721	99.95%	reference defect	chr14L-1 is mis-assembled in this sample (5,720 bp vs 6,654) -- not recombination	beginning
6991	6991_day0_with_selection	SRR33298395.1283348	chr14L	1/5	chr14L-1	G10	chr7R-1	G8					E-chr7R-1,E-chr4R-7,E-chr14L-5,E-chr14L-5,E-chr14L-5	1st Y' Change	ambiguous	unmatched_array	chr7R[1]:E-chr7R-1 > chr4R[7]:E-chr4R-7 > self[5]:E-chr14L-5 > self[5]:E-chr14L-5 > self[5]:E-chr14L-5							5721	99.95%	reference defect	chr14L-1 is mis-assembled in this sample (5,720 bp vs 6,654) -- not recombination	beginning
6991	6991_day0_with_selection	SRR33298395.1131378	chr14L	1/5	chr14L-1	G10	chr7R-1	G8					E-chr7R-1,E-chr4R-3,E-chr14L-4,E-chr14L-5,E-chr14L-5	1st Y' Change	chr14L	tandem_amplification_same_end	chr7R[1]:E-chr7R-1 > chr4R[3]:E-chr4R-3 > self[4]:E-chr14L-4 > self[5]:E-chr14L-5 > self[5]:E-chr14L-5							5721	99.95%	reference defect	chr14L-1 is mis-assembled in this sample (5,720 bp vs 6,654) -- not recombination	end
6991	6991_day0_with_selection	SRR33298395.1847772	chr14L	1/5	chr14L-1	G10	chr7R-1	G8					E-chr7R-1,E-chr14L-2,E-chr14L-5,E-chr14L-5,E-chr14L-4	1st Y' Change	chr14L	tandem_amplification_same_end	chr7R[1]:E-chr7R-1 > self[2]:E-chr14L-2 > self[5]:E-chr14L-5 > self[5]:E-chr14L-5 > self[4]:E-chr14L-4							5721	99.95%	reference defect	chr14L-1 is mis-assembled in this sample (5,720 bp vs 6,654) -- not recombination	end
6991	6991_day0_with_selection	SRR33298395.1001016	chr14L	1/5	chr14L-1	G10	chr7R-1	G8					E-chr7R-1,E-chr4R-5,E-chr14L-5,E-chr14L-4,E-chr14L-4	1st Y' Change	chr14L	tandem_amplification_same_end	chr7R[1]:E-chr7R-1 > chr4R[5]:E-chr4R-5 > self[5]:E-chr14L-5 > self[4]:E-chr14L-4 > self[4]:E-chr14L-4							5721	99.95%	reference defect	chr14L-1 is mis-assembled in this sample (5,720 bp vs 6,654) -- not recombination	end
6991	6991_day0_with_selection	SRR33298395.81767	chr14L	1/5	chr14L-1	G10	chr7R-1	G8					E-chr7R-1,E-chr4R-3,E-chr14L-5,E-chr14L-5,E-chr14L-5	1st Y' Change	chr14L	tandem_amplification_same_end	chr7R[1]:E-chr7R-1 > chr4R[3]:E-chr4R-3 > self[5]:E-chr14L-5,E-chr14L-5,E-chr14L-5(circ x3.0 moderate)							5721	99.95%	reference defect	chr14L-1 is mis-assembled in this sample (5,720 bp vs 6,654) -- not recombination	end
6991	6991_day0_with_selection	SRR33298395.409764	chr14L	1/5	chr14L-1	G10	chr7R-1	G8					E-chr7R-1,E-chr4R-3,E-chr14L-5,E-chr14L-5,E-chr14L-5	1st Y' Change	ambiguous	unmatched_array	chr7R[1]:E-chr7R-1 > chr4R[3]:E-chr4R-3 > self[5]:E-chr14L-5 > self[5]:E-chr14L-5 > self[5]:E-chr14L-5							5721	99.95%	reference defect	chr14L-1 is mis-assembled in this sample (5,720 bp vs 6,654) -- not recombination	beginning
6991	6991_day0_with_selection	SRR33298395.1306074	chr14L	1/5	chr14L-1	G10	chr7R-1	G8					E-chr7R-1,E-chr4R-3,E-chr14L-5,E-chr14L-5,E-chr14L-5	1st Y' Change	ambiguous	unmatched_array	chr7R[1]:E-chr7R-1 > chr4R[3]:E-chr4R-3 > self[5]:E-chr14L-5 > self[5]:E-chr14L-5 > self[5]:E-chr14L-5							5721	99.95%	reference defect	chr14L-1 is mis-assembled in this sample (5,720 bp vs 6,654) -- not recombination	end
6991	6991_day0_with_selection	SRR33298395.1219190	chr14L	1/5	chr14L-1	G10	chr7R-1	G8					E-chr7R-1,E-chr14L-2,E-chr14L-5,E-chr14L-5,E-chr14L-5	1st Y' Change	ambiguous	unmatched_array	chr7R[1]:E-chr7R-1 > self[2]:E-chr14L-2 > self[5]:E-chr14L-5 > self[5]:E-chr14L-5 > self[5]:E-chr14L-5							5721	99.95%	reference defect	chr14L-1 is mis-assembled in this sample (5,720 bp vs 6,654) -- not recombination	end
6991	6991_day0_with_selection	SRR33298395.1063967	chr14L	1/5	chr14L-1	G10	chr7R-1	G8					E-chr7R-1,E-chr14L-2,E-chr14L-5,E-chr14L-5,E-chr14L-5	1st Y' Change	ambiguous	unmatched_array	chr7R[1]:E-chr7R-1 > self[2]:E-chr14L-2 > self[5]:E-chr14L-5 > self[5]:E-chr14L-5 > self[5]:E-chr14L-5							5721	99.95%	reference defect	chr14L-1 is mis-assembled in this sample (5,720 bp vs 6,654) -- not recombination	beginning
6991	6991_day0_with_selection	SRR33298395.627068	chr14L	1/5	chr14L-1	G10	chr7R-1	G8					E-chr7R-1,E-chr4R-7,E-chr14L-5,E-chr14L-5,E-chr14L-4	1st Y' Change	chr14L	tandem_amplification_same_end	chr7R[1]:E-chr7R-1 > chr4R[7]:E-chr4R-7 > self[5]:E-chr14L-5 > self[5]:E-chr14L-5 > self[4]:E-chr14L-4							5721	99.95%	reference defect	chr14L-1 is mis-assembled in this sample (5,720 bp vs 6,654) -- not recombination	end
6991	6991_day0_with_selection	SRR33298395.296625	chr14L	1/5	chr14L-1	G10	chr7R-1	G8					E-chr7R-1,E-chr14L-2,E-chr14L-4,E-chr14L-5,E-chr14L-5	1st Y' Change	chr14L	tandem_amplification_same_end	chr7R[1]:E-chr7R-1 > self[2]:E-chr14L-2 > self[4]:E-chr14L-4 > self[5]:E-chr14L-5 > self[5]:E-chr14L-5							5721	99.95%	reference defect	chr14L-1 is mis-assembled in this sample (5,720 bp vs 6,654) -- not recombination	beginning
6991	6991_day0_with_selection	SRR33298395.1375686	chr14L	1/5	chr14L-1	G10	chr7R-1	G8					E-chr7R-1,E-chr4R-3,E-chr14L-4,E-chr14L-5,E-chr14L-5	1st Y' Change	chr14L	tandem_amplification_same_end	chr7R[1]:E-chr7R-1 > chr4R[3]:E-chr4R-3 > self[4-5]:E-chr14L-4,E-chr14L-5 > self[5]:E-chr14L-5							5721	99.95%	reference defect	chr14L-1 is mis-assembled in this sample (5,720 bp vs 6,654) -- not recombination	end
6991	6991_day0_with_selection	SRR33298395.754414	chr14L	1/5	chr14L-1	G10	chr7R-1	G8					E-chr7R-1,E-chr14L-2,E-chr14L-5,E-chr14L-4,E-chr14L-5	1st Y' Change	chr14L	tandem_amplification_same_end	chr7R[1]:E-chr7R-1 > self[2]:E-chr14L-2 > self[5]:E-chr14L-5 > self[4]:E-chr14L-4 > self[5]:E-chr14L-5							5721	99.95%	reference defect	chr14L-1 is mis-assembled in this sample (5,720 bp vs 6,654) -- not recombination	beginning
6991	6991_day0_with_selection	SRR33298395.266079	chr14L	1/5	chr14L-1	G10	chr7R-1	G8					E-chr7R-1,E-chr4R-3,E-chr14L-5,E-chr14L-4,E-chr14L-5	1st Y' Change	chr14L	tandem_amplification_same_end	chr7R[1]:E-chr7R-1 > chr4R[3]:E-chr4R-3 > self[5]:E-chr14L-5 > self[4]:E-chr14L-4 > self[5]:E-chr14L-5							5721	99.95%	reference defect	chr14L-1 is mis-assembled in this sample (5,720 bp vs 6,654) -- not recombination	beginning
6991	6991_day0_with_selection	SRR33298395.1075069	chr14L	1/5	chr14L-1	G10	chr7R-1	G8					E-chr7R-1,E-chr4R-5,E-chr14L-4,E-chr14L-5,E-chr14L-5	1st Y' Change	chr14L	tandem_amplification_same_end	chr7R[1]:E-chr7R-1 > chr4R[5]:E-chr4R-5 > self[4]:E-chr14L-4 > self[5]:E-chr14L-5 > self[5]:E-chr14L-5							5721	99.95%	reference defect	chr14L-1 is mis-assembled in this sample (5,720 bp vs 6,654) -- not recombination	beginning
6991	6991_day0_with_selection	SRR33298395.240883	chr14L	1/5	chr14L-1	G10	chr7R-1	G8					E-chr7R-1,E-chr14L-2,E-chr14L-5,E-chr14L-5,E-chr14L-5	1st Y' Change	chr14L	tandem_amplification_same_end	chr7R[1]:E-chr7R-1 > self[2]:E-chr14L-2 > self[5]:E-chr14L-5,E-chr14L-5,E-chr14L-5(circ x3.0 moderate)							5721	99.95%	reference defect	chr14L-1 is mis-assembled in this sample (5,720 bp vs 6,654) -- not recombination	beginning
6991	6991_day0_with_selection	SRR33298395.600373	chr14L	1/5	chr14L-1	G10	chr7R-1	G8					E-chr7R-1,E-chr15R-1,E-chr14L-4,E-chr14L-5,E-chr14L-5	1st Y' Change	chr14L	tandem_amplification_same_end	chr7R[1]:E-chr7R-1 > chr15R[1]:E-chr15R-1 > self[4]:E-chr14L-4 > self[5]:E-chr14L-5 > self[5]:E-chr14L-5							5721	99.95%	reference defect	chr14L-1 is mis-assembled in this sample (5,720 bp vs 6,654) -- not recombination	end
6991	6991_day0_with_selection	SRR33298395.1237598	chr14L	1/5	chr14L-1	G10	chr7R-1	G8					E-chr7R-1,E-chr14L-2,E-chr14L-4,E-chr14L-5,E-chr14L-4	1st Y' Change	chr14L	tandem_amplification_same_end	chr7R[1]:E-chr7R-1 > self[2]:E-chr14L-2 > self[4]:E-chr14L-4 > self[5]:E-chr14L-5 > self[4]:E-chr14L-4							5721	99.95%	reference defect	chr14L-1 is mis-assembled in this sample (5,720 bp vs 6,654) -- not recombination	end
6991	6991_day0_with_selection	SRR33298395.1091312	chr14L	1/5	chr14L-1	G10	chr7R-1	G8					E-chr7R-1,E-chr4R-3,E-chr14L-4,E-chr14L-5,E-chr14L-4	1st Y' Change	chr14L	tandem_amplification_same_end	chr7R[1]:E-chr7R-1 > chr4R[3]:E-chr4R-3 > self[4-5]:E-chr14L-4,E-chr14L-5,E-chr14L-4(circ x1.5 moderate | alt chr14L[4-5] + chr14L[4])							5721	99.95%	reference defect	chr14L-1 is mis-assembled in this sample (5,720 bp vs 6,654) -- not recombination	beginning
6991	6991_day0_with_selection	SRR33298395.1850492	chr14L	1/5	chr14L-1	G10	chr7R-1	G8					E-chr7R-1,E-chr4R-3,E-chr14L-5,E-chr14L-4,E-chr14L-5	1st Y' Change	chr14L	tandem_amplification_same_end	chr7R[1]:E-chr7R-1 > chr4R[3]:E-chr4R-3 > self[5]:E-chr14L-5 > self[4]:E-chr14L-4 > self[5]:E-chr14L-5							5721	99.95%	reference defect	chr14L-1 is mis-assembled in this sample (5,720 bp vs 6,654) -- not recombination	beginning
6991	6991_day0_with_selection	SRR33298395.315854	chr14L	1/5	chr14L-1	G10	chr7R-1	G8					E-chr7R-1,E-chr4R-3,E-chr14L-4,E-chr14L-5,E-chr14L-5	1st Y' Change	chr14L	tandem_amplification_same_end	chr7R[1]:E-chr7R-1 > chr4R[3]:E-chr4R-3 > self[4]:E-chr14L-4 > self[5]:E-chr14L-5 > self[5]:E-chr14L-5							5721	99.95%	reference defect	chr14L-1 is mis-assembled in this sample (5,720 bp vs 6,654) -- not recombination	beginning
6991	6991_day0_with_selection	SRR33298395.207056	chr14L	1/5	chr14L-1	G10	chr7R-1	G8					E-chr7R-1,E-chr4R-7,E-chr14L-5,E-chr14L-4,E-chr14L-4	1st Y' Change	chr14L	tandem_amplification_same_end	chr7R[1]:E-chr7R-1 > chr4R[7]:E-chr4R-7 > self[5]:E-chr14L-5 > self[4]:E-chr14L-4 > self[4]:E-chr14L-4							5721	99.95%	reference defect	chr14L-1 is mis-assembled in this sample (5,720 bp vs 6,654) -- not recombination	beginning
6991	6991_day0_with_selection	SRR33298395.506996	chr14L	1/5	chr14L-1	G10	chr7R-1	G8					E-chr7R-1,E-chr4R-3,E-chr14L-5,E-chr14L-5,E-chr14L-5	1st Y' Change	chr14L	tandem_amplification_same_end	chr7R[1]:E-chr7R-1 > chr4R[3]:E-chr4R-3 > self[5]:E-chr14L-5,E-chr14L-5,E-chr14L-5(circ x3.0 moderate)							5721	99.95%	reference defect	chr14L-1 is mis-assembled in this sample (5,720 bp vs 6,654) -- not recombination	beginning
6991	6991_day0_with_selection	SRR33298395.1765378	chr14L	1/5	chr14L-1	G10	chr7R-1	G8					E-chr7R-1,E-chr4R-3,E-chr14L-5,E-chr14L-5,E-chr14L-5	1st Y' Change	chr6L	subtelomere_switch	chr7R[1]:E-chr7R-1 > chr4R[3]:E-chr4R-3 > self[5]:E-chr14L-5 > self[5]:E-chr14L-5 > self[5]:E-chr14L-5							5721	99.95%	reference defect	chr14L-1 is mis-assembled in this sample (5,720 bp vs 6,654) -- not recombination	beginning
6991	6991_day0_with_selection	SRR33298395.675031	chr14L	1/5	chr14L-1	G10	chr7R-1	G8					E-chr7R-1,E-chr14L-2,E-chr14L-5,E-chr14L-5,E-chr14L-4	1st Y' Change	chr14L	tandem_amplification_same_end	chr7R[1]:E-chr7R-1 > self[2]:E-chr14L-2 > self[5]:E-chr14L-5 > self[5]:E-chr14L-5 > self[4]:E-chr14L-4							5721	99.95%	reference defect	chr14L-1 is mis-assembled in this sample (5,720 bp vs 6,654) -- not recombination	beginning
6991	6991_day0_with_selection	SRR33298395.389543	chr14L	1/5	chr14L-1	G10	chr7R-1	G8					E-chr7R-1,E-chr4R-3,E-chr14L-5,E-chr14L-5,E-chr14L-4	1st Y' Change	chr14L	tandem_amplification_same_end	chr7R[1]:E-chr7R-1 > chr4R[3]:E-chr4R-3 > self[5]:E-chr14L-5 > self[5]:E-chr14L-5 > self[4]:E-chr14L-4							5721	99.95%	reference defect	chr14L-1 is mis-assembled in this sample (5,720 bp vs 6,654) -- not recombination	beginning
6991	6991_day0_with_selection	SRR33298395.444712	chr14L	1/5	chr14L-1	G10	chr7R-1	G8					E-chr7R-1,E-chr4R-3,E-chr14L-5,E-chr14L-5,E-chr14L-5	1st Y' Change	ambiguous	unmatched_array	chr7R[1]:E-chr7R-1 > chr4R[3]:E-chr4R-3 > self[5]:E-chr14L-5 > self[5]:E-chr14L-5 > self[5]:E-chr14L-5							5721	99.95%	reference defect	chr14L-1 is mis-assembled in this sample (5,720 bp vs 6,654) -- not recombination	beginning
