read_id	chr_end	y_prime_recombination_status_a	recombination_source_a	recombination_detected_a	overall_confidence_a	is_complex_event_a	recombination_mechanism_a	y_prime_recombination_status_b	recombination_source_b	recombination_detected_b	overall_confidence_b	is_complex_event_b	recombination_mechanism_b	status_changed	source_changed	detected_changed	dconf
SRR33298420.536146	chr10L	1st Y' Change	chr2L	True	0.5132	False	subtelomere_switch	1st Y' Change	chr12	True	0.3	False	unmatched_array	False	True	False	-0.213
SRR33298420.298054	chr10R	Y' Gain	chr12R	True	0.63	True	subtelomere_switch	Y' Gain	chr14L	True	0.66	False	donor_transfer	False	True	False	0.03
SRR33298420.336796	chr10R	Y' Gain	chr4R	True	0.63	True	subtelomere_switch	Y' Gain	chr14L	True	0.66	False	donor_transfer	False	True	False	0.03
SRR33298420.324409	chr10R	Y' Gain	chr12R	True	0.63	True	subtelomere_switch	Y' Gain	chr14L	True	0.66	False	donor_transfer	False	True	False	0.03
SRR33298420.295610	chr10R	Y' Gain	chr12R	True	0.63	True	subtelomere_switch	Y' Gain	chr14L	True	0.44	False	donor_transfer	False	True	False	-0.19
SRR33298420.110689	chr10R	Y' Gain	chr12R	True	0.63	True	subtelomere_switch	Y' Gain	chr14L	True	0.44	False	donor_transfer	False	True	False	-0.19
SRR33298420.459775	chr10R	Y' Gain	chr16R	True	0.9	False	subtelomere_switch	Y' Gain	chr8	True	0.33	False	donor_transfer_candidates:5	False	True	False	-0.57
SRR33298420.398449	chr10R	Y' Gain	chr12R	True	0.9	False	subtelomere_switch	Y' Gain	chr8	True	0.33	False	donor_transfer_candidates:5	False	True	False	-0.57
SRR33298420.74553	chr10R	Y' Gain	chr8L	True	0.99	False	subtelomere_switch	Y' Gain	chr8	True	0.33	False	donor_transfer_candidates:5	False	True	False	-0.66
SRR33298420.23719	chr10R	Y' Gain	chr16L	True	0.9	False	subtelomere_switch	Y' Gain	chr8	True	0.33	False	donor_transfer_candidates:5	False	True	False	-0.57
SRR33298420.355149	chr11L	Y' Gain	chr4R	True	0.2945	True	subtelomere_switch	Y' Gain	chr14R	True	0.6872	True	subtelomere_switch	False	True	False	0.393
SRR33298420.248744	chr11L	Y' Gain	chr12R	True	0.2902	True	subtelomere_switch	Y' Gain	chr14R	True	0.6771	True	subtelomere_switch	False	True	False	0.387
SRR33298420.445609	chr11L	Y' Gain	chr12R	True	0.6886	True	subtelomere_switch	Y' Gain	chr14R	True	1.0	False	subtelomere_switch	False	True	False	0.311
SRR33298420.141862	chr11L	Y' Gain	chr12R	True	0.2951	True	subtelomere_switch	Y' Gain	chr14R	True	0.6886	True	subtelomere_switch	False	True	False	0.394
SRR33298420.274034	chr11L	Y' Gain	chr12R	True	0.6822	True	subtelomere_switch	Y' Gain	chr14R	True	1.0	False	subtelomere_switch	False	True	False	0.318
SRR33298420.434609	chr11L	Y' Gain	chr12R	True	0.99	False	subtelomere_switch	Y' Gain	ambiguous	True	0.3	False	donor_transfer_candidates:4	False	True	False	-0.69
SRR33298420.460366	chr11L	Y' Gain	chr12R	True	0.291	True	subtelomere_switch	Y' Gain	chr14R	True	0.679	True	subtelomere_switch	False	True	False	0.388
SRR33298420.329577	chr11L	Y' Gain	chr14L	True	0.6833	True	subtelomere_switch	Y' Gain	chr14R	True	1.0	False	subtelomere_switch	False	True	False	0.317
SRR33298420.525355	chr11L	Y' Gain	chr12R	True	0.2701	True	subtelomere_switch	Y' Gain	chr14R	True	0.6303	True	subtelomere_switch	False	True	False	0.36
SRR33298420.115474	chr11L	Y' Gain	chr12R	True	0.2716	True	subtelomere_switch	Y' Gain	chr14R	True	0.6337	True	subtelomere_switch	False	True	False	0.362
SRR33298420.169731	chr11L	Y' Gain	chr12R	True	0.27	True	subtelomere_switch	Y' Gain	chr14R	True	0.5573	True	subtelomere_switch	False	True	False	0.287
SRR33298420.282289	chr11L	Y' Gain	chr12R	True	0.63	True	subtelomere_switch	Y' Gain	chr14L	True	0.66	False	donor_transfer	False	True	False	0.03
SRR33298420.339795	chr11L	Y' Gain	chr14L	True	0.6886	True	subtelomere_switch	Y' Gain	chr14R	True	1.0	False	subtelomere_switch	False	True	False	0.311
SRR33298420.247564	chr11L	Y' Gain	chr12R	True	0.2928	True	subtelomere_switch	Y' Gain	chr14R	True	0.6831	True	subtelomere_switch	False	True	False	0.39
SRR33298420.430525	chr11L	Y' Gain	chr12R	True	0.2847	True	subtelomere_switch	Y' Gain	chr14R	True	0.6644	True	subtelomere_switch	False	True	False	0.38
SRR33298420.568883	chr11L	Y' Gain	chr12R	True	0.2946	True	subtelomere_switch	Y' Gain	chr14R	True	0.6874	True	subtelomere_switch	False	True	False	0.393
SRR33298420.246816	chr11L	Y' Gain	chr12R	True	0.2951	True	subtelomere_switch	Y' Gain	chr14R	True	0.6886	True	subtelomere_switch	False	True	False	0.394
SRR33298420.232035	chr11L	Y' Gain	chr4R	True	0.2948	True	subtelomere_switch	Y' Gain	chr14R	True	0.6879	True	subtelomere_switch	False	True	False	0.393
SRR33298420.538571	chr11L	Y' Gain	chr12R	True	0.2923	True	subtelomere_switch	Y' Gain	chr14R	True	0.682	True	subtelomere_switch	False	True	False	0.39
SRR33298420.229000	chr11L	Y' Gain	chr12R	True	0.6872	True	subtelomere_switch	Y' Gain	chr14R	True	1.0	False	subtelomere_switch	False	True	False	0.313
SRR33298420.247173	chr11L	Y' Gain	chr12R	True	0.99	False	subtelomere_switch	Y' Gain	ambiguous	True	0.3	False	donor_transfer_candidates:4	False	True	False	-0.69
SRR33298420.247696	chr11L	Y' Gain	chr12R	True	0.2851	True	subtelomere_switch	Y' Gain	chr14R	True	0.6651	True	subtelomere_switch	False	True	False	0.38
SRR33298420.282189	chr11L	Y' Gain	chr12R	True	0.63	True	subtelomere_switch	Y' Gain	chr10L	True	0.8448	False	subtelomere_switch	False	True	False	0.215
SRR33298420.280768	chr11L	Y' Gain	chr4R	True	0.2946	True	subtelomere_switch	Y' Gain	chr14R	True	0.6874	True	subtelomere_switch	False	True	False	0.393
SRR33298420.111371	chr11L	Y' Gain	chr12R	True	0.63	True	subtelomere_switch	Y' Gain	chr14L	True	0.66	False	donor_transfer	False	True	False	0.03
SRR33298420.313121	chr11L	Y' Gain	chr12R	True	0.6431	True	subtelomere_switch	Y' Gain	chr14R	True	1.0	False	subtelomere_switch	False	True	False	0.357
SRR33298420.537791	chr11L	Y' Gain	chr12R	True	0.99	False	subtelomere_switch	Y' Gain	ambiguous	True	0.3	False	donor_transfer_candidates:4	False	True	False	-0.69
SRR33298420.356593	chr11L	Y' Gain	chr12R	True	0.6886	True	subtelomere_switch	Y' Gain	chr14R	True	1.0	False	subtelomere_switch	False	True	False	0.311
SRR33298420.280995	chr11L	Y' Gain	chr14L	True	0.6819	True	subtelomere_switch	Y' Gain	chr14R	True	1.0	False	subtelomere_switch	False	True	False	0.318
SRR33298420.381019	chr11L	Y' Gain	chr12R	True	0.6879	True	subtelomere_switch	Y' Gain	chr14R	True	1.0	False	subtelomere_switch	False	True	False	0.312
SRR33298420.207484	chr11L	Y' Gain	chr14L	True	0.9	False	subtelomere_switch	Y' Gain	ambiguous	True	0.3	False	unmatched_array	False	True	False	-0.6
SRR33298420.209223	chr11L	Y' Gain	chr12R	True	0.9	False	subtelomere_switch	Y' Gain	ambiguous	True	0.3	False	unmatched_array	False	True	False	-0.6
SRR33298420.209108	chr11L	Y' Gain	chr12R	True	0.2909	True	subtelomere_switch	Y' Gain	chr14R	True	0.6788	True	subtelomere_switch	False	True	False	0.388
SRR33298420.259196	chr11L	Y' Gain	chr14L	True	0.9	False	subtelomere_switch	Y' Gain	ambiguous	True	0.3	False	unmatched_array	False	True	False	-0.6
SRR33298420.62160	chr11L	Y' Gain	chr4R	True	0.6697	True	subtelomere_switch	Y' Gain	chr14R	True	1.0	False	subtelomere_switch	False	True	False	0.33
SRR33298420.335689	chr11L	Y' Gain	chr12R	True	0.6704	True	subtelomere_switch	Y' Gain	chr14R	True	1.0	False	subtelomere_switch	False	True	False	0.33
SRR33298420.254741	chr11L	Y' Gain	chr12R	True	0.6425	True	subtelomere_switch	Y' Gain	chr14R	True	1.0	False	subtelomere_switch	False	True	False	0.358
SRR33298420.459621	chr11L	Y' Gain	chr12R	True	0.6886	True	subtelomere_switch	Y' Gain	chr14R	True	1.0	False	subtelomere_switch	False	True	False	0.311
SRR33298420.127011	chr11L	Y' Gain	chr4R	True	0.7	True	subtelomere_switch	Y' Gain	chr14R	True	1.0	False	subtelomere_switch	False	True	False	0.3
SRR33298420.500175	chr11L	Y' Gain	chr4R	True	0.63	True	subtelomere_switch	Y' Gain	chr14L	True	0.66	False	donor_transfer	False	True	False	0.03
SRR33298420.345358	chr11L	Y' Gain	chr12R	True	0.9	False	subtelomere_switch	Y' Gain	ambiguous	True	0.3	False	unmatched_array	False	True	False	-0.6
SRR33298420.456967	chr11L	Y' Gain	chr14L	True	0.6886	True	subtelomere_switch	Y' Gain	chr14R	True	0.9837	False	subtelomere_switch	False	True	False	0.295
SRR33298420.75492	chr11L	Y' Gain	chr9L	True	0.9	False	subtelomere_switch	Y' Gain	chr14R	True	0.33	False	donor_transfer	False	True	False	-0.57
SRR33298420.148409	chr11L	Y' Gain	chr12R	True	0.9	False	subtelomere_switch	Y' Gain	chr14R	True	0.33	False	donor_transfer	False	True	False	-0.57
SRR33298420.537404	chr11L	Y' Gain	chr12R	True	0.9	False	subtelomere_switch	Y' Gain	chr2	True	0.3	False	donor_transfer_candidates:5	False	True	False	-0.6
SRR33298420.331630	chr11L	Y' Gain	chr12R	True	0.9	False	subtelomere_switch	Y' Gain	chr2	True	0.3	False	donor_transfer_candidates:5	False	True	False	-0.6
SRR33298420.224796	chr11L	Y' Gain	chr8R	True	0.99	False	subtelomere_switch	Y' Gain	chr2	True	0.3	False	donor_transfer_candidates:5	False	True	False	-0.69
SRR33298420.264618	chr11R	Y' Gain	chr12R	True	0.63	True	subtelomere_switch	Y' Gain	chr14L	True	0.44	False	donor_transfer	False	True	False	-0.19
SRR33298420.239846	chr11R	Y' Gain	chr12R	True	0.99	False	subtelomere_switch	Y' Gain	ambiguous	True	0.3	False	donor_transfer_candidates:4	False	True	False	-0.69
SRR33298420.398110	chr11R	Y' Gain	chr12R	True	0.63	True	subtelomere_switch	Y' Gain	chr3L	True	0.9	False	subtelomere_switch	False	True	False	0.27
SRR33298420.519798	chr11R	Y' Gain	chr12R	True	0.99	False	subtelomere_switch	Y' Gain	ambiguous	True	0.3	False	donor_transfer_candidates:4	False	True	False	-0.69
SRR33298420.320836	chr11R	Y' Gain	chr12R	True	0.9	False	subtelomere_switch	Y' Gain	ambiguous	True	0.3	False	unmatched_array	False	True	False	-0.6
SRR33298420.567728	chr11R	Y' Gain	chr12R	True	0.9	False	subtelomere_switch	Y' Gain	ambiguous	True	0.3	False	unmatched_array	False	True	False	-0.6
SRR33298420.279850	chr11R	Y' Gain	chr12R	True	0.63	True	subtelomere_switch	Y' Gain	chr14L	True	0.66	False	donor_transfer	False	True	False	0.03
SRR33298420.203620	chr11R	Y' Gain	chr12R	True	0.63	True	subtelomere_switch	Y' Gain	chr1L	True	0.5412	False	subtelomere_switch	False	True	False	-0.089
SRR33298420.80898	chr11R	Y' Gain	chr12R	True	0.63	True	subtelomere_switch	Y' Gain	chr3L	True	0.5612	False	subtelomere_switch	False	True	False	-0.069
SRR33298420.287643	chr11R	Y' Gain	chr12R	True	0.63	True	subtelomere_switch	Y' Gain	chr14L	True	0.66	False	donor_transfer	False	True	False	0.03
SRR33298420.400360	chr11R	Y' Gain	chr12R	True	0.63	True	subtelomere_switch	Y' Gain	chr14L	True	0.66	False	donor_transfer	False	True	False	0.03
SRR33298420.7491	chr11R	Y' Gain	chr12R	True	0.27	True	subtelomere_switch	Y' Gain	chr3L	True	0.63	True	subtelomere_switch	False	True	False	0.36
SRR33298420.41374	chr11R	Y' Gain	chr12R	True	0.27	True	subtelomere_switch	Y' Gain	chr3L	True	0.3902	True	subtelomere_switch	False	True	False	0.12
SRR33298420.380436	chr11R	Y' Gain	chr12R	True	0.63	True	subtelomere_switch	Y' Gain	chr1L	True	0.5253	False	subtelomere_switch	False	True	False	-0.105
SRR33298420.255542	chr11R	Y' Gain	chr12R	True	0.99	False	subtelomere_switch	Y' Gain	ambiguous	True	0.3	False	donor_transfer_candidates:4	False	True	False	-0.69
SRR33298420.167231	chr11R	Y' Gain	chr12R	True	0.99	False	subtelomere_switch	Y' Gain	ambiguous	True	0.3	False	donor_transfer_candidates:4	False	True	False	-0.69
SRR33298420.202592	chr11R	Y' Gain	chr12R	True	0.63	True	subtelomere_switch	Y' Gain	chr14L	True	0.66	False	donor_transfer	False	True	False	0.03
SRR33298420.503183	chr11R	Y' Gain	chr12R	True	0.63	True	subtelomere_switch	Y' Gain	chr14L	True	0.66	False	donor_transfer	False	True	False	0.03
SRR33298420.431176	chr11R	Y' Gain	chr12R	True	0.63	True	subtelomere_switch	Y' Gain	chr14L	True	0.66	False	donor_transfer	False	True	False	0.03
SRR33298420.77548	chr11R	Y' Gain	chr12R	True	0.99	False	subtelomere_switch	Y' Gain	chr12	True	0.33	False	donor_transfer_candidates:4	False	True	False	-0.66
SRR33298420.397109	chr11R	Y' Gain	chr12R	True	0.63	True	subtelomere_switch	Y' Gain	chr1L	True	0.3706	True	subtelomere_switch	False	True	False	-0.259
SRR33298420.184861	chr11R	Y' Gain	chr12R	True	0.9	False	subtelomere_switch	Y' Gain	chr4	True	0.3	False	donor_transfer_candidates:5	False	True	False	-0.6
SRR33298420.337766	chr12L	Y' Gain	ambiguous	True	0.3	False	single_y_prime_change	Y' Gain	chr14R	True	0.33	False	donor_transfer	False	True	False	0.03
SRR33298420.413709	chr12L	Y' Gain	ambiguous	True	0.3	False	single_y_prime_change	Y' Gain	chr2L	True	0.33	False	donor_transfer_candidates:2	False	True	False	0.03
SRR33298420.32660	chr12L	Y' Gain	ambiguous	True	0.3	False	single_y_prime_change	Y' Gain	chr2L	True	0.33	False	donor_transfer_candidates:2	False	True	False	0.03
SRR33298420.67447	chr12L	Y' Gain	ambiguous	True	0.3	False	single_y_prime_change	Y' Gain	chr2L	True	0.33	False	donor_transfer_candidates:2	False	True	False	0.03
SRR33298420.428304	chr12L	Y' Gain	ambiguous	True	0.3	False	single_y_prime_change	Y' Gain	chr12L	True	0.33	False	tandem_amplification_same_end	False	True	False	0.03
SRR33298420.225500	chr12L	Y' Gain	ambiguous	True	0.3	False	single_y_prime_change	Y' Gain	chr12L	True	0.33	False	tandem_amplification_same_end	False	True	False	0.03
SRR33298420.495949	chr12L	Y' Gain	ambiguous	True	0.3	False	single_y_prime_change	Y' Gain	chr12L	True	0.33	False	tandem_amplification_same_end	False	True	False	0.03
SRR33298420.558967	chr12L	1st Y' Change	ambiguous	True	0.3	False	single_y_prime_change	1st Y' Change	chr2L	True	0.33	False	donor_transfer_candidates:2	False	True	False	0.03
SRR33298420.119557	chr12L	1st Y' Change	ambiguous	True	0.3	False	single_y_prime_change	1st Y' Change	chr16R	True	0.33	False	donor_transfer	False	True	False	0.03
SRR33298420.553903	chr12L	1st Y' Change	ambiguous	True	0.3	False	single_y_prime_change	1st Y' Change	chr16R	True	0.33	False	donor_transfer	False	True	False	0.03
SRR33298420.503125	chr12R	Y' Gain	chr12R	True	0.33	False	tandem_amplification_same_end	Y' Gain	chr3R	True	0.9	False	subtelomere_switch	False	True	False	0.57
SRR33298420.463559	chr12R	Y' Gain	chr14L	True	0.66	False	donor_transfer	Y' Gain	chr3R	True	0.63	True	subtelomere_switch	False	True	False	-0.03
SRR33298420.1799	chr12R	Y' Gain	chr12R	True	0.33	False	tandem_amplification_same_end	Y' Gain	chr3R	True	0.9	False	subtelomere_switch	False	True	False	0.57
SRR33298420.189612	chr12R	Y' Gain	chr12R	True	0.33	False	tandem_amplification_same_end	Y' Gain	chr3R	True	0.9	False	subtelomere_switch	False	True	False	0.57
SRR33298420.247109	chr12R	Y' Gain	chr12R	True	0.33	False	tandem_amplification_same_end	Y' Gain	chr3R	True	0.9	False	subtelomere_switch	False	True	False	0.57
SRR33298420.387444	chr12R	Y' Gain	chr12R	True	0.33	False	tandem_amplification_same_end	Y' Gain	chr3R	True	0.9	False	subtelomere_switch	False	True	False	0.57
SRR33298420.285887	chr12R	Y' Gain	chr12R	True	0.33	False	tandem_amplification_same_end	Y' Gain	chr3R	True	0.9	False	subtelomere_switch	False	True	False	0.57
SRR33298420.242994	chr12R	Y' Gain	chr12R	True	0.33	False	tandem_amplification_same_end	Y' Gain	chr3R	True	0.9	False	subtelomere_switch	False	True	False	0.57
SRR33298420.237555	chr12R	Y' Gain	chr12R	True	0.33	False	tandem_amplification_same_end	Y' Gain	chr3R	True	0.9	False	subtelomere_switch	False	True	False	0.57
SRR33298420.255095	chr12R	Y' Gain	chr12R	True	0.33	False	tandem_amplification_same_end	Y' Gain	chr3R	True	0.9	False	subtelomere_switch	False	True	False	0.57
SRR33298420.309970	chr12R	Y' Gain	chr12R	True	0.33	False	tandem_amplification_same_end	Y' Gain	chr3R	True	0.9	False	subtelomere_switch	False	True	False	0.57
SRR33298420.462271	chr12R	Y' Gain	chr4	True	0.3	False	single_y_prime_change	Y' Gain	chr3R	True	0.9	False	subtelomere_switch	False	True	False	0.6
SRR33298420.520934	chr12R	Y' Gain	chr4	True	0.3	False	single_y_prime_change	Y' Gain	chr3R	True	0.9	False	subtelomere_switch	False	True	False	0.6
SRR33298420.283827	chr12R	No Change		False	0.95	False		No Change	chr3R	True	0.9	False	subtelomere_switch	False	True	True	-0.05
SRR33298420.165335	chr12R	Y' Recombination	ambiguous	True	0.3	False	single_y_prime_change	Y' Recombination	chr3R	True	0.9	False	subtelomere_switch	False	True	False	0.6
SRR33298420.237463	chr12R	Y' Recombination	chr12R	True	0.33	False	tandem_amplification_same_end	Y' Recombination	chr3R	True	0.9	False	subtelomere_switch	False	True	False	0.57
SRR33298420.236933	chr12R	Y' Loss	ambiguous	True	0.15	False	array_contraction_unconfirmed	Y' Loss	chr3R	True	0.45	False	array_contraction_unconfirmed	False	True	False	0.3
SRR33298420.315760	chr12R	Y' Loss	ambiguous	True	0.15	False	array_contraction_unconfirmed	Y' Loss	chr3R	True	0.45	False	array_contraction_unconfirmed	False	True	False	0.3
SRR33298420.288207	chr12R	Y' Loss	ambiguous	True	0.3	False	array_contraction	Y' Loss	chr3R	True	0.9	False	array_contraction	False	True	False	0.6
SRR33298420.118798	chr12R	Y' Loss	ambiguous	True	0.3	False	array_contraction	Y' Loss	chr3R	True	0.9	False	array_contraction	False	True	False	0.6
SRR33298420.83588	chr12R	Y' Loss	ambiguous	True	0.15	False	array_contraction_unconfirmed	Y' Loss	chr3R	True	0.45	False	array_contraction_unconfirmed	False	True	False	0.3
SRR33298420.40380	chr12R	Y' Loss	ambiguous	True	0.3	False	array_contraction	Y' Loss	chr3R	True	0.9	False	array_contraction	False	True	False	0.6
SRR33298420.247152	chr12R	Y' Loss	ambiguous	True	0.3	False	array_contraction	Y' Loss	chr3R	True	0.9	False	array_contraction	False	True	False	0.6
SRR33298420.426068	chr12R	Y' Loss	ambiguous	True	0.15	False	array_contraction_unconfirmed	Y' Loss	chr3R	True	0.45	False	array_contraction_unconfirmed	False	True	False	0.3
SRR33298420.566391	chr12R	Y' Loss	ambiguous	True	0.15	False	array_contraction_unconfirmed	Y' Loss	chr3R	True	0.45	False	array_contraction_unconfirmed	False	True	False	0.3
SRR33298420.485920	chr13L	Y' Gain	chr14	True	0.3	False	single_y_prime_change	Y' Gain	chr2L	True	0.33	False	donor_transfer_candidates:2	False	True	False	0.03
SRR33298420.238270	chr13L	Y' Gain	chr14	True	0.3	False	single_y_prime_change	Y' Gain	chr2L	True	0.33	False	donor_transfer_candidates:2	False	True	False	0.03
SRR33298420.133828	chr13L	Y' Gain	chr14	True	0.3	False	single_y_prime_change	Y' Gain	chr2L	True	0.33	False	donor_transfer_candidates:2	False	True	False	0.03
SRR33298420.316508	chr13L	Y' Gain	chr14	True	0.3	False	single_y_prime_change	Y' Gain	chr2L	True	0.33	False	donor_transfer_candidates:2	False	True	False	0.03
SRR33298420.564946	chr13L	Y' Gain	chr14	True	0.3	False	single_y_prime_change	Y' Gain	chr2L	True	0.33	False	donor_transfer_candidates:2	False	True	False	0.03
SRR33298420.459120	chr13L	Y' Gain	chr14	True	0.3	False	single_y_prime_change	Y' Gain	chr2L	True	0.33	False	donor_transfer_candidates:2	False	True	False	0.03
SRR33298420.301854	chr13L	Y' Gain	chr14	True	0.3	False	single_y_prime_change	Y' Gain	chr2L	True	0.33	False	donor_transfer_candidates:2	False	True	False	0.03
SRR33298420.143443	chr13L	Y' Gain	chr14	True	0.3	False	single_y_prime_change	Y' Gain	chr2L	True	0.33	False	donor_transfer_candidates:2	False	True	False	0.03
SRR33298420.203295	chr13L	Y' Gain	chr14	True	0.3	False	single_y_prime_change	Y' Gain	chr2L	True	0.33	False	donor_transfer_candidates:2	False	True	False	0.03
SRR33298420.229898	chr13L	Y' Gain	chr14	True	0.3	False	single_y_prime_change	Y' Gain	chr13L	True	0.33	False	tandem_amplification_same_end	False	True	False	0.03
SRR33298420.47309	chr13L	Y' Gain	chr14	True	0.3	False	single_y_prime_change	Y' Gain	chr13L	True	0.33	False	tandem_amplification_same_end	False	True	False	0.03
SRR33298420.243475	chr13L	Y' Gain	chr14	True	0.3	False	single_y_prime_change	Y' Gain	chr13L	True	0.33	False	tandem_amplification_same_end	False	True	False	0.03
SRR33298420.49183	chr13L	Y' Gain	chr14	True	0.3	False	single_y_prime_change	Y' Gain	chr13L	True	0.33	False	tandem_amplification_same_end	False	True	False	0.03
SRR33298420.524564	chr13L	Y' Gain	chr14	True	0.3	False	single_y_prime_change	Y' Gain	chr13L	True	0.33	False	tandem_amplification_same_end	False	True	False	0.03
SRR33298420.524861	chr13L	Y' Gain	chr14	True	0.3	False	single_y_prime_change	Y' Gain	chr13L	True	0.33	False	tandem_amplification_same_end	False	True	False	0.03
SRR33298420.294810	chr13L	Y' Gain	chr14	True	0.3	False	single_y_prime_change	Y' Gain	chr13L	True	0.33	False	tandem_amplification_same_end	False	True	False	0.03
SRR33298420.117718	chr13L	Y' Gain	chr14	True	0.3	False	single_y_prime_change	Y' Gain	chr13L	True	0.33	False	tandem_amplification_same_end	False	True	False	0.03
SRR33298420.77667	chr13L	1st Y' Change	chr5R	True	0.7692	False	subtelomere_switch	1st Y' Change	chr6L	True	0.63	True	subtelomere_switch	False	True	False	-0.139
SRR33298420.64134	chr13L	1st Y' Change	ambiguous	True	0.3	False	single_y_prime_change	1st Y' Change	chr2L	True	0.33	False	donor_transfer_candidates:2	False	True	False	0.03
SRR33298420.426111	chr13L	1st Y' Change	ambiguous	True	0.3	False	single_y_prime_change	1st Y' Change	chr2L	True	0.33	False	donor_transfer_candidates:2	False	True	False	0.03
SRR33298420.131057	chr13L	1st Y' Change	ambiguous	True	0.3	False	single_y_prime_change	1st Y' Change	chr2L	True	0.33	False	donor_transfer_candidates:2	False	True	False	0.03
SRR33298420.305074	chr13R	Y' Gain	chr12R	True	0.2828	True	subtelomere_switch	Y' Gain	chr15R	True	0.66	True	subtelomere_switch	False	True	False	0.377
SRR33298420.459674	chr13R	Y' Gain	chr14L	True	0.66	True	subtelomere_switch	Y' Gain	chr15R	True	1.0	False	subtelomere_switch	False	True	False	0.34
SRR33298420.500750	chr13R	Y' Gain	chr14L	True	0.63	True	subtelomere_switch	Y' Gain	chr12R	True	0.44	False	donor_transfer	False	True	False	-0.19
SRR33298420.125221	chr13R	Y' Gain	chr12R	True	0.9	False	subtelomere_switch	Y' Gain	ambiguous	True	0.3	False	unmatched_array	False	True	False	-0.6
SRR33298420.25226	chr13R	Y' Gain	chr14L	True	0.6634	True	subtelomere_switch	Y' Gain	chr15R	True	1.0	False	subtelomere_switch	False	True	False	0.337
SRR33298420.275167	chr13R	Y' Gain	chr14L	True	0.99	False	subtelomere_switch	Y' Gain	chr12R	True	0.33	False	donor_transfer_candidates:2	False	True	False	-0.66
SRR33298420.65016	chr13R	Y' Gain	chr12R	True	0.6852	True	subtelomere_switch	Y' Gain	chr15R	True	1.0	False	subtelomere_switch	False	True	False	0.315
SRR33298420.78070	chr13R	Y' Gain	chr12R	True	0.99	False	subtelomere_switch	Y' Gain	ambiguous	True	0.3	False	donor_transfer_candidates:4	False	True	False	-0.69
SRR33298420.320861	chr13R	Y' Gain	chr12R	True	0.63	True	subtelomere_switch	Y' Gain	chr14R	True	0.6882	False	subtelomere_switch	False	True	False	0.058
SRR33298420.328133	chr13R	Y' Gain	chr12R	True	0.63	True	subtelomere_switch	Y' Gain	chr14R	True	0.6896	False	subtelomere_switch	False	True	False	0.06
SRR33298420.26233	chr13R	Y' Gain	chr12R	True	0.9	False	subtelomere_switch	Y' Gain	ambiguous	True	0.3	False	unmatched_array	False	True	False	-0.6
SRR33298420.34155	chr13R	Y' Gain	chr12R	True	0.6565	True	subtelomere_switch	Y' Gain	chr15R	True	1.0	False	subtelomere_switch	False	True	False	0.344
SRR33298420.188165	chr13R	Y' Gain	chr12R	True	0.63	True	subtelomere_switch	Y' Gain	chr14L	True	0.66	False	donor_transfer	False	True	False	0.03
SRR33298420.282408	chr13R	Y' Gain	chr4R	True	0.63	True	subtelomere_switch	Y' Gain	chr14L	True	0.66	False	donor_transfer	False	True	False	0.03
SRR33298420.287231	chr13R	Y' Gain	chr12R	True	0.63	True	subtelomere_switch	Y' Gain	chr15R	True	0.7906	False	subtelomere_switch	False	True	False	0.161
SRR33298420.338971	chr13R	Y' Gain	chr15R	True	0.9914	False	subtelomere_switch	Y' Gain	chr16L	True	0.6309	True	subtelomere_switch	False	True	False	-0.36
SRR33298420.146856	chr13R	Y' Gain	ambiguous	True	0.3	False	single_y_prime_change	Y' Gain	chr12R	True	0.33	False	donor_transfer	False	True	False	0.03
SRR33298420.501850	chr13R	Y' Gain	chr9L	True	0.9	False	subtelomere_switch	Y' Gain	chr14R	True	0.33	False	donor_transfer	False	True	False	-0.57
SRR33298420.165526	chr13R	Y' Gain	ambiguous	True	0.3	False	single_y_prime_change	Y' Gain	chr12R	True	0.33	False	donor_transfer	False	True	False	0.03
SRR33298420.350522	chr13R	Y' Gain	ambiguous	True	0.3	False	single_y_prime_change	Y' Gain	chr14R	True	0.33	False	donor_transfer	False	True	False	0.03
SRR33298420.229993	chr13R	Y' Gain	chr4R	True	0.99	False	subtelomere_switch	Y' Gain	ambiguous	True	0.3	False	donor_transfer_candidates:7	False	True	False	-0.69
SRR33298420.293201	chr13R	Y' Gain	ambiguous	True	0.3	False	single_y_prime_change	Y' Gain	chr2L	True	0.33	False	donor_transfer_candidates:2	False	True	False	0.03
SRR33298420.284813	chr13R	Y' Gain	chr16L	True	0.9	False	subtelomere_switch	Y' Gain	ambiguous	True	0.3	False	donor_transfer_candidates:5	False	True	False	-0.6
SRR33298420.157425	chr14L	Y' Recombination	ambiguous	True	0.3	False	single_y_prime_change	Y' Recombination	chr10L	True	0.33	False	donor_transfer_candidates:2	False	True	False	0.03
SRR33298420.33891	chr14L	Y' Recombination	ambiguous	True	0.3	False	single_y_prime_change	Y' Recombination	chr2L	True	0.33	False	donor_transfer_candidates:2	False	True	False	0.03
SRR33298420.126241	chr14L	Y' Recombination	ambiguous	True	0.3	False	single_y_prime_change	Y' Recombination	chr2L	True	0.33	False	donor_transfer_candidates:2	False	True	False	0.03
SRR33298420.247483	chr14L	Y' Recombination	ambiguous	True	0.3	False	single_y_prime_change	Y' Recombination	chr2L	True	0.33	False	donor_transfer_candidates:2	False	True	False	0.03
SRR33298420.314537	chr14L	Y' Recombination	ambiguous	True	0.3	False	single_y_prime_change	Y' Recombination	chr2L	True	0.33	False	donor_transfer_candidates:2	False	True	False	0.03
SRR33298420.19294	chr14L	Y' Recombination	ambiguous	True	0.3	False	single_y_prime_change	Y' Recombination	chr2L	True	0.33	False	donor_transfer_candidates:2	False	True	False	0.03
SRR33298420.237027	chr14L	Y' Recombination	ambiguous	True	0.3	False	single_y_prime_change	Y' Recombination	chr2L	True	0.33	False	donor_transfer_candidates:2	False	True	False	0.03
SRR33298420.65107	chr14L	Y' Recombination	ambiguous	True	0.3	False	single_y_prime_change	Y' Recombination	chr2L	True	0.33	False	donor_transfer_candidates:2	False	True	False	0.03
SRR33298420.9234	chr14L	Y' Recombination	ambiguous	True	0.3	False	single_y_prime_change	Y' Recombination	chr2L	True	0.33	False	donor_transfer_candidates:2	False	True	False	0.03
SRR33298420.187357	chr14R	Y' Gain	chr12	True	0.3	False	single_y_prime_change	Y' Gain	chr14R	True	0.33	False	tandem_amplification_same_end	False	True	False	0.03
SRR33298420.502754	chr14R	Y' Gain	chr12R	True	0.9	False	subtelomere_switch	Y' Gain	chr12	True	0.33	False	donor_transfer_candidates:7	False	True	False	-0.57
SRR33298420.501047	chr14R	Y' Gain	chr12	True	0.3	False	single_y_prime_change	Y' Gain	chr14R	True	0.33	False	tandem_amplification_same_end	False	True	False	0.03
SRR33298420.51539	chr14R	Y' Gain	chr12	True	0.3	False	single_y_prime_change	Y' Gain	chr2L	True	0.33	False	donor_transfer_candidates:2	False	True	False	0.03
SRR33298420.20219	chr14R	Y' Gain	ambiguous	True	0.3	False	single_y_prime_change	Y' Gain	chr2L	True	0.33	False	donor_transfer_candidates:2	False	True	False	0.03
SRR33298420.291970	chr14R	Y' Gain	chr12	True	0.3	False	single_y_prime_change	Y' Gain	chr2L	True	0.33	False	donor_transfer_candidates:2	False	True	False	0.03
SRR33298420.557235	chr14R	Y' Gain	chr12	True	0.3	False	single_y_prime_change	Y' Gain	chr2L	True	0.33	False	donor_transfer_candidates:2	False	True	False	0.03
SRR33298420.291971	chr14R	Y' Gain	chr12	True	0.3	False	single_y_prime_change	Y' Gain	chr2L	True	0.33	False	donor_transfer_candidates:2	False	True	False	0.03
SRR33298420.456191	chr14R	Y' Gain	chr12	True	0.3	False	single_y_prime_change	Y' Gain	chr2L	True	0.33	False	donor_transfer_candidates:2	False	True	False	0.03
SRR33298420.160324	chr14R	Y' Gain	chr12	True	0.3	False	single_y_prime_change	Y' Gain	chr2L	True	0.33	False	donor_transfer_candidates:2	False	True	False	0.03
SRR33298420.413873	chr14R	Y' Gain	chr6L	True	0.5308	False	subtelomere_switch	Y' Gain	chr2L	True	0.33	False	donor_transfer_candidates:2	False	True	False	-0.201
SRR33298420.38108	chr14R	Y' Gain	chr12	True	0.3	False	single_y_prime_change	Y' Gain	chr2L	True	0.33	False	donor_transfer_candidates:2	False	True	False	0.03
SRR33298420.451315	chr14R	Y' Gain	ambiguous	True	0.3	False	single_y_prime_change	Y' Gain	chr2L	True	0.33	False	donor_transfer_candidates:2	False	True	False	0.03
SRR33298420.364483	chr14R	1st Y' Change	ambiguous	True	0.3	False	single_y_prime_change	1st Y' Change	chr10L	True	0.33	False	donor_transfer_candidates:2	False	True	False	0.03
SRR33298420.449047	chr14R	1st Y' Change	ambiguous	True	0.3	False	single_y_prime_change	1st Y' Change	chr5L	True	0.33	False	donor_transfer	False	True	False	0.03
SRR33298420.22925	chr14R	1st Y' Change	chr12R	True	0.9	False	subtelomere_switch	1st Y' Change	chr10L	True	0.33	False	donor_transfer_candidates:2	False	True	False	-0.57
SRR33298420.235515	chr15L	Y' Gain	chr12R	True	0.63	True	subtelomere_switch	Y' Gain	chr14L	True	0.66	False	donor_transfer	False	True	False	0.03
SRR33298420.202429	chr15L	Y' Gain	chr4R	True	0.63	True	subtelomere_switch	Y' Gain	chr10L	True	0.4695	False	subtelomere_switch	False	True	False	-0.161
SRR33298420.112129	chr15L	Y' Gain	chr12R	True	0.63	True	subtelomere_switch	Y' Gain	chr14L	True	0.66	False	donor_transfer	False	True	False	0.03
SRR33298420.537336	chr15L	Y' Gain	chr12R	True	0.63	True	subtelomere_switch	Y' Gain	chr14L	True	0.66	False	donor_transfer	False	True	False	0.03
SRR33298420.363145	chr15L	Y' Gain	chr12R	True	0.99	False	subtelomere_switch	Y' Gain	ambiguous	True	0.3	False	donor_transfer_candidates:4	False	True	False	-0.69
SRR33298420.452869	chr15L	Y' Gain	chr12R	True	0.9	False	subtelomere_switch	Y' Gain	ambiguous	True	0.3	False	unmatched_array	False	True	False	-0.6
SRR33298420.294014	chr15L	Y' Gain	chr4R	True	0.63	True	subtelomere_switch	Y' Gain	chr14L	True	0.44	False	donor_transfer	False	True	False	-0.19
SRR33298420.567570	chr15L	Y' Gain	chr12R	True	0.63	True	subtelomere_switch	Y' Gain	chr14L	True	0.44	False	donor_transfer	False	True	False	-0.19
SRR33298420.568888	chr15L	Y' Gain	chr4R	True	0.63	True	subtelomere_switch	Y' Gain	chr14L	True	0.66	False	donor_transfer	False	True	False	0.03
SRR33298420.133009	chr15L	Y' Gain	chr12R	True	0.63	True	subtelomere_switch	Y' Gain	chr14L	True	0.66	False	donor_transfer	False	True	False	0.03
SRR33298420.517740	chr15L	Y' Gain	chr12R	True	0.9	False	subtelomere_switch	Y' Gain	ambiguous	True	0.3	False	unmatched_array	False	True	False	-0.6
SRR33298420.187999	chr15L	Y' Gain	chr4R	True	0.63	True	subtelomere_switch	Y' Gain	chr14L	True	0.44	False	donor_transfer	False	True	False	-0.19
SRR33298420.537594	chr15L	Y' Gain	chr4R	True	0.99	False	subtelomere_switch	Y' Gain	chr12R	True	0.33	False	donor_transfer_candidates:2	False	True	False	-0.66
SRR33298420.556120	chr15L	Y' Gain	chr12R	True	0.99	False	subtelomere_switch	Y' Gain	ambiguous	True	0.3	False	donor_transfer_candidates:4	False	True	False	-0.69
SRR33298420.537062	chr15L	Y' Gain	chr4R	True	0.99	False	subtelomere_switch	Y' Gain	chr12R	True	0.33	False	donor_transfer_candidates:3	False	True	False	-0.66
SRR33298420.505518	chr15L	Y' Gain	chr12R	True	0.9	False	subtelomere_switch	Y' Gain	ambiguous	True	0.3	False	unmatched_array	False	True	False	-0.6
SRR33298420.324928	chr15L	Y' Gain	chr12R	True	0.99	False	subtelomere_switch	Y' Gain	ambiguous	True	0.3	False	donor_transfer_candidates:4	False	True	False	-0.69
SRR33298420.564488	chr15L	Y' Gain	chr12R	True	0.9	False	subtelomere_switch	Y' Gain	ambiguous	True	0.3	False	unmatched_array	False	True	False	-0.6
SRR33298420.472546	chr15L	Y' Gain	chr12R	True	0.6334	True	subtelomere_switch	Y' Gain	chr13L	True	0.9953	False	subtelomere_switch	False	True	False	0.362
SRR33298420.77231	chr15L	Y' Gain	chr4R	True	0.63	True	subtelomere_switch	Y' Gain	chr14L	True	0.44	False	donor_transfer	False	True	False	-0.19
SRR33298420.8217	chr15L	Y' Gain	chr12R	True	0.63	True	subtelomere_switch	Y' Gain	chr14L	True	0.66	False	donor_transfer	False	True	False	0.03
SRR33298420.223123	chr15L	Y' Gain	chr16L	True	0.63	True	subtelomere_switch	Y' Gain	chr10L	True	0.4695	False	subtelomere_switch	False	True	False	-0.161
SRR33298420.323622	chr15L	Y' Gain	chr12R	True	0.99	False	subtelomere_switch	Y' Gain	ambiguous	True	0.3	False	donor_transfer_candidates:4	False	True	False	-0.69
SRR33298420.242729	chr15L	Y' Gain	chr12R	True	0.63	True	subtelomere_switch	Y' Gain	chr14L	True	0.66	False	donor_transfer	False	True	False	0.03
SRR33298420.290207	chr15L	Y' Gain	chr12R	True	0.63	True	subtelomere_switch	Y' Gain	chr14L	True	0.66	False	donor_transfer	False	True	False	0.03
SRR33298420.348670	chr15L	Y' Gain	chr12R	True	0.63	True	subtelomere_switch	Y' Gain	chr14L	True	0.66	False	donor_transfer	False	True	False	0.03
SRR33298420.325249	chr15L	Y' Gain	chr12R	True	0.63	True	subtelomere_switch	Y' Gain	chr14L	True	0.66	False	donor_transfer	False	True	False	0.03
SRR33298420.222684	chr15L	Y' Gain	chr16L	True	0.63	True	subtelomere_switch	Y' Gain	chr14L	True	0.66	False	donor_transfer	False	True	False	0.03
SRR33298420.534557	chr15L	Y' Gain	chr4R	True	0.9	False	subtelomere_switch	Y' Gain	ambiguous	True	0.3	False	unmatched_array	False	True	False	-0.6
SRR33298420.535580	chr15L	Y' Gain	chr14L	True	0.9	False	subtelomere_switch	Y' Gain	ambiguous	True	0.3	False	unmatched_array	False	True	False	-0.6
SRR33298420.538901	chr15L	Y' Gain	chr12R	True	0.63	True	subtelomere_switch	Y' Gain	chr14L	True	0.66	False	donor_transfer	False	True	False	0.03
SRR33298420.244516	chr15L	Y' Gain	chr12R	True	0.9	False	subtelomere_switch	Y' Gain	ambiguous	True	0.3	False	unmatched_array	False	True	False	-0.6
SRR33298420.157594	chr15L	Y' Gain	chr4R	True	0.63	True	subtelomere_switch	Y' Gain	chr14L	True	0.66	False	donor_transfer	False	True	False	0.03
SRR33298420.456598	chr15L	Y' Gain	chr12R	True	0.63	True	subtelomere_switch	Y' Gain	chr14L	True	0.44	False	donor_transfer	False	True	False	-0.19
SRR33298420.378457	chr15L	Y' Gain	chr12R	True	0.63	True	subtelomere_switch	Y' Gain	chr14L	True	0.66	False	donor_transfer	False	True	False	0.03
SRR33298420.321354	chr15L	Y' Gain	chr12R	True	0.63	True	subtelomere_switch	Y' Gain	chr14L	True	0.66	False	donor_transfer	False	True	False	0.03
SRR33298420.26621	chr15L	Y' Gain	chr14L	True	0.9	False	subtelomere_switch	Y' Gain	ambiguous	True	0.3	False	unmatched_array	False	True	False	-0.6
SRR33298420.523106	chr15L	Y' Gain	chr12R	True	0.9	False	subtelomere_switch	Y' Gain	ambiguous	True	0.3	False	unmatched_array	False	True	False	-0.6
SRR33298420.2565	chr15L	Y' Gain	chr12R	True	0.63	True	subtelomere_switch	Y' Gain	chr14L	True	0.66	False	donor_transfer	False	True	False	0.03
SRR33298420.556117	chr15L	Y' Gain	chr12R	True	0.63	True	subtelomere_switch	Y' Gain	chr14L	True	0.66	False	donor_transfer	False	True	False	0.03
SRR33298420.570020	chr15L	Y' Gain	chr4R	True	0.63	True	subtelomere_switch	Y' Gain	chr14L	True	0.66	False	donor_transfer	False	True	False	0.03
SRR33298420.89015	chr15L	Y' Gain	chr12R	True	0.9	False	subtelomere_switch	Y' Gain	ambiguous	True	0.3	False	unmatched_array	False	True	False	-0.6
SRR33298420.458939	chr15L	Y' Gain	chr12R	True	0.9	False	subtelomere_switch	Y' Gain	ambiguous	True	0.3	False	unmatched_array	False	True	False	-0.6
SRR33298420.505915	chr15L	Y' Gain	chr12R	True	0.63	True	subtelomere_switch	Y' Gain	chr14L	True	0.44	False	donor_transfer	False	True	False	-0.19
SRR33298420.6856	chr15L	Y' Gain	chr12R	True	0.63	True	subtelomere_switch	Y' Gain	chr14L	True	0.44	False	donor_transfer	False	True	False	-0.19
SRR33298420.378622	chr15L	Y' Gain	chr12R	True	0.63	True	subtelomere_switch	Y' Gain	chr14L	True	0.44	False	donor_transfer	False	True	False	-0.19
SRR33298420.128991	chr15L	Y' Gain	chr12R	True	0.9	False	subtelomere_switch	Y' Gain	chr2L	True	0.33	False	donor_transfer_candidates:2	False	True	False	-0.57
SRR33298420.247117	chr15L	Y' Gain	chr12R	True	0.9	False	subtelomere_switch	Y' Gain	chr13L	True	0.33	False	donor_transfer_candidates:5	False	True	False	-0.57
SRR33298420.125918	chr15L	Y' Gain	chr12R	True	0.9	False	subtelomere_switch	Y' Gain	chr13L	True	0.33	False	donor_transfer_candidates:5	False	True	False	-0.57
SRR33298420.519080	chr15L	Y' Gain	chr12R	True	0.9	False	subtelomere_switch	Y' Gain	chr13L	True	0.33	False	donor_transfer_candidates:5	False	True	False	-0.57
SRR33298420.289941	chr15L	Y' Gain	chr12R	True	0.9	False	subtelomere_switch	Y' Gain	chr13L	True	0.33	False	donor_transfer_candidates:5	False	True	False	-0.57
SRR33298420.234201	chr15L	Y' Gain	chr12R	True	0.9	False	subtelomere_switch	Y' Gain	chr13L	True	0.33	False	donor_transfer_candidates:5	False	True	False	-0.57
SRR33298420.289476	chr15L	Y' Gain	chr4R	True	0.9	False	subtelomere_switch	Y' Gain	chr13L	True	0.33	False	donor_transfer_candidates:5	False	True	False	-0.57
SRR33298420.543414	chr15L	Y' Gain	chr12R	True	0.9	False	subtelomere_switch	Y' Gain	chr13L	True	0.33	False	donor_transfer_candidates:5	False	True	False	-0.57
SRR33298420.314804	chr15L	Y' Gain	chr14L	True	0.9	False	subtelomere_switch	Y' Gain	chr13L	True	0.33	False	donor_transfer_candidates:5	False	True	False	-0.57
SRR33298420.109613	chr15L	Y' Gain	chr4R	True	0.9	False	subtelomere_switch	Y' Gain	chr13L	True	0.33	False	donor_transfer_candidates:5	False	True	False	-0.57
SRR33298420.420652	chr15L	Y' Gain	chr4R	True	0.9	False	subtelomere_switch	Y' Gain	chr13L	True	0.33	False	donor_transfer_candidates:5	False	True	False	-0.57
SRR33298420.243515	chr15L	Y' Gain	chr12R	True	0.9	False	subtelomere_switch	Y' Gain	chr13L	True	0.33	False	donor_transfer_candidates:5	False	True	False	-0.57
SRR33298420.24496	chr15L	Y' Gain	chr12R	True	0.9	False	subtelomere_switch	Y' Gain	chr13L	True	0.33	False	donor_transfer_candidates:5	False	True	False	-0.57
SRR33298420.441582	chr15L	Y' Gain	chr4R	True	0.9	False	subtelomere_switch	Y' Gain	chr13L	True	0.33	False	donor_transfer_candidates:5	False	True	False	-0.57
SRR33298420.401492	chr15L	Y' Gain	chr14L	True	0.9	False	subtelomere_switch	Y' Gain	chr13L	True	0.33	False	donor_transfer_candidates:5	False	True	False	-0.57
SRR33298420.544181	chr15L	Y' Gain	chr12R	True	0.9	False	subtelomere_switch	Y' Gain	chr13L	True	0.33	False	donor_transfer_candidates:5	False	True	False	-0.57
SRR33298420.120993	chr15L	Y' Gain	chr12R	True	0.9	False	subtelomere_switch	Y' Gain	chr13L	True	0.33	False	donor_transfer_candidates:5	False	True	False	-0.57
SRR33298420.212407	chr15L	Y' Gain	chr12R	True	0.9	False	subtelomere_switch	Y' Gain	chr13L	True	0.33	False	donor_transfer_candidates:5	False	True	False	-0.57
SRR33298420.446024	chr15R	Y' Gain	chr4R	True	0.33	False	single_y_prime_change	Y' Gain	chr15R	True	0.33	False	tandem_amplification_same_end	False	True	False	0.0
SRR33298420.185186	chr15R	Y' Gain	chr4R	True	0.33	False	single_y_prime_change	Y' Gain	chr15R	True	0.33	False	tandem_amplification_same_end	False	True	False	0.0
SRR33298420.274636	chr15R	Y' Gain	chr4R	True	0.33	False	single_y_prime_change	Y' Gain	chr15R	True	0.33	False	tandem_amplification_same_end	False	True	False	0.0
SRR33298420.387747	chr15R	Y' Gain	chr14L	True	0.33	False	single_y_prime_change	Y' Gain	chr2L	True	0.33	False	donor_transfer_candidates:2	False	True	False	0.0
SRR33298420.241898	chr15R	Y' Gain	chr14L	True	0.33	False	single_y_prime_change	Y' Gain	chr2L	True	0.33	False	donor_transfer_candidates:2	False	True	False	0.0
SRR33298420.211807	chr15R	Y' Gain	chr14L	True	0.33	False	single_y_prime_change	Y' Gain	chr2L	True	0.33	False	donor_transfer_candidates:2	False	True	False	0.0
SRR33298420.500599	chr15R	Y' Gain	chr14L	True	0.33	False	single_y_prime_change	Y' Gain	chr2L	True	0.33	False	donor_transfer_candidates:2	False	True	False	0.0
SRR33298420.539984	chr15R	Y' Gain	chr14L	True	0.33	False	single_y_prime_change	Y' Gain	chr2L	True	0.33	False	donor_transfer_candidates:2	False	True	False	0.0
SRR33298420.287199	chr15R	Y' Gain	chr14L	True	0.33	False	single_y_prime_change	Y' Gain	chr2L	True	0.33	False	donor_transfer_candidates:2	False	True	False	0.0
SRR33298420.210310	chr15R	Y' Gain	chr14L	True	0.33	False	single_y_prime_change	Y' Gain	chr2L	True	0.33	False	donor_transfer_candidates:2	False	True	False	0.0
SRR33298420.320440	chr15R	Y' Gain	chr14L	True	0.33	False	single_y_prime_change	Y' Gain	chr2L	True	0.33	False	donor_transfer_candidates:2	False	True	False	0.0
SRR33298420.323729	chr15R	Y' Gain	chr14L	True	0.33	False	single_y_prime_change	Y' Gain	chr2L	True	0.33	False	donor_transfer_candidates:2	False	True	False	0.0
SRR33298420.393490	chr15R	1st Y' Change	ambiguous	True	0.3	False	single_y_prime_change	1st Y' Change	chr10L	True	0.33	False	donor_transfer_candidates:2	False	True	False	0.03
SRR33298420.247617	chr15R	1st Y' Change	ambiguous	True	0.3	False	single_y_prime_change	1st Y' Change	chr2L	True	0.33	False	donor_transfer_candidates:2	False	True	False	0.03
SRR33298420.442578	chr16R	Y' Gain	chr14	True	0.3	False	single_y_prime_change	Y' Gain	chr10L	True	0.33	False	donor_transfer_candidates:2	False	True	False	0.03
SRR33298420.33897	chr16R	Y' Gain	chr14	True	0.3	False	single_y_prime_change	Y' Gain	chr2L	True	0.33	False	donor_transfer_candidates:2	False	True	False	0.03
SRR33298420.308297	chr16R	Y' Gain	chr14	True	0.3	False	single_y_prime_change	Y' Gain	chr2L	True	0.33	False	donor_transfer_candidates:2	False	True	False	0.03
SRR33298420.218323	chr16R	1st Y' Change	ambiguous	True	0.3	False	single_y_prime_change	1st Y' Change	chr2L	True	0.33	False	donor_transfer_candidates:2	False	True	False	0.03
SRR33298420.387976	chr1L	Y' Gain	chr12R	True	0.27	True	subtelomere_switch	Y' Gain	chr13L	True	0.4136	True	subtelomere_switch	False	True	False	0.144
SRR33298420.533387	chr1L	Y' Gain	chr4R	True	0.99	False	subtelomere_switch	Y' Gain	chr12R	True	0.33	False	donor_transfer_candidates:3	False	True	False	-0.66
SRR33298420.330750	chr1L	Y' Gain	chr12R	True	0.63	True	subtelomere_switch	Y' Gain	chr14L	True	0.66	False	donor_transfer	False	True	False	0.03
SRR33298420.233532	chr1L	Y' Gain	chr4R	True	0.27	True	subtelomere_switch	Y' Gain	chr13L	True	0.4208	True	subtelomere_switch	False	True	False	0.151
SRR33298420.275168	chr1L	Y' Gain	chr12R	True	0.63	True	subtelomere_switch	Y' Gain	chr14L	True	0.44	False	donor_transfer	False	True	False	-0.19
SRR33298420.117813	chr1L	Y' Gain	chr12R	True	0.63	True	subtelomere_switch	Y' Gain	chr8R	True	0.8155	False	subtelomere_switch	False	True	False	0.186
SRR33298420.505887	chr1L	Y' Gain	chr12R	True	0.27	True	subtelomere_switch	Y' Gain	chr13L	True	0.4136	True	subtelomere_switch	False	True	False	0.144
SRR33298420.456617	chr1L	Y' Gain	chr12R	True	0.63	True	subtelomere_switch	Y' Gain	chr14L	True	0.44	False	donor_transfer	False	True	False	-0.19
SRR33298420.539141	chr1L	Y' Gain	chr4R	True	0.63	True	subtelomere_switch	Y' Gain	chr14L	True	0.44	False	donor_transfer	False	True	False	-0.19
SRR33298420.501687	chr1L	Y' Gain	chr12R	True	0.63	True	subtelomere_switch	Y' Gain	chr14L	True	0.66	False	donor_transfer	False	True	False	0.03
SRR33298420.341666	chr1L	Y' Gain	chr12R	True	0.27	True	subtelomere_switch	Y' Gain	chr13L	True	0.4136	True	subtelomere_switch	False	True	False	0.144
SRR33298420.249606	chr1L	Y' Gain	chr12R	True	0.27	True	subtelomere_switch	Y' Gain	chr13L	True	0.4136	True	subtelomere_switch	False	True	False	0.144
SRR33298420.190494	chr1L	Y' Gain	chr12R	True	0.99	False	subtelomere_switch	Y' Gain	ambiguous	True	0.3	False	donor_transfer_candidates:4	False	True	False	-0.69
SRR33298420.7009	chr1L	Y' Gain	chr12R	True	0.99	False	subtelomere_switch	Y' Gain	ambiguous	True	0.3	False	donor_transfer_candidates:4	False	True	False	-0.69
SRR33298420.325307	chr1L	Y' Gain	chr12R	True	0.63	True	subtelomere_switch	Y' Gain	chr14L	True	0.66	False	donor_transfer	False	True	False	0.03
SRR33298420.538798	chr1L	Y' Gain	chr12R	True	0.99	False	subtelomere_switch	Y' Gain	ambiguous	True	0.3	False	donor_transfer_candidates:4	False	True	False	-0.69
SRR33298420.262139	chr1L	Y' Gain	chr4R	True	0.99	False	subtelomere_switch	Y' Gain	ambiguous	True	0.3	False	donor_transfer_candidates:4	False	True	False	-0.69
SRR33298420.537061	chr1L	Y' Gain	chr12R	True	0.99	False	subtelomere_switch	Y' Gain	ambiguous	True	0.3	False	donor_transfer_candidates:4	False	True	False	-0.69
SRR33298420.319335	chr1L	Y' Gain	chr12R	True	0.63	True	subtelomere_switch	Y' Gain	chr13L	True	0.5865	False	subtelomere_switch	False	True	False	-0.043
SRR33298420.106745	chr1L	Y' Gain	chr12R	True	0.99	False	subtelomere_switch	Y' Gain	ambiguous	True	0.3	False	donor_transfer_candidates:4	False	True	False	-0.69
SRR33298420.341311	chr1L	Y' Gain	chr12R	True	0.99	False	subtelomere_switch	Y' Gain	ambiguous	True	0.3	False	donor_transfer_candidates:4	False	True	False	-0.69
SRR33298420.568213	chr1L	Y' Gain	chr12R	True	0.99	False	subtelomere_switch	Y' Gain	ambiguous	True	0.3	False	donor_transfer_candidates:4	False	True	False	-0.69
SRR33298420.392858	chr1L	Y' Gain	chr12R	True	0.99	False	subtelomere_switch	Y' Gain	ambiguous	True	0.3	False	donor_transfer_candidates:4	False	True	False	-0.69
SRR33298420.247603	chr1L	Y' Gain	chr12R	True	0.99	False	subtelomere_switch	Y' Gain	ambiguous	True	0.3	False	donor_transfer_candidates:4	False	True	False	-0.69
SRR33298420.448101	chr1L	Y' Gain	chr4R	True	0.99	False	subtelomere_switch	Y' Gain	ambiguous	True	0.3	False	donor_transfer_candidates:7	False	True	False	-0.69
SRR33298420.189284	chr1L	Y' Gain	chr4R	True	0.99	False	subtelomere_switch	Y' Gain	ambiguous	True	0.3	False	donor_transfer_candidates:7	False	True	False	-0.69
SRR33298420.513465	chr1L	Y' Gain	chr12R	True	0.9	False	subtelomere_switch	Y' Gain	ambiguous	True	0.3	False	donor_transfer_candidates:7	False	True	False	-0.6
SRR33298420.462629	chr1L	Y' Gain	ambiguous	True	0.3	False	single_y_prime_change	Y' Gain	chr14R	True	0.33	False	donor_transfer	False	True	False	0.03
SRR33298420.561389	chr1L	Y' Gain	chr4R	True	0.63	True	subtelomere_switch	Y' Gain	chr13L	True	0.6636	False	subtelomere_switch	False	True	False	0.034
SRR33298420.158587	chr1L	Y' Gain	chr14L	True	0.63	True	subtelomere_switch	Y' Gain	chr8R	True	0.8338	False	subtelomere_switch	False	True	False	0.204
SRR33298420.293348	chr1L	Y' Gain	chr12R	True	0.9	False	subtelomere_switch	Y' Gain	ambiguous	True	0.3	False	donor_transfer_candidates:5	False	True	False	-0.6
SRR33298420.390676	chr1L	Y' Gain	chr8R	True	0.99	False	subtelomere_switch	Y' Gain	ambiguous	True	0.3	False	donor_transfer_candidates:5	False	True	False	-0.69
SRR33298420.320316	chr1L	Y' Gain	chr14L	True	0.9	False	subtelomere_switch	Y' Gain	ambiguous	True	0.3	False	donor_transfer_candidates:5	False	True	False	-0.6
SRR33298420.231922	chr1R	Y' Gain	chr12R	True	0.27	True	subtelomere_switch	Y' Gain	chr1L	True	0.51	True	subtelomere_switch	False	True	False	0.24
SRR33298420.138153	chr1R	Y' Gain	chr12R	True	0.63	True	subtelomere_switch	Y' Gain	chr1L	True	0.7421	False	subtelomere_switch	False	True	False	0.112
SRR33298420.30081	chr1R	Y' Gain	chr14L	True	0.63	True	subtelomere_switch	Y' Gain	chr1L	True	0.7465	False	subtelomere_switch	False	True	False	0.117
SRR33298420.427775	chr1R	Y' Gain	chr12R	True	0.63	True	subtelomere_switch	Y' Gain	chr1L	True	0.4837	True	subtelomere_switch	False	True	False	-0.146
SRR33298420.32700	chr1R	Y' Gain	chr14L	True	0.63	True	subtelomere_switch	Y' Gain	chr1L	True	0.75	False	subtelomere_switch	False	True	False	0.12
SRR33298420.113172	chr2R	Y' Gain	chr12R	True	0.9	False	subtelomere_switch	Y' Gain	chr7	True	0.3	False	unmatched_array	False	True	False	-0.6
SRR33298420.109438	chr2R	Y' Gain	chr14L	True	0.99	False	subtelomere_switch	Y' Gain	ambiguous	True	0.3	False	donor_transfer_candidates:4	False	True	False	-0.69
SRR33298420.364241	chr2R	Y' Gain	chr12R	True	0.99	False	subtelomere_switch	Y' Gain	ambiguous	True	0.3	False	donor_transfer_candidates:4	False	True	False	-0.69
SRR33298420.502134	chr2R	Y' Gain	chr12R	True	0.63	True	subtelomere_switch	Y' Gain	chr14L	True	0.66	False	donor_transfer	False	True	False	0.03
SRR33298420.354601	chr2R	Y' Gain	chr4R	True	0.63	True	subtelomere_switch	Y' Gain	chr14L	True	0.66	False	donor_transfer	False	True	False	0.03
SRR33298420.247257	chr2R	Y' Gain	chr12R	True	0.63	True	subtelomere_switch	Y' Gain	chr14L	True	0.66	False	donor_transfer	False	True	False	0.03
SRR33298420.206366	chr2R	Y' Gain	chr12R	True	0.63	True	subtelomere_switch	Y' Gain	chr14L	True	0.66	False	donor_transfer	False	True	False	0.03
SRR33298420.55375	chr2R	Y' Gain	chr12R	True	0.63	True	subtelomere_switch	Y' Gain	chr14L	True	0.66	False	donor_transfer	False	True	False	0.03
SRR33298420.461101	chr2R	Y' Gain	chr7	True	0.3	False	single_y_prime_change	Y' Gain	chr2L	True	0.33	False	donor_transfer_candidates:2	False	True	False	0.03
SRR33298420.229049	chr2R	Y' Gain	chr7	True	0.3	False	single_y_prime_change	Y' Gain	chr2L	True	0.33	False	donor_transfer_candidates:2	False	True	False	0.03
SRR33298420.527799	chr2R	Y' Gain	chr13L	True	0.99	False	subtelomere_switch	Y' Gain	chr7	True	0.3	False	donor_transfer_candidates:5	False	True	False	-0.69
SRR33298420.276139	chr2R	Y' Gain	chr14L	True	0.9	False	subtelomere_switch	Y' Gain	chr7	True	0.3	False	donor_transfer_candidates:5	False	True	False	-0.6
SRR33298420.149057	chr2R	Y' Gain	chr13L	True	0.99	False	subtelomere_switch	Y' Gain	chr7	True	0.3	False	donor_transfer_candidates:5	False	True	False	-0.69
SRR33298420.345412	chr2R	Y' Gain	chr14L	True	0.9	False	subtelomere_switch	Y' Gain	chr7	True	0.3	False	donor_transfer_candidates:5	False	True	False	-0.6
SRR33298420.550291	chr2R	Y' Gain	chr14L	True	0.9	False	subtelomere_switch	Y' Gain	chr7	True	0.3	False	donor_transfer_candidates:5	False	True	False	-0.6
SRR33298420.209224	chr2R	Y' Gain	chr7R	True	0.9	False	subtelomere_switch	Y' Gain	chr7	True	0.3	False	donor_transfer_candidates:5	False	True	False	-0.6
SRR33298420.376451	chr2R	Y' Gain	chr4R	True	0.9	False	subtelomere_switch	Y' Gain	chr7	True	0.3	False	donor_transfer_candidates:5	False	True	False	-0.6
SRR33298420.264232	chr2R	Y' Gain	chr5L	True	0.9	False	subtelomere_switch	Y' Gain	chr7	True	0.3	False	donor_transfer_candidates:5	False	True	False	-0.6
SRR33298420.351915	chr2R	Y' Gain	chr12R	True	0.9	False	subtelomere_switch	Y' Gain	chr7	True	0.3	False	donor_transfer_candidates:5	False	True	False	-0.6
SRR33298420.273904	chr2R	Y' Gain	chr4R	True	0.9	False	subtelomere_switch	Y' Gain	chr7	True	0.3	False	donor_transfer_candidates:5	False	True	False	-0.6
SRR33298420.80717	chr2R	Y' Gain	chr13L	True	0.99	False	subtelomere_switch	Y' Gain	chr7	True	0.3	False	donor_transfer_candidates:5	False	True	False	-0.69
SRR33298420.306264	chr2R	Y' Gain	chr12R	True	0.9	False	subtelomere_switch	Y' Gain	chr7	True	0.3	False	donor_transfer_candidates:5	False	True	False	-0.6
SRR33298420.233425	chr3L	Y' Gain	chr12R	True	0.99	False	subtelomere_switch	Y' Gain	ambiguous	True	0.3	False	donor_transfer_candidates:4	False	True	False	-0.69
SRR33298420.323409	chr3L	Y' Gain	chr12R	True	0.99	False	subtelomere_switch	Y' Gain	ambiguous	True	0.3	False	donor_transfer_candidates:4	False	True	False	-0.69
SRR33298420.484180	chr3L	Y' Gain	chr12R	True	0.63	True	subtelomere_switch	Y' Gain	chr14L	True	0.66	False	donor_transfer	False	True	False	0.03
SRR33298420.416480	chr3L	Y' Gain	chr4R	True	0.99	False	subtelomere_switch	Y' Gain	chr12R	True	0.33	False	donor_transfer_candidates:2	False	True	False	-0.66
SRR33298420.49467	chr3L	Y' Gain	chr4R	True	0.99	False	subtelomere_switch	Y' Gain	chr12R	True	0.33	False	donor_transfer_candidates:3	False	True	False	-0.66
SRR33298420.562441	chr3L	Y' Gain	chr4R	True	0.99	False	subtelomere_switch	Y' Gain	chr12R	True	0.33	False	donor_transfer_candidates:3	False	True	False	-0.66
SRR33298420.538878	chr3L	Y' Gain	chr14L	True	0.99	False	subtelomere_switch	Y' Gain	chr12R	True	0.33	False	donor_transfer_candidates:2	False	True	False	-0.66
SRR33298420.125697	chr3L	Y' Gain	chr12R	True	0.99	False	subtelomere_switch	Y' Gain	ambiguous	True	0.3	False	donor_transfer_candidates:4	False	True	False	-0.69
SRR33298420.135425	chr3L	Y' Gain	chr12R	True	0.99	False	subtelomere_switch	Y' Gain	ambiguous	True	0.3	False	donor_transfer_candidates:4	False	True	False	-0.69
SRR33298420.249965	chr3L	Y' Gain	chr12R	True	0.99	False	subtelomere_switch	Y' Gain	ambiguous	True	0.3	False	donor_transfer_candidates:4	False	True	False	-0.69
SRR33298420.280374	chr3L	Y' Gain	chr12R	True	0.99	False	subtelomere_switch	Y' Gain	ambiguous	True	0.3	False	donor_transfer_candidates:4	False	True	False	-0.69
SRR33298420.557884	chr3L	Y' Gain	chr12R	True	0.99	False	subtelomere_switch	Y' Gain	ambiguous	True	0.3	False	donor_transfer_candidates:4	False	True	False	-0.69
SRR33298420.134014	chr3L	Y' Gain	chr12R	True	0.99	False	subtelomere_switch	Y' Gain	ambiguous	True	0.3	False	donor_transfer_candidates:4	False	True	False	-0.69
SRR33298420.307320	chr3L	Y' Gain	chr12R	True	0.99	False	subtelomere_switch	Y' Gain	ambiguous	True	0.3	False	donor_transfer_candidates:4	False	True	False	-0.69
SRR33298420.290952	chr3L	Y' Gain	chr12R	True	0.99	False	subtelomere_switch	Y' Gain	ambiguous	True	0.3	False	donor_transfer_candidates:4	False	True	False	-0.69
SRR33298420.88780	chr3L	Y' Gain	chr12R	True	0.99	False	subtelomere_switch	Y' Gain	chr14L	True	0.33	False	donor_transfer_candidates:4	False	True	False	-0.66
SRR33298420.70155	chr3R	Y' Gain	chr12R	True	0.63	True	subtelomere_switch	Y' Gain	chr5R	True	0.8106	False	subtelomere_switch	False	True	False	0.181
SRR33298420.287724	chr3R	Y' Gain	chr4R	True	0.27	True	subtelomere_switch	Y' Gain	chr5R	True	0.5123	True	subtelomere_switch	False	True	False	0.242
SRR33298420.569809	chr3R	Y' Gain	chr12R	True	0.63	True	subtelomere_switch	Y' Gain	chr5R	True	0.7974	False	subtelomere_switch	False	True	False	0.167
SRR33298420.208674	chr3R	Y' Gain	chr12R	True	0.63	True	subtelomere_switch	Y' Gain	chr5R	True	0.7306	False	subtelomere_switch	False	True	False	0.101
SRR33298420.111683	chr3R	Y' Gain	chr12R	True	0.63	True	subtelomere_switch	Y' Gain	chr5R	True	0.8106	False	subtelomere_switch	False	True	False	0.181
SRR33298420.127286	chr3R	Y' Gain	chr12R	True	0.27	True	subtelomere_switch	Y' Gain	chr5R	True	0.5204	True	subtelomere_switch	False	True	False	0.25
SRR33298420.13537	chr3R	Y' Gain	chr12R	True	0.99	False	subtelomere_switch	Y' Gain	ambiguous	True	0.3	False	donor_transfer_candidates:4	False	True	False	-0.69
SRR33298420.13538	chr3R	Y' Gain	chr12R	True	0.99	False	subtelomere_switch	Y' Gain	ambiguous	True	0.3	False	donor_transfer_candidates:4	False	True	False	-0.69
SRR33298420.461882	chr3R	Y' Gain	chr12R	True	0.99	False	subtelomere_switch	Y' Gain	ambiguous	True	0.3	False	donor_transfer_candidates:4	False	True	False	-0.69
SRR33298420.188453	chr3R	Y' Gain	chr4R	True	0.63	True	subtelomere_switch	Y' Gain	chr5R	True	0.808	False	subtelomere_switch	False	True	False	0.178
SRR33298420.307381	chr3R	Y' Gain	chr12R	True	0.63	True	subtelomere_switch	Y' Gain	chr5R	True	0.8106	False	subtelomere_switch	False	True	False	0.181
SRR33298420.459033	chr3R	Y' Gain	chr12R	True	0.27	True	subtelomere_switch	Y' Gain	chr13L	True	0.5559	True	subtelomere_switch	False	True	False	0.286
SRR33298420.276847	chr3R	Y' Gain	chr12R	True	0.27	True	subtelomere_switch	Y' Gain	chr13L	True	0.553	True	subtelomere_switch	False	True	False	0.283
SRR33298420.190796	chr3R	Y' Gain	chr4R	True	0.63	True	subtelomere_switch	Y' Gain	chr14L	True	0.44	False	donor_transfer	False	True	False	-0.19
SRR33298420.414861	chr3R	Y' Gain	chr14L	True	0.63	True	subtelomere_switch	Y' Gain	chr13L	True	0.5538	True	subtelomere_switch	False	True	False	-0.076
SRR33298420.229503	chr3R	Y' Gain	chr12R	True	0.27	True	subtelomere_switch	Y' Gain	chr13L	True	0.5469	True	subtelomere_switch	False	True	False	0.277
SRR33298420.174368	chr3R	Y' Gain	chr12R	True	0.99	False	subtelomere_switch	Y' Gain	ambiguous	True	0.3	False	donor_transfer_candidates:4	False	True	False	-0.69
SRR33298420.468861	chr3R	Y' Gain	chr4R	True	0.63	True	subtelomere_switch	Y' Gain	chr5R	True	0.8054	False	subtelomere_switch	False	True	False	0.175
SRR33298420.246593	chr3R	Y' Gain	chr12R	True	0.63	True	subtelomere_switch	Y' Gain	chr5R	True	0.8179	False	subtelomere_switch	False	True	False	0.188
SRR33298420.209117	chr3R	Y' Gain	chr16L	True	0.63	True	subtelomere_switch	Y' Gain	chr5R	True	0.8106	False	subtelomere_switch	False	True	False	0.181
SRR33298420.18196	chr3R	Y' Gain	chr12R	True	0.63	True	subtelomere_switch	Y' Gain	chr5R	True	0.7889	False	subtelomere_switch	False	True	False	0.159
SRR33298420.491149	chr3R	Y' Gain	chr4R	True	0.63	True	subtelomere_switch	Y' Gain	chr5R	True	0.8152	False	subtelomere_switch	False	True	False	0.185
SRR33298420.460798	chr3R	Y' Gain	chr12R	True	0.63	True	subtelomere_switch	Y' Gain	chr5R	True	0.8025	False	subtelomere_switch	False	True	False	0.172
SRR33298420.527456	chr3R	Y' Gain	chr12R	True	0.63	True	subtelomere_switch	Y' Gain	chr5R	True	0.8025	False	subtelomere_switch	False	True	False	0.172
SRR33298420.282918	chr3R	Y' Gain	chr12R	True	0.63	True	subtelomere_switch	Y' Gain	chr5R	True	0.8106	False	subtelomere_switch	False	True	False	0.181
SRR33298420.347482	chr3R	Y' Gain	chr13L	True	0.4942	True	subtelomere_switch	Y' Gain	chr14L	True	0.63	True	subtelomere_switch	False	True	False	0.136
SRR33298420.75000	chr3R	Y' Gain	chr4R	True	0.9	False	subtelomere_switch	Y' Gain	chr14	True	0.3	False	unmatched_array	False	True	False	-0.6
SRR33298420.68408	chr3R	Y' Gain	chr7	True	0.3	False	single_y_prime_change	Y' Gain	chr14R	True	0.33	False	donor_transfer	False	True	False	0.03
SRR33298420.183589	chr4L	Y' Gain	chr12R	True	0.27	True	subtelomere_switch	Y' Gain	chr13L	True	0.5559	True	subtelomere_switch	False	True	False	0.286
SRR33298420.282303	chr4L	Y' Gain	chr12R	True	0.63	True	subtelomere_switch	Y' Gain	chr13L	True	0.7941	False	subtelomere_switch	False	True	False	0.164
SRR33298420.9732	chr4L	Y' Gain	chr12R	True	0.27	True	subtelomere_switch	Y' Gain	chr13L	True	0.5348	True	subtelomere_switch	False	True	False	0.265
SRR33298420.447129	chr4L	Y' Gain	chr14L	True	0.63	True	subtelomere_switch	Y' Gain	chr13L	True	0.825	False	subtelomere_switch	False	True	False	0.195
SRR33298420.245134	chr4L	Y' Gain	chr14L	True	0.63	True	subtelomere_switch	Y' Gain	chr13L	True	0.8658	False	subtelomere_switch	False	True	False	0.236
SRR33298420.555471	chr4L	Y' Gain	chr4R	True	0.63	True	subtelomere_switch	Y' Gain	chr13L	True	0.6494	False	subtelomere_switch	False	True	False	0.019
SRR33298420.457467	chr4L	No Change	chr2R	True	0.63	True	subtelomere_switch	No Change	chr13L	True	0.7501	False	subtelomere_switch	False	True	False	0.12
SRR33298420.229448	chr4R	Y' Gain	chr16L	True	0.33	False	single_y_prime_change	Y' Gain	chr4R	True	0.33	False	tandem_amplification_same_end	False	True	False	0.0
SRR33298420.246022	chr4R	Y' Gain	chr16L	True	0.33	False	single_y_prime_change	Y' Gain	chr2L	True	0.33	False	donor_transfer_candidates:2	False	True	False	0.0
SRR33298420.357534	chr5L	Y' Gain	ambiguous	True	0.3	False	single_y_prime_change	Y' Gain	chr10L	True	0.33	False	donor_transfer_candidates:2	False	True	False	0.03
SRR33298420.273988	chr5L	Y' Gain	ambiguous	True	0.3	False	single_y_prime_change	Y' Gain	chr14R	True	0.33	False	donor_transfer	False	True	False	0.03
SRR33298420.375260	chr5L	Y' Gain	chr12	True	0.3	False	single_y_prime_change	Y' Gain	chr2L	True	0.33	False	donor_transfer_candidates:2	False	True	False	0.03
SRR33298420.476481	chr5L	Y' Gain	chr12	True	0.3	False	single_y_prime_change	Y' Gain	chr2L	True	0.33	False	donor_transfer_candidates:2	False	True	False	0.03
SRR33298420.511052	chr5L	Y' Gain	chr12	True	0.3	False	single_y_prime_change	Y' Gain	chr2L	True	0.33	False	donor_transfer_candidates:2	False	True	False	0.03
SRR33298420.501274	chr5L	Y' Gain	chr12	True	0.3	False	single_y_prime_change	Y' Gain	chr2L	True	0.33	False	donor_transfer_candidates:2	False	True	False	0.03
SRR33298420.302444	chr5L	Y' Gain	chr12	True	0.3	False	single_y_prime_change	Y' Gain	chr2L	True	0.33	False	donor_transfer_candidates:2	False	True	False	0.03
SRR33298420.186431	chr5L	Y' Gain	chr12	True	0.3	False	single_y_prime_change	Y' Gain	chr2L	True	0.33	False	donor_transfer_candidates:2	False	True	False	0.03
SRR33298420.263306	chr5L	Y' Gain	chr14	True	0.3	False	single_y_prime_change	Y' Gain	chr2L	True	0.33	False	donor_transfer_candidates:2	False	True	False	0.03
SRR33298420.79239	chr5L	Y' Gain	chr12	True	0.3	False	single_y_prime_change	Y' Gain	chr2L	True	0.33	False	donor_transfer_candidates:2	False	True	False	0.03
SRR33298420.244654	chr5L	Y' Gain	chr12	True	0.3	False	single_y_prime_change	Y' Gain	chr2L	True	0.33	False	donor_transfer_candidates:2	False	True	False	0.03
SRR33298420.17046	chr5L	Y' Gain	chr12	True	0.3	False	single_y_prime_change	Y' Gain	chr2L	True	0.33	False	donor_transfer_candidates:2	False	True	False	0.03
SRR33298420.508671	chr5L	Y' Gain	chr12	True	0.3	False	single_y_prime_change	Y' Gain	chr2L	True	0.33	False	donor_transfer_candidates:2	False	True	False	0.03
SRR33298420.316564	chr5L	Y' Gain	chr12	True	0.3	False	single_y_prime_change	Y' Gain	chr2L	True	0.33	False	donor_transfer_candidates:2	False	True	False	0.03
SRR33298420.17557	chr5L	Y' Gain	chr14	True	0.3	False	single_y_prime_change	Y' Gain	chr2L	True	0.33	False	donor_transfer_candidates:2	False	True	False	0.03
SRR33298420.44191	chr5L	Y' Gain	chr12	True	0.3	False	single_y_prime_change	Y' Gain	chr2L	True	0.33	False	donor_transfer_candidates:2	False	True	False	0.03
SRR33298420.396645	chr5L	Y' Gain	chr12	True	0.3	False	single_y_prime_change	Y' Gain	chr2L	True	0.33	False	donor_transfer_candidates:2	False	True	False	0.03
SRR33298420.315793	chr5L	1st Y' Change	ambiguous	True	0.3	False	single_y_prime_change	1st Y' Change	chr10L	True	0.33	False	donor_transfer_candidates:2	False	True	False	0.03
SRR33298420.422431	chr5L	1st Y' Change	ambiguous	True	0.3	False	single_y_prime_change	1st Y' Change	chr10L	True	0.33	False	donor_transfer_candidates:2	False	True	False	0.03
SRR33298420.952	chr5L	1st Y' Change	ambiguous	True	0.3	False	single_y_prime_change	1st Y' Change	chr12R	True	0.33	False	donor_transfer	False	True	False	0.03
SRR33298420.255598	chr5L	1st Y' Change	ambiguous	True	0.3	False	single_y_prime_change	1st Y' Change	chr12R	True	0.33	False	donor_transfer	False	True	False	0.03
SRR33298420.555244	chr5L	1st Y' Change	ambiguous	True	0.3	False	single_y_prime_change	1st Y' Change	chr12R	True	0.33	False	donor_transfer	False	True	False	0.03
SRR33298420.524996	chr5L	1st Y' Change	ambiguous	True	0.3	False	single_y_prime_change	1st Y' Change	chr12R	True	0.33	False	donor_transfer	False	True	False	0.03
SRR33298420.290077	chr5L	1st Y' Change	ambiguous	True	0.3	False	single_y_prime_change	1st Y' Change	chr12R	True	0.33	False	donor_transfer	False	True	False	0.03
SRR33298420.259181	chr5L	1st Y' Change	ambiguous	True	0.3	False	single_y_prime_change	1st Y' Change	chr12R	True	0.33	False	donor_transfer	False	True	False	0.03
SRR33298420.32388	chr5L	1st Y' Change	ambiguous	True	0.3	False	single_y_prime_change	1st Y' Change	chr12R	True	0.33	False	donor_transfer	False	True	False	0.03
SRR33298420.489469	chr5L	1st Y' Change	ambiguous	True	0.3	False	single_y_prime_change	1st Y' Change	chr12R	True	0.33	False	donor_transfer	False	True	False	0.03
SRR33298420.510243	chr5R	Y' Gain	ambiguous	True	0.3	False	single_y_prime_change	Y' Gain	chr10L	True	0.33	False	donor_transfer_candidates:2	False	True	False	0.03
SRR33298420.537894	chr5R	Y' Gain	chr14L	True	0.33	False	single_y_prime_change	Y' Gain	chr5R	True	0.33	False	tandem_amplification_same_end	False	True	False	0.0
SRR33298420.421502	chr5R	Y' Gain	chr14L	True	0.33	False	single_y_prime_change	Y' Gain	chr5R	True	0.33	False	tandem_amplification_same_end	False	True	False	0.0
SRR33298420.73467	chr5R	Y' Gain	chr14L	True	0.33	False	single_y_prime_change	Y' Gain	chr5R	True	0.33	False	tandem_amplification_same_end	False	True	False	0.0
SRR33298420.537892	chr5R	Y' Gain	chr14L	True	0.33	False	single_y_prime_change	Y' Gain	chr5R	True	0.33	False	tandem_amplification_same_end	False	True	False	0.0
SRR33298420.302710	chr5R	Y' Gain	chr14L	True	0.33	False	single_y_prime_change	Y' Gain	chr5R	True	0.33	False	tandem_amplification_same_end	False	True	False	0.0
SRR33298420.562709	chr5R	Y' Gain	chr14L	True	0.33	False	single_y_prime_change	Y' Gain	chr5R	True	0.33	False	tandem_amplification_same_end	False	True	False	0.0
SRR33298420.183646	chr5R	Y' Gain	chr14L	True	0.33	False	single_y_prime_change	Y' Gain	chr5R	True	0.33	False	tandem_amplification_same_end	False	True	False	0.0
SRR33298420.219383	chr5R	Y' Gain	chr14L	True	0.33	False	single_y_prime_change	Y' Gain	chr5R	True	0.33	False	tandem_amplification_same_end	False	True	False	0.0
SRR33298420.79868	chr5R	Y' Gain	chr14L	True	0.33	False	single_y_prime_change	Y' Gain	chr5R	True	0.33	False	tandem_amplification_same_end	False	True	False	0.0
SRR33298420.343678	chr5R	Y' Gain	ambiguous	True	0.3	False	single_y_prime_change	Y' Gain	chr5R	True	0.33	False	tandem_amplification_same_end	False	True	False	0.03
SRR33298420.495354	chr5R	Y' Gain	chr14L	True	0.33	False	single_y_prime_change	Y' Gain	chr5R	True	0.33	False	tandem_amplification_same_end	False	True	False	0.0
SRR33298420.6909	chr5R	Y' Gain	chr16L	True	0.33	False	single_y_prime_change	Y' Gain	chr5R	True	0.33	False	tandem_amplification_same_end	False	True	False	0.0
SRR33298420.457329	chr5R	Y' Gain	chr16L	True	0.33	False	single_y_prime_change	Y' Gain	chr5R	True	0.33	False	tandem_amplification_same_end	False	True	False	0.0
SRR33298420.477167	chr5R	Y' Gain	chr14L	True	0.33	False	single_y_prime_change	Y' Gain	chr5R	True	0.33	False	tandem_amplification_same_end	False	True	False	0.0
SRR33298420.421620	chr5R	Y' Gain	chr14L	True	0.33	False	single_y_prime_change	Y' Gain	chr5R	True	0.33	False	tandem_amplification_same_end	False	True	False	0.0
SRR33298420.353550	chr5R	Y' Gain	chr14L	True	0.33	False	single_y_prime_change	Y' Gain	chr14R	True	0.33	False	donor_transfer	False	True	False	0.0
SRR33298420.457373	chr5R	Y' Gain	chr14L	True	0.33	False	single_y_prime_change	Y' Gain	chr5R	True	0.33	False	tandem_amplification_same_end	False	True	False	0.0
SRR33298420.239765	chr5R	Y' Gain	chr14L	True	0.33	False	single_y_prime_change	Y' Gain	chr2L	True	0.33	False	donor_transfer_candidates:2	False	True	False	0.0
SRR33298420.237209	chr5R	Y' Gain	chr14L	True	0.33	False	single_y_prime_change	Y' Gain	chr2L	True	0.33	False	donor_transfer_candidates:2	False	True	False	0.0
SRR33298420.28279	chr5R	Y' Gain	chr14L	True	0.33	False	single_y_prime_change	Y' Gain	chr2L	True	0.33	False	donor_transfer_candidates:2	False	True	False	0.0
SRR33298420.154832	chr5R	Y' Gain	chr14L	True	0.33	False	single_y_prime_change	Y' Gain	chr2L	True	0.33	False	donor_transfer_candidates:2	False	True	False	0.0
SRR33298420.454103	chr5R	Y' Gain	chr14L	True	0.33	False	single_y_prime_change	Y' Gain	chr2L	True	0.33	False	donor_transfer_candidates:2	False	True	False	0.0
SRR33298420.469105	chr5R	Y' Gain	chr16L	True	0.33	False	single_y_prime_change	Y' Gain	chr2L	True	0.33	False	donor_transfer_candidates:2	False	True	False	0.0
SRR33298420.397848	chr5R	Y' Gain	chr14L	True	0.33	False	single_y_prime_change	Y' Gain	chr2L	True	0.33	False	donor_transfer_candidates:2	False	True	False	0.0
SRR33298420.17801	chr5R	Y' Gain	chr16L	True	0.33	False	single_y_prime_change	Y' Gain	chr2L	True	0.33	False	donor_transfer_candidates:2	False	True	False	0.0
SRR33298420.456102	chr5R	Y' Gain	chr14L	True	0.33	False	single_y_prime_change	Y' Gain	chr2L	True	0.33	False	donor_transfer_candidates:2	False	True	False	0.0
SRR33298420.15862	chr5R	Y' Gain	chr16L	True	0.33	False	single_y_prime_change	Y' Gain	chr2L	True	0.33	False	donor_transfer_candidates:2	False	True	False	0.0
SRR33298420.220529	chr5R	1st Y' Change	ambiguous	True	0.3	False	single_y_prime_change	1st Y' Change	chr10L	True	0.33	False	donor_transfer_candidates:2	False	True	False	0.03
SRR33298420.275888	chr6R	Y' Gain	chr4R	True	0.63	True	subtelomere_switch	Y' Gain	chr11L	True	0.6634	False	subtelomere_switch	False	True	False	0.033
SRR33298420.257525	chr6R	Y' Gain	chr12R	True	0.63	True	subtelomere_switch	Y' Gain	chr14L	True	0.66	False	donor_transfer	False	True	False	0.03
SRR33298420.517358	chr6R	Y' Gain	chr12R	True	0.63	True	subtelomere_switch	Y' Gain	chr14L	True	0.66	False	donor_transfer	False	True	False	0.03
SRR33298420.73065	chr6R	Y' Gain	chr12R	True	0.99	False	subtelomere_switch	Y' Gain	ambiguous	True	0.3	False	donor_transfer_candidates:4	False	True	False	-0.69
SRR33298420.537157	chr6R	Y' Gain	chr12R	True	0.99	False	subtelomere_switch	Y' Gain	ambiguous	True	0.3	False	donor_transfer_candidates:4	False	True	False	-0.69
SRR33298420.259670	chr6R	Y' Gain	chr4R	True	0.99	False	subtelomere_switch	Y' Gain	ambiguous	True	0.3	False	donor_transfer_candidates:4	False	True	False	-0.69
SRR33298420.250695	chr6R	Y' Gain	chr12R	True	0.63	True	subtelomere_switch	Y' Gain	chr14L	True	0.66	False	donor_transfer	False	True	False	0.03
SRR33298420.436479	chr6R	Y' Gain	chr12R	True	0.63	True	subtelomere_switch	Y' Gain	chr14L	True	0.66	False	donor_transfer	False	True	False	0.03
SRR33298420.501584	chr6R	Y' Gain	chr14L	True	0.99	False	subtelomere_switch	Y' Gain	chr4R	True	0.33	False	donor_transfer_candidates:4	False	True	False	-0.66
SRR33298420.230326	chr6R	Y' Gain	chr12R	True	0.99	False	subtelomere_switch	Y' Gain	ambiguous	True	0.3	False	donor_transfer_candidates:4	False	True	False	-0.69
SRR33298420.316133	chr6R	Y' Gain	chr12R	True	0.99	False	subtelomere_switch	Y' Gain	ambiguous	True	0.3	False	donor_transfer_candidates:4	False	True	False	-0.69
SRR33298420.540386	chr6R	Y' Gain	chr4R	True	0.63	True	subtelomere_switch	Y' Gain	chr14L	True	0.66	False	donor_transfer	False	True	False	0.03
SRR33298420.317355	chr6R	Y' Gain	chr12R	True	0.63	True	subtelomere_switch	Y' Gain	chr14L	True	0.66	False	donor_transfer	False	True	False	0.03
SRR33298420.517135	chr6R	Y' Gain	chr12R	True	0.63	True	subtelomere_switch	Y' Gain	chr14L	True	0.44	False	donor_transfer	False	True	False	-0.19
SRR33298420.98994	chr6R	Y' Gain	chr12R	True	0.99	False	subtelomere_switch	Y' Gain	chr4R	True	0.33	False	donor_transfer_candidates:4	False	True	False	-0.66
SRR33298420.283687	chr6R	Y' Gain	chr12R	True	0.63	True	subtelomere_switch	Y' Gain	chr14L	True	0.66	False	donor_transfer	False	True	False	0.03
SRR33298420.528987	chr6R	Y' Gain	chr14L	True	0.63	True	subtelomere_switch	Y' Gain	chr11L	True	0.475	False	subtelomere_switch	False	True	False	-0.155
SRR33298420.364740	chr6R	Y' Gain	chr12R	True	0.63	True	subtelomere_switch	Y' Gain	chr14L	True	0.66	False	donor_transfer	False	True	False	0.03
SRR33298420.502972	chr6R	Y' Gain	chr12R	True	0.99	False	subtelomere_switch	Y' Gain	ambiguous	True	0.3	False	donor_transfer_candidates:4	False	True	False	-0.69
SRR33298420.290695	chr6R	Y' Gain	chr14L	True	0.99	False	subtelomere_switch	Y' Gain	chr12R	True	0.33	False	donor_transfer_candidates:2	False	True	False	-0.66
SRR33298420.463614	chr6R	Y' Gain	chr12R	True	0.99	False	subtelomere_switch	Y' Gain	ambiguous	True	0.3	False	donor_transfer_candidates:4	False	True	False	-0.69
SRR33298420.260731	chr6R	Y' Gain	chr4R	True	0.99	False	subtelomere_switch	Y' Gain	ambiguous	True	0.3	False	donor_transfer_candidates:4	False	True	False	-0.69
SRR33298420.264044	chr6R	Y' Gain	chr12R	True	0.99	False	subtelomere_switch	Y' Gain	ambiguous	True	0.3	False	donor_transfer_candidates:4	False	True	False	-0.69
SRR33298420.96181	chr6R	Y' Gain	chr12R	True	0.99	False	subtelomere_switch	Y' Gain	ambiguous	True	0.3	False	donor_transfer_candidates:4	False	True	False	-0.69
SRR33298420.247019	chr6R	Y' Gain	chr12R	True	0.99	False	subtelomere_switch	Y' Gain	ambiguous	True	0.3	False	donor_transfer_candidates:4	False	True	False	-0.69
SRR33298420.354189	chr6R	Y' Gain	chr4R	True	0.99	False	subtelomere_switch	Y' Gain	ambiguous	True	0.3	False	donor_transfer_candidates:4	False	True	False	-0.69
SRR33298420.310742	chr6R	Y' Gain	chr12R	True	0.99	False	subtelomere_switch	Y' Gain	ambiguous	True	0.3	False	donor_transfer_candidates:4	False	True	False	-0.69
SRR33298420.337861	chr6R	Y' Gain	chr12R	True	0.63	True	subtelomere_switch	Y' Gain	chr14L	True	0.66	False	donor_transfer	False	True	False	0.03
SRR33298420.397854	chr6R	Y' Gain	chr14L	True	0.99	False	subtelomere_switch	Y' Gain	ambiguous	True	0.3	False	donor_transfer_candidates:4	False	True	False	-0.69
SRR33298420.400055	chr6R	Y' Gain	chr4R	True	0.99	False	subtelomere_switch	Y' Gain	chr12R	True	0.33	False	donor_transfer_candidates:2	False	True	False	-0.66
SRR33298420.516898	chr6R	Y' Gain	chr12R	True	0.9	False	subtelomere_switch	Y' Gain	ambiguous	True	0.3	False	unmatched_array	False	True	False	-0.6
SRR33298420.126524	chr6R	Y' Gain	chr12R	True	0.63	True	subtelomere_switch	Y' Gain	chr14L	True	0.66	False	donor_transfer	False	True	False	0.03
SRR33298420.436679	chr6R	Y' Gain	chr12R	True	0.63	True	subtelomere_switch	Y' Gain	chr14L	True	0.66	False	donor_transfer	False	True	False	0.03
SRR33298420.60778	chr6R	Y' Gain	chr12R	True	0.99	False	subtelomere_switch	Y' Gain	ambiguous	True	0.3	False	donor_transfer_candidates:4	False	True	False	-0.69
SRR33298420.502342	chr6R	Y' Gain	chr14L	True	0.99	False	subtelomere_switch	Y' Gain	ambiguous	True	0.3	False	donor_transfer_candidates:4	False	True	False	-0.69
SRR33298420.128685	chr6R	Y' Gain	chr12R	True	0.99	False	subtelomere_switch	Y' Gain	ambiguous	True	0.3	False	donor_transfer_candidates:4	False	True	False	-0.69
SRR33298420.234699	chr6R	Y' Gain	chr12R	True	0.63	True	subtelomere_switch	Y' Gain	chr11L	True	0.5011	False	subtelomere_switch	False	True	False	-0.129
SRR33298420.537761	chr6R	Y' Gain	chr12R	True	0.9	False	subtelomere_switch	Y' Gain	ambiguous	True	0.3	False	unmatched_array	False	True	False	-0.6
SRR33298420.537009	chr6R	Y' Gain	chr12R	True	0.9	False	subtelomere_switch	Y' Gain	ambiguous	True	0.3	False	unmatched_array	False	True	False	-0.6
SRR33298420.247016	chr6R	Y' Gain	chr12R	True	0.9	False	subtelomere_switch	Y' Gain	ambiguous	True	0.3	False	unmatched_array	False	True	False	-0.6
SRR33298420.260210	chr6R	Y' Gain	chr4R	True	0.99	False	subtelomere_switch	Y' Gain	chr12R	True	0.33	False	donor_transfer_candidates:2	False	True	False	-0.66
SRR33298420.76706	chr6R	Y' Gain	chr12R	True	0.63	True	subtelomere_switch	Y' Gain	chr14L	True	0.66	False	donor_transfer	False	True	False	0.03
SRR33298420.16653	chr6R	Y' Gain	chr12R	True	0.99	False	subtelomere_switch	Y' Gain	ambiguous	True	0.3	False	donor_transfer_candidates:4	False	True	False	-0.69
SRR33298420.247743	chr6R	Y' Gain	chr4R	True	0.9	False	subtelomere_switch	Y' Gain	ambiguous	True	0.3	False	unmatched_array	False	True	False	-0.6
SRR33298420.147530	chr6R	Y' Gain	chr14L	True	0.99	False	subtelomere_switch	Y' Gain	chr12R	True	0.33	False	donor_transfer_candidates:2	False	True	False	-0.66
SRR33298420.559705	chr6R	Y' Gain	chr4R	True	0.99	False	subtelomere_switch	Y' Gain	chr12R	True	0.33	False	donor_transfer_candidates:3	False	True	False	-0.66
SRR33298420.538970	chr6R	Y' Gain	chr12R	True	0.9	False	subtelomere_switch	Y' Gain	ambiguous	True	0.3	False	unmatched_array	False	True	False	-0.6
SRR33298420.414838	chr6R	Y' Gain	chr12R	True	0.63	True	subtelomere_switch	Y' Gain	chr14L	True	0.66	False	donor_transfer	False	True	False	0.03
SRR33298420.273092	chr6R	Y' Gain	chr12R	True	0.9	False	subtelomere_switch	Y' Gain	ambiguous	True	0.3	False	unmatched_array	False	True	False	-0.6
SRR33298420.452931	chr6R	Y' Gain	chr12R	True	0.9	False	subtelomere_switch	Y' Gain	ambiguous	True	0.3	False	unmatched_array	False	True	False	-0.6
SRR33298420.187604	chr6R	Y' Gain	chr12R	True	0.9	False	subtelomere_switch	Y' Gain	ambiguous	True	0.3	False	unmatched_array	False	True	False	-0.6
SRR33298420.552920	chr6R	Y' Gain	chr12R	True	0.63	True	subtelomere_switch	Y' Gain	chr14L	True	0.44	False	donor_transfer	False	True	False	-0.19
SRR33298420.458193	chr6R	Y' Gain	chr12R	True	0.9	False	subtelomere_switch	Y' Gain	ambiguous	True	0.3	False	unmatched_array	False	True	False	-0.6
SRR33298420.279753	chr6R	Y' Gain	chr12R	True	0.99	False	subtelomere_switch	Y' Gain	ambiguous	True	0.3	False	donor_transfer_candidates:4	False	True	False	-0.69
SRR33298420.74124	chr6R	Y' Gain	chr14R	True	0.99	False	subtelomere_switch	Y' Gain	ambiguous	True	0.3	False	unmatched_array	False	True	False	-0.69
SRR33298420.219954	chr6R	Y' Gain	chr12R	True	0.9	False	subtelomere_switch	Y' Gain	ambiguous	True	0.3	False	unmatched_array	False	True	False	-0.6
SRR33298420.253885	chr6R	Y' Gain	chr4R	True	0.99	False	subtelomere_switch	Y' Gain	chr14L	True	0.33	False	donor_transfer_candidates:7	False	True	False	-0.66
SRR33298420.569046	chr6R	Y' Gain	chr12R	True	0.9	False	subtelomere_switch	Y' Gain	chr12	True	0.33	False	donor_transfer_candidates:7	False	True	False	-0.57
SRR33298420.137395	chr6R	Y' Gain	chr12R	True	0.9	False	subtelomere_switch	Y' Gain	chr14R	True	0.33	False	donor_transfer	False	True	False	-0.57
SRR33298420.137683	chr6R	Y' Gain	chr14R	True	0.63	True	subtelomere_switch	Y' Gain	chr11L	True	0.3385	True	subtelomere_switch	False	True	False	-0.292
SRR33298420.69549	chr6R	Y' Gain	chr12R	True	0.9	False	subtelomere_switch	Y' Gain	chr14R	True	0.33	False	donor_transfer	False	True	False	-0.57
SRR33298420.362620	chr6R	Y' Gain	chr12R	True	0.9	False	subtelomere_switch	Y' Gain	chr14R	True	0.33	False	donor_transfer	False	True	False	-0.57
SRR33298420.566803	chr7L	Y' Gain	chr12R	True	0.99	False	subtelomere_switch	Y' Gain	ambiguous	True	0.3	False	donor_transfer_candidates:4	False	True	False	-0.69
SRR33298420.207452	chr7L	Y' Gain	chr4R	True	0.99	False	subtelomere_switch	Y' Gain	ambiguous	True	0.3	False	unmatched_array	False	True	False	-0.69
SRR33298420.77925	chr7L	Y' Gain	chr12R	True	0.63	True	subtelomere_switch	Y' Gain	chr14L	True	0.66	False	donor_transfer	False	True	False	0.03
SRR33298420.263017	chr7L	Y' Gain	chr12R	True	0.9	False	subtelomere_switch	Y' Gain	chr14L	True	0.33	False	unmatched_array	False	True	False	-0.57
SRR33298420.336668	chr7L	Y' Gain	chr12R	True	0.99	False	subtelomere_switch	Y' Gain	chr14L	True	0.33	False	donor_transfer_candidates:4	False	True	False	-0.66
SRR33298420.65326	chr7L	Y' Gain	chr4R	True	0.99	False	subtelomere_switch	Y' Gain	chr16L	True	0.33	False	unmatched_array	False	True	False	-0.66
SRR33298420.167083	chr7L	Y' Gain	chr12R	True	0.99	False	subtelomere_switch	Y' Gain	chr16L	True	0.33	False	donor_transfer_candidates:4	False	True	False	-0.66
SRR33298420.257071	chr7L	Y' Gain	chr12R	True	0.99	False	subtelomere_switch	Y' Gain	ambiguous	True	0.3	False	donor_transfer_candidates:4	False	True	False	-0.69
SRR33298420.300801	chr7L	Y' Gain	chr12R	True	0.99	False	subtelomere_switch	Y' Gain	ambiguous	True	0.3	False	donor_transfer_candidates:4	False	True	False	-0.69
SRR33298420.48355	chr7L	Y' Gain	chr12R	True	0.99	False	subtelomere_switch	Y' Gain	ambiguous	True	0.3	False	donor_transfer_candidates:4	False	True	False	-0.69
SRR33298420.246275	chr7L	Y' Gain	chr12R	True	0.99	False	subtelomere_switch	Y' Gain	ambiguous	True	0.3	False	donor_transfer_candidates:4	False	True	False	-0.69
SRR33298420.534488	chr7L	Y' Gain	chr12R	True	0.9	False	subtelomere_switch	Y' Gain	ambiguous	True	0.3	False	unmatched_array	False	True	False	-0.6
SRR33298420.64322	chr7L	Y' Gain	chr12R	True	0.9	False	subtelomere_switch	Y' Gain	ambiguous	True	0.3	False	unmatched_array	False	True	False	-0.6
SRR33298420.412793	chr7L	Y' Gain	chr12R	True	0.63	True	subtelomere_switch	Y' Gain	chr14L	True	0.66	False	donor_transfer	False	True	False	0.03
SRR33298420.303158	chr7L	Y' Gain	chr12R	True	0.63	True	subtelomere_switch	Y' Gain	chr14L	True	0.66	False	donor_transfer	False	True	False	0.03
SRR33298420.259734	chr7L	Y' Gain	chr12R	True	0.9	False	subtelomere_switch	Y' Gain	ambiguous	True	0.3	False	unmatched_array	False	True	False	-0.6
SRR33298420.288996	chr7L	Y' Gain	chr12R	True	0.9	False	subtelomere_switch	Y' Gain	ambiguous	True	0.3	False	unmatched_array	False	True	False	-0.6
SRR33298420.7131	chr7L	Y' Gain	chr12R	True	0.9	False	subtelomere_switch	Y' Gain	ambiguous	True	0.3	False	unmatched_array	False	True	False	-0.6
SRR33298420.339637	chr7L	Y' Gain	chr12R	True	0.9	False	subtelomere_switch	Y' Gain	ambiguous	True	0.3	False	unmatched_array	False	True	False	-0.6
SRR33298420.82113	chr7L	Y' Gain	chr12R	True	0.63	True	subtelomere_switch	Y' Gain	chr14L	True	0.44	False	donor_transfer	False	True	False	-0.19
SRR33298420.11006	chr7L	Y' Gain	chr12R	True	0.63	True	subtelomere_switch	Y' Gain	chr14L	True	0.44	False	donor_transfer	False	True	False	-0.19
SRR33298420.190056	chr7L	Y' Gain	chr14L	True	0.99	False	subtelomere_switch	Y' Gain	chr12R	True	0.33	False	donor_transfer_candidates:2	False	True	False	-0.66
SRR33298420.325394	chr7L	Y' Gain	chr12R	True	0.99	False	subtelomere_switch	Y' Gain	ambiguous	True	0.3	False	donor_transfer_candidates:4	False	True	False	-0.69
SRR33298420.350309	chr7L	Y' Gain	chr12R	True	0.99	False	subtelomere_switch	Y' Gain	ambiguous	True	0.3	False	donor_transfer_candidates:4	False	True	False	-0.69
SRR33298420.141472	chr7L	Y' Gain	chr16L	True	0.63	True	subtelomere_switch	Y' Gain	chr14L	True	0.66	False	donor_transfer	False	True	False	0.03
SRR33298420.424184	chr7L	Y' Gain	chr4R	True	0.99	False	subtelomere_switch	Y' Gain	ambiguous	True	0.3	False	unmatched_array	False	True	False	-0.69
SRR33298420.291735	chr7L	Y' Gain	chr4R	True	0.99	False	subtelomere_switch	Y' Gain	ambiguous	True	0.3	False	unmatched_array	False	True	False	-0.69
SRR33298420.461898	chr7L	Y' Gain	chr12R	True	0.9	False	subtelomere_switch	Y' Gain	ambiguous	True	0.3	False	unmatched_array	False	True	False	-0.6
SRR33298420.461902	chr7L	Y' Gain	chr14L	True	0.99	False	subtelomere_switch	Y' Gain	ambiguous	True	0.3	False	unmatched_array	False	True	False	-0.69
SRR33298420.539453	chr7L	Y' Gain	chr4R	True	0.9	False	subtelomere_switch	Y' Gain	ambiguous	True	0.3	False	unmatched_array	False	True	False	-0.6
SRR33298420.375159	chr7L	Y' Gain	chr14L	True	0.99	False	subtelomere_switch	Y' Gain	chr12R	True	0.33	False	donor_transfer_candidates:3	False	True	False	-0.66
SRR33298420.389775	chr7L	Y' Gain	chr12R	True	0.9	False	subtelomere_switch	Y' Gain	ambiguous	True	0.3	False	unmatched_array	False	True	False	-0.6
SRR33298420.393599	chr7L	Y' Gain	chr14L	True	0.99	False	subtelomere_switch	Y' Gain	ambiguous	True	0.3	False	unmatched_array	False	True	False	-0.69
SRR33298420.400334	chr7L	Y' Gain	chr16L	True	0.99	False	subtelomere_switch	Y' Gain	ambiguous	True	0.3	False	unmatched_array	False	True	False	-0.69
SRR33298420.537168	chr7L	Y' Gain	chr4R	True	0.99	False	subtelomere_switch	Y' Gain	ambiguous	True	0.3	False	unmatched_array	False	True	False	-0.69
SRR33298420.106634	chr7L	Y' Gain	chr4R	True	0.99	False	subtelomere_switch	Y' Gain	ambiguous	True	0.3	False	unmatched_array	False	True	False	-0.69
SRR33298420.246519	chr7L	Y' Gain	chr4R	True	0.99	False	subtelomere_switch	Y' Gain	ambiguous	True	0.3	False	unmatched_array	False	True	False	-0.69
SRR33298420.304737	chr7L	Y' Gain	chr4R	True	0.99	False	subtelomere_switch	Y' Gain	ambiguous	True	0.3	False	donor_transfer_candidates:4	False	True	False	-0.69
SRR33298420.314717	chr7L	Y' Gain	chr12R	True	0.9	False	subtelomere_switch	Y' Gain	ambiguous	True	0.3	False	unmatched_array	False	True	False	-0.6
SRR33298420.466733	chr7L	Y' Gain	chr14L	True	0.99	False	subtelomere_switch	Y' Gain	ambiguous	True	0.3	False	unmatched_array	False	True	False	-0.69
SRR33298420.251524	chr7L	Y' Gain	chr12R	True	0.9	False	subtelomere_switch	Y' Gain	ambiguous	True	0.3	False	unmatched_array	False	True	False	-0.6
SRR33298420.371853	chr7L	Y' Gain	chr14L	True	0.99	False	subtelomere_switch	Y' Gain	ambiguous	True	0.3	False	unmatched_array	False	True	False	-0.69
SRR33298420.464941	chr7L	Y' Gain	chr12R	True	0.99	False	subtelomere_switch	Y' Gain	ambiguous	True	0.3	False	donor_transfer_candidates:4	False	True	False	-0.69
SRR33298420.458940	chr7L	Y' Gain	chr12R	True	0.9	False	subtelomere_switch	Y' Gain	ambiguous	True	0.3	False	unmatched_array	False	True	False	-0.6
SRR33298420.258799	chr7L	Y' Gain	chr12R	True	0.9	False	subtelomere_switch	Y' Gain	ambiguous	True	0.3	False	unmatched_array	False	True	False	-0.6
SRR33298420.537499	chr7L	Y' Gain	chr12R	True	0.63	True	subtelomere_switch	Y' Gain	chr14L	True	0.66	False	donor_transfer	False	True	False	0.03
SRR33298420.493997	chr7L	Y' Gain	chr12R	True	0.63	True	subtelomere_switch	Y' Gain	chr14L	True	0.66	False	donor_transfer	False	True	False	0.03
SRR33298420.540341	chr7L	Y' Gain	chr4R	True	0.63	True	subtelomere_switch	Y' Gain	chr14L	True	0.44	False	donor_transfer	False	True	False	-0.19
SRR33298420.308782	chr7L	Y' Gain	chr12R	True	0.63	True	subtelomere_switch	Y' Gain	chr14L	True	0.44	False	donor_transfer	False	True	False	-0.19
SRR33298420.324428	chr7L	Y' Gain	chr12R	True	0.63	True	subtelomere_switch	Y' Gain	chr14L	True	0.44	False	donor_transfer	False	True	False	-0.19
SRR33298420.294787	chr7L	Y' Gain	chr16L	True	0.99	False	subtelomere_switch	Y' Gain	ambiguous	True	0.3	False	donor_transfer_candidates:4	False	True	False	-0.69
SRR33298420.236233	chr7L	Y' Gain	chr12R	True	0.99	False	subtelomere_switch	Y' Gain	ambiguous	True	0.3	False	donor_transfer_candidates:4	False	True	False	-0.69
SRR33298420.185020	chr7L	Y' Gain	chr14L	True	0.99	False	subtelomere_switch	Y' Gain	ambiguous	True	0.3	False	donor_transfer_candidates:4	False	True	False	-0.69
SRR33298420.186979	chr7L	Y' Gain	chr14L	True	0.99	False	subtelomere_switch	Y' Gain	ambiguous	True	0.3	False	donor_transfer_candidates:4	False	True	False	-0.69
SRR33298420.350637	chr7L	Y' Gain	chr4R	True	0.99	False	subtelomere_switch	Y' Gain	ambiguous	True	0.3	False	donor_transfer_candidates:4	False	True	False	-0.69
SRR33298420.155642	chr7L	Y' Gain	chr12R	True	0.99	False	subtelomere_switch	Y' Gain	ambiguous	True	0.3	False	donor_transfer_candidates:4	False	True	False	-0.69
SRR33298420.506433	chr7L	Y' Gain	chr14L	True	0.99	False	subtelomere_switch	Y' Gain	ambiguous	True	0.3	False	donor_transfer_candidates:4	False	True	False	-0.69
SRR33298420.343048	chr7L	Y' Gain	chr16L	True	0.99	False	subtelomere_switch	Y' Gain	ambiguous	True	0.3	False	donor_transfer_candidates:4	False	True	False	-0.69
SRR33298420.160250	chr7L	Y' Gain	chr12R	True	0.9	False	subtelomere_switch	Y' Gain	ambiguous	True	0.3	False	unmatched_array	False	True	False	-0.6
SRR33298420.245933	chr7L	Y' Gain	chr7R	True	0.63	True	subtelomere_switch	Y' Gain	chr14L	True	0.44	False	donor_transfer	False	True	False	-0.19
SRR33298420.525555	chr7L	Y' Gain	chr14L	True	0.99	False	subtelomere_switch	Y' Gain	ambiguous	True	0.3	False	donor_transfer_candidates:7	False	True	False	-0.69
SRR33298420.215223	chr7L	Y' Gain	chr4R	True	0.99	False	subtelomere_switch	Y' Gain	ambiguous	True	0.3	False	donor_transfer_candidates:7	False	True	False	-0.69
SRR33298420.82014	chr7L	Y' Gain	chr14L	True	0.99	False	subtelomere_switch	Y' Gain	ambiguous	True	0.3	False	donor_transfer_candidates:7	False	True	False	-0.69
SRR33298420.574181	chr7L	Y' Gain	chr4R	True	0.99	False	subtelomere_switch	Y' Gain	ambiguous	True	0.3	False	donor_transfer_candidates:7	False	True	False	-0.69
SRR33298420.504402	chr7L	Y' Gain	chr12R	True	0.9	False	subtelomere_switch	Y' Gain	ambiguous	True	0.3	False	donor_transfer_candidates:7	False	True	False	-0.6
SRR33298420.229236	chr7L	Y' Gain	chr4R	True	0.99	False	subtelomere_switch	Y' Gain	ambiguous	True	0.3	False	donor_transfer_candidates:7	False	True	False	-0.69
SRR33298420.92181	chr7L	Y' Gain	chr4R	True	0.99	False	subtelomere_switch	Y' Gain	ambiguous	True	0.3	False	donor_transfer_candidates:7	False	True	False	-0.69
SRR33298420.194322	chr7L	Y' Gain	chr12R	True	0.9	False	subtelomere_switch	Y' Gain	ambiguous	True	0.3	False	donor_transfer_candidates:7	False	True	False	-0.6
SRR33298420.370542	chr7L	Y' Gain	chr14L	True	0.99	False	subtelomere_switch	Y' Gain	ambiguous	True	0.3	False	donor_transfer_candidates:7	False	True	False	-0.69
SRR33298420.282392	chr7L	Y' Gain	chr4R	True	0.99	False	subtelomere_switch	Y' Gain	ambiguous	True	0.3	False	donor_transfer_candidates:7	False	True	False	-0.69
SRR33298420.24500	chr7L	Y' Gain	chr12R	True	0.9	False	subtelomere_switch	Y' Gain	ambiguous	True	0.3	False	donor_transfer_candidates:7	False	True	False	-0.6
SRR33298420.365252	chr7L	Y' Gain	chr14L	True	0.99	False	subtelomere_switch	Y' Gain	ambiguous	True	0.3	False	donor_transfer_candidates:7	False	True	False	-0.69
SRR33298420.359522	chr8L	Y' Gain	ambiguous	True	0.3	False	single_y_prime_change	Y' Gain	chr2L	True	0.33	False	donor_transfer_candidates:2	False	True	False	0.03
SRR33298420.547270	chr8L	Y' Gain	ambiguous	True	0.3	False	single_y_prime_change	Y' Gain	chr2L	True	0.33	False	donor_transfer_candidates:2	False	True	False	0.03
SRR33298420.430717	chr8L	Y' Gain	ambiguous	True	0.3	False	single_y_prime_change	Y' Gain	chr2L	True	0.33	False	donor_transfer_candidates:2	False	True	False	0.03
SRR33298420.427450	chr8L	Y' Gain	ambiguous	True	0.3	False	single_y_prime_change	Y' Gain	chr2L	True	0.33	False	donor_transfer_candidates:2	False	True	False	0.03
SRR33298420.75236	chr8L	Y' Gain	ambiguous	True	0.3	False	single_y_prime_change	Y' Gain	chr2L	True	0.33	False	donor_transfer_candidates:2	False	True	False	0.03
SRR33298420.325390	chr8L	Y' Gain	ambiguous	True	0.3	False	single_y_prime_change	Y' Gain	chr2L	True	0.33	False	donor_transfer_candidates:2	False	True	False	0.03
SRR33298420.349465	chr8L	Y' Gain	ambiguous	True	0.3	False	single_y_prime_change	Y' Gain	chr2L	True	0.33	False	donor_transfer_candidates:2	False	True	False	0.03
SRR33298420.539402	chr8L	Y' Gain	ambiguous	True	0.3	False	single_y_prime_change	Y' Gain	chr2L	True	0.33	False	donor_transfer_candidates:2	False	True	False	0.03
SRR33298420.30642	chr8L	Y' Gain	ambiguous	True	0.3	False	single_y_prime_change	Y' Gain	chr2L	True	0.33	False	donor_transfer_candidates:2	False	True	False	0.03
SRR33298420.430629	chr8L	Y' Gain	ambiguous	True	0.3	False	single_y_prime_change	Y' Gain	chr2L	True	0.33	False	donor_transfer_candidates:2	False	True	False	0.03
SRR33298420.296745	chr8L	Y' Gain	chr14	True	0.3	False	single_y_prime_change	Y' Gain	chr2L	True	0.33	False	donor_transfer_candidates:2	False	True	False	0.03
SRR33298420.567334	chr8L	Y' Gain	ambiguous	True	0.3	False	single_y_prime_change	Y' Gain	chr2L	True	0.33	False	donor_transfer_candidates:2	False	True	False	0.03
SRR33298420.525886	chr8L	Y' Gain	ambiguous	True	0.3	False	single_y_prime_change	Y' Gain	chr8L	True	0.33	False	tandem_amplification_same_end	False	True	False	0.03
SRR33298420.11386	chr8L	Y' Gain	ambiguous	True	0.3	False	single_y_prime_change	Y' Gain	chr8L	True	0.33	False	tandem_amplification_same_end	False	True	False	0.03
SRR33298420.190835	chr8L	Y' Gain	ambiguous	True	0.3	False	single_y_prime_change	Y' Gain	chr8L	True	0.33	False	tandem_amplification_same_end	False	True	False	0.03
SRR33298420.359234	chr8L	Y' Gain	ambiguous	True	0.3	False	single_y_prime_change	Y' Gain	chr8L	True	0.33	False	tandem_amplification_same_end	False	True	False	0.03
SRR33298420.149234	chr8L	Y' Gain	ambiguous	True	0.3	False	single_y_prime_change	Y' Gain	chr8L	True	0.33	False	tandem_amplification_same_end	False	True	False	0.03
SRR33298420.273390	chr8L	Y' Gain	ambiguous	True	0.3	False	single_y_prime_change	Y' Gain	chr8L	True	0.33	False	tandem_amplification_same_end	False	True	False	0.03
SRR33298420.81401	chr8L	Y' Gain	ambiguous	True	0.3	False	single_y_prime_change	Y' Gain	chr8L	True	0.33	False	tandem_amplification_same_end	False	True	False	0.03
SRR33298420.312235	chr8L	Y' Gain	ambiguous	True	0.3	False	single_y_prime_change	Y' Gain	chr8L	True	0.33	False	tandem_amplification_same_end	False	True	False	0.03
SRR33298420.173761	chr8L	Y' Gain	ambiguous	True	0.3	False	single_y_prime_change	Y' Gain	chr8L	True	0.33	False	tandem_amplification_same_end	False	True	False	0.03
SRR33298420.280042	chr8L	Y' Gain	ambiguous	True	0.3	False	single_y_prime_change	Y' Gain	chr8L	True	0.33	False	tandem_amplification_same_end	False	True	False	0.03
SRR33298420.151526	chr8L	Y' Gain	ambiguous	True	0.3	False	single_y_prime_change	Y' Gain	chr8L	True	0.33	False	tandem_amplification_same_end	False	True	False	0.03
SRR33298420.322996	chr8L	Y' Gain	ambiguous	True	0.3	False	single_y_prime_change	Y' Gain	chr8L	True	0.33	False	tandem_amplification_same_end	False	True	False	0.03
SRR33298420.520238	chr8L	Y' Gain	ambiguous	True	0.3	False	single_y_prime_change	Y' Gain	chr8L	True	0.33	False	tandem_amplification_same_end	False	True	False	0.03
SRR33298420.514614	chr8L	Y' Gain	ambiguous	True	0.3	False	single_y_prime_change	Y' Gain	chr8L	True	0.33	False	tandem_amplification_same_end	False	True	False	0.03
SRR33298420.385545	chr8L	Y' Gain	ambiguous	True	0.3	False	single_y_prime_change	Y' Gain	chr8L	True	0.33	False	tandem_amplification_same_end	False	True	False	0.03
SRR33298420.479111	chr8L	Y' Gain	ambiguous	True	0.3	False	single_y_prime_change	Y' Gain	chr8L	True	0.33	False	tandem_amplification_same_end	False	True	False	0.03
SRR33298420.68588	chr8L	1st Y' Change	ambiguous	True	0.3	False	single_y_prime_change	1st Y' Change	chr14R	True	0.33	False	donor_transfer	False	True	False	0.03
SRR33298420.65501	chr8L	1st Y' Change	ambiguous	True	0.3	False	single_y_prime_change	1st Y' Change	chr14R	True	0.33	False	donor_transfer	False	True	False	0.03
SRR33298420.106065	chr8L	1st Y' Change	ambiguous	True	0.3	False	single_y_prime_change	1st Y' Change	chr14R	True	0.33	False	donor_transfer	False	True	False	0.03
SRR33298420.541763	chr8L	1st Y' Change	ambiguous	True	0.3	False	single_y_prime_change	1st Y' Change	chr14R	True	0.33	False	donor_transfer	False	True	False	0.03
SRR33298420.238105	chr8L	1st Y' Change	ambiguous	True	0.3	False	single_y_prime_change	1st Y' Change	chr14R	True	0.33	False	donor_transfer	False	True	False	0.03
SRR33298420.141655	chr8L	1st Y' Change	ambiguous	True	0.3	False	single_y_prime_change	1st Y' Change	chr2L	True	0.33	False	donor_transfer_candidates:2	False	True	False	0.03
SRR33298420.141658	chr8L	1st Y' Change	ambiguous	True	0.3	False	single_y_prime_change	1st Y' Change	chr2L	True	0.33	False	donor_transfer_candidates:2	False	True	False	0.03
SRR33298420.398877	chr8R	Y' Gain	chr14	True	0.3	False	single_y_prime_change	Y' Gain	chr2L	True	0.33	False	donor_transfer_candidates:2	False	True	False	0.03
SRR33298420.126731	chr8R	Y' Gain	chr14	True	0.3	False	single_y_prime_change	Y' Gain	chr2L	True	0.33	False	donor_transfer_candidates:2	False	True	False	0.03
SRR33298420.459671	chr8R	Y' Gain	chr14	True	0.3	False	single_y_prime_change	Y' Gain	chr2L	True	0.33	False	donor_transfer_candidates:2	False	True	False	0.03
SRR33298420.483354	chr8R	Y' Gain	chr14	True	0.3	False	single_y_prime_change	Y' Gain	chr2L	True	0.33	False	donor_transfer_candidates:2	False	True	False	0.03
SRR33298420.539836	chr8R	Y' Gain	chr14	True	0.3	False	single_y_prime_change	Y' Gain	chr8R	True	0.33	False	tandem_amplification_same_end	False	True	False	0.03
SRR33298420.71762	chr8R	Y' Gain	chr14	True	0.3	False	single_y_prime_change	Y' Gain	chr8R	True	0.33	False	tandem_amplification_same_end	False	True	False	0.03
SRR33298420.282759	chr8R	Y' Gain	chr14	True	0.3	False	single_y_prime_change	Y' Gain	chr8R	True	0.33	False	tandem_amplification_same_end	False	True	False	0.03
SRR33298420.448422	chr8R	Y' Gain	chr14	True	0.3	False	single_y_prime_change	Y' Gain	chr8R	True	0.33	False	tandem_amplification_same_end	False	True	False	0.03
SRR33298420.352240	chr8R	Y' Gain	chr14	True	0.3	False	single_y_prime_change	Y' Gain	chr8R	True	0.33	False	tandem_amplification_same_end	False	True	False	0.03
SRR33298420.371304	chr8R	1st Y' Change	ambiguous	True	0.3	False	single_y_prime_change	1st Y' Change	chr14R	True	0.33	False	donor_transfer	False	True	False	0.03
SRR33298420.246806	chr8R	1st Y' Change	ambiguous	True	0.3	False	single_y_prime_change	1st Y' Change	chr2L	True	0.33	False	donor_transfer_candidates:2	False	True	False	0.03
SRR33298420.361916	chr8R	1st Y' Change	ambiguous	True	0.3	False	single_y_prime_change	1st Y' Change	chr2L	True	0.33	False	donor_transfer_candidates:2	False	True	False	0.03
SRR33298420.331726	chr9L	1st Y' Change	chr6L	True	0.63	True	subtelomere_switch	1st Y' Change	chr14L	True	0.44	False	donor_transfer	False	True	False	-0.19
SRR33298420.273431	chr9L	Y' Gain	chr12	True	0.3	False	single_y_prime_change	Y' Gain	chr9L	True	0.33	False	tandem_amplification_same_end	False	True	False	0.03
SRR33298420.57675	chr9L	Y' Gain	chr12	True	0.3	False	single_y_prime_change	Y' Gain	chr9L	True	0.33	False	tandem_amplification_same_end	False	True	False	0.03
SRR33298420.456218	chr9L	Y' Gain	chr12	True	0.3	False	single_y_prime_change	Y' Gain	chr2L	True	0.33	False	donor_transfer_candidates:2	False	True	False	0.03
SRR33298420.187324	chr9L	Y' Gain	chr12	True	0.3	False	single_y_prime_change	Y' Gain	chr2L	True	0.33	False	donor_transfer_candidates:2	False	True	False	0.03
SRR33298420.356753	chr9L	Y' Gain	chr12	True	0.3	False	single_y_prime_change	Y' Gain	chr2L	True	0.33	False	donor_transfer_candidates:2	False	True	False	0.03
SRR33298420.174412	chr9L	Y' Gain	chr12	True	0.3	False	single_y_prime_change	Y' Gain	chr2L	True	0.33	False	donor_transfer_candidates:2	False	True	False	0.03
SRR33298420.323148	chr9L	1st Y' Change	ambiguous	True	0.3	False	single_y_prime_change	1st Y' Change	chr14R	True	0.33	False	donor_transfer	False	True	False	0.03
SRR33298420.166937	chr9L	1st Y' Change	ambiguous	True	0.3	False	single_y_prime_change	1st Y' Change	chr14R	True	0.33	False	donor_transfer	False	True	False	0.03
SRR33298420.139276	chr9R	Y' Gain	chr12R	True	0.63	True	subtelomere_switch	Y' Gain	chr14L	True	0.66	False	donor_transfer	False	True	False	0.03
SRR33298420.284522	chr9R	Y' Gain	chr12R	True	0.99	False	subtelomere_switch	Y' Gain	chr4R	True	0.33	False	donor_transfer_candidates:2	False	True	False	-0.66
SRR33298420.293810	chr9R	Y' Gain	chr14L	True	0.99	False	subtelomere_switch	Y' Gain	chr12R	True	0.33	False	donor_transfer_candidates:2	False	True	False	-0.66
SRR33298420.189310	chr9R	Y' Gain	chr4R	True	0.63	True	subtelomere_switch	Y' Gain	chr14L	True	0.66	False	donor_transfer	False	True	False	0.03
SRR33298420.540075	chr9R	Y' Gain	chr4R	True	0.99	False	subtelomere_switch	Y' Gain	chr12R	True	0.33	False	donor_transfer_candidates:2	False	True	False	-0.66
SRR33298420.242901	chr9R	Y' Gain	chr12R	True	0.9	False	subtelomere_switch	Y' Gain	ambiguous	True	0.3	False	unmatched_array	False	True	False	-0.6
SRR33298420.253569	chr9R	Y' Gain	chr12R	True	0.63	True	subtelomere_switch	Y' Gain	chr14L	True	0.66	False	donor_transfer	False	True	False	0.03
SRR33298420.106341	chr9R	Y' Gain	chr12R	True	0.9	False	subtelomere_switch	Y' Gain	ambiguous	True	0.3	False	unmatched_array	False	True	False	-0.6
SRR33298420.546769	chr9R	Y' Gain	chr12R	True	0.99	False	subtelomere_switch	Y' Gain	ambiguous	True	0.3	False	donor_transfer_candidates:4	False	True	False	-0.69
SRR33298420.364635	chr9R	Y' Gain	chr12R	True	0.9	False	subtelomere_switch	Y' Gain	chr14L	True	0.33	False	unmatched_array	False	True	False	-0.57
SRR33298420.36474	chr9R	Y' Gain	chr12R	True	0.9	False	subtelomere_switch	Y' Gain	ambiguous	True	0.3	False	unmatched_array	False	True	False	-0.6
SRR33298420.411722	chr9R	Y' Gain	chr12R	True	0.9	False	subtelomere_switch	Y' Gain	chr14L	True	0.33	False	unmatched_array	False	True	False	-0.57
SRR33298420.502538	chr9R	Y' Gain	chr12R	True	0.9	False	subtelomere_switch	Y' Gain	chr14R	True	0.33	False	unmatched_array	False	True	False	-0.57
SRR33298420.551187	chr9R	Y' Gain	chr14	True	0.3	False	single_y_prime_change	Y' Gain	chr10L	True	0.33	False	donor_transfer_candidates:2	False	True	False	0.03
SRR33298420.289831	chr9R	Y' Gain	chr14	True	0.3	False	single_y_prime_change	Y' Gain	chr10L	True	0.33	False	donor_transfer_candidates:2	False	True	False	0.03
SRR33298420.14900	chr9R	Y' Gain	chr14R	True	0.9	False	subtelomere_switch	Y' Gain	chr14L	True	0.33	False	donor_transfer_candidates:7	False	True	False	-0.57
SRR33298420.26395	chr9R	Y' Gain	chr12R	True	0.9	False	subtelomere_switch	Y' Gain	chr14R	True	0.33	False	donor_transfer	False	True	False	-0.57
SRR33298420.197575	chr9R	Y' Gain	chr12R	True	0.9	False	subtelomere_switch	Y' Gain	chr14L	True	0.33	False	donor_transfer_candidates:7	False	True	False	-0.57
SRR33298420.264130	chr9R	Y' Gain	chr12R	True	0.9	False	subtelomere_switch	Y' Gain	chr14R	True	0.33	False	donor_transfer	False	True	False	-0.57
SRR33298420.173328	chr9R	Y' Gain	chr12R	True	0.9	False	subtelomere_switch	Y' Gain	chr14R	True	0.33	False	donor_transfer	False	True	False	-0.57
SRR33298420.500305	chr9R	Y' Gain	chr12R	True	0.9	False	subtelomere_switch	Y' Gain	chr14R	True	0.33	False	donor_transfer	False	True	False	-0.57
SRR33298420.134061	chr9R	Y' Gain	chr4R	True	0.9	False	subtelomere_switch	Y' Gain	chr14R	True	0.33	False	donor_transfer	False	True	False	-0.57
SRR33298420.116076	chr9R	Y' Gain	chr12R	True	0.9	False	subtelomere_switch	Y' Gain	chr14R	True	0.33	False	donor_transfer	False	True	False	-0.57
SRR33298420.502096	chr9R	Y' Gain	chr12R	True	0.9	False	subtelomere_switch	Y' Gain	chr14R	True	0.33	False	donor_transfer	False	True	False	-0.57
SRR33298420.440730	chr9R	Y' Gain	chr12R	True	0.9	False	subtelomere_switch	Y' Gain	chr14R	True	0.33	False	donor_transfer	False	True	False	-0.57
SRR33298420.331704	chr9R	Y' Gain	chr8L	True	0.99	False	subtelomere_switch	Y' Gain	chr13L	True	0.33	False	donor_transfer_candidates:5	False	True	False	-0.66
SRR33298420.140230	chr9R	Y' Gain	chr4R	True	0.9	False	subtelomere_switch	Y' Gain	chr14	True	0.33	False	donor_transfer_candidates:5	False	True	False	-0.57
