read_id	chr_end	y_prime_recombination_status_a	recombination_source_a	recombination_detected_a	overall_confidence_a	is_complex_event_a	recombination_mechanism_a	y_prime_recombination_status_b	recombination_source_b	recombination_detected_b	overall_confidence_b	is_complex_event_b	recombination_mechanism_b	status_changed	source_changed	detected_changed	dconf
SRR33298420.29045	chr10L	1st Y' Change	chr10	True	0.3	False		1st Y' Change	ambiguous	True	0.3	False	donor_transfer_candidates:4	False	True	False	0.0
SRR33298420.360369	chr10L	1st Y' Change	chr10	True	0.3	False		1st Y' Change	chr12R	True	0.33	False	donor_transfer_candidates:3	False	True	False	0.03
SRR33298420.4219	chr10L	1st Y' Change	chr10	True	0.3	False		1st Y' Change	chr14L	True	0.44	False	donor_transfer	False	True	False	0.14
SRR33298420.537107	chr10L	1st Y' Change	chr10	True	0.3	False		1st Y' Change	chr14L	True	0.66	False	donor_transfer	False	True	False	0.36
SRR33298420.189667	chr10L	1st Y' Change	chr10	True	0.3	False		1st Y' Change	ambiguous	True	0.3	False	unmatched_array	False	True	False	0.0
SRR33298420.500668	chr10L	1st Y' Change	chr10	True	0.3	False		1st Y' Change	ambiguous	True	0.3	False	donor_transfer_candidates:4	False	True	False	0.0
SRR33298420.174243	chr10L	1st Y' Change	chr10	True	0.3	False		1st Y' Change	chr14L	True	0.66	False	donor_transfer	False	True	False	0.36
SRR33298420.502092	chr10L	1st Y' Change	chr10	True	0.3	False		1st Y' Change	ambiguous	True	0.3	False	unmatched_array	False	True	False	0.0
SRR33298420.28576	chr10L	1st Y' Change	chr10	True	0.3	False		1st Y' Change	chr14L	True	0.44	False	donor_transfer	False	True	False	0.14
SRR33298420.274365	chr10L	1st Y' Change	chr10	True	0.3	False		1st Y' Change	chr14L	True	0.44	False	donor_transfer	False	True	False	0.14
SRR33298420.500119	chr10L	1st Y' Change	chr10	True	0.3	False		1st Y' Change	chr14L	True	0.44	False	donor_transfer	False	True	False	0.14
SRR33298420.315740	chr10L	1st Y' Change	chr10	True	0.3	False		1st Y' Change	chr14L	True	0.66	False	donor_transfer	False	True	False	0.36
SRR33298420.501588	chr10L	1st Y' Change	chr10	True	0.3	False		1st Y' Change	ambiguous	True	0.3	False	unmatched_array	False	True	False	0.0
SRR33298420.155693	chr10L	1st Y' Change	chr10	True	0.3	False		1st Y' Change	ambiguous	True	0.3	False	donor_transfer_candidates:4	False	True	False	0.0
SRR33298420.505964	chr10L	1st Y' Change	chr10	True	0.3	False		1st Y' Change	ambiguous	True	0.3	False	donor_transfer_candidates:4	False	True	False	0.0
SRR33298420.167096	chr10L	1st Y' Change	chr10	True	0.3	False		1st Y' Change	ambiguous	True	0.3	False	donor_transfer_candidates:4	False	True	False	0.0
SRR33298420.517833	chr10L	1st Y' Change	chr10	True	0.3	False		1st Y' Change	ambiguous	True	0.3	False	unmatched_array	False	True	False	0.0
SRR33298420.137804	chr10L	1st Y' Change	chr10	True	0.3	False		1st Y' Change	ambiguous	True	0.3	False	unmatched_array	False	True	False	0.0
SRR33298420.539377	chr10L	1st Y' Change	chr10	True	0.3	False		1st Y' Change	ambiguous	True	0.3	False	unmatched_array	False	True	False	0.0
SRR33298420.517019	chr10L	1st Y' Change	chr10	True	0.3	False		1st Y' Change	ambiguous	True	0.3	False	unmatched_array	False	True	False	0.0
SRR33298420.246723	chr10L	1st Y' Change	chr10	True	0.3	False		1st Y' Change	ambiguous	True	0.3	False	unmatched_array	False	True	False	0.0
SRR33298420.167146	chr10L	1st Y' Change	chr10	True	0.3	False		1st Y' Change	ambiguous	True	0.3	False	unmatched_array	False	True	False	0.0
SRR33298420.185409	chr10L	1st Y' Change	chr10	True	0.3	False		1st Y' Change	ambiguous	True	0.3	False	unmatched_array	False	True	False	0.0
SRR33298420.325091	chr10L	1st Y' Change	chr10	True	0.3	False		1st Y' Change	ambiguous	True	0.3	False	unmatched_array	False	True	False	0.0
SRR33298420.250294	chr10L	1st Y' Change	chr10	True	0.3	False		1st Y' Change	ambiguous	True	0.3	False	unmatched_array	False	True	False	0.0
SRR33298420.276343	chr10L	1st Y' Change	chr10	True	0.3	False		1st Y' Change	ambiguous	True	0.3	False	unmatched_array	False	True	False	0.0
SRR33298420.539256	chr10L	1st Y' Change	chr10	True	0.3	False		1st Y' Change	ambiguous	True	0.3	False	unmatched_array	False	True	False	0.0
SRR33298420.287135	chr10L	1st Y' Change	chr10	True	0.3	False		1st Y' Change	ambiguous	True	0.3	False	unmatched_array	False	True	False	0.0
SRR33298420.251101	chr10L	1st Y' Change	chr10	True	0.3	False		1st Y' Change	ambiguous	True	0.3	False	unmatched_array	False	True	False	0.0
SRR33298420.352632	chr10L	1st Y' Change	chr10	True	0.3	False		1st Y' Change	ambiguous	True	0.3	False	unmatched_array	False	True	False	0.0
SRR33298420.263721	chr10L	1st Y' Change	chr10	True	0.3	False		1st Y' Change	ambiguous	True	0.3	False	unmatched_array	False	True	False	0.0
SRR33298420.262036	chr10L	1st Y' Change	chr10	True	0.3	False		1st Y' Change	ambiguous	True	0.3	False	unmatched_array	False	True	False	0.0
SRR33298420.528472	chr10L	1st Y' Change	chr10	True	0.3	False		1st Y' Change	ambiguous	True	0.3	False	unmatched_array	False	True	False	0.0
SRR33298420.320615	chr10L	1st Y' Change	chr10	True	0.3	False		1st Y' Change	ambiguous	True	0.3	False	unmatched_array	False	True	False	0.0
SRR33298420.326999	chr10L	1st Y' Change	chr10	True	0.3	False		1st Y' Change	ambiguous	True	0.3	False	unmatched_array	False	True	False	0.0
SRR33298420.167233	chr10L	1st Y' Change	chr10	True	0.3	False		1st Y' Change	ambiguous	True	0.3	False	unmatched_array	False	True	False	0.0
SRR33298420.539592	chr10L	1st Y' Change	chr10	True	0.3	False		1st Y' Change	ambiguous	True	0.3	False	unmatched_array	False	True	False	0.0
SRR33298420.259341	chr10L	1st Y' Change	chr10	True	0.3	False		1st Y' Change	chr14L	True	0.44	False	donor_transfer	False	True	False	0.14
SRR33298420.189201	chr10L	1st Y' Change	chr10	True	0.3	False		1st Y' Change	ambiguous	True	0.3	False	unmatched_array	False	True	False	0.0
SRR33298420.254770	chr10L	1st Y' Change	chr10	True	0.3	False		1st Y' Change	chr14L	True	0.44	False	donor_transfer	False	True	False	0.14
SRR33298420.519764	chr10L	1st Y' Change	chr10	True	0.3	False		1st Y' Change	ambiguous	True	0.3	False	unmatched_array	False	True	False	0.0
SRR33298420.110933	chr10L	1st Y' Change	chr10	True	0.3	False		1st Y' Change	ambiguous	True	0.3	False	unmatched_array	False	True	False	0.0
SRR33298420.501438	chr10L	1st Y' Change	chr10	True	0.3	False		1st Y' Change	ambiguous	True	0.3	False	unmatched_array	False	True	False	0.0
SRR33298420.361462	chr10L	1st Y' Change	chr10	True	0.3	False		1st Y' Change	ambiguous	True	0.3	False	unmatched_array	False	True	False	0.0
SRR33298420.184727	chr10L	1st Y' Change	chr10	True	0.3	False		1st Y' Change	ambiguous	True	0.3	False	unmatched_array	False	True	False	0.0
SRR33298420.500758	chr10L	1st Y' Change	chr10	True	0.3	False		1st Y' Change	ambiguous	True	0.3	False	unmatched_array	False	True	False	0.0
SRR33298420.502238	chr10L	1st Y' Change	chr10	True	0.3	False		1st Y' Change	ambiguous	True	0.3	False	unmatched_array	False	True	False	0.0
SRR33298420.539739	chr10L	1st Y' Change	chr10	True	0.3	False		1st Y' Change	ambiguous	True	0.3	False	unmatched_array	False	True	False	0.0
SRR33298420.171849	chr10L	1st Y' Change	chr10	True	0.3	False		1st Y' Change	ambiguous	True	0.3	False	unmatched_array	False	True	False	0.0
SRR33298420.295728	chr10L	1st Y' Change	chr10	True	0.3	False		1st Y' Change	ambiguous	True	0.3	False	unmatched_array	False	True	False	0.0
SRR33298420.570445	chr10L	1st Y' Change	chr10	True	0.3	False		1st Y' Change	ambiguous	True	0.3	False	unmatched_array	False	True	False	0.0
SRR33298420.263819	chr10L	1st Y' Change	chr10	True	0.3	False		1st Y' Change	chr12R	True	0.33	False	donor_transfer_candidates:2	False	True	False	0.03
SRR33298420.544444	chr10L	1st Y' Change	chr10	True	0.3	False		1st Y' Change	ambiguous	True	0.3	False	donor_transfer_candidates:4	False	True	False	0.0
SRR33298420.72998	chr10L	1st Y' Change	chr10	True	0.3	False		1st Y' Change	ambiguous	True	0.3	False	unmatched_array	False	True	False	0.0
SRR33298420.540149	chr10L	1st Y' Change	chr10	True	0.3	False		1st Y' Change	ambiguous	True	0.3	False	unmatched_array	False	True	False	0.0
SRR33298420.33195	chr10L	1st Y' Change	chr10	True	0.3	False		1st Y' Change	ambiguous	True	0.3	False	unmatched_array	False	True	False	0.0
SRR33298420.156708	chr10L	1st Y' Change	chr10	True	0.3	False		1st Y' Change	ambiguous	True	0.3	False	unmatched_array	False	True	False	0.0
SRR33298420.353916	chr10L	1st Y' Change	chr10	True	0.3	False		1st Y' Change	ambiguous	True	0.3	False	unmatched_array	False	True	False	0.0
SRR33298420.434341	chr10L	1st Y' Change	chr10	True	0.3	False		1st Y' Change	ambiguous	True	0.3	False	unmatched_array	False	True	False	0.0
SRR33298420.251061	chr10L	1st Y' Change	chr10	True	0.3	False		1st Y' Change	ambiguous	True	0.3	False	unmatched_array	False	True	False	0.0
SRR33298420.251094	chr10L	1st Y' Change	chr12	True	0.3	False		1st Y' Change	chr12R	True	0.33	False	donor_transfer_candidates:3	False	True	False	0.03
SRR33298420.229927	chr10L	1st Y' Change	chr12	True	0.3	False		1st Y' Change	chr14L	True	0.44	False	donor_transfer	False	True	False	0.14
SRR33298420.343006	chr10L	1st Y' Change	chr12	True	0.3	False		1st Y' Change	chr14L	True	0.44	False	donor_transfer	False	True	False	0.14
SRR33298420.298054	chr10R	Y' Gain	chr12R	True	-0.0024	True		Y' Gain	chr14L	True	-0.0024	True	subtelomere_switch	False	True	False	0.0
SRR33298420.165678	chr10R	Y' Gain	chr10	True	0.3	False		Y' Gain	chr14L	True	0.44	False	donor_transfer	False	True	False	0.14
SRR33298420.336796	chr10R	Y' Gain	chr4R	True	0.0011	True		Y' Gain	chr14L	True	0.0011	True	subtelomere_switch	False	True	False	0.0
SRR33298420.345845	chr10R	Y' Gain	chr10	True	0.3	False		Y' Gain	chr14L	True	0.44	False	donor_transfer	False	True	False	0.14
SRR33298420.559788	chr10R	Y' Gain	chr10	True	0.3	False		Y' Gain	chr14L	True	0.44	False	donor_transfer	False	True	False	0.14
SRR33298420.77603	chr10R	Y' Gain	chr10	True	0.3	False		Y' Gain	chr12R	True	0.33	False	donor_transfer_candidates:2	False	True	False	0.03
SRR33298420.324409	chr10R	Y' Gain	chr12R	True	0.0005	True		Y' Gain	chr14L	True	0.0005	True	subtelomere_switch	False	True	False	0.0
SRR33298420.538976	chr10R	Y' Gain	chr10	True	0.3	False		Y' Gain	chr14L	True	0.66	False	donor_transfer	False	True	False	0.36
SRR33298420.295610	chr10R	Y' Gain	chr12R	True	0.0001	True		Y' Gain	chr14L	True	0.0001	True	subtelomere_switch	False	True	False	0.0
SRR33298420.324716	chr10R	Y' Gain	chr10	True	0.3	False		Y' Gain	chr14L	True	0.44	False	donor_transfer	False	True	False	0.14
SRR33298420.459385	chr10R	Y' Gain	chr10	True	0.3	False		Y' Gain	chr14L	True	0.66	False	donor_transfer	False	True	False	0.36
SRR33298420.306265	chr10R	Y' Gain	chr10	True	0.3	False		Y' Gain	chr14L	True	0.44	False	donor_transfer	False	True	False	0.14
SRR33298420.26980	chr10R	Y' Gain	chr10	True	0.3	False		Y' Gain	chr14L	True	0.66	False	donor_transfer	False	True	False	0.36
SRR33298420.258913	chr10R	Y' Gain	chr10	True	0.3	False		Y' Gain	chr14L	True	0.66	False	donor_transfer	False	True	False	0.36
SRR33298420.241782	chr10R	Y' Gain	chr10	True	0.3	False		Y' Gain	chr14L	True	0.66	False	donor_transfer	False	True	False	0.36
SRR33298420.210187	chr10R	Y' Gain	chr10	True	0.3	False		Y' Gain	chr14L	True	0.66	False	donor_transfer	False	True	False	0.36
SRR33298420.250437	chr10R	Y' Gain	chr10	True	0.3	False		Y' Gain	chr14L	True	0.44	False	donor_transfer	False	True	False	0.14
SRR33298420.322215	chr10R	Y' Gain	chr10	True	0.3	False		Y' Gain	ambiguous	True	0.3	False	unmatched_array	False	True	False	0.0
SRR33298420.249758	chr10R	Y' Gain	chr10	True	0.3	False		Y' Gain	ambiguous	True	0.3	False	unmatched_array	False	True	False	0.0
SRR33298420.493947	chr10R	Y' Gain	chr10	True	0.3	False		Y' Gain	ambiguous	True	0.3	False	unmatched_array	False	True	False	0.0
SRR33298420.500433	chr10R	Y' Gain	chr12	True	0.33	False		Y' Gain	chr14L	True	0.44	False	donor_transfer	False	True	False	0.11
SRR33298420.282209	chr10R	Y' Gain	chr10	True	0.3	False		Y' Gain	chr14L	True	0.66	False	donor_transfer	False	True	False	0.36
SRR33298420.250621	chr10R	Y' Gain	chr10	True	0.3	False		Y' Gain	chr14L	True	0.66	False	donor_transfer	False	True	False	0.36
SRR33298420.169085	chr10R	Y' Gain	chr10	True	0.3	False		Y' Gain	chr14L	True	0.66	False	donor_transfer	False	True	False	0.36
SRR33298420.112463	chr10R	Y' Gain	chr10	True	0.3	False		Y' Gain	chr14L	True	0.66	False	donor_transfer	False	True	False	0.36
SRR33298420.30812	chr10R	Y' Gain	chr10	True	0.3	False		Y' Gain	chr14L	True	0.44	False	donor_transfer	False	True	False	0.14
SRR33298420.110689	chr10R	Y' Gain	chr12R	True	0.0028	True		Y' Gain	chr14L	True	0.0028	True	subtelomere_switch	False	True	False	0.0
SRR33298420.26683	chr10R	Y' Gain	chr10	True	0.3	False		Y' Gain	chr14L	True	0.66	False	donor_transfer	False	True	False	0.36
SRR33298420.129071	chr10R	Y' Gain	chr10	True	0.3	False		Y' Gain	chr14L	True	0.44	False	donor_transfer	False	True	False	0.14
SRR33298420.264492	chr10R	Y' Gain	chr10	True	0.3	False		Y' Gain	ambiguous	True	0.3	False	unmatched_array	False	True	False	0.0
SRR33298420.166890	chr10R	Y' Gain	chr10	True	0.3	False		Y' Gain	chr14L	True	0.44	False	donor_transfer	False	True	False	0.14
SRR33298420.378438	chr10R	Y' Gain	chr10	True	0.3	False		Y' Gain	chr14L	True	0.44	False	donor_transfer	False	True	False	0.14
SRR33298420.492008	chr10R	Y' Gain	chr10	True	0.3	False		Y' Gain	chr14L	True	0.66	False	donor_transfer	False	True	False	0.36
SRR33298420.478626	chr10R	Y' Gain	chr10	True	0.3	False		Y' Gain	chr14L	True	0.66	False	donor_transfer	False	True	False	0.36
SRR33298420.265667	chr10R	Y' Gain	chr10	True	0.3	False		Y' Gain	chr14L	True	0.66	False	donor_transfer	False	True	False	0.36
SRR33298420.74971	chr10R	Y' Gain	chr10	True	0.3	False		Y' Gain	chr14L	True	0.66	False	donor_transfer	False	True	False	0.36
SRR33298420.501031	chr10R	Y' Gain	chr10	True	0.3	False		Y' Gain	chr14L	True	0.66	False	donor_transfer	False	True	False	0.36
SRR33298420.62150	chr10R	Y' Gain	chr10	True	0.3	False		Y' Gain	chr14L	True	0.44	False	donor_transfer	False	True	False	0.14
SRR33298420.242235	chr10R	Y' Gain	chr10	True	0.3	False		Y' Gain	ambiguous	True	0.3	False	donor_transfer_candidates:4	False	True	False	0.0
SRR33298420.8141	chr10R	Y' Gain	chr14	True	0.3	False		Y' Gain	chr14L	True	0.66	False	donor_transfer	False	True	False	0.36
SRR33298420.379860	chr10R	Y' Gain	chr14	True	0.3	False		Y' Gain	chr14L	True	0.66	False	donor_transfer	False	True	False	0.36
SRR33298420.16926	chr10R	Y' Gain	chr14	True	0.3	False		Y' Gain	chr14L	True	0.66	False	donor_transfer	False	True	False	0.36
SRR33298420.381090	chr10R	Y' Gain	chr14	True	0.3	False		Y' Gain	chr14L	True	0.66	False	donor_transfer	False	True	False	0.36
SRR33298420.99899	chr10R	Y' Gain	chr14	True	0.3	False		Y' Gain	chr14L	True	0.66	False	donor_transfer	False	True	False	0.36
SRR33298420.396458	chr10R	Y' Gain	chr14	True	0.3	False		Y' Gain	chr14L	True	0.66	False	donor_transfer	False	True	False	0.36
SRR33298420.380112	chr10R	Y' Gain	chr14	True	0.3	False		Y' Gain	chr14L	True	0.44	False	donor_transfer	False	True	False	0.14
SRR33298420.348338	chr10R	Y' Gain	chr14	True	0.3	False		Y' Gain	chr14L	True	0.44	False	donor_transfer	False	True	False	0.14
SRR33298420.361467	chr10R	Y' Gain	chr14	True	0.3	False		Y' Gain	chr14L	True	0.44	False	donor_transfer	False	True	False	0.14
SRR33298420.284043	chr10R	Y' Gain	chr10	True	0.3	False		Y' Gain	chr14L	True	0.44	False	donor_transfer	False	True	False	0.14
SRR33298420.290508	chr10R	Y' Gain	chr14	True	0.3	False		Y' Gain	chr14L	True	0.44	False	donor_transfer	False	True	False	0.14
SRR33298420.470493	chr10R	Y' Gain	chr14	True	0.33	False		Y' Gain	chr14R	True	0.33	False	unmatched_array	False	True	False	0.0
SRR33298420.154131	chr10R	Y' Gain	chr14	True	0.3	False		Y' Gain	chr14L	True	0.44	False	donor_transfer	False	True	False	0.14
SRR33298420.483630	chr10R	Y' Gain	chr14	True	0.3	False		Y' Gain	chr14L	True	0.44	False	donor_transfer	False	True	False	0.14
SRR33298420.50112	chr10R	Y' Gain	chr14	True	0.3	False		Y' Gain	chr14L	True	0.44	False	donor_transfer	False	True	False	0.14
SRR33298420.129081	chr10R	Y' Gain	chr14	True	0.3	False		Y' Gain	chr14L	True	0.44	False	donor_transfer	False	True	False	0.14
SRR33298420.314848	chr10R	Y' Gain	chr14	True	0.3	False		Y' Gain	chr14L	True	0.44	False	donor_transfer	False	True	False	0.14
SRR33298420.514286	chr10R	Y' Gain	chr14	True	0.3	False		Y' Gain	chr14L	True	0.44	False	donor_transfer	False	True	False	0.14
SRR33298420.363791	chr10R	Y' Gain	chr14	True	0.3	False		Y' Gain	chr14L	True	0.44	False	donor_transfer	False	True	False	0.14
SRR33298420.324774	chr10R	Y' Gain	chr14	True	0.3	False		Y' Gain	chr14L	True	0.44	False	donor_transfer	False	True	False	0.14
SRR33298420.232527	chr10R	Y' Gain	chr14	True	0.3	False		Y' Gain	chr14L	True	0.44	False	donor_transfer	False	True	False	0.14
SRR33298420.168985	chr10R	Y' Gain	chr14	True	0.3	False		Y' Gain	chr14L	True	0.44	False	donor_transfer	False	True	False	0.14
SRR33298420.378632	chr10R	Y' Gain	chr14	True	0.3	False		Y' Gain	chr14L	True	0.44	False	donor_transfer	False	True	False	0.14
SRR33298420.652	chr10R	Y' Gain	chr14	True	0.33	False		Y' Gain	chr14L	True	0.44	False	donor_transfer	False	True	False	0.11
SRR33298420.518229	chr10R	Y' Gain	chr14	True	0.3	False		Y' Gain	chr14L	True	0.44	False	donor_transfer	False	True	False	0.14
SRR33298420.566894	chr10R	Y' Gain	chr14	True	0.3	False		Y' Gain	chr14L	True	0.44	False	donor_transfer	False	True	False	0.14
SRR33298420.264274	chr10R	Y' Gain	chr14	True	0.3	False		Y' Gain	chr14L	True	0.44	False	donor_transfer	False	True	False	0.14
SRR33298420.459800	chr10R	Y' Gain	chr14	True	0.3	False		Y' Gain	chr14L	True	0.44	False	donor_transfer	False	True	False	0.14
SRR33298420.538735	chr10R	Y' Gain	chr14	True	0.3	False		Y' Gain	chr14L	True	0.44	False	donor_transfer	False	True	False	0.14
SRR33298420.290864	chr10R	Y' Gain	chr14	True	0.3	False		Y' Gain	chr14L	True	0.44	False	donor_transfer	False	True	False	0.14
SRR33298420.481929	chr10R	Y' Gain	chr14	True	0.3	False		Y' Gain	chr14L	True	0.44	False	donor_transfer	False	True	False	0.14
SRR33298420.108280	chr10R	Y' Gain	chr4	True	0.3	False		Y' Gain	chr14L	True	0.44	False	donor_transfer	False	True	False	0.14
SRR33298420.510927	chr10R	Y' Gain	chr16	True	0.3	False		Y' Gain	chr14L	True	0.44	False	donor_transfer	False	True	False	0.14
SRR33298420.211561	chr10R	Y' Gain	chr14	True	0.3	False		Y' Gain	chr14L	True	0.44	False	donor_transfer	False	True	False	0.14
SRR33298420.464193	chr10R	Y' Gain	chr13	True	0.33	False		Y' Gain	chr13L	True	0.33	False	single_y_prime_change	False	True	False	0.0
SRR33298420.288077	chr10R	Y' Gain	chr13	True	0.33	False		Y' Gain	chr13L	True	0.33	False	single_y_prime_change	False	True	False	0.0
SRR33298420.497569	chr10R	Y' Gain	chr13	True	0.33	False		Y' Gain	chr13L	True	0.33	False	single_y_prime_change	False	True	False	0.0
SRR33298420.118418	chr10R	Y' Gain	chr13	True	0.33	False		Y' Gain	chr13L	True	0.33	False	single_y_prime_change	False	True	False	0.0
SRR33298420.321420	chr10R	Y' Gain	chr13	True	0.33	False		Y' Gain	chr13L	True	0.33	False	single_y_prime_change	False	True	False	0.0
SRR33298420.500707	chr10R	Y' Gain	chr13	True	0.33	False		Y' Gain	chr13L	True	0.33	False	single_y_prime_change	False	True	False	0.0
SRR33298420.23092	chr10R	Y' Gain	chr13	True	0.33	False		Y' Gain	chr13L	True	0.33	False	single_y_prime_change	False	True	False	0.0
SRR33298420.355149	chr11L	Y' Gain	chr4R	True	0.2945	True		Y' Gain	chr14R	True	0.2945	True	subtelomere_switch	False	True	False	0.0
SRR33298420.248744	chr11L	Y' Gain	chr12R	True	0.2902	True		Y' Gain	chr14R	True	0.2902	True	subtelomere_switch	False	True	False	0.0
SRR33298420.445609	chr11L	Y' Gain	chr12R	True	0.2951	True		Y' Gain	chr14R	True	0.6886	True	subtelomere_switch	False	True	False	0.394
SRR33298420.141862	chr11L	Y' Gain	chr12R	True	0.2951	True		Y' Gain	chr14R	True	0.2951	True	subtelomere_switch	False	True	False	0.0
SRR33298420.274034	chr11L	Y' Gain	chr12R	True	0.2924	True		Y' Gain	chr14R	True	0.6822	True	subtelomere_switch	False	True	False	0.39
SRR33298420.460366	chr11L	Y' Gain	chr12R	True	0.291	True		Y' Gain	chr14R	True	0.291	True	subtelomere_switch	False	True	False	0.0
SRR33298420.329577	chr11L	Y' Gain	chr14L	True	0.2928	True		Y' Gain	chr14R	True	0.6833	True	subtelomere_switch	False	True	False	0.39
SRR33298420.525355	chr11L	Y' Gain	chr12R	True	0.2701	True		Y' Gain	chr14R	True	0.2701	True	subtelomere_switch	False	True	False	0.0
SRR33298420.115474	chr11L	Y' Gain	chr12R	True	0.2716	True		Y' Gain	chr14R	True	0.2716	True	subtelomere_switch	False	True	False	0.0
SRR33298420.169731	chr11L	Y' Gain	chr12R	True	0.2388	True		Y' Gain	chr14R	True	0.2388	True	subtelomere_switch	False	True	False	0.0
SRR33298420.282289	chr11L	Y' Gain	chr12R	True	0.0003	True		Y' Gain	chr14L	True	0.0003	True	subtelomere_switch	False	True	False	0.0
SRR33298420.339795	chr11L	Y' Gain	chr14L	True	0.2951	True		Y' Gain	chr14R	True	0.6886	True	subtelomere_switch	False	True	False	0.394
SRR33298420.247564	chr11L	Y' Gain	chr12R	True	0.2928	True		Y' Gain	chr14R	True	0.2928	True	subtelomere_switch	False	True	False	0.0
SRR33298420.430525	chr11L	Y' Gain	chr12R	True	0.2847	True		Y' Gain	chr14R	True	0.2847	True	subtelomere_switch	False	True	False	0.0
SRR33298420.568883	chr11L	Y' Gain	chr12R	True	0.2946	True		Y' Gain	chr14R	True	0.2946	True	subtelomere_switch	False	True	False	0.0
SRR33298420.246816	chr11L	Y' Gain	chr12R	True	0.2951	True		Y' Gain	chr14R	True	0.2951	True	subtelomere_switch	False	True	False	0.0
SRR33298420.232035	chr11L	Y' Gain	chr4R	True	0.2948	True		Y' Gain	chr14R	True	0.2948	True	subtelomere_switch	False	True	False	0.0
SRR33298420.538571	chr11L	Y' Gain	chr12R	True	0.2923	True		Y' Gain	chr14R	True	0.2923	True	subtelomere_switch	False	True	False	0.0
SRR33298420.229000	chr11L	Y' Gain	chr12R	True	0.2945	True		Y' Gain	chr14R	True	0.6872	True	subtelomere_switch	False	True	False	0.393
SRR33298420.247696	chr11L	Y' Gain	chr12R	True	0.2851	True		Y' Gain	chr14R	True	0.2851	True	subtelomere_switch	False	True	False	0.0
SRR33298420.282189	chr11L	Y' Gain	chr12R	True	0.2304	True		Y' Gain	chr10L	True	0.5376	True	subtelomere_switch	False	True	False	0.307
SRR33298420.280768	chr11L	Y' Gain	chr4R	True	0.2946	True		Y' Gain	chr14R	True	0.2946	True	subtelomere_switch	False	True	False	0.0
SRR33298420.111371	chr11L	Y' Gain	chr12R	True	0.0029	True		Y' Gain	chr14L	True	0.0029	True	subtelomere_switch	False	True	False	0.0
SRR33298420.313121	chr11L	Y' Gain	chr12R	True	0.2756	True		Y' Gain	chr14R	True	0.6431	True	subtelomere_switch	False	True	False	0.368
SRR33298420.540187	chr11L	Y' Gain	chr11	True	0.3	False		Y' Gain	ambiguous	True	0.3	False	donor_transfer_candidates:4	False	True	False	0.0
SRR33298420.356593	chr11L	Y' Gain	chr12R	True	0.2951	True		Y' Gain	chr14R	True	0.6886	True	subtelomere_switch	False	True	False	0.394
SRR33298420.280995	chr11L	Y' Gain	chr14L	True	0.2923	True		Y' Gain	chr14R	True	0.6819	True	subtelomere_switch	False	True	False	0.39
SRR33298420.381019	chr11L	Y' Gain	chr12R	True	0.2948	True		Y' Gain	chr14R	True	0.6879	True	subtelomere_switch	False	True	False	0.393
SRR33298420.209108	chr11L	Y' Gain	chr12R	True	0.2909	True		Y' Gain	chr14R	True	0.2909	True	subtelomere_switch	False	True	False	0.0
SRR33298420.262763	chr11L	Y' Gain	chr11	True	0.3	False		Y' Gain	ambiguous	True	0.3	False	donor_transfer_candidates:4	False	True	False	0.0
SRR33298420.62160	chr11L	Y' Gain	chr4R	True	0.287	True		Y' Gain	chr14R	True	0.6697	True	subtelomere_switch	False	True	False	0.383
SRR33298420.335689	chr11L	Y' Gain	chr12R	True	0.2873	True		Y' Gain	chr14R	True	0.6704	True	subtelomere_switch	False	True	False	0.383
SRR33298420.254741	chr11L	Y' Gain	chr12R	True	0.2753	True		Y' Gain	chr14R	True	0.6425	True	subtelomere_switch	False	True	False	0.367
SRR33298420.293066	chr11L	Y' Gain	chr11	True	0.3	False		Y' Gain	chr14L	True	0.44	False	donor_transfer	False	True	False	0.14
SRR33298420.162488	chr11L	Y' Gain	chr11	True	0.3	False		Y' Gain	chr14L	True	0.44	False	donor_transfer	False	True	False	0.14
SRR33298420.506432	chr11L	Y' Gain	chr11	True	0.3	False		Y' Gain	chr14L	True	0.44	False	donor_transfer	False	True	False	0.14
SRR33298420.453504	chr11L	Y' Gain	chr11	True	0.3	False		Y' Gain	chr12R	True	0.33	False	donor_transfer_candidates:3	False	True	False	0.03
SRR33298420.459621	chr11L	Y' Gain	chr12R	True	0.2951	True		Y' Gain	chr14R	True	0.6886	True	subtelomere_switch	False	True	False	0.394
SRR33298420.413547	chr11L	Y' Gain	chr11	True	0.3	False		Y' Gain	ambiguous	True	0.3	False	unmatched_array	False	True	False	0.0
SRR33298420.422154	chr11L	Y' Gain	chr11	True	0.3	False		Y' Gain	ambiguous	True	0.3	False	unmatched_array	False	True	False	0.0
SRR33298420.466743	chr11L	Y' Gain	chr11	True	0.3	False		Y' Gain	chr12R	True	0.33	False	donor_transfer_candidates:2	False	True	False	0.03
SRR33298420.573205	chr11L	Y' Gain	chr11	True	0.3	False		Y' Gain	ambiguous	True	0.3	False	unmatched_array	False	True	False	0.0
SRR33298420.562880	chr11L	Y' Gain	chr11	True	0.3	False		Y' Gain	chr14L	True	0.66	False	donor_transfer	False	True	False	0.36
SRR33298420.12038	chr11L	Y' Gain	chr11	True	0.3	False		Y' Gain	ambiguous	True	0.3	False	unmatched_array	False	True	False	0.0
SRR33298420.153711	chr11L	Y' Gain	chr11	True	0.3	False		Y' Gain	ambiguous	True	0.3	False	donor_transfer_candidates:4	False	True	False	0.0
SRR33298420.449026	chr11L	Y' Gain	chr11	True	0.3	False		Y' Gain	ambiguous	True	0.3	False	donor_transfer_candidates:4	False	True	False	0.0
SRR33298420.234981	chr11L	Y' Gain	chr11	True	0.3	False		Y' Gain	ambiguous	True	0.3	False	unmatched_array	False	True	False	0.0
SRR33298420.127011	chr11L	Y' Gain	chr4R	True	0.3	True		Y' Gain	chr14R	True	0.7	True	subtelomere_switch	False	True	False	0.4
SRR33298420.138287	chr11L	Y' Gain	chr11	True	0.3	False		Y' Gain	chr14L	True	0.66	False	donor_transfer	False	True	False	0.36
SRR33298420.285319	chr11L	Y' Gain	chr11	True	0.3	False		Y' Gain	chr14L	True	0.66	False	donor_transfer	False	True	False	0.36
SRR33298420.500175	chr11L	Y' Gain	chr4R	True	0.0001	True		Y' Gain	chr14L	True	0.0001	True	subtelomere_switch	False	True	False	0.0
SRR33298420.187843	chr11L	Y' Gain	chr11	True	0.3	False		Y' Gain	chr14L	True	0.44	False	donor_transfer	False	True	False	0.14
SRR33298420.345358	chr11L	Y' Gain	chr11	True	-0.0084	False		Y' Gain	ambiguous	True	-0.0084	False	subtelomere_switch	False	True	False	0.0
SRR33298420.396630	chr11L	Y' Gain	chr11	True	0.3	False		Y' Gain	ambiguous	True	0.3	False	unmatched_array	False	True	False	0.0
SRR33298420.156015	chr11L	Y' Gain	chr11	True	0.3	False		Y' Gain	ambiguous	True	0.3	False	unmatched_array	False	True	False	0.0
SRR33298420.224386	chr11L	Y' Gain	chr11	True	0.3	False		Y' Gain	ambiguous	True	0.3	False	unmatched_array	False	True	False	0.0
SRR33298420.56988	chr11L	Y' Gain	chr11	True	0.3	False		Y' Gain	ambiguous	True	0.3	False	unmatched_array	False	True	False	0.0
SRR33298420.43422	chr11L	Y' Gain	chr11	True	0.3	False		Y' Gain	ambiguous	True	0.3	False	unmatched_array	False	True	False	0.0
SRR33298420.254551	chr11L	Y' Gain	chr11	True	0.3	False		Y' Gain	ambiguous	True	0.3	False	unmatched_array	False	True	False	0.0
SRR33298420.272938	chr11L	Y' Gain	chr11	True	0.3	False		Y' Gain	chr14L	True	0.66	False	donor_transfer	False	True	False	0.36
SRR33298420.572828	chr11L	Y' Gain	chr14	True	0.33	False		Y' Gain	chr14R	True	0.33	False	single_y_prime_change	False	True	False	0.0
SRR33298420.349380	chr11L	Y' Gain	chr14	True	0.33	False		Y' Gain	chr14R	True	0.33	False	single_y_prime_change	False	True	False	0.0
SRR33298420.395334	chr11L	Y' Gain	chr14	True	0.33	False		Y' Gain	chr14R	True	0.33	False	single_y_prime_change	False	True	False	0.0
SRR33298420.187634	chr11L	Y' Gain	chr14	True	0.33	False		Y' Gain	chr14R	True	0.33	False	single_y_prime_change	False	True	False	0.0
SRR33298420.457757	chr11L	Y' Gain	chr14	True	0.33	False		Y' Gain	chr14R	True	0.33	False	single_y_prime_change	False	True	False	0.0
SRR33298420.229375	chr11L	Y' Gain	chr14	True	0.33	False		Y' Gain	chr14R	True	0.33	False	single_y_prime_change	False	True	False	0.0
SRR33298420.75492	chr11L	Y' Gain	chr14	True	-0.0073	False		Y' Gain	chr14R	True	-0.0073	False	subtelomere_switch	False	True	False	0.0
SRR33298420.287957	chr11L	Y' Gain	chr14	True	0.33	False		Y' Gain	chr14R	True	0.33	False	single_y_prime_change	False	True	False	0.0
SRR33298420.356689	chr11L	Y' Gain	chr14	True	0.33	False		Y' Gain	chr14R	True	0.33	False	single_y_prime_change	False	True	False	0.0
SRR33298420.455065	chr11L	Y' Gain	chr14	True	0.33	False		Y' Gain	chr14R	True	0.33	False	single_y_prime_change	False	True	False	0.0
SRR33298420.174649	chr11L	Y' Gain	chr14	True	0.33	False		Y' Gain	chr14R	True	0.33	False	single_y_prime_change	False	True	False	0.0
SRR33298420.34022	chr11L	Y' Gain	chr14	True	0.33	False		Y' Gain	chr14R	True	0.33	False	single_y_prime_change	False	True	False	0.0
SRR33298420.9046	chr11L	Y' Gain	chr14	True	0.33	False		Y' Gain	chr14R	True	0.33	False	single_y_prime_change	False	True	False	0.0
SRR33298420.460249	chr11L	Y' Gain	chr14	True	0.33	False		Y' Gain	chr14R	True	0.33	False	single_y_prime_change	False	True	False	0.0
SRR33298420.35273	chr11L	Y' Gain	chr14	True	0.33	False		Y' Gain	chr14R	True	0.33	False	single_y_prime_change	False	True	False	0.0
SRR33298420.413614	chr11L	Y' Gain	chr14	True	0.33	False		Y' Gain	chr14R	True	0.33	False	single_y_prime_change	False	True	False	0.0
SRR33298420.438005	chr11L	Y' Gain	chr14	True	0.33	False		Y' Gain	chr14R	True	0.33	False	single_y_prime_change	False	True	False	0.0
SRR33298420.77611	chr11L	Y' Gain	chr14	True	0.33	False		Y' Gain	chr14R	True	0.33	False	single_y_prime_change	False	True	False	0.0
SRR33298420.178077	chr11L	Y' Gain	chr14	True	0.33	False		Y' Gain	chr14R	True	0.33	False	single_y_prime_change	False	True	False	0.0
SRR33298420.237859	chr11L	Y' Gain	chr14	True	0.33	False		Y' Gain	chr14R	True	0.33	False	single_y_prime_change	False	True	False	0.0
SRR33298420.148409	chr11L	Y' Gain	chr14	True	0.0076	False		Y' Gain	chr14R	True	0.0076	False	subtelomere_switch	False	True	False	0.0
SRR33298420.565898	chr11L	Y' Gain	chr14	True	0.33	False		Y' Gain	chr14R	True	0.33	False	single_y_prime_change	False	True	False	0.0
SRR33298420.361997	chr11L	Y' Gain	chr12	True	0.33	False		Y' Gain	chr12L	True	0.33	False	single_y_prime_change	False	True	False	0.0
SRR33298420.234008	chr11L	Y' Gain	chr12	True	0.33	False		Y' Gain	chr12L	True	0.33	False	single_y_prime_change	False	True	False	0.0
SRR33298420.264618	chr11R	Y' Gain	chr12R	True	-0.0008	True		Y' Gain	chr14L	True	-0.0008	True	subtelomere_switch	False	True	False	0.0
SRR33298420.398110	chr11R	Y' Gain	chr12R	True	0.1684	True		Y' Gain	chr3L	True	0.3928	True	subtelomere_switch	False	True	False	0.224
SRR33298420.279850	chr11R	Y' Gain	chr12R	True	-0.0025	True		Y' Gain	chr14L	True	-0.0025	True	subtelomere_switch	False	True	False	0.0
SRR33298420.203620	chr11R	Y' Gain	chr12R	True	0.1624	True		Y' Gain	chr1L	True	0.3788	True	subtelomere_switch	False	True	False	0.216
SRR33298420.80898	chr11R	Y' Gain	chr12R	True	0.1684	True		Y' Gain	chr3L	True	0.3928	True	subtelomere_switch	False	True	False	0.224
SRR33298420.287643	chr11R	Y' Gain	chr12R	True	-0.0003	True		Y' Gain	chr14L	True	-0.0003	True	subtelomere_switch	False	True	False	0.0
SRR33298420.352464	chr11R	Y' Gain	chr11	True	0.3	False		Y' Gain	ambiguous	True	0.3	False	donor_transfer_candidates:4	False	True	False	0.0
SRR33298420.400360	chr11R	Y' Gain	chr12R	True	-0.0008	True		Y' Gain	chr14L	True	-0.0008	True	subtelomere_switch	False	True	False	0.0
SRR33298420.7491	chr11R	Y' Gain	chr12R	True	0.1684	True		Y' Gain	chr3L	True	0.1684	True	subtelomere_switch	False	True	False	0.0
SRR33298420.41374	chr11R	Y' Gain	chr12R	True	0.1672	True		Y' Gain	chr3L	True	0.1672	True	subtelomere_switch	False	True	False	0.0
SRR33298420.380436	chr11R	Y' Gain	chr12R	True	0.1576	True		Y' Gain	chr1L	True	0.3677	True	subtelomere_switch	False	True	False	0.21
SRR33298420.502299	chr11R	Y' Gain	chr11	True	0.3	False		Y' Gain	ambiguous	True	0.3	False	unmatched_array	False	True	False	0.0
SRR33298420.505876	chr11R	Y' Gain	chr11	True	0.3	False		Y' Gain	ambiguous	True	0.3	False	unmatched_array	False	True	False	0.0
SRR33298420.202592	chr11R	Y' Gain	chr12R	True	0.0027	True		Y' Gain	chr14L	True	0.0027	True	subtelomere_switch	False	True	False	0.0
SRR33298420.165684	chr11R	Y' Gain	chr11	True	0.3	False		Y' Gain	chr14L	True	0.66	False	donor_transfer	False	True	False	0.36
SRR33298420.566999	chr11R	Y' Gain	chr11	True	0.3	False		Y' Gain	chr14L	True	0.44	False	donor_transfer	False	True	False	0.14
SRR33298420.306375	chr11R	Y' Gain	chr11	True	0.3	False		Y' Gain	ambiguous	True	0.3	False	unmatched_array	False	True	False	0.0
SRR33298420.537742	chr11R	Y' Gain	chr11	True	0.3	False		Y' Gain	chr12R	True	0.33	False	donor_transfer_candidates:2	False	True	False	0.03
SRR33298420.321891	chr11R	Y' Gain	chr11	True	0.3	False		Y' Gain	ambiguous	True	0.3	False	donor_transfer_candidates:4	False	True	False	0.0
SRR33298420.166518	chr11R	Y' Gain	chr11	True	0.3	False		Y' Gain	chr14L	True	0.66	False	donor_transfer	False	True	False	0.36
SRR33298420.190540	chr11R	Y' Gain	chr11	True	0.3	False		Y' Gain	chr14L	True	0.66	False	donor_transfer	False	True	False	0.36
SRR33298420.165852	chr11R	Y' Gain	chr11	True	0.3	False		Y' Gain	chr14L	True	0.66	False	donor_transfer	False	True	False	0.36
SRR33298420.481360	chr11R	Y' Gain	chr11	True	0.3	False		Y' Gain	chr14L	True	0.66	False	donor_transfer	False	True	False	0.36
SRR33298420.166182	chr11R	Y' Gain	chr11	True	0.3	False		Y' Gain	ambiguous	True	0.3	False	unmatched_array	False	True	False	0.0
SRR33298420.76750	chr11R	Y' Gain	chr11	True	0.3	False		Y' Gain	ambiguous	True	0.3	False	unmatched_array	False	True	False	0.0
SRR33298420.568636	chr11R	Y' Gain	chr11	True	0.3	False		Y' Gain	ambiguous	True	0.3	False	donor_transfer_candidates:4	False	True	False	0.0
SRR33298420.539287	chr11R	Y' Gain	chr11	True	0.3	False		Y' Gain	chr14L	True	0.44	False	donor_transfer	False	True	False	0.14
SRR33298420.104426	chr11R	Y' Gain	chr11	True	0.3	False		Y' Gain	ambiguous	True	0.3	False	donor_transfer_candidates:4	False	True	False	0.0
SRR33298420.317402	chr11R	Y' Gain	chr11	True	0.3	False		Y' Gain	chr12R	True	0.33	False	donor_transfer_candidates:2	False	True	False	0.03
SRR33298420.527292	chr11R	Y' Gain	chr11	True	0.3	False		Y' Gain	chr12R	True	0.33	False	donor_transfer_candidates:3	False	True	False	0.03
SRR33298420.190152	chr11R	Y' Gain	chr11	True	0.3	False		Y' Gain	chr14L	True	0.44	False	donor_transfer	False	True	False	0.14
SRR33298420.273509	chr11R	Y' Gain	chr11	True	0.3	False		Y' Gain	chr14L	True	0.44	False	donor_transfer	False	True	False	0.14
SRR33298420.103788	chr11R	Y' Gain	chr11	True	0.3	False		Y' Gain	chr12R	True	0.33	False	donor_transfer_candidates:3	False	True	False	0.03
SRR33298420.170363	chr11R	Y' Gain	chr11	True	0.3	False		Y' Gain	chr12R	True	0.33	False	donor_transfer_candidates:2	False	True	False	0.03
SRR33298420.459296	chr11R	Y' Gain	chr11	True	0.3	False		Y' Gain	chr14L	True	0.66	False	donor_transfer	False	True	False	0.36
SRR33298420.555877	chr11R	Y' Gain	chr11	True	0.3	False		Y' Gain	chr14L	True	0.66	False	donor_transfer	False	True	False	0.36
SRR33298420.77254	chr11R	Y' Gain	chr11	True	0.3	False		Y' Gain	chr14L	True	0.66	False	donor_transfer	False	True	False	0.36
SRR33298420.349776	chr11R	Y' Gain	chr11	True	0.3	False		Y' Gain	chr14L	True	0.66	False	donor_transfer	False	True	False	0.36
SRR33298420.334798	chr11R	Y' Gain	chr11	True	0.3	False		Y' Gain	chr14L	True	0.66	False	donor_transfer	False	True	False	0.36
SRR33298420.296663	chr11R	Y' Gain	chr11	True	0.3	False		Y' Gain	chr14L	True	0.66	False	donor_transfer	False	True	False	0.36
SRR33298420.195296	chr11R	Y' Gain	chr11	True	0.3	False		Y' Gain	chr14L	True	0.66	False	donor_transfer	False	True	False	0.36
SRR33298420.81826	chr11R	Y' Gain	chr11	True	0.3	False		Y' Gain	chr14L	True	0.66	False	donor_transfer	False	True	False	0.36
SRR33298420.503183	chr11R	Y' Gain	chr11	True	-0.0062	False		Y' Gain	chr14L	True	-0.0068	False	subtelomere_switch	False	True	False	-0.001
SRR33298420.483285	chr11R	Y' Gain	chr11	True	0.3	False		Y' Gain	chr14L	True	0.66	False	donor_transfer	False	True	False	0.36
SRR33298420.503045	chr11R	Y' Gain	chr11	True	0.3	False		Y' Gain	chr14L	True	0.66	False	donor_transfer	False	True	False	0.36
SRR33298420.431176	chr11R	Y' Gain	chr12R	True	-0.0005	True		Y' Gain	chr14L	True	-0.0005	True	subtelomere_switch	False	True	False	0.0
SRR33298420.537680	chr11R	Y' Gain	chr11	True	0.3	False		Y' Gain	ambiguous	True	0.3	False	unmatched_array	False	True	False	0.0
SRR33298420.336678	chr11R	Y' Gain	chr11	True	0.3	False		Y' Gain	ambiguous	True	0.3	False	donor_transfer_candidates:4	False	True	False	0.0
SRR33298420.362727	chr11R	Y' Gain	chr11	True	0.3	False		Y' Gain	ambiguous	True	0.3	False	donor_transfer_candidates:4	False	True	False	0.0
SRR33298420.250175	chr11R	Y' Gain	chr11	True	0.3	False		Y' Gain	ambiguous	True	0.3	False	donor_transfer_candidates:4	False	True	False	0.0
SRR33298420.391815	chr11R	Y' Gain	chr11	True	0.3	False		Y' Gain	chr14L	True	0.66	False	donor_transfer	False	True	False	0.36
SRR33298420.120715	chr11R	Y' Gain	chr11	True	0.3	False		Y' Gain	chr14L	True	0.66	False	donor_transfer	False	True	False	0.36
SRR33298420.78928	chr11R	Y' Gain	chr11	True	0.3	False		Y' Gain	chr14L	True	0.66	False	donor_transfer	False	True	False	0.36
SRR33298420.506152	chr11R	Y' Gain	chr11	True	0.3	False		Y' Gain	ambiguous	True	0.3	False	unmatched_array	False	True	False	0.0
SRR33298420.234212	chr11R	Y' Gain	chr11	True	0.3	False		Y' Gain	ambiguous	True	0.3	False	unmatched_array	False	True	False	0.0
SRR33298420.169251	chr11R	Y' Gain	chr11	True	0.3	False		Y' Gain	ambiguous	True	0.3	False	unmatched_array	False	True	False	0.0
SRR33298420.540385	chr11R	Y' Gain	chr11	True	0.3	False		Y' Gain	chr14L	True	0.44	False	donor_transfer	False	True	False	0.14
SRR33298420.240444	chr11R	Y' Gain	chr4	True	0.3	False		Y' Gain	chr14L	True	0.66	False	donor_transfer	False	True	False	0.36
SRR33298420.395412	chr11R	Y' Gain	chr14	True	0.33	False		Y' Gain	chr14L	True	0.33	False	donor_transfer_candidates:4	False	True	False	0.0
SRR33298420.347712	chr11R	Y' Gain	chr14	True	0.33	False		Y' Gain	chr14L	True	0.33	False	donor_transfer_candidates:4	False	True	False	0.0
SRR33298420.519426	chr11R	Y' Gain	chr14	True	0.33	False		Y' Gain	chr14L	True	0.33	False	donor_transfer_candidates:4	False	True	False	0.0
SRR33298420.247131	chr11R	Y' Gain	chr14	True	0.33	False		Y' Gain	chr14L	True	0.33	False	donor_transfer_candidates:4	False	True	False	0.0
SRR33298420.554671	chr11R	Y' Gain	chr14	True	0.33	False		Y' Gain	chr14R	True	0.33	False	unmatched_array	False	True	False	0.0
SRR33298420.554932	chr11R	Y' Gain	chr14	True	0.3	False		Y' Gain	chr14L	True	0.44	False	donor_transfer	False	True	False	0.14
SRR33298420.490955	chr11R	Y' Gain	chr14	True	0.33	False		Y' Gain	chr14L	True	0.44	False	donor_transfer	False	True	False	0.11
SRR33298420.538469	chr11R	Y' Gain	chr4	True	0.33	False		Y' Gain	chr4R	True	0.33	False	single_y_prime_change	False	True	False	0.0
SRR33298420.143482	chr11R	Y' Gain	chr4	True	0.33	False		Y' Gain	chr4R	True	0.33	False	single_y_prime_change	False	True	False	0.0
SRR33298420.187845	chr11R	Y' Gain	chr4	True	0.33	False		Y' Gain	chr4R	True	0.33	False	single_y_prime_change	False	True	False	0.0
SRR33298420.512930	chr11R	Y' Gain	chr4	True	0.33	False		Y' Gain	chr4R	True	0.33	False	single_y_prime_change	False	True	False	0.0
SRR33298420.257684	chr11R	Y' Gain	chr4	True	0.33	False		Y' Gain	chr4R	True	0.33	False	single_y_prime_change	False	True	False	0.0
SRR33298420.54694	chr11R	Y' Gain	chr14	True	0.33	False		Y' Gain	chr14L	True	0.33	False	single_y_prime_change	False	True	False	0.0
SRR33298420.326891	chr11R	Y' Gain	chr14	True	0.33	False		Y' Gain	chr14R	True	0.33	False	single_y_prime_change	False	True	False	0.0
SRR33298420.513550	chr11R	Y' Gain	chr13	True	0.33	False		Y' Gain	chr13L	True	0.33	False	single_y_prime_change	False	True	False	0.0
SRR33298420.314396	chr11R	Y' Gain	chr2	True	0.33	False		Y' Gain	chr2L	True	0.33	False	single_y_prime_change	False	True	False	0.0
SRR33298420.9856	chr11R	Y' Gain	chr13	True	0.33	False		Y' Gain	chr13L	True	0.33	False	single_y_prime_change	False	True	False	0.0
SRR33298420.479876	chr11R	Y' Gain	chr13	True	0.33	False		Y' Gain	chr13L	True	0.33	False	single_y_prime_change	False	True	False	0.0
SRR33298420.250421	chr12L	Y' Gain	ambiguous	True	0.3	False		Y' Gain	chr14L	True	0.44	False	donor_transfer	False	True	False	0.14
SRR33298420.246707	chr12L	Y' Gain	chr14	True	0.3	False		Y' Gain	chr12R	True	0.33	False	donor_transfer_candidates:2	False	True	False	0.03
SRR33298420.501897	chr12L	Y' Gain	ambiguous	True	0.3	False		Y' Gain	chr12R	True	0.33	False	donor_transfer_candidates:3	False	True	False	0.03
SRR33298420.463373	chr12L	1st Y' Change	ambiguous	True	0.3	False		1st Y' Change	chr14L	True	0.66	False	donor_transfer	False	True	False	0.36
SRR33298420.381136	chr12L	Y' Gain	ambiguous	True	0.3	False		Y' Gain	chr14L	True	0.66	False	donor_transfer	False	True	False	0.36
SRR33298420.62572	chr12L	Y' Gain	ambiguous	True	0.3	False		Y' Gain	chr12R	True	0.33	False	donor_transfer_candidates:2	False	True	False	0.03
SRR33298420.499350	chr12L	Y' Gain	ambiguous	True	0.3	False		Y' Gain	chr12R	True	0.33	False	donor_transfer_candidates:2	False	True	False	0.03
SRR33298420.130319	chr12L	Y' Gain	ambiguous	True	0.3	False		Y' Gain	chr12R	True	0.33	False	donor_transfer_candidates:2	False	True	False	0.03
SRR33298420.519541	chr12L	Y' Gain	ambiguous	True	0.3	False		Y' Gain	chr14L	True	0.66	False	donor_transfer	False	True	False	0.36
SRR33298420.177563	chr12L	Y' Gain	ambiguous	True	0.3	False		Y' Gain	chr12R	True	0.33	False	donor_transfer_candidates:2	False	True	False	0.03
SRR33298420.297018	chr12L	Y' Gain	ambiguous	True	0.3	False		Y' Gain	chr12R	True	0.33	False	donor_transfer_candidates:3	False	True	False	0.03
SRR33298420.538588	chr12L	Y' Gain	ambiguous	True	0.3	False		Y' Gain	chr12R	True	0.33	False	donor_transfer_candidates:2	False	True	False	0.03
SRR33298420.248797	chr12L	Y' Gain	ambiguous	True	0.3	False		Y' Gain	chr12R	True	0.33	False	donor_transfer_candidates:2	False	True	False	0.03
SRR33298420.289185	chr12L	1st Y' Change	ambiguous	True	0.3	False		1st Y' Change	chr14L	True	0.66	False	donor_transfer	False	True	False	0.36
SRR33298420.485636	chr12L	Y' Gain	ambiguous	True	0.3	False		Y' Gain	chr14L	True	0.66	False	donor_transfer	False	True	False	0.36
SRR33298420.555241	chr12L	1st Y' Change	ambiguous	True	0.3	False		1st Y' Change	chr12R	True	0.33	False	donor_transfer_candidates:3	False	True	False	0.03
SRR33298420.364548	chr12L	1st Y' Change	ambiguous	True	0.3	False		1st Y' Change	chr12R	True	0.33	False	donor_transfer_candidates:3	False	True	False	0.03
SRR33298420.247400	chr12L	1st Y' Change	ambiguous	True	0.3	False		1st Y' Change	chr12R	True	0.33	False	donor_transfer_candidates:3	False	True	False	0.03
SRR33298420.394149	chr12L	Y' Gain	ambiguous	True	0.3	False		Y' Gain	chr12R	True	0.33	False	donor_transfer_candidates:3	False	True	False	0.03
SRR33298420.307502	chr12L	Y' Gain	ambiguous	True	0.3	False		Y' Gain	chr12R	True	0.33	False	donor_transfer_candidates:3	False	True	False	0.03
SRR33298420.386062	chr12L	Y' Gain	ambiguous	True	0.3	False		Y' Gain	chr12R	True	0.33	False	donor_transfer_candidates:3	False	True	False	0.03
SRR33298420.64414	chr12L	Y' Gain	ambiguous	True	0.3	False		Y' Gain	chr12R	True	0.33	False	donor_transfer_candidates:3	False	True	False	0.03
SRR33298420.64818	chr12L	Y' Gain	ambiguous	True	0.3	False		Y' Gain	chr14L	True	0.66	False	donor_transfer	False	True	False	0.36
SRR33298420.35359	chr12L	Y' Gain	ambiguous	True	0.3	False		Y' Gain	chr14L	True	0.66	False	donor_transfer	False	True	False	0.36
SRR33298420.500605	chr12L	Y' Gain	ambiguous	True	0.3	False		Y' Gain	chr14L	True	0.44	False	donor_transfer	False	True	False	0.14
SRR33298420.47200	chr12L	Y' Gain	ambiguous	True	0.3	False		Y' Gain	chr14L	True	0.44	False	donor_transfer	False	True	False	0.14
SRR33298420.494582	chr12L	Y' Gain	ambiguous	True	0.3	False		Y' Gain	chr14L	True	0.44	False	donor_transfer	False	True	False	0.14
SRR33298420.503125	chr12R	Y' Gain	chr4	True	0.3	False		Y' Gain	chr12R	True	0.33	False	tandem_amplification_same_end	False	True	False	0.03
SRR33298420.463559	chr12R	Y' Gain	chr4	True	0.3	False		Y' Gain	chr14L	True	0.66	False	donor_transfer	False	True	False	0.36
SRR33298420.1799	chr12R	Y' Gain	chr4	True	0.3	False		Y' Gain	chr12R	True	0.33	False	tandem_amplification_same_end	False	True	False	0.03
SRR33298420.189612	chr12R	Y' Gain	chr4	True	0.3	False		Y' Gain	chr12R	True	0.33	False	tandem_amplification_same_end	False	True	False	0.03
SRR33298420.247109	chr12R	Y' Gain	chr4	True	0.3	False		Y' Gain	chr12R	True	0.33	False	tandem_amplification_same_end	False	True	False	0.03
SRR33298420.387444	chr12R	Y' Gain	chr4	True	0.3	False		Y' Gain	chr12R	True	0.33	False	tandem_amplification_same_end	False	True	False	0.03
SRR33298420.285887	chr12R	Y' Gain	chr4	True	0.3	False		Y' Gain	chr12R	True	0.33	False	tandem_amplification_same_end	False	True	False	0.03
SRR33298420.242994	chr12R	Y' Gain	chr4	True	0.3	False		Y' Gain	chr12R	True	0.33	False	tandem_amplification_same_end	False	True	False	0.03
SRR33298420.237555	chr12R	Y' Gain	chr4	True	0.3	False		Y' Gain	chr12R	True	0.33	False	tandem_amplification_same_end	False	True	False	0.03
SRR33298420.255095	chr12R	Y' Gain	chr4	True	0.3	False		Y' Gain	chr12R	True	0.33	False	tandem_amplification_same_end	False	True	False	0.03
SRR33298420.309970	chr12R	Y' Gain	chr4	True	0.3	False		Y' Gain	chr12R	True	0.33	False	tandem_amplification_same_end	False	True	False	0.03
SRR33298420.237463	chr12R	Y' Recombination	ambiguous	True	0.3	False		Y' Recombination	chr12R	True	0.33	False	tandem_amplification_same_end	False	True	False	0.03
SRR33298420.242961	chr13L	Y' Gain	chr13	True	0.33	False		Y' Gain	chr12R	True	0.33	False	donor_transfer_candidates:2	False	True	False	0.0
SRR33298420.539426	chr13L	Y' Gain	chr13	True	0.33	False		Y' Gain	chr14L	True	0.66	False	donor_transfer	False	True	False	0.33
SRR33298420.421476	chr13L	Y' Gain	chr13	True	0.33	False		Y' Gain	ambiguous	True	0.3	False	donor_transfer_candidates:4	False	True	False	-0.03
SRR33298420.156368	chr13L	Y' Gain	chr13	True	0.33	False		Y' Gain	ambiguous	True	0.3	False	unmatched_array	False	True	False	-0.03
SRR33298420.355052	chr13L	Y' Gain	chr13	True	0.33	False		Y' Gain	chr12R	True	0.33	False	donor_transfer_candidates:3	False	True	False	0.0
SRR33298420.354984	chr13L	Y' Gain	chr13	True	0.33	False		Y' Gain	chr12R	True	0.33	False	donor_transfer_candidates:3	False	True	False	0.0
SRR33298420.166523	chr13L	Y' Gain	chr13	True	0.33	False		Y' Gain	ambiguous	True	0.3	False	unmatched_array	False	True	False	-0.03
SRR33298420.526145	chr13L	Y' Gain	chr13	True	0.33	False		Y' Gain	chr12R	True	0.33	False	donor_transfer_candidates:3	False	True	False	0.0
SRR33298420.287468	chr13L	Y' Gain	chr13	True	0.33	False		Y' Gain	chr14L	True	0.66	False	donor_transfer	False	True	False	0.33
SRR33298420.500798	chr13L	Y' Gain	chr13	True	0.33	False		Y' Gain	chr14L	True	0.66	False	donor_transfer	False	True	False	0.33
SRR33298420.537058	chr13L	Y' Gain	chr13	True	0.33	False		Y' Gain	chr14L	True	0.44	False	donor_transfer	False	True	False	0.11
SRR33298420.294083	chr13L	Y' Gain	chr13	True	0.33	False		Y' Gain	chr14L	True	0.66	False	donor_transfer	False	True	False	0.33
SRR33298420.105725	chr13L	Y' Gain	chr13	True	0.33	False		Y' Gain	chr12R	True	0.33	False	donor_transfer_candidates:2	False	True	False	0.0
SRR33298420.363947	chr13L	Y' Gain	chr13	True	0.33	False		Y' Gain	chr12R	True	0.33	False	donor_transfer_candidates:2	False	True	False	0.0
SRR33298420.16665	chr13L	Y' Gain	chr13	True	0.33	False		Y' Gain	ambiguous	True	0.3	False	unmatched_array	False	True	False	-0.03
SRR33298420.333208	chr13L	Y' Gain	chr13	True	0.33	False		Y' Gain	ambiguous	True	0.3	False	unmatched_array	False	True	False	-0.03
SRR33298420.397737	chr13L	Y' Gain	chr13	True	0.33	False		Y' Gain	chr12R	True	0.33	False	donor_transfer_candidates:2	False	True	False	0.0
SRR33298420.248792	chr13L	Y' Gain	chr13	True	0.33	False		Y' Gain	ambiguous	True	0.3	False	unmatched_array	False	True	False	-0.03
SRR33298420.495019	chr13L	Y' Gain	chr13	True	0.33	False		Y' Gain	ambiguous	True	0.3	False	unmatched_array	False	True	False	-0.03
SRR33298420.284005	chr13L	Y' Gain	chr13	True	0.33	False		Y' Gain	ambiguous	True	0.3	False	unmatched_array	False	True	False	-0.03
SRR33298420.28480	chr13L	Y' Gain	chr13	True	0.33	False		Y' Gain	chr14L	True	0.66	False	donor_transfer	False	True	False	0.33
SRR33298420.362017	chr13L	Y' Gain	chr13	True	0.33	False		Y' Gain	ambiguous	True	0.3	False	unmatched_array	False	True	False	-0.03
SRR33298420.190880	chr13L	Y' Gain	chr13	True	0.33	False		Y' Gain	ambiguous	True	0.3	False	donor_transfer_candidates:4	False	True	False	-0.03
SRR33298420.561720	chr13L	Y' Gain	chr13	True	0.33	False		Y' Gain	ambiguous	True	0.3	False	donor_transfer_candidates:4	False	True	False	-0.03
SRR33298420.146916	chr13L	Y' Gain	chr13	True	0.33	False		Y' Gain	chr14L	True	0.44	False	donor_transfer	False	True	False	0.11
SRR33298420.464427	chr13L	Y' Gain	chr13	True	0.33	False		Y' Gain	chr14L	True	0.44	False	donor_transfer	False	True	False	0.11
SRR33298420.357337	chr13L	Y' Gain	chr13	True	0.33	False		Y' Gain	ambiguous	True	0.3	False	unmatched_array	False	True	False	-0.03
SRR33298420.197279	chr13L	Y' Gain	chr13	True	0.33	False		Y' Gain	ambiguous	True	0.3	False	unmatched_array	False	True	False	-0.03
SRR33298420.173561	chr13L	Y' Gain	chr13	True	0.33	False		Y' Gain	ambiguous	True	0.3	False	unmatched_array	False	True	False	-0.03
SRR33298420.516711	chr13L	Y' Gain	chr13	True	0.33	False		Y' Gain	ambiguous	True	0.3	False	unmatched_array	False	True	False	-0.03
SRR33298420.400036	chr13L	Y' Gain	chr13	True	0.33	False		Y' Gain	ambiguous	True	0.3	False	unmatched_array	False	True	False	-0.03
SRR33298420.165688	chr13L	Y' Gain	chr13	True	0.33	False		Y' Gain	chr14L	True	0.66	False	donor_transfer	False	True	False	0.33
SRR33298420.376832	chr13L	Y' Gain	chr13	True	0.33	False		Y' Gain	ambiguous	True	0.3	False	unmatched_array	False	True	False	-0.03
SRR33298420.440538	chr13L	Y' Gain	chr13	True	0.33	False		Y' Gain	ambiguous	True	0.3	False	unmatched_array	False	True	False	-0.03
SRR33298420.187589	chr13L	Y' Gain	chr13	True	0.33	False		Y' Gain	ambiguous	True	0.3	False	unmatched_array	False	True	False	-0.03
SRR33298420.185032	chr13L	Y' Gain	chr13	True	0.33	False		Y' Gain	ambiguous	True	0.3	False	unmatched_array	False	True	False	-0.03
SRR33298420.432431	chr13L	Y' Gain	chr13	True	0.33	False		Y' Gain	ambiguous	True	0.3	False	unmatched_array	False	True	False	-0.03
SRR33298420.392988	chr13L	Y' Gain	chr13	True	0.33	False		Y' Gain	ambiguous	True	0.3	False	unmatched_array	False	True	False	-0.03
SRR33298420.496065	chr13L	Y' Gain	chr13	True	0.33	False		Y' Gain	ambiguous	True	0.3	False	unmatched_array	False	True	False	-0.03
SRR33298420.330731	chr13L	1st Y' Change	chr13	True	0.3	False		1st Y' Change	chr12R	True	0.33	False	donor_transfer_candidates:3	False	True	False	0.03
SRR33298420.444906	chr13L	1st Y' Change	chr13	True	0.3	False		1st Y' Change	chr12R	True	0.33	False	donor_transfer_candidates:3	False	True	False	0.03
SRR33298420.232916	chr13L	1st Y' Change	chr13	True	0.3	False		1st Y' Change	chr12R	True	0.33	False	donor_transfer_candidates:3	False	True	False	0.03
SRR33298420.504330	chr13L	Y' Gain	chr13	True	0.33	False		Y' Gain	chr12R	True	0.33	False	donor_transfer_candidates:3	False	True	False	0.0
SRR33298420.456602	chr13L	Y' Gain	chr13	True	0.33	False		Y' Gain	chr12R	True	0.33	False	donor_transfer_candidates:3	False	True	False	0.0
SRR33298420.328267	chr13L	Y' Gain	chr13	True	0.33	False		Y' Gain	ambiguous	True	0.3	False	donor_transfer_candidates:4	False	True	False	-0.03
SRR33298420.456497	chr13L	Y' Gain	chr13	True	0.33	False		Y' Gain	ambiguous	True	0.3	False	unmatched_array	False	True	False	-0.03
SRR33298420.416982	chr13L	Y' Gain	chr13	True	0.33	False		Y' Gain	ambiguous	True	0.3	False	donor_transfer_candidates:4	False	True	False	-0.03
SRR33298420.451687	chr13L	Y' Gain	chr13	True	0.33	False		Y' Gain	ambiguous	True	0.3	False	donor_transfer_candidates:4	False	True	False	-0.03
SRR33298420.335697	chr13L	Y' Gain	chr13	True	0.33	False		Y' Gain	chr14L	True	0.66	False	donor_transfer	False	True	False	0.33
SRR33298420.319685	chr13L	Y' Gain	chr13	True	0.33	False		Y' Gain	chr14L	True	0.66	False	donor_transfer	False	True	False	0.33
SRR33298420.360297	chr13L	Y' Gain	chr13	True	0.33	False		Y' Gain	chr14L	True	0.66	False	donor_transfer	False	True	False	0.33
SRR33298420.62234	chr13L	Y' Gain	chr13	True	0.33	False		Y' Gain	ambiguous	True	0.3	False	unmatched_array	False	True	False	-0.03
SRR33298420.457031	chr13L	Y' Gain	chr13	True	0.33	False		Y' Gain	ambiguous	True	0.3	False	unmatched_array	False	True	False	-0.03
SRR33298420.71837	chr13L	Y' Gain	chr13	True	0.33	False		Y' Gain	ambiguous	True	0.3	False	unmatched_array	False	True	False	-0.03
SRR33298420.232790	chr13L	Y' Gain	chr13	True	0.33	False		Y' Gain	chr14L	True	0.44	False	donor_transfer	False	True	False	0.11
SRR33298420.256349	chr13L	Y' Gain	chr13	True	0.33	False		Y' Gain	chr14L	True	0.44	False	donor_transfer	False	True	False	0.11
SRR33298420.283898	chr13L	Y' Gain	chr13	True	0.33	False		Y' Gain	ambiguous	True	0.3	False	unmatched_array	False	True	False	-0.03
SRR33298420.4462	chr13L	Y' Gain	chr13	True	0.33	False		Y' Gain	ambiguous	True	0.3	False	unmatched_array	False	True	False	-0.03
SRR33298420.185727	chr13L	Y' Gain	chr13	True	0.33	False		Y' Gain	ambiguous	True	0.3	False	unmatched_array	False	True	False	-0.03
SRR33298420.398575	chr13L	Y' Gain	chr13	True	0.33	False		Y' Gain	ambiguous	True	0.3	False	unmatched_array	False	True	False	-0.03
SRR33298420.291178	chr13L	Y' Gain	chr13	True	0.33	False		Y' Gain	chr14L	True	0.44	False	donor_transfer	False	True	False	0.11
SRR33298420.572223	chr13L	Y' Gain	chr13	True	0.33	False		Y' Gain	ambiguous	True	0.3	False	unmatched_array	False	True	False	-0.03
SRR33298420.427645	chr13L	Y' Gain	chr13	True	0.33	False		Y' Gain	ambiguous	True	0.3	False	donor_transfer_candidates:4	False	True	False	-0.03
SRR33298420.186768	chr13L	Y' Gain	chr13	True	0.33	False		Y' Gain	ambiguous	True	0.3	False	donor_transfer_candidates:4	False	True	False	-0.03
SRR33298420.186764	chr13L	Y' Gain	chr13	True	0.33	False		Y' Gain	ambiguous	True	0.3	False	donor_transfer_candidates:4	False	True	False	-0.03
SRR33298420.301553	chr13L	Y' Gain	chr13	True	0.33	False		Y' Gain	ambiguous	True	0.3	False	donor_transfer_candidates:4	False	True	False	-0.03
SRR33298420.251434	chr13L	Y' Gain	chr13	True	0.33	False		Y' Gain	ambiguous	True	0.3	False	donor_transfer_candidates:4	False	True	False	-0.03
SRR33298420.562337	chr13L	Y' Gain	chr13	True	0.33	False		Y' Gain	ambiguous	True	0.3	False	donor_transfer_candidates:4	False	True	False	-0.03
SRR33298420.9707	chr13L	Y' Gain	chr13	True	0.33	False		Y' Gain	ambiguous	True	0.3	False	unmatched_array	False	True	False	-0.03
SRR33298420.82091	chr13L	Y' Gain	chr13	True	0.33	False		Y' Gain	ambiguous	True	0.3	False	unmatched_array	False	True	False	-0.03
SRR33298420.71369	chr13L	Y' Gain	chr13	True	0.33	False		Y' Gain	ambiguous	True	0.3	False	unmatched_array	False	True	False	-0.03
SRR33298420.466288	chr13L	Y' Gain	chr13	True	0.33	False		Y' Gain	ambiguous	True	0.3	False	unmatched_array	False	True	False	-0.03
SRR33298420.278398	chr13L	Y' Gain	chr13	True	0.33	False		Y' Gain	chr14L	True	0.44	False	donor_transfer	False	True	False	0.11
SRR33298420.538562	chr13L	Y' Gain	chr13	True	0.33	False		Y' Gain	ambiguous	True	0.3	False	unmatched_array	False	True	False	-0.03
SRR33298420.348618	chr13L	Y' Gain	chr13	True	0.33	False		Y' Gain	ambiguous	True	0.3	False	unmatched_array	False	True	False	-0.03
SRR33298420.115870	chr13L	Y' Gain	chr13	True	0.33	False		Y' Gain	ambiguous	True	0.3	False	unmatched_array	False	True	False	-0.03
SRR33298420.431825	chr13L	Y' Gain	chr13	True	0.33	False		Y' Gain	ambiguous	True	0.3	False	unmatched_array	False	True	False	-0.03
SRR33298420.244726	chr13L	Y' Gain	chr13	True	0.33	False		Y' Gain	ambiguous	True	0.3	False	unmatched_array	False	True	False	-0.03
SRR33298420.517441	chr13L	Y' Gain	chr13	True	0.33	False		Y' Gain	ambiguous	True	0.3	False	unmatched_array	False	True	False	-0.03
SRR33298420.50683	chr13L	Y' Gain	chr13	True	0.33	False		Y' Gain	ambiguous	True	0.3	False	unmatched_array	False	True	False	-0.03
SRR33298420.83180	chr13L	Y' Gain	chr13	True	0.33	False		Y' Gain	ambiguous	True	0.3	False	unmatched_array	False	True	False	-0.03
SRR33298420.505355	chr13L	Y' Gain	chr13	True	0.33	False		Y' Gain	ambiguous	True	0.3	False	unmatched_array	False	True	False	-0.03
SRR33298420.466575	chr13L	Y' Gain	chr13	True	0.33	False		Y' Gain	ambiguous	True	0.3	False	unmatched_array	False	True	False	-0.03
SRR33298420.273461	chr13L	Y' Gain	chr13	True	0.33	False		Y' Gain	ambiguous	True	0.3	False	unmatched_array	False	True	False	-0.03
SRR33298420.67792	chr13L	1st Y' Change	chr13	True	0.3	False		1st Y' Change	ambiguous	True	0.3	False	donor_transfer_candidates:4	False	True	False	0.0
SRR33298420.311437	chr13L	1st Y' Change	chr13	True	0.3	False		1st Y' Change	ambiguous	True	0.3	False	donor_transfer_candidates:4	False	True	False	0.0
SRR33298420.187907	chr13L	1st Y' Change	chr14	True	0.33	False		1st Y' Change	chr14R	True	0.33	False	unmatched_array	False	True	False	0.0
SRR33298420.305074	chr13R	Y' Gain	chr12R	True	0.2828	True		Y' Gain	chr15R	True	0.2828	True	subtelomere_switch	False	True	False	0.0
SRR33298420.459674	chr13R	Y' Gain	chr14L	True	0.2828	True		Y' Gain	chr15R	True	0.66	True	subtelomere_switch	False	True	False	0.377
SRR33298420.500750	chr13R	Y' Gain	chr14L	True	-0.0003	True		Y' Gain	chr12R	True	-0.0003	True	subtelomere_switch	False	True	False	0.0
SRR33298420.25226	chr13R	Y' Gain	chr14L	True	0.2843	True		Y' Gain	chr15R	True	0.6634	True	subtelomere_switch	False	True	False	0.379
SRR33298420.275167	chr13R	Y' Gain	chr14L	True	-0.0003	True		Y' Gain	chr12R	True	-0.0004	False	subtelomere_switch	False	True	False	-0.0
SRR33298420.65016	chr13R	Y' Gain	chr12R	True	0.2936	True		Y' Gain	chr15R	True	0.6852	True	subtelomere_switch	False	True	False	0.392
SRR33298420.320861	chr13R	Y' Gain	chr12R	True	0.1877	True		Y' Gain	chr14R	True	0.4379	True	subtelomere_switch	False	True	False	0.25
SRR33298420.328133	chr13R	Y' Gain	chr12R	True	0.1881	True		Y' Gain	chr14R	True	0.4388	True	subtelomere_switch	False	True	False	0.251
SRR33298420.323502	chr13R	Y' Gain	chr13	True	0.33	False		Y' Gain	chr14L	True	0.66	False	donor_transfer	False	True	False	0.33
SRR33298420.34155	chr13R	Y' Gain	chr12R	True	0.2813	True		Y' Gain	chr15R	True	0.6565	True	subtelomere_switch	False	True	False	0.375
SRR33298420.188165	chr13R	Y' Gain	chr12R	True	-0.0002	True		Y' Gain	chr14L	True	-0.0002	True	subtelomere_switch	False	True	False	0.0
SRR33298420.282408	chr13R	Y' Gain	chr4R	True	0.0021	True		Y' Gain	chr14L	True	0.0021	True	subtelomere_switch	False	True	False	0.0
SRR33298420.9050	chr13R	Y' Gain	chr13	True	0.33	False		Y' Gain	chr14L	True	0.44	False	donor_transfer	False	True	False	0.11
SRR33298420.358593	chr13R	Y' Gain	chr15	True	0.33	False		Y' Gain	chr12R	True	0.33	False	donor_transfer_candidates:2	False	True	False	0.0
SRR33298420.317188	chr13R	Y' Gain	chr13	True	0.3	False		Y' Gain	chr12R	True	0.33	False	donor_transfer_candidates:2	False	True	False	0.03
SRR33298420.342174	chr13R	Y' Gain	chr13	True	0.33	False		Y' Gain	ambiguous	True	0.3	False	unmatched_array	False	True	False	-0.03
SRR33298420.169421	chr13R	Y' Gain	chr13	True	0.33	False		Y' Gain	chr14L	True	0.66	False	donor_transfer	False	True	False	0.33
SRR33298420.110836	chr13R	Y' Gain	chr13	True	0.33	False		Y' Gain	chr14L	True	0.66	False	donor_transfer	False	True	False	0.33
SRR33298420.568719	chr13R	Y' Gain	chr13	True	0.33	False		Y' Gain	chr14L	True	0.66	False	donor_transfer	False	True	False	0.33
SRR33298420.402130	chr13R	Y' Gain	chr13	True	0.33	False		Y' Gain	chr14L	True	0.66	False	donor_transfer	False	True	False	0.33
SRR33298420.228782	chr13R	Y' Gain	chr15	True	0.33	False		Y' Gain	chr14L	True	0.44	False	donor_transfer	False	True	False	0.11
SRR33298420.287231	chr13R	Y' Gain	chr12R	True	0.2372	True		Y' Gain	chr15R	True	0.5534	True	subtelomere_switch	False	True	False	0.316
SRR33298420.363294	chr13R	Y' Gain	chr13	True	0.3	False		Y' Gain	ambiguous	True	0.3	False	unmatched_array	False	True	False	0.0
SRR33298420.502472	chr13R	Y' Gain	chr13	True	0.3	False		Y' Gain	ambiguous	True	0.3	False	unmatched_array	False	True	False	0.0
SRR33298420.442692	chr13R	Y' Gain	chr13	True	0.33	False		Y' Gain	ambiguous	True	0.3	False	unmatched_array	False	True	False	-0.03
SRR33298420.332010	chr13R	Y' Gain	chr13	True	0.33	False		Y' Gain	ambiguous	True	0.3	False	unmatched_array	False	True	False	-0.03
SRR33298420.494857	chr13R	Y' Gain	chr13	True	0.3	False		Y' Gain	ambiguous	True	0.3	False	unmatched_array	False	True	False	0.0
SRR33298420.250327	chr13R	Y' Gain	chr13	True	0.3	False		Y' Gain	ambiguous	True	0.3	False	unmatched_array	False	True	False	0.0
SRR33298420.312323	chr13R	Y' Gain	chr13	True	0.3	False		Y' Gain	ambiguous	True	0.3	False	donor_transfer_candidates:4	False	True	False	0.0
SRR33298420.491290	chr13R	Y' Gain	chr13	True	0.3	False		Y' Gain	chr12R	True	0.44	False	donor_transfer	False	True	False	0.14
SRR33298420.17798	chr13R	Y' Gain	chr13	True	0.3	False		Y' Gain	ambiguous	True	0.3	False	unmatched_array	False	True	False	0.0
SRR33298420.54309	chr13R	Y' Gain	chr13	True	0.33	False		Y' Gain	chr14L	True	0.44	False	donor_transfer	False	True	False	0.11
SRR33298420.420925	chr13R	Y' Gain	chr13	True	0.33	False		Y' Gain	ambiguous	True	0.3	False	unmatched_array	False	True	False	-0.03
SRR33298420.528438	chr13R	Y' Gain	chr13	True	0.3	False		Y' Gain	ambiguous	True	0.3	False	single_y_prime_change	False	True	False	0.0
SRR33298420.451003	chr13R	Y' Gain	chr13	True	0.3	False		Y' Gain	ambiguous	True	0.3	False	single_y_prime_change	False	True	False	0.0
SRR33298420.201788	chr13R	Y' Gain	chr13	True	0.3	False		Y' Gain	ambiguous	True	0.3	False	single_y_prime_change	False	True	False	0.0
SRR33298420.146856	chr13R	Y' Gain	chr13	True	0.3	False		Y' Gain	ambiguous	True	0.3	False	single_y_prime_change	False	True	False	0.0
SRR33298420.501850	chr13R	Y' Gain	chr13	True	0.0034	False		Y' Gain	ambiguous	True	0.0034	False	subtelomere_switch	False	True	False	0.0
SRR33298420.165526	chr13R	Y' Gain	chr13	True	0.3	False		Y' Gain	ambiguous	True	0.3	False	single_y_prime_change	False	True	False	0.0
SRR33298420.350522	chr13R	Y' Gain	chr13	True	0.3	False		Y' Gain	ambiguous	True	0.3	False	single_y_prime_change	False	True	False	0.0
SRR33298420.501059	chr13R	Y' Gain	chr13	True	0.3	False		Y' Gain	ambiguous	True	0.3	False	single_y_prime_change	False	True	False	0.0
SRR33298420.229993	chr13R	Y' Gain	chr13	True	-0.0013	False		Y' Gain	ambiguous	True	-0.0013	False	subtelomere_switch	False	True	False	0.0
SRR33298420.293201	chr13R	Y' Gain	chr13	True	0.3	False		Y' Gain	ambiguous	True	0.3	False	single_y_prime_change	False	True	False	0.0
SRR33298420.356065	chr13R	Y' Gain	chr13	True	0.33	False		Y' Gain	ambiguous	True	0.3	False	single_y_prime_change	False	True	False	-0.03
SRR33298420.130437	chr13R	Y' Gain	chr13	True	0.33	False		Y' Gain	ambiguous	True	0.3	False	single_y_prime_change	False	True	False	-0.03
SRR33298420.236453	chr13R	Y' Gain	chr13	True	0.33	False		Y' Gain	ambiguous	True	0.3	False	single_y_prime_change	False	True	False	-0.03
SRR33298420.284813	chr13R	Y' Gain	chr13	True	0.0026	False		Y' Gain	ambiguous	True	0.0024	False	subtelomere_switch	False	True	False	-0.0
SRR33298420.354412	chr14L	Y' Recombination	chr14	True	0.33	False		Y' Recombination	chr12R	True	0.33	False	donor_transfer_candidates:2	False	True	False	0.0
SRR33298420.360473	chr14L	Y' Recombination	chr14	True	0.33	False		Y' Recombination	chr14L	True	0.33	False	tandem_amplification_same_end	False	True	False	0.0
SRR33298420.250415	chr14L	Y' Recombination	chr14	True	0.33	False		Y' Recombination	ambiguous	True	0.3	False	unmatched_array	False	True	False	-0.03
SRR33298420.188468	chr14L	Y' Recombination	chr14	True	0.33	False		Y' Recombination	chr14L	True	0.33	False	tandem_amplification_same_end	False	True	False	0.0
SRR33298420.263059	chr14L	Y' Recombination	chr14	True	0.33	False		Y' Recombination	chr14L	True	0.33	False	tandem_amplification_same_end	False	True	False	0.0
SRR33298420.244282	chr14L	Y' Recombination	chr14	True	0.33	False		Y' Recombination	ambiguous	True	0.3	False	unmatched_array	False	True	False	-0.03
SRR33298420.57412	chr14L	Y' Recombination	chr14	True	0.33	False		Y' Recombination	chr12R	True	0.33	False	donor_transfer_candidates:2	False	True	False	0.0
SRR33298420.518282	chr14L	Y' Recombination	chr14	True	0.33	False		Y' Recombination	chr12R	True	0.33	False	donor_transfer_candidates:2	False	True	False	0.0
SRR33298420.260522	chr14L	Y' Recombination	chr14	True	0.33	False		Y' Recombination	chr12R	True	0.33	False	donor_transfer_candidates:2	False	True	False	0.0
SRR33298420.441617	chr14L	Y' Recombination	chr14	True	0.33	False		Y' Recombination	ambiguous	True	0.3	False	unmatched_array	False	True	False	-0.03
SRR33298420.237777	chr14L	Y' Recombination	chr14	True	0.33	False		Y' Recombination	chr14L	True	0.33	False	tandem_amplification_same_end	False	True	False	0.0
SRR33298420.537835	chr14L	Y' Recombination	chr14	True	0.33	False		Y' Recombination	ambiguous	True	0.3	False	unmatched_array	False	True	False	-0.03
SRR33298420.539490	chr14L	Y' Recombination	chr14	True	0.33	False		Y' Recombination	ambiguous	True	0.3	False	unmatched_array	False	True	False	-0.03
SRR33298420.518075	chr14L	Y' Recombination	chr14	True	0.33	False		Y' Recombination	chr12R	True	0.33	False	donor_transfer_candidates:3	False	True	False	0.0
SRR33298420.306975	chr14L	Y' Recombination	chr14	True	0.33	False		Y' Recombination	chr12R	True	0.33	False	donor_transfer_candidates:3	False	True	False	0.0
SRR33298420.397242	chr14L	Y' Recombination	chr14	True	0.33	False		Y' Recombination	ambiguous	True	0.3	False	unmatched_array	False	True	False	-0.03
SRR33298420.539074	chr14L	Y' Recombination	chr14	True	0.33	False		Y' Recombination	chr14L	True	0.33	False	tandem_amplification_same_end	False	True	False	0.0
SRR33298420.246934	chr14L	Y' Recombination	chr14	True	0.33	False		Y' Recombination	chr14L	True	0.33	False	tandem_amplification_same_end	False	True	False	0.0
SRR33298420.281860	chr14L	Y' Recombination	chr14	True	0.33	False		Y' Recombination	ambiguous	True	0.3	False	unmatched_array	False	True	False	-0.03
SRR33298420.511795	chr14L	Y' Recombination	chr14	True	0.33	False		Y' Recombination	ambiguous	True	0.3	False	unmatched_array	False	True	False	-0.03
SRR33298420.238415	chr14L	Y' Recombination	chr14	True	0.33	False		Y' Recombination	ambiguous	True	0.3	False	unmatched_array	False	True	False	-0.03
SRR33298420.552923	chr14L	Y' Recombination	chr14	True	0.33	False		Y' Recombination	ambiguous	True	0.3	False	unmatched_array	False	True	False	-0.03
SRR33298420.459416	chr14L	Y' Recombination	chr14	True	0.33	False		Y' Recombination	chr14L	True	0.33	False	tandem_amplification_same_end	False	True	False	0.0
SRR33298420.281252	chr14L	Y' Recombination	chr14	True	0.33	False		Y' Recombination	chr12R	True	0.33	False	donor_transfer_candidates:3	False	True	False	0.0
SRR33298420.459810	chr14L	Y' Recombination	chr14	True	0.33	False		Y' Recombination	ambiguous	True	0.3	False	unmatched_array	False	True	False	-0.03
SRR33298420.279004	chr14L	Y' Recombination	chr14	True	0.33	False		Y' Recombination	ambiguous	True	0.3	False	unmatched_array	False	True	False	-0.03
SRR33298420.500751	chr14L	Y' Recombination	chr14	True	0.33	False		Y' Recombination	ambiguous	True	0.3	False	unmatched_array	False	True	False	-0.03
SRR33298420.537110	chr14L	Y' Recombination	chr14	True	0.33	False		Y' Recombination	ambiguous	True	0.3	False	unmatched_array	False	True	False	-0.03
SRR33298420.283727	chr14L	Y' Recombination	chr14	True	0.33	False		Y' Recombination	ambiguous	True	0.3	False	unmatched_array	False	True	False	-0.03
SRR33298420.287985	chr14L	Y' Recombination	chr14	True	0.33	False		Y' Recombination	ambiguous	True	0.3	False	unmatched_array	False	True	False	-0.03
SRR33298420.77474	chr14L	Y' Recombination	chr14	True	0.33	False		Y' Recombination	chr14L	True	0.33	False	tandem_amplification_same_end	False	True	False	0.0
SRR33298420.288242	chr14L	Y' Recombination	chr14	True	0.33	False		Y' Recombination	chr14L	True	0.33	False	tandem_amplification_same_end	False	True	False	0.0
SRR33298420.258836	chr14L	Y' Recombination	chr14	True	0.33	False		Y' Recombination	chr14L	True	0.33	False	tandem_amplification_same_end	False	True	False	0.0
SRR33298420.460728	chr14L	Y' Recombination	chr14	True	0.33	False		Y' Recombination	ambiguous	True	0.3	False	unmatched_array	False	True	False	-0.03
SRR33298420.356152	chr14L	Y' Recombination	chr4	True	0.33	False		Y' Recombination	chr4R	True	0.33	False	donor_transfer_candidates:3	False	True	False	0.0
SRR33298420.339037	chr14L	Y' Recombination	chr4	True	0.33	False		Y' Recombination	chr4R	True	0.33	False	unmatched_array	False	True	False	0.0
SRR33298420.186417	chr14L	Y' Recombination	chr4	True	0.33	False		Y' Recombination	chr4R	True	0.33	False	unmatched_array	False	True	False	0.0
SRR33298420.491765	chr14L	Y' Recombination	chr12	True	0.3	False		Y' Recombination	chr14L	True	0.33	False	tandem_amplification_same_end	False	True	False	0.03
SRR33298420.280626	chr14L	Y' Recombination	ambiguous	True	0.3	False		Y' Recombination	chr14L	True	0.33	False	tandem_amplification_same_end	False	True	False	0.03
SRR33298420.77791	chr14L	Y' Recombination	ambiguous	True	0.3	False		Y' Recombination	chr14L	True	0.33	False	tandem_amplification_same_end	False	True	False	0.03
SRR33298420.463425	chr14L	Y' Recombination	chr16	True	0.33	False		Y' Recombination	chr14L	True	0.33	False	tandem_amplification_same_end	False	True	False	0.0
SRR33298420.379005	chr14L	Y' Recombination	chr4	True	0.33	False		Y' Recombination	chr14L	True	0.33	False	tandem_amplification_same_end	False	True	False	0.0
SRR33298420.482223	chr14R	Y' Gain	ambiguous	True	-0.0003	False		Y' Gain	chr14L	True	-0.0003	False	subtelomere_switch	False	True	False	0.0
SRR33298420.73173	chr14R	Y' Gain	chr4	True	0.3	False		Y' Gain	chr14L	True	0.66	False	donor_transfer	False	True	False	0.36
SRR33298420.320759	chr14R	Y' Gain	chr16	True	0.3	False		Y' Gain	chr14L	True	0.44	False	donor_transfer	False	True	False	0.14
SRR33298420.257100	chr14R	Y' Gain	chr14	True	0.33	False		Y' Gain	ambiguous	True	0.3	False	donor_transfer_candidates:4	False	True	False	-0.03
SRR33298420.57163	chr14R	Y' Gain	chr14	True	0.33	False		Y' Gain	ambiguous	True	0.3	False	donor_transfer_candidates:4	False	True	False	-0.03
SRR33298420.447594	chr14R	Y' Gain	chr14	True	0.33	False		Y' Gain	ambiguous	True	0.3	False	donor_transfer_candidates:4	False	True	False	-0.03
SRR33298420.433756	chr14R	Y' Gain	chr14	True	0.33	False		Y' Gain	ambiguous	True	0.3	False	donor_transfer_candidates:4	False	True	False	-0.03
SRR33298420.76698	chr14R	Y' Gain	chr14	True	0.33	False		Y' Gain	ambiguous	True	0.3	False	donor_transfer_candidates:4	False	True	False	-0.03
SRR33298420.125688	chr14R	Y' Gain	chr14	True	0.33	False		Y' Gain	chr12R	True	0.33	False	donor_transfer_candidates:3	False	True	False	0.0
SRR33298420.111820	chr14R	Y' Gain	chr4	True	0.3	False		Y' Gain	chr14L	True	0.44	False	donor_transfer	False	True	False	0.14
SRR33298420.233541	chr14R	Y' Gain	chr4	True	0.3	False		Y' Gain	chr14L	True	0.66	False	donor_transfer	False	True	False	0.36
SRR33298420.167082	chr14R	1st Y' Change	chr12	True	0.3	False		1st Y' Change	chr14L	True	0.66	False	donor_transfer	False	True	False	0.36
SRR33298420.246198	chr14R	Y' Gain	chr14	True	0.33	False		Y' Gain	ambiguous	True	0.3	False	unmatched_array	False	True	False	-0.03
SRR33298420.280036	chr14R	Y' Gain	chr14	True	0.33	False		Y' Gain	chr14L	True	0.66	False	donor_transfer	False	True	False	0.33
SRR33298420.408798	chr14R	Y' Gain	chr14	True	0.33	False		Y' Gain	chr12R	True	0.33	False	donor_transfer_candidates:3	False	True	False	0.0
SRR33298420.536952	chr14R	Y' Gain	chr14	True	0.33	False		Y' Gain	chr12R	True	0.33	False	donor_transfer_candidates:3	False	True	False	0.0
SRR33298420.281182	chr14R	Y' Gain	chr14	True	0.33	False		Y' Gain	chr12R	True	0.33	False	donor_transfer_candidates:2	False	True	False	0.0
SRR33298420.569216	chr14R	Y' Gain	chr14	True	0.33	False		Y' Gain	ambiguous	True	0.3	False	unmatched_array	False	True	False	-0.03
SRR33298420.361308	chr14R	Y' Gain	chr14	True	0.33	False		Y' Gain	ambiguous	True	0.3	False	unmatched_array	False	True	False	-0.03
SRR33298420.483407	chr14R	Y' Gain	ambiguous	True	0.3	False		Y' Gain	chr12R	True	0.33	False	donor_transfer_candidates:3	False	True	False	0.03
SRR33298420.469711	chr14R	Y' Gain	chr14	True	0.33	False		Y' Gain	chr12R	True	0.33	False	donor_transfer_candidates:3	False	True	False	0.0
SRR33298420.363453	chr14R	Y' Gain	chr14	True	0.33	False		Y' Gain	chr12R	True	0.33	False	donor_transfer_candidates:3	False	True	False	0.0
SRR33298420.568249	chr14R	Y' Gain	chr14	True	0.33	False		Y' Gain	chr12R	True	0.33	False	donor_transfer_candidates:3	False	True	False	0.0
SRR33298420.501524	chr14R	Y' Gain	chr14	True	0.33	False		Y' Gain	ambiguous	True	0.3	False	unmatched_array	False	True	False	-0.03
SRR33298420.285980	chr14R	1st Y' Change	ambiguous	True	0.3	False		1st Y' Change	chr12R	True	0.33	False	donor_transfer_candidates:3	False	True	False	0.03
SRR33298420.502341	chr14R	Y' Gain	chr14	True	0.33	False		Y' Gain	ambiguous	True	0.3	False	unmatched_array	False	True	False	-0.03
SRR33298420.360527	chr14R	Y' Gain	chr14	True	0.33	False		Y' Gain	ambiguous	True	0.3	False	unmatched_array	False	True	False	-0.03
SRR33298420.502803	chr14R	1st Y' Change	ambiguous	True	0.3	False		1st Y' Change	chr12R	True	0.33	False	donor_transfer_candidates:3	False	True	False	0.03
SRR33298420.500992	chr14R	1st Y' Change	chr14	True	0.33	False		1st Y' Change	ambiguous	True	0.3	False	unmatched_array	False	True	False	-0.03
SRR33298420.141228	chr14R	Y' Gain	chr14	True	0.33	False		Y' Gain	ambiguous	True	0.3	False	unmatched_array	False	True	False	-0.03
SRR33298420.206454	chr14R	Y' Gain	ambiguous	True	0.3	False		Y' Gain	chr14L	True	0.44	False	donor_transfer	False	True	False	0.14
SRR33298420.9824	chr14R	Y' Gain	chr14	True	0.33	False		Y' Gain	ambiguous	True	0.3	False	donor_transfer_candidates:4	False	True	False	-0.03
SRR33298420.500080	chr14R	Y' Gain	chr14	True	0.33	False		Y' Gain	ambiguous	True	0.3	False	donor_transfer_candidates:4	False	True	False	-0.03
SRR33298420.280706	chr14R	Y' Gain	chr14	True	0.33	False		Y' Gain	ambiguous	True	0.3	False	donor_transfer_candidates:4	False	True	False	-0.03
SRR33298420.283666	chr14R	1st Y' Change	chr14	True	0.33	False		1st Y' Change	chr12R	True	0.33	False	donor_transfer_candidates:3	False	True	False	0.0
SRR33298420.508880	chr14R	Y' Gain	chr14	True	0.33	False		Y' Gain	ambiguous	True	0.3	False	donor_transfer_candidates:4	False	True	False	-0.03
SRR33298420.310186	chr14R	Y' Gain	chr14	True	0.33	False		Y' Gain	ambiguous	True	0.3	False	donor_transfer_candidates:4	False	True	False	-0.03
SRR33298420.538504	chr14R	Y' Gain	chr14	True	0.33	False		Y' Gain	ambiguous	True	0.3	False	unmatched_array	False	True	False	-0.03
SRR33298420.293969	chr14R	Y' Gain	chr14	True	0.33	False		Y' Gain	ambiguous	True	0.3	False	unmatched_array	False	True	False	-0.03
SRR33298420.224277	chr14R	Y' Gain	chr14	True	0.33	False		Y' Gain	ambiguous	True	0.3	False	donor_transfer_candidates:4	False	True	False	-0.03
SRR33298420.302966	chr14R	Y' Gain	chr14	True	0.33	False		Y' Gain	chr14L	True	0.44	False	donor_transfer	False	True	False	0.11
SRR33298420.562505	chr14R	Y' Gain	chr14	True	0.33	False		Y' Gain	chr14L	True	0.44	False	donor_transfer	False	True	False	0.11
SRR33298420.172134	chr14R	Y' Gain	chr14	True	0.33	False		Y' Gain	ambiguous	True	0.3	False	unmatched_array	False	True	False	-0.03
SRR33298420.541814	chr14R	Y' Gain	chr14	True	0.33	False		Y' Gain	ambiguous	True	0.3	False	unmatched_array	False	True	False	-0.03
SRR33298420.505323	chr14R	Y' Gain	chr14	True	0.33	False		Y' Gain	ambiguous	True	0.3	False	unmatched_array	False	True	False	-0.03
SRR33298420.211073	chr14R	Y' Gain	chr14	True	0.33	False		Y' Gain	ambiguous	True	0.3	False	single_y_prime_change	False	True	False	-0.03
SRR33298420.139390	chr14R	Y' Gain	chr12	True	0.3	False		Y' Gain	chr14L	True	0.44	False	donor_transfer	False	True	False	0.14
SRR33298420.451315	chr14R	Y' Gain	chr14	True	0.33	False		Y' Gain	ambiguous	True	0.3	False	single_y_prime_change	False	True	False	-0.03
SRR33298420.322606	chr14R	1st Y' Change	chr12	True	0.33	False		1st Y' Change	chr12L	True	0.33	False	unmatched_array	False	True	False	0.0
SRR33298420.235515	chr15L	Y' Gain	chr12R	True	0.0004	True		Y' Gain	chr14L	True	0.0004	True	subtelomere_switch	False	True	False	0.0
SRR33298420.202429	chr15L	Y' Gain	chr4R	True	0.1408	True		Y' Gain	chr10L	True	0.3286	True	subtelomere_switch	False	True	False	0.188
SRR33298420.112129	chr15L	Y' Gain	chr12R	True	0.0031	True		Y' Gain	chr14L	True	0.0031	True	subtelomere_switch	False	True	False	0.0
SRR33298420.537336	chr15L	Y' Gain	chr12R	True	-0.0013	True		Y' Gain	chr14L	True	-0.0013	True	subtelomere_switch	False	True	False	0.0
SRR33298420.500939	chr15L	Y' Gain	chr15	True	0.3	False		Y' Gain	chr14L	True	0.66	False	donor_transfer	False	True	False	0.36
SRR33298420.294014	chr15L	Y' Gain	chr4R	True	0.002	True		Y' Gain	chr14L	True	0.002	True	subtelomere_switch	False	True	False	0.0
SRR33298420.567570	chr15L	Y' Gain	chr12R	True	-0.0024	True		Y' Gain	chr14L	True	-0.0024	True	subtelomere_switch	False	True	False	0.0
SRR33298420.568888	chr15L	Y' Gain	chr4R	True	-0.001	True		Y' Gain	chr14L	True	-0.001	True	subtelomere_switch	False	True	False	0.0
SRR33298420.133009	chr15L	Y' Gain	chr12R	True	-0.0014	True		Y' Gain	chr14L	True	-0.0014	True	subtelomere_switch	False	True	False	0.0
SRR33298420.187999	chr15L	Y' Gain	chr4R	True	-0.0005	True		Y' Gain	chr14L	True	-0.0005	True	subtelomere_switch	False	True	False	0.0
SRR33298420.472546	chr15L	Y' Gain	chr12R	True	0.2714	True		Y' Gain	chr13L	True	0.6334	True	subtelomere_switch	False	True	False	0.362
SRR33298420.77231	chr15L	Y' Gain	chr4R	True	-0.0008	True		Y' Gain	chr14L	True	-0.0008	True	subtelomere_switch	False	True	False	0.0
SRR33298420.8217	chr15L	Y' Gain	chr12R	True	-0.0031	True		Y' Gain	chr14L	True	-0.0031	True	subtelomere_switch	False	True	False	0.0
SRR33298420.223123	chr15L	Y' Gain	chr16L	True	0.1408	True		Y' Gain	chr10L	True	0.3286	True	subtelomere_switch	False	True	False	0.188
SRR33298420.242729	chr15L	Y' Gain	chr12R	True	0.0023	True		Y' Gain	chr14L	True	0.0023	True	subtelomere_switch	False	True	False	0.0
SRR33298420.290207	chr15L	Y' Gain	chr12R	True	0.0017	True		Y' Gain	chr14L	True	0.0017	True	subtelomere_switch	False	True	False	0.0
SRR33298420.348670	chr15L	Y' Gain	chr12R	True	-0.0073	True		Y' Gain	chr14L	True	-0.0073	True	subtelomere_switch	False	True	False	0.0
SRR33298420.325249	chr15L	Y' Gain	chr12R	True	-0.0002	True		Y' Gain	chr14L	True	-0.0002	True	subtelomere_switch	False	True	False	0.0
SRR33298420.222684	chr15L	Y' Gain	chr16L	True	0.0008	True		Y' Gain	chr14L	True	0.0008	True	subtelomere_switch	False	True	False	0.0
SRR33298420.538901	chr15L	Y' Gain	chr12R	True	-0.0002	True		Y' Gain	chr14L	True	-0.0002	True	subtelomere_switch	False	True	False	0.0
SRR33298420.157594	chr15L	Y' Gain	chr4R	True	-0.0022	True		Y' Gain	chr14L	True	-0.0022	True	subtelomere_switch	False	True	False	0.0
SRR33298420.456598	chr15L	Y' Gain	chr12R	True	-0.0014	True		Y' Gain	chr14L	True	-0.0014	True	subtelomere_switch	False	True	False	0.0
SRR33298420.378457	chr15L	Y' Gain	chr12R	True	-0.0054	True		Y' Gain	chr14L	True	-0.0054	True	subtelomere_switch	False	True	False	0.0
SRR33298420.321354	chr15L	Y' Gain	chr12R	True	-0.0017	True		Y' Gain	chr14L	True	-0.0017	True	subtelomere_switch	False	True	False	0.0
SRR33298420.149092	chr15L	Y' Gain	chr15	True	0.3	False		Y' Gain	ambiguous	True	0.3	False	unmatched_array	False	True	False	0.0
SRR33298420.224803	chr15L	Y' Gain	chr15	True	0.33	False		Y' Gain	chr12R	True	0.33	False	donor_transfer_candidates:3	False	True	False	0.0
SRR33298420.432389	chr15L	Y' Gain	chr15	True	0.3	False		Y' Gain	chr14L	True	0.66	False	donor_transfer	False	True	False	0.36
SRR33298420.53126	chr15L	Y' Gain	chr15	True	0.3	False		Y' Gain	chr14L	True	0.66	False	donor_transfer	False	True	False	0.36
SRR33298420.477082	chr15L	Y' Gain	chr15	True	0.3	False		Y' Gain	chr14L	True	0.66	False	donor_transfer	False	True	False	0.36
SRR33298420.287986	chr15L	Y' Gain	chr15	True	0.3	False		Y' Gain	chr14L	True	0.66	False	donor_transfer	False	True	False	0.36
SRR33298420.2565	chr15L	Y' Gain	chr12R	True	0.0042	True		Y' Gain	chr14L	True	0.0042	True	subtelomere_switch	False	True	False	0.0
SRR33298420.556117	chr15L	Y' Gain	chr12R	True	-0.0022	True		Y' Gain	chr14L	True	-0.0022	True	subtelomere_switch	False	True	False	0.0
SRR33298420.570020	chr15L	Y' Gain	chr4R	True	0.0005	True		Y' Gain	chr14L	True	0.0005	True	subtelomere_switch	False	True	False	0.0
SRR33298420.316454	chr15L	Y' Gain	chr15	True	0.3	False		Y' Gain	ambiguous	True	0.3	False	unmatched_array	False	True	False	0.0
SRR33298420.505915	chr15L	Y' Gain	chr12R	True	-0.0001	True		Y' Gain	chr14L	True	-0.0001	True	subtelomere_switch	False	True	False	0.0
SRR33298420.289674	chr15L	Y' Gain	chr15	True	0.3	False		Y' Gain	chr14L	True	0.44	False	donor_transfer	False	True	False	0.14
SRR33298420.325295	chr15L	Y' Gain	chr15	True	0.3	False		Y' Gain	ambiguous	True	0.3	False	unmatched_array	False	True	False	0.0
SRR33298420.393978	chr15L	Y' Gain	chr15	True	0.3	False		Y' Gain	ambiguous	True	0.3	False	unmatched_array	False	True	False	0.0
SRR33298420.382505	chr15L	Y' Gain	chr15	True	0.3	False		Y' Gain	ambiguous	True	0.3	False	unmatched_array	False	True	False	0.0
SRR33298420.15269	chr15L	Y' Gain	chr15	True	0.33	False		Y' Gain	ambiguous	True	0.3	False	donor_transfer_candidates:4	False	True	False	-0.03
SRR33298420.495865	chr15L	Y' Gain	chr15	True	0.33	False		Y' Gain	ambiguous	True	0.3	False	donor_transfer_candidates:4	False	True	False	-0.03
SRR33298420.572903	chr15L	Y' Gain	chr15	True	0.3	False		Y' Gain	chr14L	True	0.44	False	donor_transfer	False	True	False	0.14
SRR33298420.317842	chr15L	Y' Gain	chr15	True	0.3	False		Y' Gain	chr14L	True	0.44	False	donor_transfer	False	True	False	0.14
SRR33298420.250348	chr15L	Y' Gain	chr15	True	0.3	False		Y' Gain	chr14L	True	0.44	False	donor_transfer	False	True	False	0.14
SRR33298420.6856	chr15L	Y' Gain	chr15	True	0.0059	False		Y' Gain	chr14L	True	0.0065	False	subtelomere_switch	False	True	False	0.001
SRR33298420.45347	chr15L	Y' Gain	chr15	True	0.3	False		Y' Gain	chr14L	True	0.44	False	donor_transfer	False	True	False	0.14
SRR33298420.118140	chr15L	Y' Gain	chr15	True	0.3	False		Y' Gain	chr14L	True	0.44	False	donor_transfer	False	True	False	0.14
SRR33298420.349496	chr15L	Y' Gain	chr15	True	0.3	False		Y' Gain	chr14L	True	0.44	False	donor_transfer	False	True	False	0.14
SRR33298420.378622	chr15L	Y' Gain	chr12R	True	0.002	True		Y' Gain	chr14L	True	0.002	True	subtelomere_switch	False	True	False	0.0
SRR33298420.281377	chr15L	Y' Gain	chr15	True	0.3	False		Y' Gain	chr14L	True	0.44	False	donor_transfer	False	True	False	0.14
SRR33298420.545655	chr15L	Y' Gain	chr15	True	0.3	False		Y' Gain	ambiguous	True	0.3	False	unmatched_array	False	True	False	0.0
SRR33298420.536832	chr15L	Y' Gain	chr15	True	0.3	False		Y' Gain	ambiguous	True	0.3	False	unmatched_array	False	True	False	0.0
SRR33298420.446199	chr15L	Y' Gain	chr15	True	0.3	False		Y' Gain	ambiguous	True	0.3	False	unmatched_array	False	True	False	0.0
SRR33298420.569138	chr15L	Y' Gain	chr15	True	0.3	False		Y' Gain	ambiguous	True	0.3	False	unmatched_array	False	True	False	0.0
SRR33298420.176288	chr15L	Y' Gain	chr15	True	0.3	False		Y' Gain	ambiguous	True	0.3	False	unmatched_array	False	True	False	0.0
SRR33298420.459513	chr15L	Y' Gain	chr15	True	0.3	False		Y' Gain	ambiguous	True	0.3	False	unmatched_array	False	True	False	0.0
SRR33298420.232402	chr15L	Y' Gain	chr15	True	0.3	False		Y' Gain	ambiguous	True	0.3	False	unmatched_array	False	True	False	0.0
SRR33298420.112183	chr15L	Y' Gain	chr15	True	0.3	False		Y' Gain	ambiguous	True	0.3	False	unmatched_array	False	True	False	0.0
SRR33298420.469228	chr15L	Y' Gain	chr15	True	0.3	False		Y' Gain	ambiguous	True	0.3	False	unmatched_array	False	True	False	0.0
SRR33298420.69289	chr15L	Y' Gain	chr15	True	0.3	False		Y' Gain	ambiguous	True	0.3	False	unmatched_array	False	True	False	0.0
SRR33298420.250912	chr15L	Y' Gain	chr15	True	0.3	False		Y' Gain	ambiguous	True	0.3	False	unmatched_array	False	True	False	0.0
SRR33298420.165618	chr15L	Y' Gain	chr15	True	0.3	False		Y' Gain	ambiguous	True	0.3	False	unmatched_array	False	True	False	0.0
SRR33298420.407221	chr15L	Y' Gain	chr15	True	0.33	False		Y' Gain	ambiguous	True	0.3	False	single_y_prime_change	False	True	False	-0.03
SRR33298420.281035	chr15L	Y' Gain	chr2	True	0.33	False		Y' Gain	chr2L	True	0.33	False	single_y_prime_change	False	True	False	0.0
SRR33298420.128991	chr15L	Y' Gain	chr2	True	0.0068	False		Y' Gain	chr2L	True	0.0068	False	subtelomere_switch	False	True	False	0.0
SRR33298420.118158	chr15L	Y' Gain	chr14	True	0.3	False		Y' Gain	chr14L	True	0.44	False	donor_transfer	False	True	False	0.14
SRR33298420.243479	chr15L	Y' Gain	chr13	True	0.33	False		Y' Gain	chr13L	True	0.33	False	single_y_prime_change	False	True	False	0.0
SRR33298420.54291	chr15L	Y' Gain	chr13	True	0.33	False		Y' Gain	chr13L	True	0.33	False	single_y_prime_change	False	True	False	0.0
SRR33298420.258471	chr15L	Y' Gain	chr13	True	0.33	False		Y' Gain	chr13L	True	0.33	False	single_y_prime_change	False	True	False	0.0
SRR33298420.380987	chr15L	Y' Gain	chr13	True	0.33	False		Y' Gain	chr13L	True	0.33	False	single_y_prime_change	False	True	False	0.0
SRR33298420.345477	chr15L	Y' Gain	chr13	True	0.33	False		Y' Gain	chr13L	True	0.33	False	single_y_prime_change	False	True	False	0.0
SRR33298420.513028	chr15L	Y' Gain	chr13	True	0.33	False		Y' Gain	chr13L	True	0.33	False	single_y_prime_change	False	True	False	0.0
SRR33298420.76342	chr15L	Y' Gain	chr13	True	0.33	False		Y' Gain	chr13L	True	0.33	False	single_y_prime_change	False	True	False	0.0
SRR33298420.95423	chr15L	Y' Gain	chr13	True	0.33	False		Y' Gain	chr13L	True	0.33	False	single_y_prime_change	False	True	False	0.0
SRR33298420.247117	chr15L	Y' Gain	chr13	True	-0.0026	False		Y' Gain	chr13L	True	-0.0026	False	subtelomere_switch	False	True	False	0.0
SRR33298420.135593	chr15L	Y' Gain	chr13	True	0.33	False		Y' Gain	chr13L	True	0.33	False	single_y_prime_change	False	True	False	0.0
SRR33298420.2416	chr15L	Y' Gain	chr13	True	0.33	False		Y' Gain	chr13L	True	0.33	False	single_y_prime_change	False	True	False	0.0
SRR33298420.28869	chr15L	Y' Gain	chr13	True	0.33	False		Y' Gain	chr13L	True	0.33	False	single_y_prime_change	False	True	False	0.0
SRR33298420.26657	chr15L	Y' Gain	chr13	True	0.33	False		Y' Gain	chr13L	True	0.33	False	single_y_prime_change	False	True	False	0.0
SRR33298420.320466	chr15L	Y' Gain	chr13	True	0.33	False		Y' Gain	chr13L	True	0.33	False	single_y_prime_change	False	True	False	0.0
SRR33298420.124750	chr15L	Y' Gain	chr13	True	0.33	False		Y' Gain	chr13L	True	0.33	False	single_y_prime_change	False	True	False	0.0
SRR33298420.459733	chr15L	Y' Gain	chr13	True	0.33	False		Y' Gain	chr13L	True	0.33	False	single_y_prime_change	False	True	False	0.0
SRR33298420.318468	chr15L	Y' Gain	chr13	True	0.33	False		Y' Gain	chr13L	True	0.33	False	single_y_prime_change	False	True	False	0.0
SRR33298420.116493	chr15L	Y' Gain	chr13	True	0.33	False		Y' Gain	chr13L	True	0.33	False	single_y_prime_change	False	True	False	0.0
SRR33298420.29229	chr15L	Y' Gain	chr13	True	0.33	False		Y' Gain	chr13L	True	0.33	False	single_y_prime_change	False	True	False	0.0
SRR33298420.536010	chr15L	Y' Gain	chr13	True	0.33	False		Y' Gain	chr13L	True	0.33	False	single_y_prime_change	False	True	False	0.0
SRR33298420.274706	chr15L	Y' Gain	chr13	True	0.33	False		Y' Gain	chr13L	True	0.33	False	single_y_prime_change	False	True	False	0.0
SRR33298420.281978	chr15L	Y' Gain	chr13	True	0.33	False		Y' Gain	chr13L	True	0.33	False	single_y_prime_change	False	True	False	0.0
SRR33298420.523880	chr15L	Y' Gain	chr13	True	0.33	False		Y' Gain	chr13L	True	0.33	False	single_y_prime_change	False	True	False	0.0
SRR33298420.470484	chr15L	Y' Gain	chr13	True	0.33	False		Y' Gain	chr13L	True	0.33	False	single_y_prime_change	False	True	False	0.0
SRR33298420.380255	chr15L	Y' Gain	chr13	True	0.33	False		Y' Gain	chr13L	True	0.33	False	single_y_prime_change	False	True	False	0.0
SRR33298420.542643	chr15L	Y' Gain	chr13	True	0.33	False		Y' Gain	chr13L	True	0.33	False	single_y_prime_change	False	True	False	0.0
SRR33298420.424533	chr15L	Y' Gain	chr13	True	0.33	False		Y' Gain	chr13L	True	0.33	False	single_y_prime_change	False	True	False	0.0
SRR33298420.412271	chr15L	Y' Gain	chr13	True	0.33	False		Y' Gain	chr13L	True	0.33	False	single_y_prime_change	False	True	False	0.0
SRR33298420.495694	chr15L	Y' Gain	chr13	True	0.33	False		Y' Gain	chr13L	True	0.33	False	single_y_prime_change	False	True	False	0.0
SRR33298420.125918	chr15L	Y' Gain	chr13	True	0.0119	False		Y' Gain	chr13L	True	0.0119	False	subtelomere_switch	False	True	False	0.0
SRR33298420.541951	chr15L	Y' Gain	chr13	True	0.33	False		Y' Gain	chr13L	True	0.33	False	single_y_prime_change	False	True	False	0.0
SRR33298420.183545	chr15L	Y' Gain	chr13	True	0.33	False		Y' Gain	chr13L	True	0.33	False	single_y_prime_change	False	True	False	0.0
SRR33298420.106696	chr15L	Y' Gain	chr13	True	0.33	False		Y' Gain	chr13L	True	0.33	False	single_y_prime_change	False	True	False	0.0
SRR33298420.167037	chr15L	Y' Gain	chr13	True	0.33	False		Y' Gain	chr13L	True	0.33	False	single_y_prime_change	False	True	False	0.0
SRR33298420.110020	chr15L	Y' Gain	chr13	True	0.33	False		Y' Gain	chr13L	True	0.33	False	single_y_prime_change	False	True	False	0.0
SRR33298420.547323	chr15L	Y' Gain	chr13	True	0.33	False		Y' Gain	chr13L	True	0.33	False	single_y_prime_change	False	True	False	0.0
SRR33298420.519080	chr15L	Y' Gain	chr13	True	0.0078	False		Y' Gain	chr13L	True	0.0078	False	subtelomere_switch	False	True	False	0.0
SRR33298420.289941	chr15L	Y' Gain	chr13	True	0.0122	False		Y' Gain	chr13L	True	0.0122	False	subtelomere_switch	False	True	False	0.0
SRR33298420.125729	chr15L	Y' Gain	chr13	True	0.33	False		Y' Gain	chr13L	True	0.33	False	single_y_prime_change	False	True	False	0.0
SRR33298420.234201	chr15L	Y' Gain	chr13	True	0.0047	False		Y' Gain	chr13L	True	0.0047	False	subtelomere_switch	False	True	False	0.0
SRR33298420.481063	chr15L	Y' Gain	chr13	True	0.33	False		Y' Gain	chr13L	True	0.33	False	single_y_prime_change	False	True	False	0.0
SRR33298420.558643	chr15L	Y' Gain	chr13	True	0.33	False		Y' Gain	chr13L	True	0.33	False	single_y_prime_change	False	True	False	0.0
SRR33298420.289476	chr15L	Y' Gain	chr13	True	0.002	False		Y' Gain	chr13L	True	0.002	False	subtelomere_switch	False	True	False	0.0
SRR33298420.243514	chr15L	Y' Gain	chr13	True	0.33	False		Y' Gain	chr13L	True	0.33	False	single_y_prime_change	False	True	False	0.0
SRR33298420.410681	chr15L	Y' Gain	chr13	True	0.33	False		Y' Gain	chr13L	True	0.33	False	single_y_prime_change	False	True	False	0.0
SRR33298420.543414	chr15L	Y' Gain	chr13	True	0.0133	False		Y' Gain	chr13L	True	0.0133	False	subtelomere_switch	False	True	False	0.0
SRR33298420.520014	chr15L	Y' Gain	chr13	True	0.33	False		Y' Gain	chr13L	True	0.33	False	single_y_prime_change	False	True	False	0.0
SRR33298420.360285	chr15L	Y' Gain	chr13	True	0.33	False		Y' Gain	chr13L	True	0.33	False	single_y_prime_change	False	True	False	0.0
SRR33298420.314804	chr15L	Y' Gain	chr13	True	0.0135	False		Y' Gain	chr13L	True	0.0135	False	subtelomere_switch	False	True	False	0.0
SRR33298420.476884	chr15L	Y' Gain	chr13	True	0.33	False		Y' Gain	chr13L	True	0.33	False	single_y_prime_change	False	True	False	0.0
SRR33298420.421902	chr15L	Y' Gain	chr13	True	0.33	False		Y' Gain	chr13L	True	0.33	False	single_y_prime_change	False	True	False	0.0
SRR33298420.109613	chr15L	Y' Gain	chr13	True	0.0023	False		Y' Gain	chr13L	True	0.0023	False	subtelomere_switch	False	True	False	0.0
SRR33298420.190646	chr15L	Y' Gain	chr13	True	0.33	False		Y' Gain	chr13L	True	0.33	False	single_y_prime_change	False	True	False	0.0
SRR33298420.121302	chr15L	Y' Gain	chr13	True	0.33	False		Y' Gain	chr13L	True	0.33	False	single_y_prime_change	False	True	False	0.0
SRR33298420.420652	chr15L	Y' Gain	chr13	True	0.0009	False		Y' Gain	chr13L	True	0.0009	False	subtelomere_switch	False	True	False	0.0
SRR33298420.122752	chr15L	Y' Gain	chr13	True	0.33	False		Y' Gain	chr13L	True	0.33	False	single_y_prime_change	False	True	False	0.0
SRR33298420.237677	chr15L	Y' Gain	chr13	True	0.33	False		Y' Gain	chr13L	True	0.33	False	single_y_prime_change	False	True	False	0.0
SRR33298420.243515	chr15L	Y' Gain	chr13	True	0.0013	False		Y' Gain	chr13L	True	0.0013	False	subtelomere_switch	False	True	False	0.0
SRR33298420.24496	chr15L	Y' Gain	chr13	True	0.0045	False		Y' Gain	chr13L	True	0.0045	False	subtelomere_switch	False	True	False	0.0
SRR33298420.441422	chr15L	Y' Gain	chr13	True	0.33	False		Y' Gain	chr13L	True	0.33	False	single_y_prime_change	False	True	False	0.0
SRR33298420.354816	chr15L	Y' Gain	chr13	True	0.33	False		Y' Gain	chr13L	True	0.33	False	single_y_prime_change	False	True	False	0.0
SRR33298420.342246	chr15L	Y' Gain	chr13	True	0.33	False		Y' Gain	chr13L	True	0.33	False	single_y_prime_change	False	True	False	0.0
SRR33298420.141516	chr15L	Y' Gain	chr13	True	0.33	False		Y' Gain	chr13L	True	0.33	False	single_y_prime_change	False	True	False	0.0
SRR33298420.240092	chr15L	Y' Gain	chr13	True	0.33	False		Y' Gain	chr13L	True	0.33	False	single_y_prime_change	False	True	False	0.0
SRR33298420.437761	chr15L	Y' Gain	chr13	True	0.33	False		Y' Gain	chr13L	True	0.33	False	single_y_prime_change	False	True	False	0.0
SRR33298420.528537	chr15L	Y' Gain	chr13	True	0.33	False		Y' Gain	chr13L	True	0.33	False	single_y_prime_change	False	True	False	0.0
SRR33298420.441582	chr15L	Y' Gain	chr13	True	-0.0054	False		Y' Gain	chr13L	True	-0.0054	False	subtelomere_switch	False	True	False	0.0
SRR33298420.401492	chr15L	Y' Gain	chr13	True	0.0067	False		Y' Gain	chr13L	True	0.0067	False	subtelomere_switch	False	True	False	0.0
SRR33298420.125649	chr15L	Y' Gain	chr13	True	0.33	False		Y' Gain	chr13L	True	0.33	False	single_y_prime_change	False	True	False	0.0
SRR33298420.544181	chr15L	Y' Gain	chr13	True	-0.0029	False		Y' Gain	chr13L	True	-0.0029	False	subtelomere_switch	False	True	False	0.0
SRR33298420.114374	chr15L	Y' Gain	chr13	True	0.33	False		Y' Gain	chr13L	True	0.33	False	single_y_prime_change	False	True	False	0.0
SRR33298420.120993	chr15L	Y' Gain	chr13	True	0.0092	False		Y' Gain	chr13L	True	0.0092	False	subtelomere_switch	False	True	False	0.0
SRR33298420.212407	chr15L	Y' Gain	chr13	True	0.0023	False		Y' Gain	chr13L	True	0.0023	False	subtelomere_switch	False	True	False	0.0
SRR33298420.66751	chr15L	Y' Gain	chr13	True	0.33	False		Y' Gain	chr13L	True	0.33	False	single_y_prime_change	False	True	False	0.0
SRR33298420.110344	chr15L	Y' Gain	chr13	True	0.33	False		Y' Gain	chr13L	True	0.33	False	single_y_prime_change	False	True	False	0.0
SRR33298420.61888	chr15R	Y' Gain	chr15	True	0.33	False		Y' Gain	chr14L	True	0.44	False	donor_transfer	False	True	False	0.11
SRR33298420.394327	chr15R	Y' Gain	chr4	True	0.33	False		Y' Gain	chr14L	True	0.44	False	donor_transfer	False	True	False	0.11
SRR33298420.120783	chr15R	Y' Gain	chr15	True	0.33	False		Y' Gain	chr14L	True	0.66	False	donor_transfer	False	True	False	0.33
SRR33298420.422534	chr15R	Y' Gain	chr15	True	0.33	False		Y' Gain	ambiguous	True	0.3	False	unmatched_array	False	True	False	-0.03
SRR33298420.355370	chr15R	Y' Gain	chr15	True	0.33	False		Y' Gain	ambiguous	True	0.3	False	unmatched_array	False	True	False	-0.03
SRR33298420.346948	chr15R	Y' Gain	chr16	True	0.33	False		Y' Gain	chr12R	True	0.33	False	donor_transfer_candidates:2	False	True	False	0.0
SRR33298420.555609	chr15R	Y' Gain	chr15	True	0.33	False		Y' Gain	chr14L	True	0.44	False	donor_transfer	False	True	False	0.11
SRR33298420.241999	chr15R	Y' Gain	chr15	True	0.33	False		Y' Gain	ambiguous	True	0.3	False	donor_transfer_candidates:4	False	True	False	-0.03
SRR33298420.262174	chr15R	Y' Gain	chr15	True	0.33	False		Y' Gain	chr14L	True	0.44	False	donor_transfer	False	True	False	0.11
SRR33298420.295763	chr15R	Y' Gain	chr15	True	0.33	False		Y' Gain	ambiguous	True	0.3	False	unmatched_array	False	True	False	-0.03
SRR33298420.258606	chr15R	Y' Gain	chr15	True	0.33	False		Y' Gain	chr14L	True	0.66	False	donor_transfer	False	True	False	0.33
SRR33298420.482378	chr15R	Y' Gain	chr15	True	0.33	False		Y' Gain	ambiguous	True	0.3	False	unmatched_array	False	True	False	-0.03
SRR33298420.213355	chr15R	Y' Gain	chr16	True	0.33	False		Y' Gain	chr16L	True	0.33	False	unmatched_array	False	True	False	0.0
SRR33298420.254911	chr15R	Y' Gain	chr15	True	0.33	False		Y' Gain	chr14L	True	0.66	False	donor_transfer	False	True	False	0.33
SRR33298420.502154	chr15R	Y' Gain	chr16	True	0.33	False		Y' Gain	chr14L	True	0.44	False	donor_transfer	False	True	False	0.11
SRR33298420.204146	chr15R	Y' Gain	chr7	True	0.33	False		Y' Gain	chr14L	True	0.66	False	donor_transfer	False	True	False	0.33
SRR33298420.329660	chr15R	Y' Gain	chr15	True	0.33	False		Y' Gain	ambiguous	True	0.3	False	donor_transfer_candidates:4	False	True	False	-0.03
SRR33298420.327815	chr15R	Y' Gain	chr16	True	0.33	False		Y' Gain	chr16L	True	0.33	False	unmatched_array	False	True	False	0.0
SRR33298420.184871	chr15R	Y' Gain	chr16	True	0.33	False		Y' Gain	chr12R	True	0.33	False	donor_transfer_candidates:2	False	True	False	0.0
SRR33298420.120053	chr15R	Y' Gain	chr15	True	0.33	False		Y' Gain	ambiguous	True	0.3	False	unmatched_array	False	True	False	-0.03
SRR33298420.258760	chr15R	Y' Gain	chr16	True	0.33	False		Y' Gain	chr14L	True	0.66	False	donor_transfer	False	True	False	0.33
SRR33298420.108322	chr15R	Y' Gain	chr16	True	0.33	False		Y' Gain	chr14L	True	0.66	False	donor_transfer	False	True	False	0.33
SRR33298420.249694	chr15R	Y' Gain	chr15	True	0.33	False		Y' Gain	chr14L	True	0.66	False	donor_transfer	False	True	False	0.33
SRR33298420.69496	chr15R	Y' Gain	chr15	True	0.33	False		Y' Gain	chr14L	True	0.66	False	donor_transfer	False	True	False	0.33
SRR33298420.33863	chr15R	Y' Gain	chr16	True	0.33	False		Y' Gain	chr12R	True	0.33	False	donor_transfer_candidates:2	False	True	False	0.0
SRR33298420.280125	chr15R	Y' Gain	chr7	True	0.33	False		Y' Gain	chr14L	True	0.66	False	donor_transfer	False	True	False	0.33
SRR33298420.520229	chr15R	Y' Gain	chr7	True	0.33	False		Y' Gain	chr14L	True	0.66	False	donor_transfer	False	True	False	0.33
SRR33298420.236845	chr15R	Y' Gain	chr4	True	0.33	False		Y' Gain	chr4R	True	0.33	False	donor_transfer_candidates:3	False	True	False	0.0
SRR33298420.185349	chr15R	Y' Gain	chr4	True	0.33	False		Y' Gain	chr4R	True	0.33	False	donor_transfer_candidates:3	False	True	False	0.0
SRR33298420.240353	chr15R	Y' Gain	chr7	True	0.33	False		Y' Gain	chr7R	True	0.33	False	unmatched_array	False	True	False	0.0
SRR33298420.189606	chr15R	Y' Gain	chr4	True	0.33	False		Y' Gain	chr4R	True	0.33	False	donor_transfer_candidates:3	False	True	False	0.0
SRR33298420.250310	chr15R	Y' Gain	chr7	True	0.33	False		Y' Gain	chr7R	True	0.33	False	donor_transfer_candidates:4	False	True	False	0.0
SRR33298420.472210	chr15R	Y' Gain	chr7	True	0.33	False		Y' Gain	chr7R	True	0.33	False	unmatched_array	False	True	False	0.0
SRR33298420.34944	chr15R	Y' Gain	chr7	True	0.33	False		Y' Gain	chr7R	True	0.33	False	unmatched_array	False	True	False	0.0
SRR33298420.317098	chr15R	Y' Gain	chr7	True	0.33	False		Y' Gain	chr7R	True	0.33	False	unmatched_array	False	True	False	0.0
SRR33298420.58787	chr15R	Y' Gain	chr7	True	0.33	False		Y' Gain	chr7R	True	0.33	False	unmatched_array	False	True	False	0.0
SRR33298420.501889	chr15R	Y' Gain	chr7	True	0.33	False		Y' Gain	chr7R	True	0.33	False	unmatched_array	False	True	False	0.0
SRR33298420.81475	chr15R	Y' Gain	chr7	True	0.33	False		Y' Gain	chr7R	True	0.33	False	unmatched_array	False	True	False	0.0
SRR33298420.40193	chr15R	Y' Gain	chr7	True	0.33	False		Y' Gain	chr7R	True	0.33	False	unmatched_array	False	True	False	0.0
SRR33298420.191143	chr15R	Y' Gain	chr7	True	0.33	False		Y' Gain	chr7R	True	0.33	False	unmatched_array	False	True	False	0.0
SRR33298420.390804	chr15R	Y' Gain	chr14	True	0.33	False		Y' Gain	chr14L	True	0.33	False	unmatched_array	False	True	False	0.0
SRR33298420.500427	chr15R	Y' Gain	chr7	True	0.33	False		Y' Gain	chr7R	True	0.33	False	unmatched_array	False	True	False	0.0
SRR33298420.328816	chr15R	Y' Gain	chr14	True	0.33	False		Y' Gain	chr14L	True	0.33	False	unmatched_array	False	True	False	0.0
SRR33298420.354785	chr15R	Y' Gain	chr12	True	0.3	False		Y' Gain	chr14L	True	0.44	False	donor_transfer	False	True	False	0.14
SRR33298420.2906	chr15R	Y' Gain	chr7	True	0.33	False		Y' Gain	chr14L	True	0.44	False	donor_transfer	False	True	False	0.11
SRR33298420.361410	chr15R	Y' Gain	chr7	True	0.33	False		Y' Gain	chr7R	True	0.33	False	donor_transfer_candidates:4	False	True	False	0.0
SRR33298420.361756	chr15R	Y' Gain	chr7	True	0.33	False		Y' Gain	chr7R	True	0.33	False	donor_transfer_candidates:4	False	True	False	0.0
SRR33298420.166609	chr15R	Y' Gain	chr7	True	0.33	False		Y' Gain	chr7R	True	0.33	False	donor_transfer_candidates:4	False	True	False	0.0
SRR33298420.440720	chr15R	Y' Gain	chr7	True	0.33	False		Y' Gain	chr7R	True	0.33	False	donor_transfer_candidates:4	False	True	False	0.0
SRR33298420.485012	chr15R	Y' Gain	chr7	True	0.33	False		Y' Gain	chr14L	True	0.44	False	donor_transfer	False	True	False	0.11
SRR33298420.500941	chr15R	Y' Gain	chr7	True	0.33	False		Y' Gain	chr14L	True	0.44	False	donor_transfer	False	True	False	0.11
SRR33298420.154716	chr15R	Y' Gain	chr7	True	0.33	False		Y' Gain	chr14L	True	0.44	False	donor_transfer	False	True	False	0.11
SRR33298420.204506	chr15R	Y' Gain	chr7	True	0.33	False		Y' Gain	chr7R	True	0.33	False	unmatched_array	False	True	False	0.0
SRR33298420.71358	chr15R	Y' Gain	chr7	True	0.33	False		Y' Gain	chr7R	True	0.33	False	unmatched_array	False	True	False	0.0
SRR33298420.446024	chr15R	Y' Gain	chr4	True	0.33	False		Y' Gain	chr4R	True	0.33	False	single_y_prime_change	False	True	False	0.0
SRR33298420.185186	chr15R	Y' Gain	chr4	True	0.33	False		Y' Gain	chr4R	True	0.33	False	single_y_prime_change	False	True	False	0.0
SRR33298420.274636	chr15R	Y' Gain	chr4	True	0.33	False		Y' Gain	chr4R	True	0.33	False	single_y_prime_change	False	True	False	0.0
SRR33298420.387747	chr15R	Y' Gain	chr14	True	0.33	False		Y' Gain	chr14L	True	0.33	False	single_y_prime_change	False	True	False	0.0
SRR33298420.241898	chr15R	Y' Gain	chr14	True	0.33	False		Y' Gain	chr14L	True	0.33	False	single_y_prime_change	False	True	False	0.0
SRR33298420.211807	chr15R	Y' Gain	chr14	True	0.33	False		Y' Gain	chr14L	True	0.33	False	single_y_prime_change	False	True	False	0.0
SRR33298420.500599	chr15R	Y' Gain	chr14	True	0.33	False		Y' Gain	chr14L	True	0.33	False	single_y_prime_change	False	True	False	0.0
SRR33298420.539984	chr15R	Y' Gain	chr14	True	0.33	False		Y' Gain	chr14L	True	0.33	False	single_y_prime_change	False	True	False	0.0
SRR33298420.287199	chr15R	Y' Gain	chr14	True	0.33	False		Y' Gain	chr14L	True	0.33	False	single_y_prime_change	False	True	False	0.0
SRR33298420.210310	chr15R	Y' Gain	chr14	True	0.33	False		Y' Gain	chr14L	True	0.33	False	single_y_prime_change	False	True	False	0.0
SRR33298420.320440	chr15R	Y' Gain	chr14	True	0.33	False		Y' Gain	chr14L	True	0.33	False	single_y_prime_change	False	True	False	0.0
SRR33298420.323729	chr15R	Y' Gain	chr14	True	0.33	False		Y' Gain	chr14L	True	0.33	False	single_y_prime_change	False	True	False	0.0
SRR33298420.274762	chr15R	Y' Gain	chr14	True	0.33	False		Y' Gain	chr14L	True	0.33	False	single_y_prime_change	False	True	False	0.0
SRR33298420.248616	chr15R	Y' Gain	chr14	True	0.33	False		Y' Gain	chr14L	True	0.33	False	single_y_prime_change	False	True	False	0.0
SRR33298420.177818	chr15R	Y' Gain	chr14	True	0.33	False		Y' Gain	chr14L	True	0.33	False	single_y_prime_change	False	True	False	0.0
SRR33298420.357190	chr15R	Y' Gain	chr14	True	0.33	False		Y' Gain	chr14L	True	0.33	False	single_y_prime_change	False	True	False	0.0
SRR33298420.120170	chr15R	Y' Gain	chr14	True	0.33	False		Y' Gain	chr14L	True	0.33	False	single_y_prime_change	False	True	False	0.0
SRR33298420.552180	chr15R	Y' Gain	chr14	True	0.33	False		Y' Gain	chr14L	True	0.33	False	single_y_prime_change	False	True	False	0.0
SRR33298420.439696	chr15R	Y' Gain	chr14	True	0.33	False		Y' Gain	chr14L	True	0.33	False	single_y_prime_change	False	True	False	0.0
SRR33298420.332242	chr15R	Y' Gain	chr14	True	0.33	False		Y' Gain	chr14L	True	0.33	False	single_y_prime_change	False	True	False	0.0
SRR33298420.501203	chr15R	Y' Gain	chr14	True	0.33	False		Y' Gain	chr14L	True	0.33	False	single_y_prime_change	False	True	False	0.0
SRR33298420.358937	chr15R	Y' Gain	chr14	True	0.33	False		Y' Gain	chr14L	True	0.33	False	single_y_prime_change	False	True	False	0.0
SRR33298420.393003	chr15R	Y' Gain	chr14	True	0.33	False		Y' Gain	chr14L	True	0.33	False	single_y_prime_change	False	True	False	0.0
SRR33298420.131927	chr16L	Y' Recombination	chr16	True	0.33	False		Y' Recombination	ambiguous	True	0.3	False	unmatched_array	False	True	False	-0.03
SRR33298420.503029	chr16L	Y' Recombination	chr16	True	0.33	False		Y' Recombination	ambiguous	True	0.3	False	unmatched_array	False	True	False	-0.03
SRR33298420.233530	chr16L	Y' Recombination	chr16	True	0.33	False		Y' Recombination	ambiguous	True	0.3	False	unmatched_array	False	True	False	-0.03
SRR33298420.413934	chr16L	Y' Recombination	chr16	True	0.33	False		Y' Recombination	ambiguous	True	0.3	False	unmatched_array	False	True	False	-0.03
SRR33298420.484380	chr16L	Y' Recombination	chr16	True	0.33	False		Y' Recombination	ambiguous	True	0.3	False	unmatched_array	False	True	False	-0.03
SRR33298420.236594	chr16L	Y' Recombination	chr16	True	0.33	False		Y' Recombination	ambiguous	True	0.3	False	unmatched_array	False	True	False	-0.03
SRR33298420.502963	chr16L	Y' Recombination	chr16	True	0.33	False		Y' Recombination	chr14L	True	0.44	False	donor_transfer	False	True	False	0.11
SRR33298420.304990	chr16L	Y' Recombination	chr16	True	0.33	False		Y' Recombination	ambiguous	True	0.3	False	unmatched_array	False	True	False	-0.03
SRR33298420.349614	chr16L	Y' Recombination	chr16	True	0.33	False		Y' Recombination	chr16L	True	0.33	False	tandem_amplification_same_end	False	True	False	0.0
SRR33298420.356017	chr16L	Y' Recombination	chr16	True	0.33	False		Y' Recombination	chr14L	True	0.44	False	donor_transfer	False	True	False	0.11
SRR33298420.210292	chr16L	Y' Recombination	chr16	True	0.33	False		Y' Recombination	ambiguous	True	0.3	False	unmatched_array	False	True	False	-0.03
SRR33298420.289454	chr16L	Y' Recombination	chr16	True	0.33	False		Y' Recombination	chr14L	True	0.44	False	donor_transfer	False	True	False	0.11
SRR33298420.187933	chr16L	Y' Recombination	chr16	True	0.33	False		Y' Recombination	ambiguous	True	0.3	False	unmatched_array	False	True	False	-0.03
SRR33298420.360974	chr16L	Y' Recombination	chr16	True	0.33	False		Y' Recombination	ambiguous	True	0.3	False	unmatched_array	False	True	False	-0.03
SRR33298420.249782	chr16L	Y' Recombination	chr16	True	0.33	False		Y' Recombination	chr16L	True	0.33	False	tandem_amplification_same_end	False	True	False	0.0
SRR33298420.106290	chr16L	Y' Recombination	chr16	True	0.33	False		Y' Recombination	ambiguous	True	0.3	False	unmatched_array	False	True	False	-0.03
SRR33298420.186384	chr16L	Y' Recombination	chr16	True	0.33	False		Y' Recombination	chr14L	True	0.44	False	donor_transfer	False	True	False	0.11
SRR33298420.128785	chr16L	Y' Recombination	chr16	True	0.33	False		Y' Recombination	ambiguous	True	0.3	False	unmatched_array	False	True	False	-0.03
SRR33298420.399841	chr16L	1st Y' Change	chr16	True	0.3	False		1st Y' Change	chr16L	True	0.33	False	tandem_amplification_same_end	False	True	False	0.03
SRR33298420.321148	chr16L	Y' Recombination	chr16	True	0.33	False		Y' Recombination	chr16L	True	0.33	False	tandem_amplification_same_end	False	True	False	0.0
SRR33298420.190493	chr16L	Y' Recombination	chr4	True	0.33	False		Y' Recombination	chr16L	True	0.33	False	tandem_amplification_same_end	False	True	False	0.0
SRR33298420.432603	chr16L	Y' Recombination	chr14	True	0.33	False		Y' Recombination	chr14L	True	0.33	False	unmatched_array	False	True	False	0.0
SRR33298420.6769	chr16L	Y' Recombination	chr14	True	0.33	False		Y' Recombination	chr14L	True	0.44	False	donor_transfer	False	True	False	0.11
SRR33298420.503091	chr16L	Y' Recombination	ambiguous	True	0.3	False		Y' Recombination	chr16L	True	0.33	False	tandem_amplification_same_end	False	True	False	0.03
SRR33298420.423727	chr16L	Y' Recombination	chr14	True	0.33	False		Y' Recombination	chr14L	True	0.33	False	unmatched_array	False	True	False	0.0
SRR33298420.183882	chr16R	Y' Gain	chr4	True	0.3	False		Y' Gain	chr14L	True	0.44	False	donor_transfer	False	True	False	0.14
SRR33298420.296374	chr16R	Y' Gain	chr16	True	0.33	False		Y' Gain	chr12R	True	0.33	False	donor_transfer_candidates:3	False	True	False	0.0
SRR33298420.364289	chr16R	1st Y' Change	chr16	True	0.3	False		1st Y' Change	chr14L	True	0.44	False	donor_transfer	False	True	False	0.14
SRR33298420.278960	chr16R	Y' Gain	chr16	True	0.33	False		Y' Gain	chr14L	True	0.44	False	donor_transfer	False	True	False	0.11
SRR33298420.109592	chr16R	1st Y' Change	chr16	True	0.3	False		1st Y' Change	chr14L	True	0.44	False	donor_transfer	False	True	False	0.14
SRR33298420.252199	chr16R	Y' Gain	chr16	True	0.33	False		Y' Gain	ambiguous	True	0.3	False	donor_transfer_candidates:4	False	True	False	-0.03
SRR33298420.60682	chr16R	Y' Gain	chr16	True	0.33	False		Y' Gain	ambiguous	True	0.3	False	unmatched_array	False	True	False	-0.03
SRR33298420.433701	chr16R	Y' Gain	chr16	True	0.33	False		Y' Gain	chr12R	True	0.33	False	donor_transfer_candidates:2	False	True	False	0.0
SRR33298420.80751	chr16R	1st Y' Change	chr16	True	0.3	False		1st Y' Change	chr14L	True	0.66	False	donor_transfer	False	True	False	0.36
SRR33298420.433555	chr16R	Y' Gain	chr16	True	0.33	False		Y' Gain	chr12R	True	0.33	False	donor_transfer_candidates:2	False	True	False	0.0
SRR33298420.490031	chr16R	Y' Gain	chr16	True	0.33	False		Y' Gain	ambiguous	True	0.3	False	donor_transfer_candidates:4	False	True	False	-0.03
SRR33298420.206412	chr16R	Y' Gain	chr16	True	0.33	False		Y' Gain	ambiguous	True	0.3	False	unmatched_array	False	True	False	-0.03
SRR33298420.395851	chr16R	Y' Gain	chr16	True	0.33	False		Y' Gain	chr14L	True	0.44	False	donor_transfer	False	True	False	0.11
SRR33298420.397730	chr16R	Y' Gain	chr16	True	0.33	False		Y' Gain	chr12R	True	0.33	False	donor_transfer_candidates:2	False	True	False	0.0
SRR33298420.244327	chr16R	Y' Gain	chr16	True	0.33	False		Y' Gain	chr12R	True	0.33	False	donor_transfer_candidates:2	False	True	False	0.0
SRR33298420.34295	chr16R	Y' Gain	chr16	True	0.33	False		Y' Gain	chr12R	True	0.33	False	donor_transfer_candidates:2	False	True	False	0.0
SRR33298420.78146	chr16R	Y' Gain	chr16	True	0.33	False		Y' Gain	chr12R	True	0.33	False	donor_transfer_candidates:3	False	True	False	0.0
SRR33298420.390900	chr16R	Y' Gain	chr16	True	0.33	False		Y' Gain	ambiguous	True	0.3	False	unmatched_array	False	True	False	-0.03
SRR33298420.531539	chr16R	Y' Gain	chr16	True	0.33	False		Y' Gain	ambiguous	True	0.3	False	unmatched_array	False	True	False	-0.03
SRR33298420.208895	chr16R	1st Y' Change	chr16	True	0.3	False		1st Y' Change	chr14L	True	0.66	False	donor_transfer	False	True	False	0.36
SRR33298420.11654	chr16R	Y' Gain	chr16	True	0.33	False		Y' Gain	chr12R	True	0.33	False	donor_transfer_candidates:3	False	True	False	0.0
SRR33298420.469906	chr16R	Y' Gain	chr16	True	0.33	False		Y' Gain	chr12R	True	0.33	False	donor_transfer_candidates:3	False	True	False	0.0
SRR33298420.346357	chr16R	Y' Gain	chr16	True	0.33	False		Y' Gain	chr12R	True	0.33	False	donor_transfer_candidates:3	False	True	False	0.0
SRR33298420.206062	chr16R	1st Y' Change	chr16	True	0.3	False		1st Y' Change	chr14L	True	0.66	False	donor_transfer	False	True	False	0.36
SRR33298420.17922	chr16R	1st Y' Change	chr16	True	0.3	False		1st Y' Change	ambiguous	True	0.3	False	unmatched_array	False	True	False	0.0
SRR33298420.46568	chr16R	1st Y' Change	chr16	True	0.3	False		1st Y' Change	ambiguous	True	0.3	False	unmatched_array	False	True	False	0.0
SRR33298420.242638	chr16R	Y' Gain	chr16	True	0.33	False		Y' Gain	ambiguous	True	0.3	False	unmatched_array	False	True	False	-0.03
SRR33298420.116637	chr16R	1st Y' Change	chr16	True	0.3	False		1st Y' Change	chr14L	True	0.44	False	donor_transfer	False	True	False	0.14
SRR33298420.349461	chr16R	1st Y' Change	chr16	True	0.3	False		1st Y' Change	chr14L	True	0.66	False	donor_transfer	False	True	False	0.36
SRR33298420.348705	chr16R	Y' Gain	chr16	True	0.33	False		Y' Gain	ambiguous	True	0.3	False	unmatched_array	False	True	False	-0.03
SRR33298420.465248	chr16R	Y' Gain	chr16	True	0.33	False		Y' Gain	ambiguous	True	0.3	False	unmatched_array	False	True	False	-0.03
SRR33298420.240165	chr16R	Y' Gain	chr16	True	0.33	False		Y' Gain	ambiguous	True	0.3	False	unmatched_array	False	True	False	-0.03
SRR33298420.202350	chr16R	Y' Gain	chr16	True	0.33	False		Y' Gain	chr14L	True	0.44	False	donor_transfer	False	True	False	0.11
SRR33298420.111409	chr16R	1st Y' Change	chr16	True	0.3	False		1st Y' Change	chr14L	True	0.44	False	donor_transfer	False	True	False	0.14
SRR33298420.166935	chr16R	Y' Gain	chr16	True	0.33	False		Y' Gain	ambiguous	True	0.3	False	donor_transfer_candidates:4	False	True	False	-0.03
SRR33298420.371791	chr16R	Y' Gain	chr16	True	0.33	False		Y' Gain	ambiguous	True	0.3	False	donor_transfer_candidates:4	False	True	False	-0.03
SRR33298420.213318	chr16R	Y' Gain	chr16	True	0.33	False		Y' Gain	ambiguous	True	0.3	False	unmatched_array	False	True	False	-0.03
SRR33298420.224253	chr16R	Y' Gain	chr16	True	0.33	False		Y' Gain	ambiguous	True	0.3	False	unmatched_array	False	True	False	-0.03
SRR33298420.188115	chr16R	Y' Gain	chr16	True	0.33	False		Y' Gain	ambiguous	True	0.3	False	unmatched_array	False	True	False	-0.03
SRR33298420.166104	chr16R	Y' Gain	chr16	True	0.33	False		Y' Gain	chr14L	True	0.44	False	donor_transfer	False	True	False	0.11
SRR33298420.441485	chr16R	Y' Gain	chr16	True	0.33	False		Y' Gain	chr14L	True	0.44	False	donor_transfer	False	True	False	0.11
SRR33298420.24795	chr16R	Y' Gain	chr16	True	0.33	False		Y' Gain	chr14L	True	0.44	False	donor_transfer	False	True	False	0.11
SRR33298420.428283	chr16R	1st Y' Change	chr16	True	0.3	False		1st Y' Change	ambiguous	True	0.3	False	unmatched_array	False	True	False	0.0
SRR33298420.441395	chr16R	1st Y' Change	chr16	True	0.33	False		1st Y' Change	ambiguous	True	0.3	False	unmatched_array	False	True	False	-0.03
SRR33298420.555075	chr16R	1st Y' Change	chr16	True	0.33	False		1st Y' Change	ambiguous	True	0.3	False	unmatched_array	False	True	False	-0.03
SRR33298420.392199	chr16R	Y' Gain	chr16	True	0.33	False		Y' Gain	ambiguous	True	0.3	False	single_y_prime_change	False	True	False	-0.03
SRR33298420.338864	chr16R	Y' Gain	chr16	True	0.33	False		Y' Gain	ambiguous	True	0.3	False	single_y_prime_change	False	True	False	-0.03
SRR33298420.318606	chr16R	Y' Gain	chr16	True	0.33	False		Y' Gain	ambiguous	True	0.3	False	single_y_prime_change	False	True	False	-0.03
SRR33298420.569024	chr16R	Y' Gain	chr16	True	0.33	False		Y' Gain	ambiguous	True	0.3	False	single_y_prime_change	False	True	False	-0.03
SRR33298420.224997	chr16R	Y' Gain	chr16	True	0.33	False		Y' Gain	ambiguous	True	0.3	False	single_y_prime_change	False	True	False	-0.03
SRR33298420.390581	chr16R	Y' Gain	chr16	True	0.33	False		Y' Gain	ambiguous	True	0.3	False	single_y_prime_change	False	True	False	-0.03
SRR33298420.430851	chr16R	Y' Gain	chr16	True	0.33	False		Y' Gain	ambiguous	True	0.3	False	single_y_prime_change	False	True	False	-0.03
SRR33298420.359643	chr16R	Y' Gain	chr16	True	0.33	False		Y' Gain	ambiguous	True	0.3	False	single_y_prime_change	False	True	False	-0.03
SRR33298420.422504	chr16R	Y' Gain	chr16	True	0.33	False		Y' Gain	ambiguous	True	0.3	False	single_y_prime_change	False	True	False	-0.03
SRR33298420.285592	chr16R	Y' Gain	chr16	True	0.33	False		Y' Gain	ambiguous	True	0.3	False	single_y_prime_change	False	True	False	-0.03
SRR33298420.387976	chr1L	Y' Gain	chr12R	True	0.1772	True		Y' Gain	chr13L	True	0.1772	True	subtelomere_switch	False	True	False	0.0
SRR33298420.330750	chr1L	Y' Gain	chr12R	True	-0.0003	True		Y' Gain	chr14L	True	-0.0003	True	subtelomere_switch	False	True	False	0.0
SRR33298420.233532	chr1L	Y' Gain	chr4R	True	0.1803	True		Y' Gain	chr13L	True	0.1803	True	subtelomere_switch	False	True	False	0.0
SRR33298420.275168	chr1L	Y' Gain	chr12R	True	-0.0018	True		Y' Gain	chr14L	True	-0.0018	True	subtelomere_switch	False	True	False	0.0
SRR33298420.117813	chr1L	Y' Gain	chr12R	True	0.2224	True		Y' Gain	chr8R	True	0.519	True	subtelomere_switch	False	True	False	0.297
SRR33298420.505887	chr1L	Y' Gain	chr12R	True	0.1772	True		Y' Gain	chr13L	True	0.1772	True	subtelomere_switch	False	True	False	0.0
SRR33298420.456617	chr1L	Y' Gain	chr12R	True	0.0028	True		Y' Gain	chr14L	True	0.0028	True	subtelomere_switch	False	True	False	0.0
SRR33298420.539141	chr1L	Y' Gain	chr4R	True	0.0015	True		Y' Gain	chr14L	True	0.0015	True	subtelomere_switch	False	True	False	0.0
SRR33298420.501687	chr1L	Y' Gain	chr12R	True	-0.0039	True		Y' Gain	chr14L	True	-0.0039	True	subtelomere_switch	False	True	False	0.0
SRR33298420.341666	chr1L	Y' Gain	chr12R	True	0.1772	True		Y' Gain	chr13L	True	0.1772	True	subtelomere_switch	False	True	False	0.0
SRR33298420.249606	chr1L	Y' Gain	chr12R	True	0.1772	True		Y' Gain	chr13L	True	0.1772	True	subtelomere_switch	False	True	False	0.0
SRR33298420.325307	chr1L	Y' Gain	chr12R	True	-0.0004	True		Y' Gain	chr14L	True	-0.0004	True	subtelomere_switch	False	True	False	0.0
SRR33298420.319335	chr1L	Y' Gain	chr12R	True	0.16	True		Y' Gain	chr13L	True	0.3732	True	subtelomere_switch	False	True	False	0.213
SRR33298420.251156	chr1L	Y' Gain	chr1	True	0.33	False		Y' Gain	chr12R	True	0.33	False	donor_transfer_candidates:3	False	True	False	0.0
SRR33298420.74564	chr1L	Y' Gain	chr1	True	0.33	False		Y' Gain	ambiguous	True	0.3	False	unmatched_array	False	True	False	-0.03
SRR33298420.538635	chr1L	Y' Gain	chr1	True	0.33	False		Y' Gain	ambiguous	True	0.3	False	unmatched_array	False	True	False	-0.03
SRR33298420.456946	chr1L	Y' Gain	chr1	True	0.33	False		Y' Gain	ambiguous	True	0.3	False	donor_transfer_candidates:4	False	True	False	-0.03
SRR33298420.249922	chr1L	Y' Gain	chr1	True	0.33	False		Y' Gain	ambiguous	True	0.3	False	donor_transfer_candidates:4	False	True	False	-0.03
SRR33298420.510947	chr1L	Y' Gain	chr1	True	0.33	False		Y' Gain	ambiguous	True	0.3	False	donor_transfer_candidates:4	False	True	False	-0.03
SRR33298420.185759	chr1L	Y' Gain	chr1	True	0.33	False		Y' Gain	ambiguous	True	0.3	False	unmatched_array	False	True	False	-0.03
SRR33298420.189195	chr1L	Y' Gain	chr1	True	0.33	False		Y' Gain	ambiguous	True	0.3	False	unmatched_array	False	True	False	-0.03
SRR33298420.281882	chr1L	Y' Gain	chr1	True	0.33	False		Y' Gain	chr12R	True	0.33	False	donor_transfer_candidates:2	False	True	False	0.0
SRR33298420.280178	chr1L	Y' Gain	chr1	True	0.33	False		Y' Gain	chr12R	True	0.33	False	donor_transfer_candidates:2	False	True	False	0.0
SRR33298420.393403	chr1L	Y' Gain	chr1	True	0.33	False		Y' Gain	chr12R	True	0.33	False	donor_transfer_candidates:2	False	True	False	0.0
SRR33298420.190871	chr1L	Y' Gain	chr8	True	0.3	False		Y' Gain	chr12R	True	0.33	False	donor_transfer_candidates:3	False	True	False	0.03
SRR33298420.331900	chr1L	Y' Gain	chr1	True	0.33	False		Y' Gain	ambiguous	True	0.3	False	unmatched_array	False	True	False	-0.03
SRR33298420.232660	chr1L	Y' Gain	chr1	True	0.33	False		Y' Gain	ambiguous	True	0.3	False	unmatched_array	False	True	False	-0.03
SRR33298420.505119	chr1L	Y' Gain	chr1	True	0.33	False		Y' Gain	chr14L	True	0.44	False	donor_transfer	False	True	False	0.11
SRR33298420.246891	chr1L	Y' Gain	chr1	True	0.33	False		Y' Gain	ambiguous	True	0.3	False	unmatched_array	False	True	False	-0.03
SRR33298420.316826	chr1L	Y' Gain	chr1	True	0.33	False		Y' Gain	ambiguous	True	0.3	False	unmatched_array	False	True	False	-0.03
SRR33298420.363754	chr1L	Y' Gain	chr1	True	0.33	False		Y' Gain	ambiguous	True	0.3	False	unmatched_array	False	True	False	-0.03
SRR33298420.314097	chr1L	Y' Gain	chr1	True	0.33	False		Y' Gain	ambiguous	True	0.3	False	unmatched_array	False	True	False	-0.03
SRR33298420.236620	chr1L	Y' Gain	chr1	True	0.33	False		Y' Gain	ambiguous	True	0.3	False	unmatched_array	False	True	False	-0.03
SRR33298420.118414	chr1L	Y' Gain	chr1	True	0.33	False		Y' Gain	ambiguous	True	0.3	False	unmatched_array	False	True	False	-0.03
SRR33298420.314401	chr1L	Y' Gain	chr1	True	0.33	False		Y' Gain	chr14L	True	0.44	False	donor_transfer	False	True	False	0.11
SRR33298420.185201	chr1L	Y' Gain	chr1	True	0.33	False		Y' Gain	ambiguous	True	0.3	False	unmatched_array	False	True	False	-0.03
SRR33298420.466657	chr1L	Y' Gain	chr1	True	0.33	False		Y' Gain	chr12R	True	0.33	False	donor_transfer_candidates:2	False	True	False	0.0
SRR33298420.502158	chr1L	Y' Gain	chr1	True	0.33	False		Y' Gain	ambiguous	True	0.3	False	unmatched_array	False	True	False	-0.03
SRR33298420.568455	chr1L	Y' Gain	chr1	True	0.33	False		Y' Gain	ambiguous	True	0.3	False	unmatched_array	False	True	False	-0.03
SRR33298420.188164	chr1L	Y' Gain	chr1	True	0.33	False		Y' Gain	ambiguous	True	0.3	False	unmatched_array	False	True	False	-0.03
SRR33298420.237145	chr1L	Y' Gain	chr1	True	0.33	False		Y' Gain	chr12R	True	0.33	False	donor_transfer_candidates:3	False	True	False	0.0
SRR33298420.464263	chr1L	Y' Gain	chr1	True	0.33	False		Y' Gain	chr12R	True	0.33	False	donor_transfer_candidates:3	False	True	False	0.0
SRR33298420.222294	chr1L	Y' Gain	chr1	True	0.33	False		Y' Gain	chr12R	True	0.33	False	donor_transfer_candidates:3	False	True	False	0.0
SRR33298420.143569	chr1L	Y' Gain	chr1	True	0.33	False		Y' Gain	ambiguous	True	0.3	False	donor_transfer_candidates:4	False	True	False	-0.03
SRR33298420.273652	chr1L	Y' Gain	chr14	True	0.33	False		Y' Gain	chr14L	True	0.33	False	donor_transfer_candidates:4	False	True	False	0.0
SRR33298420.349524	chr1L	Y' Gain	chr14	True	0.33	False		Y' Gain	chr14L	True	0.33	False	donor_transfer_candidates:4	False	True	False	0.0
SRR33298420.450983	chr1L	Y' Gain	chr14	True	0.33	False		Y' Gain	chr14L	True	0.33	False	donor_transfer_candidates:4	False	True	False	0.0
SRR33298420.539568	chr1L	Y' Gain	chr4	True	0.33	False		Y' Gain	chr4R	True	0.33	False	donor_transfer_candidates:4	False	True	False	0.0
SRR33298420.196813	chr1L	Y' Gain	chr14	True	0.3	False		Y' Gain	chr14L	True	0.44	False	donor_transfer	False	True	False	0.14
SRR33298420.521396	chr1L	Y' Gain	chr14	True	0.33	False		Y' Gain	chr14L	True	0.33	False	unmatched_array	False	True	False	0.0
SRR33298420.301137	chr1L	Y' Gain	chr14	True	0.3	False		Y' Gain	chr14L	True	0.44	False	donor_transfer	False	True	False	0.14
SRR33298420.231922	chr1R	Y' Gain	chr12R	True	0.2186	True		Y' Gain	chr1L	True	0.2186	True	subtelomere_switch	False	True	False	0.0
SRR33298420.138153	chr1R	Y' Gain	chr12R	True	0.2226	True		Y' Gain	chr1L	True	0.5195	True	subtelomere_switch	False	True	False	0.297
SRR33298420.291401	chr1R	Y' Gain	chr1	True	0.33	False		Y' Gain	ambiguous	True	0.3	False	donor_transfer_candidates:4	False	True	False	-0.03
SRR33298420.500506	chr2L	1st Y' Change	chr2	True	0.3	False		1st Y' Change	chr14L	True	0.66	False	donor_transfer	False	True	False	0.36
SRR33298420.190985	chr2L	1st Y' Change	chr2	True	0.3	False		1st Y' Change	chr14L	True	0.66	False	donor_transfer	False	True	False	0.36
SRR33298420.3535	chr2L	1st Y' Change	chr2	True	0.3	False		1st Y' Change	chr14L	True	0.66	False	donor_transfer	False	True	False	0.36
SRR33298420.30127	chr2L	1st Y' Change	chr4	True	0.3	False		1st Y' Change	chr14L	True	0.66	False	donor_transfer	False	True	False	0.36
SRR33298420.77651	chr2L	1st Y' Change	chr4	True	0.3	False		1st Y' Change	chr14L	True	0.66	False	donor_transfer	False	True	False	0.36
SRR33298420.505623	chr2L	1st Y' Change	chr2	True	0.3	False		1st Y' Change	chr14L	True	0.66	False	donor_transfer	False	True	False	0.36
SRR33298420.50736	chr2L	1st Y' Change	chr2	True	0.3	False		1st Y' Change	chr14L	True	0.66	False	donor_transfer	False	True	False	0.36
SRR33298420.285772	chr2L	1st Y' Change	chr2	True	0.3	False		1st Y' Change	chr14L	True	0.66	False	donor_transfer	False	True	False	0.36
SRR33298420.358200	chr2L	1st Y' Change	chr2	True	0.3	False		1st Y' Change	chr14L	True	0.66	False	donor_transfer	False	True	False	0.36
SRR33298420.481676	chr2L	1st Y' Change	chr2	True	0.3	False		1st Y' Change	chr14L	True	0.66	False	donor_transfer	False	True	False	0.36
SRR33298420.339767	chr2L	1st Y' Change	chr2	True	0.3	False		1st Y' Change	chr14L	True	0.66	False	donor_transfer	False	True	False	0.36
SRR33298420.355037	chr2L	1st Y' Change	chr2	True	0.3	False		1st Y' Change	ambiguous	True	0.3	False	unmatched_array	False	True	False	0.0
SRR33298420.232412	chr2L	1st Y' Change	chr2	True	0.3	False		1st Y' Change	chr14L	True	0.66	False	donor_transfer	False	True	False	0.36
SRR33298420.247502	chr2L	1st Y' Change	chr2	True	0.3	False		1st Y' Change	chr12R	True	0.33	False	donor_transfer_candidates:2	False	True	False	0.03
SRR33298420.248499	chr2L	1st Y' Change	chr2	True	0.3	False		1st Y' Change	chr12R	True	0.33	False	donor_transfer_candidates:2	False	True	False	0.03
SRR33298420.250668	chr2L	1st Y' Change	chr2	True	0.3	False		1st Y' Change	chr14L	True	0.66	False	donor_transfer	False	True	False	0.36
SRR33298420.424259	chr2L	1st Y' Change	chr2	True	0.3	False		1st Y' Change	chr14L	True	0.66	False	donor_transfer	False	True	False	0.36
SRR33298420.459046	chr2L	1st Y' Change	chr2	True	0.3	False		1st Y' Change	chr14L	True	0.66	False	donor_transfer	False	True	False	0.36
SRR33298420.500835	chr2L	1st Y' Change	chr2	True	0.3	False		1st Y' Change	chr14L	True	0.66	False	donor_transfer	False	True	False	0.36
SRR33298420.536919	chr2L	1st Y' Change	chr2	True	0.3	False		1st Y' Change	chr14L	True	0.66	False	donor_transfer	False	True	False	0.36
SRR33298420.354009	chr2L	1st Y' Change	chr2	True	0.3	False		1st Y' Change	chr14L	True	0.66	False	donor_transfer	False	True	False	0.36
SRR33298420.242997	chr2L	1st Y' Change	chr2	True	0.3	False		1st Y' Change	chr14L	True	0.66	False	donor_transfer	False	True	False	0.36
SRR33298420.246279	chr2L	1st Y' Change	chr2	True	0.3	False		1st Y' Change	ambiguous	True	0.3	False	unmatched_array	False	True	False	0.0
SRR33298420.307137	chr2L	1st Y' Change	chr2	True	0.3	False		1st Y' Change	chr14L	True	0.44	False	donor_transfer	False	True	False	0.14
SRR33298420.250271	chr2L	1st Y' Change	chr2	True	0.3	False		1st Y' Change	ambiguous	True	0.3	False	unmatched_array	False	True	False	0.0
SRR33298420.48507	chr2L	1st Y' Change	chr2	True	0.3	False		1st Y' Change	chr14L	True	0.44	False	donor_transfer	False	True	False	0.14
SRR33298420.559379	chr2L	1st Y' Change	chr2	True	0.3	False		1st Y' Change	chr14L	True	0.44	False	donor_transfer	False	True	False	0.14
SRR33298420.302502	chr2L	1st Y' Change	chr2	True	0.3	False		1st Y' Change	chr14L	True	0.66	False	donor_transfer	False	True	False	0.36
SRR33298420.363672	chr2L	1st Y' Change	chr2	True	0.3	False		1st Y' Change	chr14L	True	0.66	False	donor_transfer	False	True	False	0.36
SRR33298420.454822	chr2L	1st Y' Change	chr2	True	0.3	False		1st Y' Change	chr14L	True	0.66	False	donor_transfer	False	True	False	0.36
SRR33298420.29010	chr2L	1st Y' Change	chr2	True	0.3	False		1st Y' Change	chr14L	True	0.66	False	donor_transfer	False	True	False	0.36
SRR33298420.464261	chr2L	1st Y' Change	chr2	True	0.3	False		1st Y' Change	chr14L	True	0.66	False	donor_transfer	False	True	False	0.36
SRR33298420.244496	chr2L	1st Y' Change	chr2	True	0.3	False		1st Y' Change	chr14L	True	0.44	False	donor_transfer	False	True	False	0.14
SRR33298420.285268	chr2L	1st Y' Change	chr2	True	0.3	False		1st Y' Change	chr14L	True	0.44	False	donor_transfer	False	True	False	0.14
SRR33298420.172008	chr2L	1st Y' Change	chr2	True	0.3	False		1st Y' Change	chr14L	True	0.66	False	donor_transfer	False	True	False	0.36
SRR33298420.229477	chr2L	1st Y' Change	chr2	True	0.3	False		1st Y' Change	chr14L	True	0.66	False	donor_transfer	False	True	False	0.36
SRR33298420.170789	chr2L	1st Y' Change	chr2	True	0.3	False		1st Y' Change	chr14L	True	0.66	False	donor_transfer	False	True	False	0.36
SRR33298420.539429	chr2L	1st Y' Change	chr2	True	0.3	False		1st Y' Change	chr14L	True	0.66	False	donor_transfer	False	True	False	0.36
SRR33298420.171165	chr2L	1st Y' Change	chr2	True	0.3	False		1st Y' Change	chr14L	True	0.66	False	donor_transfer	False	True	False	0.36
SRR33298420.545114	chr2L	1st Y' Change	chr2	True	0.3	False		1st Y' Change	chr14L	True	0.66	False	donor_transfer	False	True	False	0.36
SRR33298420.491555	chr2L	1st Y' Change	chr2	True	0.3	False		1st Y' Change	chr14L	True	0.44	False	donor_transfer	False	True	False	0.14
SRR33298420.73191	chr2L	1st Y' Change	chr2	True	0.3	False		1st Y' Change	chr14L	True	0.44	False	donor_transfer	False	True	False	0.14
SRR33298420.289825	chr2L	1st Y' Change	chr2	True	0.3	False		1st Y' Change	ambiguous	True	0.3	False	unmatched_array	False	True	False	0.0
SRR33298420.519401	chr2L	1st Y' Change	chr2	True	0.3	False		1st Y' Change	chr14L	True	0.44	False	donor_transfer	False	True	False	0.14
SRR33298420.126150	chr2L	1st Y' Change	chr2	True	0.3	False		1st Y' Change	chr14L	True	0.66	False	donor_transfer	False	True	False	0.36
SRR33298420.76872	chr2L	1st Y' Change	chr2	True	0.3	False		1st Y' Change	chr14L	True	0.44	False	donor_transfer	False	True	False	0.14
SRR33298420.207297	chr2L	1st Y' Change	chr2	True	0.3	False		1st Y' Change	ambiguous	True	0.3	False	unmatched_array	False	True	False	0.0
SRR33298420.108407	chr2L	Y' Gain	chr2	True	0.33	False		Y' Gain	chr14L	True	0.66	False	donor_transfer	False	True	False	0.33
SRR33298420.506143	chr2L	1st Y' Change	chr2	True	0.3	False		1st Y' Change	chr14L	True	0.66	False	donor_transfer	False	True	False	0.36
SRR33298420.430565	chr2L	1st Y' Change	chr2	True	0.3	False		1st Y' Change	chr14L	True	0.66	False	donor_transfer	False	True	False	0.36
SRR33298420.327935	chr2L	1st Y' Change	chr2	True	0.3	False		1st Y' Change	chr14L	True	0.66	False	donor_transfer	False	True	False	0.36
SRR33298420.257808	chr2L	1st Y' Change	chr2	True	0.3	False		1st Y' Change	chr14L	True	0.66	False	donor_transfer	False	True	False	0.36
SRR33298420.547294	chr2L	1st Y' Change	chr2	True	0.3	False		1st Y' Change	chr14L	True	0.66	False	donor_transfer	False	True	False	0.36
SRR33298420.464515	chr2L	1st Y' Change	chr2	True	0.3	False		1st Y' Change	chr14L	True	0.66	False	donor_transfer	False	True	False	0.36
SRR33298420.119105	chr2L	1st Y' Change	chr2	True	0.3	False		1st Y' Change	chr14L	True	0.66	False	donor_transfer	False	True	False	0.36
SRR33298420.167772	chr2L	1st Y' Change	chr2	True	0.3	False		1st Y' Change	chr14L	True	0.66	False	donor_transfer	False	True	False	0.36
SRR33298420.388450	chr2L	1st Y' Change	chr2	True	0.3	False		1st Y' Change	chr14L	True	0.66	False	donor_transfer	False	True	False	0.36
SRR33298420.433813	chr2L	1st Y' Change	chr2	True	0.3	False		1st Y' Change	chr14L	True	0.66	False	donor_transfer	False	True	False	0.36
SRR33298420.211456	chr2L	1st Y' Change	chr2	True	0.3	False		1st Y' Change	chr14L	True	0.66	False	donor_transfer	False	True	False	0.36
SRR33298420.288931	chr2L	1st Y' Change	chr2	True	0.3	False		1st Y' Change	chr14L	True	0.66	False	donor_transfer	False	True	False	0.36
SRR33298420.500330	chr2L	1st Y' Change	chr2	True	0.3	False		1st Y' Change	chr14L	True	0.66	False	donor_transfer	False	True	False	0.36
SRR33298420.144806	chr2L	1st Y' Change	chr2	True	0.3	False		1st Y' Change	chr14L	True	0.66	False	donor_transfer	False	True	False	0.36
SRR33298420.71079	chr2L	1st Y' Change	chr2	True	0.3	False		1st Y' Change	chr14L	True	0.66	False	donor_transfer	False	True	False	0.36
SRR33298420.219113	chr2L	1st Y' Change	chr2	True	0.3	False		1st Y' Change	chr14L	True	0.66	False	donor_transfer	False	True	False	0.36
SRR33298420.272627	chr2L	1st Y' Change	chr2	True	0.3	False		1st Y' Change	chr14L	True	0.66	False	donor_transfer	False	True	False	0.36
SRR33298420.346923	chr2L	1st Y' Change	chr2	True	0.3	False		1st Y' Change	chr14L	True	0.66	False	donor_transfer	False	True	False	0.36
SRR33298420.216913	chr2L	1st Y' Change	chr2	True	0.3	False		1st Y' Change	chr14L	True	0.66	False	donor_transfer	False	True	False	0.36
SRR33298420.470720	chr2L	1st Y' Change	chr2	True	0.3	False		1st Y' Change	chr14L	True	0.66	False	donor_transfer	False	True	False	0.36
SRR33298420.273447	chr2L	1st Y' Change	chr2	True	0.3	False		1st Y' Change	chr14L	True	0.66	False	donor_transfer	False	True	False	0.36
SRR33298420.135156	chr2L	1st Y' Change	chr2	True	0.3	False		1st Y' Change	chr14L	True	0.66	False	donor_transfer	False	True	False	0.36
SRR33298420.500604	chr2L	1st Y' Change	chr2	True	0.3	False		1st Y' Change	chr14L	True	0.66	False	donor_transfer	False	True	False	0.36
SRR33298420.319412	chr2L	1st Y' Change	chr2	True	0.3	False		1st Y' Change	chr14L	True	0.44	False	donor_transfer	False	True	False	0.14
SRR33298420.223373	chr2L	1st Y' Change	chr2	True	0.3	False		1st Y' Change	chr14L	True	0.66	False	donor_transfer	False	True	False	0.36
SRR33298420.337664	chr2L	1st Y' Change	chr2	True	0.3	False		1st Y' Change	chr14L	True	0.44	False	donor_transfer	False	True	False	0.14
SRR33298420.345777	chr2L	1st Y' Change	chr2	True	0.3	False		1st Y' Change	chr14L	True	0.44	False	donor_transfer	False	True	False	0.14
SRR33298420.2257	chr2L	1st Y' Change	chr2	True	0.3	False		1st Y' Change	chr14L	True	0.66	False	donor_transfer	False	True	False	0.36
SRR33298420.572701	chr2L	1st Y' Change	chr2	True	0.3	False		1st Y' Change	chr14L	True	0.66	False	donor_transfer	False	True	False	0.36
SRR33298420.549985	chr2L	1st Y' Change	chr2	True	0.3	False		1st Y' Change	chr14L	True	0.44	False	donor_transfer	False	True	False	0.14
SRR33298420.447679	chr2L	1st Y' Change	chr2	True	0.3	False		1st Y' Change	chr14L	True	0.44	False	donor_transfer	False	True	False	0.14
SRR33298420.190800	chr2L	1st Y' Change	chr2	True	0.3	False		1st Y' Change	chr14L	True	0.66	False	donor_transfer	False	True	False	0.36
SRR33298420.459454	chr2L	1st Y' Change	chr2	True	0.3	False		1st Y' Change	ambiguous	True	0.3	False	unmatched_array	False	True	False	0.0
SRR33298420.379970	chr2L	1st Y' Change	chr2	True	0.3	False		1st Y' Change	chr14L	True	0.66	False	donor_transfer	False	True	False	0.36
SRR33298420.568141	chr2L	1st Y' Change	chr2	True	0.3	False		1st Y' Change	chr14L	True	0.66	False	donor_transfer	False	True	False	0.36
SRR33298420.539393	chr2L	1st Y' Change	chr2	True	0.3	False		1st Y' Change	chr14L	True	0.66	False	donor_transfer	False	True	False	0.36
SRR33298420.263801	chr2L	1st Y' Change	chr2	True	0.3	False		1st Y' Change	chr14L	True	0.66	False	donor_transfer	False	True	False	0.36
SRR33298420.352163	chr2L	1st Y' Change	chr2	True	0.3	False		1st Y' Change	chr14L	True	0.66	False	donor_transfer	False	True	False	0.36
SRR33298420.378651	chr2L	1st Y' Change	chr2	True	0.3	False		1st Y' Change	chr14L	True	0.66	False	donor_transfer	False	True	False	0.36
SRR33298420.31052	chr2L	1st Y' Change	chr2	True	0.3	False		1st Y' Change	chr14L	True	0.66	False	donor_transfer	False	True	False	0.36
SRR33298420.185433	chr2L	1st Y' Change	chr2	True	0.3	False		1st Y' Change	chr14L	True	0.66	False	donor_transfer	False	True	False	0.36
SRR33298420.500722	chr2L	1st Y' Change	chr2	True	0.3	False		1st Y' Change	chr14L	True	0.66	False	donor_transfer	False	True	False	0.36
SRR33298420.537636	chr2L	1st Y' Change	chr2	True	0.3	False		1st Y' Change	chr14L	True	0.66	False	donor_transfer	False	True	False	0.36
SRR33298420.382607	chr2L	1st Y' Change	chr2	True	0.3	False		1st Y' Change	chr14L	True	0.66	False	donor_transfer	False	True	False	0.36
SRR33298420.465397	chr2L	1st Y' Change	chr2	True	0.3	False		1st Y' Change	chr14L	True	0.66	False	donor_transfer	False	True	False	0.36
SRR33298420.197044	chr2L	1st Y' Change	chr2	True	0.3	False		1st Y' Change	chr14L	True	0.66	False	donor_transfer	False	True	False	0.36
SRR33298420.29727	chr2L	1st Y' Change	chr2	True	0.3	False		1st Y' Change	chr14L	True	0.66	False	donor_transfer	False	True	False	0.36
SRR33298420.278842	chr2L	1st Y' Change	chr2	True	0.3	False		1st Y' Change	chr14L	True	0.66	False	donor_transfer	False	True	False	0.36
SRR33298420.422324	chr2L	1st Y' Change	chr2	True	0.3	False		1st Y' Change	chr14L	True	0.66	False	donor_transfer	False	True	False	0.36
SRR33298420.550836	chr2L	1st Y' Change	chr2	True	0.3	False		1st Y' Change	chr14L	True	0.66	False	donor_transfer	False	True	False	0.36
SRR33298420.281104	chr2L	1st Y' Change	chr2	True	0.3	False		1st Y' Change	chr14L	True	0.66	False	donor_transfer	False	True	False	0.36
SRR33298420.365357	chr2L	1st Y' Change	chr2	True	0.3	False		1st Y' Change	chr14L	True	0.66	False	donor_transfer	False	True	False	0.36
SRR33298420.274345	chr2L	1st Y' Change	chr2	True	0.3	False		1st Y' Change	chr14L	True	0.44	False	donor_transfer	False	True	False	0.14
SRR33298420.52486	chr2L	1st Y' Change	chr2	True	0.3	False		1st Y' Change	chr14L	True	0.44	False	donor_transfer	False	True	False	0.14
SRR33298420.52578	chr2L	1st Y' Change	chr2	True	0.3	False		1st Y' Change	chr14L	True	0.44	False	donor_transfer	False	True	False	0.14
SRR33298420.349449	chr2L	1st Y' Change	chr2	True	0.3	False		1st Y' Change	chr14L	True	0.44	False	donor_transfer	False	True	False	0.14
SRR33298420.26915	chr2L	1st Y' Change	chr12	True	0.33	False		1st Y' Change	chr12L	True	0.33	False	unmatched_array	False	True	False	0.0
SRR33298420.467799	chr2L	1st Y' Change	chr12	True	0.33	False		1st Y' Change	chr14L	True	0.44	False	donor_transfer	False	True	False	0.11
SRR33298420.211547	chr2L	1st Y' Change	chr12	True	0.33	False		1st Y' Change	chr14L	True	0.44	False	donor_transfer	False	True	False	0.11
SRR33298420.7233	chr2L	1st Y' Change	chr12	True	0.33	False		1st Y' Change	chr14L	True	0.44	False	donor_transfer	False	True	False	0.11
SRR33298420.204483	chr2L	1st Y' Change	chr12	True	0.33	False		1st Y' Change	chr14L	True	0.44	False	donor_transfer	False	True	False	0.11
SRR33298420.81728	chr2L	1st Y' Change	chr12	True	0.33	False		1st Y' Change	chr14L	True	0.44	False	donor_transfer	False	True	False	0.11
SRR33298420.150019	chr2L	1st Y' Change	chr12	True	0.33	False		1st Y' Change	chr14L	True	0.44	False	donor_transfer	False	True	False	0.11
SRR33298420.148555	chr2L	1st Y' Change	chr12	True	0.33	False		1st Y' Change	chr14L	True	0.44	False	donor_transfer	False	True	False	0.11
SRR33298420.64806	chr2L	1st Y' Change	chr12	True	0.33	False		1st Y' Change	chr14L	True	0.44	False	donor_transfer	False	True	False	0.11
SRR33298420.186047	chr2L	1st Y' Change	chr12	True	0.33	False		1st Y' Change	chr14L	True	0.44	False	donor_transfer	False	True	False	0.11
SRR33298420.34078	chr2L	1st Y' Change	chr12	True	0.33	False		1st Y' Change	chr14L	True	0.44	False	donor_transfer	False	True	False	0.11
SRR33298420.233012	chr2L	1st Y' Change	chr12	True	0.33	False		1st Y' Change	chr14L	True	0.44	False	donor_transfer	False	True	False	0.11
SRR33298420.521062	chr2L	1st Y' Change	chr12	True	0.33	False		1st Y' Change	chr14L	True	0.44	False	donor_transfer	False	True	False	0.11
SRR33298420.399540	chr2L	1st Y' Change	chr12	True	0.33	False		1st Y' Change	chr14L	True	0.44	False	donor_transfer	False	True	False	0.11
SRR33298420.247093	chr2L	1st Y' Change	chr12	True	0.33	False		1st Y' Change	chr14L	True	0.44	False	donor_transfer	False	True	False	0.11
SRR33298420.461959	chr2L	1st Y' Change	chr12	True	0.33	False		1st Y' Change	chr14L	True	0.44	False	donor_transfer	False	True	False	0.11
SRR33298420.100069	chr2L	1st Y' Change	chr2	True	0.3	False		1st Y' Change	chr14L	True	0.44	False	donor_transfer	False	True	False	0.14
SRR33298420.364437	chr2L	1st Y' Change	chr12	True	0.33	False		1st Y' Change	chr14L	True	0.44	False	donor_transfer	False	True	False	0.11
SRR33298420.228595	chr2L	1st Y' Change	chr12	True	0.33	False		1st Y' Change	chr14L	True	0.44	False	donor_transfer	False	True	False	0.11
SRR33298420.432531	chr2L	1st Y' Change	chr12	True	0.33	False		1st Y' Change	chr12L	True	0.33	False	unmatched_array	False	True	False	0.0
SRR33298420.249999	chr2R	Y' Gain	chr2	True	0.3	False		Y' Gain	chr14L	True	0.44	False	donor_transfer	False	True	False	0.14
SRR33298420.502134	chr2R	Y' Gain	chr12R	True	-0.0045	True		Y' Gain	chr14L	True	-0.0045	True	subtelomere_switch	False	True	False	0.0
SRR33298420.501321	chr2R	Y' Gain	chr2	True	0.3	False		Y' Gain	chr14L	True	0.66	False	donor_transfer	False	True	False	0.36
SRR33298420.466432	chr2R	Y' Gain	chr2	True	0.3	False		Y' Gain	chr14L	True	0.44	False	donor_transfer	False	True	False	0.14
SRR33298420.246822	chr2R	Y' Gain	chr2	True	0.3	False		Y' Gain	chr12R	True	0.33	False	donor_transfer_candidates:3	False	True	False	0.03
SRR33298420.462173	chr2R	Y' Gain	chr2	True	0.3	False		Y' Gain	ambiguous	True	0.3	False	donor_transfer_candidates:4	False	True	False	0.0
SRR33298420.354601	chr2R	Y' Gain	chr4R	True	-0.0005	True		Y' Gain	chr14L	True	-0.0005	True	subtelomere_switch	False	True	False	0.0
SRR33298420.425120	chr2R	Y' Gain	chr2	True	0.3	False		Y' Gain	ambiguous	True	0.3	False	unmatched_array	False	True	False	0.0
SRR33298420.231679	chr2R	Y' Gain	chr2	True	0.3	False		Y' Gain	chr14L	True	0.66	False	donor_transfer	False	True	False	0.36
SRR33298420.247257	chr2R	Y' Gain	chr12R	True	0.0069	True		Y' Gain	chr14L	True	0.0069	True	subtelomere_switch	False	True	False	0.0
SRR33298420.391111	chr2R	Y' Gain	chr2	True	0.3	False		Y' Gain	ambiguous	True	0.3	False	unmatched_array	False	True	False	0.0
SRR33298420.389673	chr2R	Y' Gain	chr2	True	0.3	False		Y' Gain	chr14L	True	0.66	False	donor_transfer	False	True	False	0.36
SRR33298420.206366	chr2R	Y' Gain	chr12R	True	0.0037	True		Y' Gain	chr14L	True	0.0037	True	subtelomere_switch	False	True	False	0.0
SRR33298420.513403	chr2R	Y' Gain	chr2	True	0.3	False		Y' Gain	chr14L	True	0.66	False	donor_transfer	False	True	False	0.36
SRR33298420.436723	chr2R	Y' Gain	chr2	True	0.3	False		Y' Gain	chr14L	True	0.66	False	donor_transfer	False	True	False	0.36
SRR33298420.55375	chr2R	Y' Gain	chr12R	True	-0.0006	True		Y' Gain	chr14L	True	-0.0006	True	subtelomere_switch	False	True	False	0.0
SRR33298420.32934	chr2R	Y' Gain	chr2	True	0.3	False		Y' Gain	chr14L	True	0.66	False	donor_transfer	False	True	False	0.36
SRR33298420.395363	chr2R	Y' Gain	chr2	True	0.3	False		Y' Gain	chr14L	True	0.44	False	donor_transfer	False	True	False	0.14
SRR33298420.539257	chr2R	Y' Gain	chr2	True	0.3	False		Y' Gain	chr14L	True	0.66	False	donor_transfer	False	True	False	0.36
SRR33298420.120898	chr2R	Y' Gain	chr2	True	0.3	False		Y' Gain	chr14L	True	0.66	False	donor_transfer	False	True	False	0.36
SRR33298420.500578	chr2R	Y' Gain	chr2	True	0.3	False		Y' Gain	chr14L	True	0.66	False	donor_transfer	False	True	False	0.36
SRR33298420.569203	chr2R	Y' Gain	chr2	True	0.3	False		Y' Gain	chr14L	True	0.66	False	donor_transfer	False	True	False	0.36
SRR33298420.310852	chr2R	Y' Gain	chr2	True	0.3	False		Y' Gain	chr14L	True	0.44	False	donor_transfer	False	True	False	0.14
SRR33298420.139034	chr2R	Y' Gain	chr2	True	0.3	False		Y' Gain	ambiguous	True	0.3	False	unmatched_array	False	True	False	0.0
SRR33298420.6376	chr2R	Y' Gain	chr2	True	0.3	False		Y' Gain	ambiguous	True	0.3	False	unmatched_array	False	True	False	0.0
SRR33298420.362708	chr2R	Y' Gain	chr2	True	0.3	False		Y' Gain	chr14L	True	0.66	False	donor_transfer	False	True	False	0.36
SRR33298420.254521	chr2R	Y' Gain	chr2	True	0.3	False		Y' Gain	chr14L	True	0.66	False	donor_transfer	False	True	False	0.36
SRR33298420.222980	chr2R	Y' Gain	chr2	True	0.3	False		Y' Gain	chr14L	True	0.66	False	donor_transfer	False	True	False	0.36
SRR33298420.15513	chr2R	Y' Gain	chr2	True	0.3	False		Y' Gain	chr14L	True	0.66	False	donor_transfer	False	True	False	0.36
SRR33298420.318068	chr2R	Y' Gain	chr2	True	0.3	False		Y' Gain	ambiguous	True	0.3	False	unmatched_array	False	True	False	0.0
SRR33298420.490717	chr2R	Y' Gain	chr2	True	0.3	False		Y' Gain	chr14L	True	0.66	False	donor_transfer	False	True	False	0.36
SRR33298420.82141	chr2R	Y' Gain	chr2	True	0.3	False		Y' Gain	chr14L	True	0.44	False	donor_transfer	False	True	False	0.14
SRR33298420.282213	chr2R	Y' Gain	chr2	True	0.3	False		Y' Gain	chr14L	True	0.66	False	donor_transfer	False	True	False	0.36
SRR33298420.112465	chr2R	Y' Gain	chr2	True	0.3	False		Y' Gain	chr14L	True	0.44	False	donor_transfer	False	True	False	0.14
SRR33298420.458077	chr2R	Y' Gain	chr2	True	0.3	False		Y' Gain	chr14L	True	0.66	False	donor_transfer	False	True	False	0.36
SRR33298420.34460	chr2R	Y' Gain	chr14	True	0.33	False		Y' Gain	chr14L	True	0.33	False	unmatched_array	False	True	False	0.0
SRR33298420.155322	chr2R	Y' Gain	chr14	True	0.3	False		Y' Gain	chr14L	True	0.44	False	donor_transfer	False	True	False	0.14
SRR33298420.341705	chr2R	Y' Gain	chr14	True	0.3	False		Y' Gain	chr14L	True	0.44	False	donor_transfer	False	True	False	0.14
SRR33298420.154301	chr2R	Y' Gain	chr14	True	0.3	False		Y' Gain	chr14L	True	0.44	False	donor_transfer	False	True	False	0.14
SRR33298420.501930	chr2R	Y' Gain	chr14	True	0.0032	False		Y' Gain	chr14L	True	0.0035	False	subtelomere_switch	False	True	False	0.0
SRR33298420.50575	chr2R	Y' Gain	chr14	True	0.3	False		Y' Gain	chr14L	True	0.44	False	donor_transfer	False	True	False	0.14
SRR33298420.246534	chr2R	Y' Gain	chr14	True	0.3	False		Y' Gain	chr14L	True	0.44	False	donor_transfer	False	True	False	0.14
SRR33298420.237004	chr2R	Y' Gain	chr14	True	0.3	False		Y' Gain	chr14L	True	0.44	False	donor_transfer	False	True	False	0.14
SRR33298420.499620	chr2R	Y' Gain	chr14	True	0.3	False		Y' Gain	chr14L	True	0.44	False	donor_transfer	False	True	False	0.14
SRR33298420.315074	chr2R	Y' Gain	chr14	True	0.3	False		Y' Gain	chr14L	True	0.44	False	donor_transfer	False	True	False	0.14
SRR33298420.547223	chr2R	Y' Gain	chr14	True	0.3	False		Y' Gain	chr14L	True	0.44	False	donor_transfer	False	True	False	0.14
SRR33298420.207950	chr2R	Y' Gain	chr2	True	0.3	False		Y' Gain	chr14L	True	0.44	False	donor_transfer	False	True	False	0.14
SRR33298420.504276	chr2R	Y' Gain	chr14	True	0.3	False		Y' Gain	chr14L	True	0.44	False	donor_transfer	False	True	False	0.14
SRR33298420.504275	chr2R	Y' Gain	chr14	True	0.3	False		Y' Gain	chr14L	True	0.44	False	donor_transfer	False	True	False	0.14
SRR33298420.501062	chr2R	Y' Gain	chr14	True	0.3	False		Y' Gain	chr14L	True	0.44	False	donor_transfer	False	True	False	0.14
SRR33298420.173323	chr2R	Y' Gain	chr7	True	0.33	False		Y' Gain	chr7R	True	0.33	False	single_y_prime_change	False	True	False	0.0
SRR33298420.484180	chr3L	Y' Gain	chr12R	True	0.0007	True		Y' Gain	chr14L	True	0.0007	True	subtelomere_switch	False	True	False	0.0
SRR33298420.333618	chr3L	Y' Gain	chr3	True	0.3	False		Y' Gain	chr12R	True	0.33	False	donor_transfer_candidates:3	False	True	False	0.03
SRR33298420.538878	chr3L	Y' Gain	chr14L	True	-0.0014	True		Y' Gain	chr12R	True	-0.0022	False	subtelomere_switch	False	True	False	-0.001
SRR33298420.389461	chr3L	Y' Gain	chr3	True	0.3	False		Y' Gain	ambiguous	True	0.3	False	donor_transfer_candidates:4	False	True	False	0.0
SRR33298420.237719	chr3L	Y' Gain	chr3	True	0.3	False		Y' Gain	chr12R	True	0.33	False	donor_transfer_candidates:3	False	True	False	0.03
SRR33298420.136938	chr3L	Y' Gain	chr3	True	0.3	False		Y' Gain	ambiguous	True	0.3	False	donor_transfer_candidates:4	False	True	False	0.0
SRR33298420.26247	chr3L	Y' Gain	chr3	True	0.3	False		Y' Gain	ambiguous	True	0.3	False	donor_transfer_candidates:4	False	True	False	0.0
SRR33298420.140399	chr3L	Y' Gain	chr3	True	0.3	False		Y' Gain	chr14L	True	0.44	False	donor_transfer	False	True	False	0.14
SRR33298420.570328	chr3L	Y' Gain	chr3	True	0.3	False		Y' Gain	ambiguous	True	0.3	False	donor_transfer_candidates:4	False	True	False	0.0
SRR33298420.189756	chr3L	Y' Gain	chr3	True	0.3	False		Y' Gain	ambiguous	True	0.3	False	donor_transfer_candidates:4	False	True	False	0.0
SRR33298420.166860	chr3L	Y' Gain	chr3	True	0.3	False		Y' Gain	chr12R	True	0.33	False	donor_transfer_candidates:3	False	True	False	0.03
SRR33298420.522930	chr3L	Y' Gain	chr3	True	0.3	False		Y' Gain	ambiguous	True	0.3	False	donor_transfer_candidates:4	False	True	False	0.0
SRR33298420.247417	chr3L	Y' Gain	chr3	True	0.3	False		Y' Gain	chr12R	True	0.33	False	donor_transfer_candidates:3	False	True	False	0.03
SRR33298420.295180	chr3L	Y' Gain	chr3	True	0.3	False		Y' Gain	chr12R	True	0.33	False	donor_transfer_candidates:3	False	True	False	0.03
SRR33298420.322844	chr3L	Y' Gain	chr3	True	0.3	False		Y' Gain	ambiguous	True	0.3	False	donor_transfer_candidates:4	False	True	False	0.0
SRR33298420.329778	chr3L	Y' Gain	chr3	True	0.3	False		Y' Gain	ambiguous	True	0.3	False	donor_transfer_candidates:4	False	True	False	0.0
SRR33298420.246864	chr3L	Y' Gain	chr3	True	0.3	False		Y' Gain	ambiguous	True	0.3	False	donor_transfer_candidates:4	False	True	False	0.0
SRR33298420.507703	chr3L	Y' Gain	chr3	True	0.3	False		Y' Gain	ambiguous	True	0.3	False	unmatched_array	False	True	False	0.0
SRR33298420.364151	chr3L	Y' Gain	chr3	True	0.3	False		Y' Gain	ambiguous	True	0.3	False	donor_transfer_candidates:4	False	True	False	0.0
SRR33298420.388725	chr3L	Y' Gain	chr3	True	0.3	False		Y' Gain	ambiguous	True	0.3	False	donor_transfer_candidates:4	False	True	False	0.0
SRR33298420.77368	chr3L	Y' Gain	chr3	True	0.3	False		Y' Gain	ambiguous	True	0.3	False	donor_transfer_candidates:4	False	True	False	0.0
SRR33298420.276628	chr3L	Y' Gain	chr3	True	0.3	False		Y' Gain	ambiguous	True	0.3	False	donor_transfer_candidates:4	False	True	False	0.0
SRR33298420.109869	chr3L	Y' Gain	chr3	True	0.3	False		Y' Gain	ambiguous	True	0.3	False	donor_transfer_candidates:4	False	True	False	0.0
SRR33298420.528932	chr3L	Y' Gain	chr14	True	0.33	False		Y' Gain	chr14L	True	0.33	False	donor_transfer_candidates:4	False	True	False	0.0
SRR33298420.88780	chr3L	Y' Gain	chr14	True	0.0058	False		Y' Gain	chr14L	True	0.0058	False	subtelomere_switch	False	True	False	0.0
SRR33298420.303060	chr3L	Y' Gain	chr14	True	0.33	False		Y' Gain	chr14L	True	0.33	False	donor_transfer_candidates:4	False	True	False	0.0
SRR33298420.228899	chr3L	Y' Gain	chr14	True	0.33	False		Y' Gain	chr14L	True	0.33	False	single_y_prime_change	False	True	False	0.0
SRR33298420.338753	chr3L	Y' Gain	chr14	True	0.33	False		Y' Gain	chr14L	True	0.33	False	single_y_prime_change	False	True	False	0.0
SRR33298420.363239	chr3L	Y' Gain	chr14	True	0.33	False		Y' Gain	chr14L	True	0.33	False	single_y_prime_change	False	True	False	0.0
SRR33298420.291977	chr3L	Y' Gain	chr14	True	0.33	False		Y' Gain	chr14L	True	0.33	False	single_y_prime_change	False	True	False	0.0
SRR33298420.428285	chr3L	Y' Gain	chr14	True	0.33	False		Y' Gain	chr14L	True	0.33	False	single_y_prime_change	False	True	False	0.0
SRR33298420.430045	chr3L	Y' Gain	chr14	True	0.0228	False		Y' Gain	chr14R	True	0.0228	False	subtelomere_switch	False	True	False	0.0
SRR33298420.70155	chr3R	Y' Gain	chr12R	True	0.2211	True		Y' Gain	chr5R	True	0.5158	True	subtelomere_switch	False	True	False	0.295
SRR33298420.287724	chr3R	Y' Gain	chr4R	True	0.2196	True		Y' Gain	chr5R	True	0.2196	True	subtelomere_switch	False	True	False	0.0
SRR33298420.569809	chr3R	Y' Gain	chr12R	True	0.2175	True		Y' Gain	chr5R	True	0.5074	True	subtelomere_switch	False	True	False	0.29
SRR33298420.208674	chr3R	Y' Gain	chr12R	True	0.1993	True		Y' Gain	chr5R	True	0.4649	True	subtelomere_switch	False	True	False	0.266
SRR33298420.111683	chr3R	Y' Gain	chr12R	True	0.2211	True		Y' Gain	chr5R	True	0.5158	True	subtelomere_switch	False	True	False	0.295
SRR33298420.127286	chr3R	Y' Gain	chr12R	True	0.223	True		Y' Gain	chr5R	True	0.223	True	subtelomere_switch	False	True	False	0.0
SRR33298420.188453	chr3R	Y' Gain	chr4R	True	0.2204	True		Y' Gain	chr5R	True	0.5141	True	subtelomere_switch	False	True	False	0.294
SRR33298420.307381	chr3R	Y' Gain	chr12R	True	0.2211	True		Y' Gain	chr5R	True	0.5158	True	subtelomere_switch	False	True	False	0.295
SRR33298420.459033	chr3R	Y' Gain	chr12R	True	0.2382	True		Y' Gain	chr13L	True	0.2382	True	subtelomere_switch	False	True	False	0.0
SRR33298420.276847	chr3R	Y' Gain	chr12R	True	0.237	True		Y' Gain	chr13L	True	0.237	True	subtelomere_switch	False	True	False	0.0
SRR33298420.190796	chr3R	Y' Gain	chr4R	True	0.0003	True		Y' Gain	chr14L	True	0.0003	True	subtelomere_switch	False	True	False	0.0
SRR33298420.414861	chr3R	Y' Gain	chr14L	True	0.2374	True		Y' Gain	chr13L	True	0.5538	True	subtelomere_switch	False	True	False	0.316
SRR33298420.229503	chr3R	Y' Gain	chr12R	True	0.2344	True		Y' Gain	chr13L	True	0.2344	True	subtelomere_switch	False	True	False	0.0
SRR33298420.468861	chr3R	Y' Gain	chr4R	True	0.2197	True		Y' Gain	chr5R	True	0.5125	True	subtelomere_switch	False	True	False	0.293
SRR33298420.246593	chr3R	Y' Gain	chr12R	True	0.223	True		Y' Gain	chr5R	True	0.5204	True	subtelomere_switch	False	True	False	0.297
SRR33298420.209117	chr3R	Y' Gain	chr16L	True	0.2211	True		Y' Gain	chr5R	True	0.5158	True	subtelomere_switch	False	True	False	0.295
SRR33298420.18196	chr3R	Y' Gain	chr12R	True	0.2152	True		Y' Gain	chr5R	True	0.502	True	subtelomere_switch	False	True	False	0.287
SRR33298420.491149	chr3R	Y' Gain	chr4R	True	0.2223	True		Y' Gain	chr5R	True	0.5188	True	subtelomere_switch	False	True	False	0.297
SRR33298420.259536	chr3R	Y' Gain	chr3	True	0.3	False		Y' Gain	chr12R	True	0.33	False	donor_transfer_candidates:2	False	True	False	0.03
SRR33298420.460798	chr3R	Y' Gain	chr12R	True	0.2189	True		Y' Gain	chr5R	True	0.5107	True	subtelomere_switch	False	True	False	0.292
SRR33298420.328782	chr3R	Y' Gain	chr3	True	0.3	False		Y' Gain	ambiguous	True	0.3	False	unmatched_array	False	True	False	0.0
SRR33298420.527456	chr3R	Y' Gain	chr12R	True	0.2189	True		Y' Gain	chr5R	True	0.5107	True	subtelomere_switch	False	True	False	0.292
SRR33298420.191251	chr3R	Y' Gain	chr3	True	0.3	False		Y' Gain	ambiguous	True	0.3	False	donor_transfer_candidates:4	False	True	False	0.0
SRR33298420.247172	chr3R	Y' Gain	chr3	True	0.3	False		Y' Gain	chr12R	True	0.33	False	donor_transfer_candidates:2	False	True	False	0.03
SRR33298420.233805	chr3R	Y' Gain	chr3	True	0.3	False		Y' Gain	ambiguous	True	0.3	False	donor_transfer_candidates:4	False	True	False	0.0
SRR33298420.225385	chr3R	Y' Gain	chr3	True	0.3	False		Y' Gain	ambiguous	True	0.3	False	unmatched_array	False	True	False	0.0
SRR33298420.282918	chr3R	Y' Gain	chr12R	True	0.2211	True		Y' Gain	chr5R	True	0.5158	True	subtelomere_switch	False	True	False	0.295
SRR33298420.568928	chr3R	Y' Gain	chr3	True	0.3	False		Y' Gain	chr12R	True	0.33	False	donor_transfer_candidates:2	False	True	False	0.03
SRR33298420.350272	chr3R	Y' Gain	chr3	True	0.3	False		Y' Gain	ambiguous	True	0.3	False	donor_transfer_candidates:4	False	True	False	0.0
SRR33298420.61983	chr3R	Y' Gain	chr3	True	0.3	False		Y' Gain	ambiguous	True	0.3	False	donor_transfer_candidates:4	False	True	False	0.0
SRR33298420.188019	chr3R	Y' Gain	chr3	True	0.3	False		Y' Gain	ambiguous	True	0.3	False	donor_transfer_candidates:4	False	True	False	0.0
SRR33298420.320642	chr3R	Y' Gain	chr3	True	0.3	False		Y' Gain	ambiguous	True	0.3	False	donor_transfer_candidates:4	False	True	False	0.0
SRR33298420.141460	chr3R	Y' Gain	chr3	True	0.3	False		Y' Gain	chr14L	True	0.44	False	donor_transfer	False	True	False	0.14
SRR33298420.377313	chr3R	Y' Gain	chr3	True	0.3	False		Y' Gain	ambiguous	True	0.3	False	donor_transfer_candidates:4	False	True	False	0.0
SRR33298420.505351	chr3R	Y' Gain	chr3	True	0.3	False		Y' Gain	ambiguous	True	0.3	False	donor_transfer_candidates:4	False	True	False	0.0
SRR33298420.185905	chr3R	Y' Gain	chr14	True	0.33	False		Y' Gain	chr14R	True	0.33	False	unmatched_array	False	True	False	0.0
SRR33298420.171228	chr3R	Y' Gain	chr14	True	0.33	False		Y' Gain	chr14R	True	0.33	False	single_y_prime_change	False	True	False	0.0
SRR33298420.466088	chr3R	Y' Gain	chr14	True	0.33	False		Y' Gain	chr14R	True	0.33	False	single_y_prime_change	False	True	False	0.0
SRR33298420.361992	chr3R	Y' Gain	chr6	True	0.33	False		Y' Gain	chr6L	True	0.33	False	single_y_prime_change	False	True	False	0.0
SRR33298420.361800	chr3R	Y' Gain	chr6	True	0.33	False		Y' Gain	chr6L	True	0.33	False	single_y_prime_change	False	True	False	0.0
SRR33298420.183589	chr4L	Y' Gain	chr12R	True	0.2382	True		Y' Gain	chr13L	True	0.2382	True	subtelomere_switch	False	True	False	0.0
SRR33298420.282303	chr4L	Y' Gain	chr12R	True	0.2382	True		Y' Gain	chr13L	True	0.5559	True	subtelomere_switch	False	True	False	0.318
SRR33298420.502770	chr4R	Y' Gain	chr12	True	0.3	False		Y' Gain	chr14L	True	0.66	False	donor_transfer	False	True	False	0.36
SRR33298420.250134	chr4R	Y' Gain	chr12	True	0.3	False		Y' Gain	chr4R	True	0.33	False	tandem_amplification_same_end	False	True	False	0.03
SRR33298420.436112	chr4R	Y' Gain	chr4	True	0.33	False		Y' Gain	chr4R	True	0.33	False	tandem_amplification_same_end	False	True	False	0.0
SRR33298420.234376	chr4R	Y' Gain	chr12	True	0.3	False		Y' Gain	chr4R	True	0.33	False	tandem_amplification_same_end	False	True	False	0.03
SRR33298420.311281	chr4R	Y' Gain	chr12	True	0.3	False		Y' Gain	chr4R	True	0.33	False	tandem_amplification_same_end	False	True	False	0.03
SRR33298420.559035	chr4R	Y' Gain	chr12	True	0.3	False		Y' Gain	chr4R	True	0.33	False	tandem_amplification_same_end	False	True	False	0.03
SRR33298420.167101	chr4R	Y' Gain	ambiguous	True	0.3	False		Y' Gain	chr4R	True	0.33	False	tandem_amplification_same_end	False	True	False	0.03
SRR33298420.16183	chr4R	Y' Gain	chr12	True	0.3	False		Y' Gain	chr4R	True	0.33	False	tandem_amplification_same_end	False	True	False	0.03
SRR33298420.172452	chr4R	Y' Gain	chr12	True	0.3	False		Y' Gain	chr4R	True	0.33	False	tandem_amplification_same_end	False	True	False	0.03
SRR33298420.519373	chr4R	Y' Gain	chr12	True	0.3	False		Y' Gain	chr4R	True	0.33	False	tandem_amplification_same_end	False	True	False	0.03
SRR33298420.274235	chr4R	Y' Gain	chr12	True	0.3	False		Y' Gain	chr4R	True	0.33	False	tandem_amplification_same_end	False	True	False	0.03
SRR33298420.290944	chr4R	Y' Gain	chr12	True	0.3	False		Y' Gain	chr4R	True	0.33	False	tandem_amplification_same_end	False	True	False	0.03
SRR33298420.445370	chr4R	Y' Gain	chr12	True	0.3	False		Y' Gain	chr4R	True	0.33	False	tandem_amplification_same_end	False	True	False	0.03
SRR33298420.244237	chr4R	Y' Gain	chr12	True	0.3	False		Y' Gain	chr4R	True	0.33	False	tandem_amplification_same_end	False	True	False	0.03
SRR33298420.263196	chr4R	Y' Gain	chr12	True	0.3	False		Y' Gain	chr4R	True	0.33	False	tandem_amplification_same_end	False	True	False	0.03
SRR33298420.432924	chr4R	Y' Gain	chr12	True	0.3	False		Y' Gain	chr4R	True	0.33	False	tandem_amplification_same_end	False	True	False	0.03
SRR33298420.259924	chr4R	Y' Gain	chr12	True	0.3	False		Y' Gain	chr4R	True	0.33	False	tandem_amplification_same_end	False	True	False	0.03
SRR33298420.190546	chr4R	Y' Gain	chr12	True	0.3	False		Y' Gain	chr4R	True	0.33	False	tandem_amplification_same_end	False	True	False	0.03
SRR33298420.229448	chr4R	Y' Gain	chr16	True	0.33	False		Y' Gain	chr16L	True	0.33	False	single_y_prime_change	False	True	False	0.0
SRR33298420.246022	chr4R	Y' Gain	chr16	True	0.33	False		Y' Gain	chr16L	True	0.33	False	single_y_prime_change	False	True	False	0.0
SRR33298420.501634	chr4R	Y' Loss	chr14	True	0.33	False		Y' Loss	chr14L	True	0.33	False	array_contraction	False	True	False	0.0
SRR33298420.260449	chr5L	Y' Gain	chr14	True	0.3	False		Y' Gain	chr14L	True	0.66	False	donor_transfer	False	True	False	0.36
SRR33298420.280475	chr5L	Y' Gain	chr5	True	0.33	False		Y' Gain	chr12R	True	0.33	False	donor_transfer_candidates:2	False	True	False	0.0
SRR33298420.60181	chr5L	Y' Gain	chr5	True	0.33	False		Y' Gain	chr12R	True	0.33	False	donor_transfer_candidates:3	False	True	False	0.0
SRR33298420.393480	chr5L	Y' Gain	chr5	True	0.33	False		Y' Gain	chr14L	True	0.66	False	donor_transfer	False	True	False	0.33
SRR33298420.241391	chr5L	Y' Gain	chr5	True	0.33	False		Y' Gain	chr14L	True	0.66	False	donor_transfer	False	True	False	0.33
SRR33298420.421906	chr5L	Y' Gain	chr5	True	0.33	False		Y' Gain	chr14L	True	0.66	False	donor_transfer	False	True	False	0.33
SRR33298420.229551	chr5L	Y' Gain	chr5	True	0.33	False		Y' Gain	chr12R	True	0.33	False	donor_transfer_candidates:2	False	True	False	0.0
SRR33298420.36113	chr5L	Y' Gain	chr5	True	0.33	False		Y' Gain	ambiguous	True	0.3	False	unmatched_array	False	True	False	-0.03
SRR33298420.112408	chr5L	Y' Gain	chr5	True	0.33	False		Y' Gain	ambiguous	True	0.3	False	unmatched_array	False	True	False	-0.03
SRR33298420.281901	chr5L	Y' Gain	chr5	True	0.33	False		Y' Gain	chr14L	True	0.66	False	donor_transfer	False	True	False	0.33
SRR33298420.491630	chr5L	Y' Gain	chr5	True	0.33	False		Y' Gain	chr12R	True	0.33	False	donor_transfer_candidates:2	False	True	False	0.0
SRR33298420.284391	chr5L	Y' Gain	chr5	True	0.33	False		Y' Gain	chr12R	True	0.33	False	donor_transfer_candidates:2	False	True	False	0.0
SRR33298420.353958	chr5L	Y' Gain	chr5	True	0.33	False		Y' Gain	chr14L	True	0.66	False	donor_transfer	False	True	False	0.33
SRR33298420.315175	chr5L	Y' Gain	chr5	True	0.33	False		Y' Gain	chr14L	True	0.66	False	donor_transfer	False	True	False	0.33
SRR33298420.246451	chr5L	Y' Gain	chr5	True	0.33	False		Y' Gain	chr14L	True	0.66	False	donor_transfer	False	True	False	0.33
SRR33298420.155265	chr5L	Y' Gain	chr5	True	0.33	False		Y' Gain	chr14L	True	0.66	False	donor_transfer	False	True	False	0.33
SRR33298420.282682	chr5L	Y' Gain	chr5	True	0.33	False		Y' Gain	chr14L	True	0.66	False	donor_transfer	False	True	False	0.33
SRR33298420.287838	chr5L	Y' Gain	chr5	True	0.33	False		Y' Gain	ambiguous	True	0.3	False	unmatched_array	False	True	False	-0.03
SRR33298420.132562	chr5L	Y' Gain	chr5	True	0.33	False		Y' Gain	chr14L	True	0.44	False	donor_transfer	False	True	False	0.11
SRR33298420.336116	chr5L	Y' Gain	chr5	True	0.33	False		Y' Gain	chr14L	True	0.44	False	donor_transfer	False	True	False	0.11
SRR33298420.193514	chr5L	1st Y' Change	chr5	True	0.3	False		1st Y' Change	chr12R	True	0.44	False	donor_transfer	False	True	False	0.14
SRR33298420.434893	chr5L	Y' Gain	chr5	True	0.33	False		Y' Gain	chr14L	True	0.44	False	donor_transfer	False	True	False	0.11
SRR33298420.248532	chr5L	Y' Gain	chr5	True	0.33	False		Y' Gain	chr14L	True	0.66	False	donor_transfer	False	True	False	0.33
SRR33298420.254161	chr5L	Y' Gain	chr5	True	0.33	False		Y' Gain	chr12R	True	0.33	False	donor_transfer_candidates:2	False	True	False	0.0
SRR33298420.278296	chr5L	Y' Gain	chr5	True	0.33	False		Y' Gain	ambiguous	True	0.3	False	unmatched_array	False	True	False	-0.03
SRR33298420.539946	chr5L	Y' Gain	chr5	True	0.33	False		Y' Gain	ambiguous	True	0.3	False	unmatched_array	False	True	False	-0.03
SRR33298420.348248	chr5L	Y' Gain	chr5	True	0.33	False		Y' Gain	chr12R	True	0.33	False	donor_transfer_candidates:2	False	True	False	0.0
SRR33298420.63682	chr5L	Y' Gain	chr5	True	0.33	False		Y' Gain	chr12R	True	0.33	False	donor_transfer_candidates:2	False	True	False	0.0
SRR33298420.567623	chr5L	Y' Gain	chr5	True	0.33	False		Y' Gain	chr14L	True	0.66	False	donor_transfer	False	True	False	0.33
SRR33298420.280442	chr5L	Y' Gain	chr5	True	0.33	False		Y' Gain	ambiguous	True	0.3	False	donor_transfer_candidates:4	False	True	False	-0.03
SRR33298420.522191	chr5L	Y' Gain	chr5	True	0.33	False		Y' Gain	ambiguous	True	0.3	False	donor_transfer_candidates:4	False	True	False	-0.03
SRR33298420.71339	chr5L	Y' Gain	chr5	True	0.33	False		Y' Gain	chr12R	True	0.33	False	donor_transfer_candidates:3	False	True	False	0.0
SRR33298420.203809	chr5L	Y' Gain	chr5	True	0.33	False		Y' Gain	ambiguous	True	0.3	False	unmatched_array	False	True	False	-0.03
SRR33298420.537759	chr5L	Y' Gain	chr5	True	0.33	False		Y' Gain	chr12R	True	0.33	False	donor_transfer_candidates:2	False	True	False	0.0
SRR33298420.527254	chr5L	Y' Gain	chr5	True	0.33	False		Y' Gain	chr12R	True	0.33	False	donor_transfer_candidates:3	False	True	False	0.0
SRR33298420.284370	chr5L	Y' Gain	chr5	True	0.33	False		Y' Gain	chr12R	True	0.33	False	donor_transfer_candidates:3	False	True	False	0.0
SRR33298420.60930	chr5L	Y' Gain	chr5	True	0.33	False		Y' Gain	chr12R	True	0.33	False	donor_transfer_candidates:3	False	True	False	0.0
SRR33298420.64368	chr5L	Y' Gain	chr5	True	0.33	False		Y' Gain	ambiguous	True	0.3	False	unmatched_array	False	True	False	-0.03
SRR33298420.475002	chr5L	Y' Gain	chr5	True	0.33	False		Y' Gain	ambiguous	True	0.3	False	unmatched_array	False	True	False	-0.03
SRR33298420.60105	chr5L	Y' Gain	chr5	True	0.33	False		Y' Gain	chr12R	True	0.33	False	donor_transfer_candidates:3	False	True	False	0.0
SRR33298420.275909	chr5L	Y' Gain	chr5	True	0.33	False		Y' Gain	ambiguous	True	0.3	False	unmatched_array	False	True	False	-0.03
SRR33298420.193337	chr5L	Y' Gain	chr5	True	0.33	False		Y' Gain	ambiguous	True	0.3	False	unmatched_array	False	True	False	-0.03
SRR33298420.61145	chr5L	Y' Gain	chr5	True	0.33	False		Y' Gain	ambiguous	True	0.3	False	donor_transfer_candidates:4	False	True	False	-0.03
SRR33298420.296032	chr5L	Y' Gain	chr5	True	0.33	False		Y' Gain	ambiguous	True	0.3	False	unmatched_array	False	True	False	-0.03
SRR33298420.245951	chr5L	Y' Gain	chr5	True	0.33	False		Y' Gain	ambiguous	True	0.3	False	unmatched_array	False	True	False	-0.03
SRR33298420.233220	chr5L	Y' Gain	chr5	True	0.33	False		Y' Gain	ambiguous	True	0.3	False	unmatched_array	False	True	False	-0.03
SRR33298420.203650	chr5L	Y' Gain	chr5	True	0.33	False		Y' Gain	ambiguous	True	0.3	False	unmatched_array	False	True	False	-0.03
SRR33298420.500714	chr5L	Y' Gain	chr5	True	0.33	False		Y' Gain	ambiguous	True	0.3	False	donor_transfer_candidates:4	False	True	False	-0.03
SRR33298420.280194	chr5L	Y' Gain	chr5	True	0.33	False		Y' Gain	ambiguous	True	0.3	False	donor_transfer_candidates:4	False	True	False	-0.03
SRR33298420.282916	chr5L	Y' Gain	chr5	True	0.33	False		Y' Gain	chr14L	True	0.66	False	donor_transfer	False	True	False	0.33
SRR33298420.369320	chr5L	Y' Gain	chr5	True	0.33	False		Y' Gain	chr14L	True	0.66	False	donor_transfer	False	True	False	0.33
SRR33298420.314220	chr5L	Y' Gain	chr5	True	0.33	False		Y' Gain	ambiguous	True	0.3	False	unmatched_array	False	True	False	-0.03
SRR33298420.177723	chr5L	1st Y' Change	chr5	True	0.33	False		1st Y' Change	ambiguous	True	0.3	False	unmatched_array	False	True	False	-0.03
SRR33298420.185588	chr5L	Y' Gain	chr5	True	0.33	False		Y' Gain	ambiguous	True	0.3	False	unmatched_array	False	True	False	-0.03
SRR33298420.135439	chr5L	1st Y' Change	chr5	True	0.3	False		1st Y' Change	ambiguous	True	0.3	False	unmatched_array	False	True	False	0.0
SRR33298420.486459	chr5L	Y' Gain	chr5	True	0.33	False		Y' Gain	ambiguous	True	0.3	False	donor_transfer_candidates:4	False	True	False	-0.03
SRR33298420.64248	chr5L	1st Y' Change	chr5	True	0.3	False		1st Y' Change	ambiguous	True	0.3	False	donor_transfer_candidates:4	False	True	False	0.0
SRR33298420.20692	chr5L	Y' Gain	chr5	True	0.33	False		Y' Gain	ambiguous	True	0.3	False	donor_transfer_candidates:4	False	True	False	-0.03
SRR33298420.233659	chr5L	Y' Gain	chr5	True	0.33	False		Y' Gain	ambiguous	True	0.3	False	donor_transfer_candidates:4	False	True	False	-0.03
SRR33298420.11967	chr5L	Y' Gain	chr5	True	0.33	False		Y' Gain	ambiguous	True	0.3	False	donor_transfer_candidates:4	False	True	False	-0.03
SRR33298420.251178	chr5L	Y' Gain	chr5	True	0.33	False		Y' Gain	ambiguous	True	0.3	False	donor_transfer_candidates:4	False	True	False	-0.03
SRR33298420.224188	chr5L	Y' Gain	chr5	True	0.33	False		Y' Gain	ambiguous	True	0.3	False	donor_transfer_candidates:4	False	True	False	-0.03
SRR33298420.187930	chr5L	Y' Gain	chr5	True	0.33	False		Y' Gain	ambiguous	True	0.3	False	unmatched_array	False	True	False	-0.03
SRR33298420.354800	chr5L	Y' Gain	chr5	True	0.33	False		Y' Gain	ambiguous	True	0.3	False	donor_transfer_candidates:4	False	True	False	-0.03
SRR33298420.124207	chr5L	Y' Gain	chr5	True	0.33	False		Y' Gain	ambiguous	True	0.3	False	donor_transfer_candidates:4	False	True	False	-0.03
SRR33298420.232051	chr5L	Y' Gain	chr5	True	0.33	False		Y' Gain	ambiguous	True	0.3	False	donor_transfer_candidates:4	False	True	False	-0.03
SRR33298420.523019	chr5L	Y' Gain	chr5	True	0.33	False		Y' Gain	ambiguous	True	0.3	False	donor_transfer_candidates:4	False	True	False	-0.03
SRR33298420.346713	chr5L	1st Y' Change	chr5	True	0.3	False		1st Y' Change	chr12R	True	0.66	False	donor_transfer	False	True	False	0.36
SRR33298420.183542	chr5L	1st Y' Change	chr5	True	0.3	False		1st Y' Change	chr12R	True	0.66	False	donor_transfer	False	True	False	0.36
SRR33298420.447164	chr5L	Y' Gain	chr5	True	0.33	False		Y' Gain	ambiguous	True	0.3	False	unmatched_array	False	True	False	-0.03
SRR33298420.565034	chr5L	Y' Gain	chr5	True	0.33	False		Y' Gain	ambiguous	True	0.3	False	unmatched_array	False	True	False	-0.03
SRR33298420.442860	chr5L	Y' Gain	chr5	True	0.33	False		Y' Gain	ambiguous	True	0.3	False	unmatched_array	False	True	False	-0.03
SRR33298420.313318	chr5L	Y' Gain	chr5	True	0.33	False		Y' Gain	ambiguous	True	0.3	False	unmatched_array	False	True	False	-0.03
SRR33298420.8639	chr5L	Y' Gain	chr5	True	0.33	False		Y' Gain	ambiguous	True	0.3	False	unmatched_array	False	True	False	-0.03
SRR33298420.15370	chr5L	Y' Gain	chr5	True	0.33	False		Y' Gain	ambiguous	True	0.3	False	unmatched_array	False	True	False	-0.03
SRR33298420.91063	chr5L	Y' Gain	chr5	True	0.33	False		Y' Gain	ambiguous	True	0.3	False	unmatched_array	False	True	False	-0.03
SRR33298420.155654	chr5L	Y' Gain	chr5	True	0.33	False		Y' Gain	ambiguous	True	0.3	False	unmatched_array	False	True	False	-0.03
SRR33298420.38151	chr5L	Y' Gain	chr5	True	0.33	False		Y' Gain	ambiguous	True	0.3	False	unmatched_array	False	True	False	-0.03
SRR33298420.481616	chr5L	1st Y' Change	chr5	True	0.3	False		1st Y' Change	chr12R	True	0.44	False	donor_transfer	False	True	False	0.14
SRR33298420.77408	chr5L	1st Y' Change	chr5	True	0.3	False		1st Y' Change	chr12R	True	0.44	False	donor_transfer	False	True	False	0.14
SRR33298420.438660	chr5L	Y' Gain	chr5	True	0.33	False		Y' Gain	ambiguous	True	0.3	False	unmatched_array	False	True	False	-0.03
SRR33298420.291407	chr5L	Y' Gain	chr5	True	0.33	False		Y' Gain	ambiguous	True	0.3	False	unmatched_array	False	True	False	-0.03
SRR33298420.231386	chr5L	Y' Gain	chr5	True	0.33	False		Y' Gain	chr14L	True	0.44	False	donor_transfer	False	True	False	0.11
SRR33298420.540105	chr5L	Y' Gain	chr5	True	0.33	False		Y' Gain	ambiguous	True	0.3	False	unmatched_array	False	True	False	-0.03
SRR33298420.437359	chr5L	Y' Gain	chr5	True	0.33	False		Y' Gain	ambiguous	True	0.3	False	unmatched_array	False	True	False	-0.03
SRR33298420.149991	chr5L	Y' Gain	chr5	True	0.33	False		Y' Gain	ambiguous	True	0.3	False	unmatched_array	False	True	False	-0.03
SRR33298420.507411	chr5L	1st Y' Change	chr5	True	0.3	False		1st Y' Change	chr12R	True	0.44	False	donor_transfer	False	True	False	0.14
SRR33298420.537079	chr5L	Y' Gain	chr5	True	0.33	False		Y' Gain	ambiguous	True	0.3	False	single_y_prime_change	False	True	False	-0.03
SRR33298420.357534	chr5L	Y' Gain	chr5	True	0.33	False		Y' Gain	ambiguous	True	0.3	False	single_y_prime_change	False	True	False	-0.03
SRR33298420.5310	chr5L	1st Y' Change	chr5	True	0.3	False		1st Y' Change	ambiguous	True	0.3	False	unmatched_array	False	True	False	0.0
SRR33298420.228584	chr5L	Y' Gain	chr5	True	0.33	False		Y' Gain	ambiguous	True	0.3	False	single_y_prime_change	False	True	False	-0.03
SRR33298420.274771	chr5L	Y' Gain	chr5	True	0.33	False		Y' Gain	ambiguous	True	0.3	False	single_y_prime_change	False	True	False	-0.03
SRR33298420.34102	chr5L	1st Y' Change	chr5	True	0.3	False		1st Y' Change	ambiguous	True	0.3	False	unmatched_array	False	True	False	0.0
SRR33298420.500408	chr5L	Y' Gain	chr5	True	0.33	False		Y' Gain	ambiguous	True	0.3	False	single_y_prime_change	False	True	False	-0.03
SRR33298420.556002	chr5L	Y' Gain	chr5	True	0.33	False		Y' Gain	ambiguous	True	0.3	False	single_y_prime_change	False	True	False	-0.03
SRR33298420.116867	chr5L	Y' Gain	chr5	True	0.33	False		Y' Gain	ambiguous	True	0.3	False	single_y_prime_change	False	True	False	-0.03
SRR33298420.377271	chr5L	Y' Gain	chr5	True	0.33	False		Y' Gain	ambiguous	True	0.3	False	single_y_prime_change	False	True	False	-0.03
SRR33298420.138854	chr5L	Y' Gain	chr5	True	0.33	False		Y' Gain	ambiguous	True	0.3	False	single_y_prime_change	False	True	False	-0.03
SRR33298420.534191	chr5L	Y' Gain	chr5	True	0.33	False		Y' Gain	ambiguous	True	0.3	False	single_y_prime_change	False	True	False	-0.03
SRR33298420.526587	chr5L	Y' Gain	chr5	True	0.33	False		Y' Gain	ambiguous	True	0.3	False	single_y_prime_change	False	True	False	-0.03
SRR33298420.77722	chr5L	Y' Gain	chr5	True	0.33	False		Y' Gain	ambiguous	True	0.3	False	single_y_prime_change	False	True	False	-0.03
SRR33298420.540408	chr5L	Y' Gain	chr5	True	0.33	False		Y' Gain	ambiguous	True	0.3	False	single_y_prime_change	False	True	False	-0.03
SRR33298420.23649	chr5L	Y' Gain	chr5	True	0.33	False		Y' Gain	ambiguous	True	0.3	False	single_y_prime_change	False	True	False	-0.03
SRR33298420.332377	chr5L	Y' Gain	chr5	True	0.33	False		Y' Gain	ambiguous	True	0.3	False	single_y_prime_change	False	True	False	-0.03
SRR33298420.207217	chr5L	Y' Gain	chr5	True	0.33	False		Y' Gain	ambiguous	True	0.3	False	single_y_prime_change	False	True	False	-0.03
SRR33298420.421452	chr5L	Y' Gain	chr5	True	0.33	False		Y' Gain	ambiguous	True	0.3	False	single_y_prime_change	False	True	False	-0.03
SRR33298420.542678	chr5L	Y' Gain	chr5	True	0.33	False		Y' Gain	ambiguous	True	0.3	False	single_y_prime_change	False	True	False	-0.03
SRR33298420.115869	chr5L	Y' Gain	chr5	True	0.33	False		Y' Gain	ambiguous	True	0.3	False	single_y_prime_change	False	True	False	-0.03
SRR33298420.483477	chr5L	Y' Gain	chr5	True	0.33	False		Y' Gain	ambiguous	True	0.3	False	single_y_prime_change	False	True	False	-0.03
SRR33298420.548216	chr5L	Y' Gain	chr5	True	0.33	False		Y' Gain	ambiguous	True	0.3	False	single_y_prime_change	False	True	False	-0.03
SRR33298420.364055	chr5L	Y' Gain	chr5	True	0.33	False		Y' Gain	ambiguous	True	0.3	False	single_y_prime_change	False	True	False	-0.03
SRR33298420.293032	chr5L	Y' Gain	chr5	True	0.33	False		Y' Gain	ambiguous	True	0.3	False	single_y_prime_change	False	True	False	-0.03
SRR33298420.176180	chr5L	Y' Gain	chr5	True	0.33	False		Y' Gain	ambiguous	True	0.3	False	single_y_prime_change	False	True	False	-0.03
SRR33298420.218622	chr5L	Y' Gain	chr5	True	0.33	False		Y' Gain	ambiguous	True	0.3	False	single_y_prime_change	False	True	False	-0.03
SRR33298420.306905	chr5L	Y' Gain	chr5	True	0.33	False		Y' Gain	ambiguous	True	0.3	False	single_y_prime_change	False	True	False	-0.03
SRR33298420.475005	chr5L	Y' Gain	chr5	True	0.33	False		Y' Gain	ambiguous	True	0.3	False	single_y_prime_change	False	True	False	-0.03
SRR33298420.26972	chr5L	Y' Gain	chr5	True	0.33	False		Y' Gain	ambiguous	True	0.3	False	single_y_prime_change	False	True	False	-0.03
SRR33298420.77236	chr5L	1st Y' Change	chr5	True	0.33	False		1st Y' Change	ambiguous	True	0.3	False	donor_transfer_candidates:4	False	True	False	-0.03
SRR33298420.54602	chr5L	Y' Gain	chr5	True	0.33	False		Y' Gain	ambiguous	True	0.3	False	single_y_prime_change	False	True	False	-0.03
SRR33298420.273988	chr5L	Y' Gain	chr5	True	0.33	False		Y' Gain	ambiguous	True	0.3	False	single_y_prime_change	False	True	False	-0.03
SRR33298420.4280	chr5L	1st Y' Change	chr5	True	0.3	False		1st Y' Change	chr12R	True	0.44	False	donor_transfer	False	True	False	0.14
SRR33298420.276160	chr5L	1st Y' Change	chr12	True	0.33	False		1st Y' Change	chr12R	True	0.33	False	unmatched_array	False	True	False	0.0
SRR33298420.461872	chr5R	Y' Gain	chr5	True	0.33	False		Y' Gain	chr14L	True	0.66	False	donor_transfer	False	True	False	0.33
SRR33298420.190160	chr5R	Y' Gain	chr5	True	0.33	False		Y' Gain	chr14L	True	0.66	False	donor_transfer	False	True	False	0.33
SRR33298420.466763	chr5R	Y' Gain	chr5	True	0.33	False		Y' Gain	chr14L	True	0.66	False	donor_transfer	False	True	False	0.33
SRR33298420.288367	chr5R	1st Y' Change	chr5	True	0.3	False		1st Y' Change	ambiguous	True	0.3	False	unmatched_array	False	True	False	0.0
SRR33298420.567852	chr5R	Y' Gain	chr5	True	0.33	False		Y' Gain	ambiguous	True	0.3	False	unmatched_array	False	True	False	-0.03
SRR33298420.500357	chr5R	Y' Gain	chr5	True	0.33	False		Y' Gain	ambiguous	True	0.3	False	donor_transfer_candidates:4	False	True	False	-0.03
SRR33298420.275014	chr5R	Y' Gain	chr5	True	0.33	False		Y' Gain	ambiguous	True	0.3	False	donor_transfer_candidates:4	False	True	False	-0.03
SRR33298420.36221	chr5R	Y' Gain	chr5	True	0.33	False		Y' Gain	ambiguous	True	0.3	False	donor_transfer_candidates:4	False	True	False	-0.03
SRR33298420.361540	chr5R	Y' Gain	chr5	True	0.33	False		Y' Gain	ambiguous	True	0.3	False	unmatched_array	False	True	False	-0.03
SRR33298420.274907	chr5R	Y' Gain	chr5	True	0.33	False		Y' Gain	chr14L	True	0.44	False	donor_transfer	False	True	False	0.11
SRR33298420.137490	chr5R	Y' Gain	chr5	True	0.33	False		Y' Gain	ambiguous	True	0.3	False	unmatched_array	False	True	False	-0.03
SRR33298420.235253	chr5R	Y' Gain	chr5	True	0.33	False		Y' Gain	chr12R	True	0.33	False	donor_transfer_candidates:3	False	True	False	0.0
SRR33298420.500889	chr5R	Y' Gain	chr5	True	0.33	False		Y' Gain	ambiguous	True	0.3	False	unmatched_array	False	True	False	-0.03
SRR33298420.248488	chr5R	Y' Gain	chr5	True	0.33	False		Y' Gain	ambiguous	True	0.3	False	unmatched_array	False	True	False	-0.03
SRR33298420.505106	chr5R	Y' Gain	chr5	True	0.33	False		Y' Gain	ambiguous	True	0.3	False	donor_transfer_candidates:4	False	True	False	-0.03
SRR33298420.185241	chr5R	Y' Gain	chr5	True	0.33	False		Y' Gain	chr12R	True	0.33	False	donor_transfer_candidates:2	False	True	False	0.0
SRR33298420.350722	chr5R	Y' Gain	chr5	True	0.33	False		Y' Gain	ambiguous	True	0.3	False	donor_transfer_candidates:4	False	True	False	-0.03
SRR33298420.29204	chr5R	Y' Gain	chr5	True	0.33	False		Y' Gain	ambiguous	True	0.3	False	unmatched_array	False	True	False	-0.03
SRR33298420.316918	chr5R	Y' Gain	chr5	True	0.33	False		Y' Gain	ambiguous	True	0.3	False	unmatched_array	False	True	False	-0.03
SRR33298420.503200	chr5R	Y' Gain	chr5	True	0.33	False		Y' Gain	ambiguous	True	0.3	False	unmatched_array	False	True	False	-0.03
SRR33298420.205131	chr5R	Y' Gain	chr5	True	0.33	False		Y' Gain	ambiguous	True	0.3	False	unmatched_array	False	True	False	-0.03
SRR33298420.538468	chr5R	Y' Gain	chr5	True	0.33	False		Y' Gain	chr14L	True	0.66	False	donor_transfer	False	True	False	0.33
SRR33298420.342105	chr5R	Y' Gain	chr5	True	0.33	False		Y' Gain	ambiguous	True	0.3	False	donor_transfer_candidates:4	False	True	False	-0.03
SRR33298420.155065	chr5R	Y' Gain	chr5	True	0.33	False		Y' Gain	chr12R	True	0.33	False	donor_transfer_candidates:2	False	True	False	0.0
SRR33298420.183463	chr5R	Y' Gain	chr5	True	0.33	False		Y' Gain	ambiguous	True	0.3	False	donor_transfer_candidates:4	False	True	False	-0.03
SRR33298420.527583	chr5R	Y' Gain	chr5	True	0.33	False		Y' Gain	ambiguous	True	0.3	False	unmatched_array	False	True	False	-0.03
SRR33298420.453915	chr5R	Y' Gain	chr5	True	0.33	False		Y' Gain	chr14L	True	0.66	False	donor_transfer	False	True	False	0.33
SRR33298420.105594	chr5R	Y' Gain	chr5	True	0.33	False		Y' Gain	chr14L	True	0.66	False	donor_transfer	False	True	False	0.33
SRR33298420.537476	chr5R	Y' Gain	chr5	True	0.33	False		Y' Gain	chr12R	True	0.33	False	donor_transfer_candidates:3	False	True	False	0.0
SRR33298420.32119	chr5R	Y' Gain	chr5	True	0.33	False		Y' Gain	chr12R	True	0.33	False	donor_transfer_candidates:3	False	True	False	0.0
SRR33298420.228659	chr5R	Y' Gain	chr5	True	0.33	False		Y' Gain	chr12R	True	0.33	False	donor_transfer_candidates:3	False	True	False	0.0
SRR33298420.389420	chr5R	Y' Gain	chr5	True	0.33	False		Y' Gain	chr12R	True	0.33	False	donor_transfer_candidates:3	False	True	False	0.0
SRR33298420.319443	chr5R	Y' Gain	chr5	True	0.33	False		Y' Gain	chr12R	True	0.33	False	donor_transfer_candidates:3	False	True	False	0.0
SRR33298420.183432	chr5R	Y' Gain	chr5	True	0.33	False		Y' Gain	ambiguous	True	0.3	False	unmatched_array	False	True	False	-0.03
SRR33298420.105325	chr5R	Y' Gain	chr5	True	0.33	False		Y' Gain	ambiguous	True	0.3	False	unmatched_array	False	True	False	-0.03
SRR33298420.255278	chr5R	Y' Gain	chr5	True	0.33	False		Y' Gain	ambiguous	True	0.3	False	unmatched_array	False	True	False	-0.03
SRR33298420.155720	chr5R	Y' Gain	chr5	True	0.33	False		Y' Gain	ambiguous	True	0.3	False	unmatched_array	False	True	False	-0.03
SRR33298420.452043	chr5R	Y' Gain	chr5	True	0.33	False		Y' Gain	ambiguous	True	0.3	False	unmatched_array	False	True	False	-0.03
SRR33298420.233299	chr5R	Y' Gain	chr5	True	0.33	False		Y' Gain	ambiguous	True	0.3	False	unmatched_array	False	True	False	-0.03
SRR33298420.537334	chr5R	Y' Gain	chr5	True	0.33	False		Y' Gain	ambiguous	True	0.3	False	unmatched_array	False	True	False	-0.03
SRR33298420.536347	chr5R	Y' Gain	chr5	True	0.33	False		Y' Gain	ambiguous	True	0.3	False	donor_transfer_candidates:4	False	True	False	-0.03
SRR33298420.61526	chr5R	Y' Gain	chr5	True	0.33	False		Y' Gain	ambiguous	True	0.3	False	donor_transfer_candidates:4	False	True	False	-0.03
SRR33298420.277390	chr5R	Y' Gain	chr5	True	0.33	False		Y' Gain	ambiguous	True	0.3	False	donor_transfer_candidates:4	False	True	False	-0.03
SRR33298420.259053	chr5R	Y' Gain	chr5	True	0.33	False		Y' Gain	ambiguous	True	0.3	False	donor_transfer_candidates:4	False	True	False	-0.03
SRR33298420.247489	chr5R	Y' Gain	chr5	True	0.33	False		Y' Gain	ambiguous	True	0.3	False	donor_transfer_candidates:4	False	True	False	-0.03
SRR33298420.34670	chr5R	1st Y' Change	chr5	True	0.3	False		1st Y' Change	ambiguous	True	0.3	False	donor_transfer_candidates:4	False	True	False	0.0
SRR33298420.427443	chr5R	Y' Gain	chr5	True	0.33	False		Y' Gain	ambiguous	True	0.3	False	donor_transfer_candidates:4	False	True	False	-0.03
SRR33298420.476059	chr5R	Y' Gain	chr5	True	0.33	False		Y' Gain	ambiguous	True	0.3	False	donor_transfer_candidates:4	False	True	False	-0.03
SRR33298420.163	chr5R	Y' Gain	chr5	True	0.33	False		Y' Gain	ambiguous	True	0.3	False	donor_transfer_candidates:4	False	True	False	-0.03
SRR33298420.522825	chr5R	Y' Gain	chr5	True	0.33	False		Y' Gain	ambiguous	True	0.3	False	unmatched_array	False	True	False	-0.03
SRR33298420.326379	chr5R	Y' Gain	chr5	True	0.33	False		Y' Gain	ambiguous	True	0.3	False	unmatched_array	False	True	False	-0.03
SRR33298420.155241	chr5R	Y' Gain	chr5	True	0.33	False		Y' Gain	ambiguous	True	0.3	False	unmatched_array	False	True	False	-0.03
SRR33298420.568724	chr5R	Y' Gain	chr5	True	0.33	False		Y' Gain	ambiguous	True	0.3	False	unmatched_array	False	True	False	-0.03
SRR33298420.234889	chr5R	Y' Gain	chr5	True	0.33	False		Y' Gain	ambiguous	True	0.3	False	unmatched_array	False	True	False	-0.03
SRR33298420.510243	chr5R	Y' Gain	chr5	True	0.33	False		Y' Gain	ambiguous	True	0.3	False	single_y_prime_change	False	True	False	-0.03
SRR33298420.537894	chr5R	Y' Gain	chr14	True	0.33	False		Y' Gain	chr14L	True	0.33	False	single_y_prime_change	False	True	False	0.0
SRR33298420.421502	chr5R	Y' Gain	chr14	True	0.33	False		Y' Gain	chr14L	True	0.33	False	single_y_prime_change	False	True	False	0.0
SRR33298420.73467	chr5R	Y' Gain	chr14	True	0.33	False		Y' Gain	chr14L	True	0.33	False	single_y_prime_change	False	True	False	0.0
SRR33298420.537892	chr5R	Y' Gain	chr14	True	0.33	False		Y' Gain	chr14L	True	0.33	False	single_y_prime_change	False	True	False	0.0
SRR33298420.302710	chr5R	Y' Gain	chr14	True	0.33	False		Y' Gain	chr14L	True	0.33	False	single_y_prime_change	False	True	False	0.0
SRR33298420.562709	chr5R	Y' Gain	chr14	True	0.33	False		Y' Gain	chr14L	True	0.33	False	single_y_prime_change	False	True	False	0.0
SRR33298420.183646	chr5R	Y' Gain	chr14	True	0.33	False		Y' Gain	chr14L	True	0.33	False	single_y_prime_change	False	True	False	0.0
SRR33298420.219383	chr5R	Y' Gain	chr14	True	0.33	False		Y' Gain	chr14L	True	0.33	False	single_y_prime_change	False	True	False	0.0
SRR33298420.79868	chr5R	Y' Gain	chr14	True	0.33	False		Y' Gain	chr14L	True	0.33	False	single_y_prime_change	False	True	False	0.0
SRR33298420.343678	chr5R	Y' Gain	chr5	True	0.33	False		Y' Gain	ambiguous	True	0.3	False	single_y_prime_change	False	True	False	-0.03
SRR33298420.495354	chr5R	Y' Gain	chr14	True	0.33	False		Y' Gain	chr14L	True	0.33	False	single_y_prime_change	False	True	False	0.0
SRR33298420.6909	chr5R	Y' Gain	chr16	True	0.33	False		Y' Gain	chr16L	True	0.33	False	single_y_prime_change	False	True	False	0.0
SRR33298420.457329	chr5R	Y' Gain	chr16	True	0.33	False		Y' Gain	chr16L	True	0.33	False	single_y_prime_change	False	True	False	0.0
SRR33298420.477167	chr5R	Y' Gain	chr14	True	0.33	False		Y' Gain	chr14L	True	0.33	False	single_y_prime_change	False	True	False	0.0
SRR33298420.421620	chr5R	Y' Gain	chr14	True	0.33	False		Y' Gain	chr14L	True	0.33	False	single_y_prime_change	False	True	False	0.0
SRR33298420.353550	chr5R	Y' Gain	chr14	True	0.33	False		Y' Gain	chr14L	True	0.33	False	single_y_prime_change	False	True	False	0.0
SRR33298420.457373	chr5R	Y' Gain	chr14	True	0.33	False		Y' Gain	chr14L	True	0.33	False	single_y_prime_change	False	True	False	0.0
SRR33298420.239765	chr5R	Y' Gain	chr14	True	0.33	False		Y' Gain	chr14L	True	0.33	False	single_y_prime_change	False	True	False	0.0
SRR33298420.237209	chr5R	Y' Gain	chr14	True	0.33	False		Y' Gain	chr14L	True	0.33	False	single_y_prime_change	False	True	False	0.0
SRR33298420.28279	chr5R	Y' Gain	chr14	True	0.33	False		Y' Gain	chr14L	True	0.33	False	single_y_prime_change	False	True	False	0.0
SRR33298420.154832	chr5R	Y' Gain	chr14	True	0.33	False		Y' Gain	chr14L	True	0.33	False	single_y_prime_change	False	True	False	0.0
SRR33298420.454103	chr5R	Y' Gain	chr14	True	0.33	False		Y' Gain	chr14L	True	0.33	False	single_y_prime_change	False	True	False	0.0
SRR33298420.469105	chr5R	Y' Gain	chr16	True	0.33	False		Y' Gain	chr16L	True	0.33	False	single_y_prime_change	False	True	False	0.0
SRR33298420.397848	chr5R	Y' Gain	chr14	True	0.33	False		Y' Gain	chr14L	True	0.33	False	single_y_prime_change	False	True	False	0.0
SRR33298420.17801	chr5R	Y' Gain	chr16	True	0.33	False		Y' Gain	chr16L	True	0.33	False	single_y_prime_change	False	True	False	0.0
SRR33298420.456102	chr5R	Y' Gain	chr14	True	0.33	False		Y' Gain	chr14L	True	0.33	False	single_y_prime_change	False	True	False	0.0
SRR33298420.15862	chr5R	Y' Gain	chr16	True	0.33	False		Y' Gain	chr16L	True	0.33	False	single_y_prime_change	False	True	False	0.0
SRR33298420.257391	chr5R	Y' Gain	chr14	True	0.33	False		Y' Gain	chr14L	True	0.33	False	single_y_prime_change	False	True	False	0.0
SRR33298420.525397	chr5R	Y' Gain	chr14	True	0.33	False		Y' Gain	chr14L	True	0.33	False	single_y_prime_change	False	True	False	0.0
SRR33298420.275888	chr6R	Y' Gain	chr4R	True	0.199	True		Y' Gain	chr11L	True	0.4644	True	subtelomere_switch	False	True	False	0.265
SRR33298420.257525	chr6R	Y' Gain	chr12R	True	0.0003	True		Y' Gain	chr14L	True	0.0003	True	subtelomere_switch	False	True	False	0.0
SRR33298420.517358	chr6R	Y' Gain	chr12R	True	0.0014	True		Y' Gain	chr14L	True	0.0014	True	subtelomere_switch	False	True	False	0.0
SRR33298420.250695	chr6R	Y' Gain	chr12R	True	-0.001	True		Y' Gain	chr14L	True	-0.001	True	subtelomere_switch	False	True	False	0.0
SRR33298420.436479	chr6R	Y' Gain	chr12R	True	-0.0047	True		Y' Gain	chr14L	True	-0.0047	True	subtelomere_switch	False	True	False	0.0
SRR33298420.540386	chr6R	Y' Gain	chr4R	True	-0.0003	True		Y' Gain	chr14L	True	-0.0003	True	subtelomere_switch	False	True	False	0.0
SRR33298420.317355	chr6R	Y' Gain	chr12R	True	-0.0012	True		Y' Gain	chr14L	True	-0.0012	True	subtelomere_switch	False	True	False	0.0
SRR33298420.517135	chr6R	Y' Gain	chr12R	True	-0.0008	True		Y' Gain	chr14L	True	-0.0008	True	subtelomere_switch	False	True	False	0.0
SRR33298420.283687	chr6R	Y' Gain	chr12R	True	0.0011	True		Y' Gain	chr14L	True	0.0011	True	subtelomere_switch	False	True	False	0.0
SRR33298420.528987	chr6R	Y' Gain	chr14L	True	0.1425	True		Y' Gain	chr11L	True	0.3325	True	subtelomere_switch	False	True	False	0.19
SRR33298420.364740	chr6R	Y' Gain	chr12R	True	-0.0017	True		Y' Gain	chr14L	True	-0.0017	True	subtelomere_switch	False	True	False	0.0
SRR33298420.255828	chr6R	Y' Gain	chr6	True	0.3	False		Y' Gain	chr14L	True	0.44	False	donor_transfer	False	True	False	0.14
SRR33298420.290695	chr6R	Y' Gain	chr14L	True	-0.006	True		Y' Gain	chr12R	True	-0.0095	False	subtelomere_switch	False	True	False	-0.003
SRR33298420.337861	chr6R	Y' Gain	chr12R	True	-0.0041	True		Y' Gain	chr14L	True	-0.0041	True	subtelomere_switch	False	True	False	0.0
SRR33298420.126524	chr6R	Y' Gain	chr12R	True	-0.0008	True		Y' Gain	chr14L	True	-0.0008	True	subtelomere_switch	False	True	False	0.0
SRR33298420.436679	chr6R	Y' Gain	chr12R	True	0.0008	True		Y' Gain	chr14L	True	0.0008	True	subtelomere_switch	False	True	False	0.0
SRR33298420.234699	chr6R	Y' Gain	chr12R	True	0.1503	True		Y' Gain	chr11L	True	0.3508	True	subtelomere_switch	False	True	False	0.2
SRR33298420.247332	chr6R	Y' Gain	chr6	True	0.3	False		Y' Gain	chr14L	True	0.44	False	donor_transfer	False	True	False	0.14
SRR33298420.538613	chr6R	Y' Gain	chr6	True	0.3	False		Y' Gain	ambiguous	True	0.3	False	unmatched_array	False	True	False	0.0
SRR33298420.155329	chr6R	Y' Gain	chr6	True	0.3	False		Y' Gain	chr12R	True	0.33	False	donor_transfer_candidates:2	False	True	False	0.03
SRR33298420.231307	chr6R	Y' Gain	chr6	True	0.3	False		Y' Gain	chr12R	True	0.33	False	donor_transfer_candidates:2	False	True	False	0.03
SRR33298420.170541	chr6R	Y' Gain	chr6	True	0.3	False		Y' Gain	chr14L	True	0.66	False	donor_transfer	False	True	False	0.36
SRR33298420.76706	chr6R	Y' Gain	chr12R	True	0.0024	True		Y' Gain	chr14L	True	0.0024	True	subtelomere_switch	False	True	False	0.0
SRR33298420.433445	chr6R	Y' Gain	chr6	True	0.3	False		Y' Gain	chr12R	True	0.33	False	donor_transfer_candidates:2	False	True	False	0.03
SRR33298420.359266	chr6R	Y' Gain	chr6	True	0.3	False		Y' Gain	chr12R	True	0.33	False	donor_transfer_candidates:3	False	True	False	0.03
SRR33298420.246761	chr6R	Y' Gain	chr6	True	0.3	False		Y' Gain	ambiguous	True	0.3	False	unmatched_array	False	True	False	0.0
SRR33298420.473314	chr6R	Y' Gain	chr6	True	0.3	False		Y' Gain	ambiguous	True	0.3	False	unmatched_array	False	True	False	0.0
SRR33298420.361622	chr6R	Y' Gain	chr6	True	0.3	False		Y' Gain	chr14L	True	0.66	False	donor_transfer	False	True	False	0.36
SRR33298420.305042	chr6R	Y' Gain	chr6	True	0.3	False		Y' Gain	ambiguous	True	0.3	False	unmatched_array	False	True	False	0.0
SRR33298420.376597	chr6R	Y' Gain	chr6	True	0.33	False		Y' Gain	ambiguous	True	0.3	False	unmatched_array	False	True	False	-0.03
SRR33298420.147530	chr6R	Y' Gain	chr14L	True	-0.0006	True		Y' Gain	chr12R	True	-0.001	False	subtelomere_switch	False	True	False	-0.0
SRR33298420.387526	chr6R	Y' Gain	chr6	True	0.3	False		Y' Gain	chr12R	True	0.33	False	donor_transfer_candidates:3	False	True	False	0.03
SRR33298420.465395	chr6R	Y' Gain	chr6	True	0.3	False		Y' Gain	ambiguous	True	0.3	False	unmatched_array	False	True	False	0.0
SRR33298420.79113	chr6R	Y' Gain	chr6	True	0.3	False		Y' Gain	ambiguous	True	0.3	False	unmatched_array	False	True	False	0.0
SRR33298420.125632	chr6R	Y' Gain	chr6	True	0.3	False		Y' Gain	ambiguous	True	0.3	False	donor_transfer_candidates:4	False	True	False	0.0
SRR33298420.228796	chr6R	Y' Gain	chr6	True	0.3	False		Y' Gain	ambiguous	True	0.3	False	unmatched_array	False	True	False	0.0
SRR33298420.463753	chr6R	Y' Gain	chr6	True	0.3	False		Y' Gain	ambiguous	True	0.3	False	donor_transfer_candidates:4	False	True	False	0.0
SRR33298420.103816	chr6R	Y' Gain	chr6	True	0.3	False		Y' Gain	ambiguous	True	0.3	False	unmatched_array	False	True	False	0.0
SRR33298420.414838	chr6R	Y' Gain	chr12R	True	0.0022	True		Y' Gain	chr14L	True	0.0022	True	subtelomere_switch	False	True	False	0.0
SRR33298420.527662	chr6R	Y' Gain	chr6	True	0.3	False		Y' Gain	ambiguous	True	0.3	False	unmatched_array	False	True	False	0.0
SRR33298420.393912	chr6R	Y' Gain	chr6	True	0.3	False		Y' Gain	ambiguous	True	0.3	False	unmatched_array	False	True	False	0.0
SRR33298420.245473	chr6R	Y' Gain	chr6	True	0.3	False		Y' Gain	ambiguous	True	0.3	False	unmatched_array	False	True	False	0.0
SRR33298420.502370	chr6R	Y' Gain	chr6	True	0.3	False		Y' Gain	ambiguous	True	0.3	False	unmatched_array	False	True	False	0.0
SRR33298420.253940	chr6R	Y' Gain	chr6	True	0.3	False		Y' Gain	ambiguous	True	0.3	False	unmatched_array	False	True	False	0.0
SRR33298420.319796	chr6R	Y' Gain	chr6	True	0.3	False		Y' Gain	ambiguous	True	0.3	False	unmatched_array	False	True	False	0.0
SRR33298420.310003	chr6R	Y' Gain	chr6	True	0.3	False		Y' Gain	ambiguous	True	0.3	False	unmatched_array	False	True	False	0.0
SRR33298420.319472	chr6R	Y' Gain	chr6	True	0.3	False		Y' Gain	ambiguous	True	0.3	False	unmatched_array	False	True	False	0.0
SRR33298420.120292	chr6R	Y' Gain	chr6	True	0.3	False		Y' Gain	ambiguous	True	0.3	False	unmatched_array	False	True	False	0.0
SRR33298420.394070	chr6R	Y' Gain	chr6	True	0.3	False		Y' Gain	ambiguous	True	0.3	False	donor_transfer_candidates:4	False	True	False	0.0
SRR33298420.324780	chr6R	Y' Gain	chr6	True	0.3	False		Y' Gain	ambiguous	True	0.3	False	donor_transfer_candidates:4	False	True	False	0.0
SRR33298420.208473	chr6R	Y' Gain	chr6	True	0.3	False		Y' Gain	chr12R	True	0.33	False	donor_transfer_candidates:3	False	True	False	0.03
SRR33298420.328660	chr6R	Y' Gain	chr6	True	0.3	False		Y' Gain	chr12R	True	0.33	False	donor_transfer_candidates:3	False	True	False	0.03
SRR33298420.248752	chr6R	Y' Gain	chr6	True	0.3	False		Y' Gain	ambiguous	True	0.3	False	donor_transfer_candidates:4	False	True	False	0.0
SRR33298420.146598	chr6R	Y' Gain	chr6	True	0.3	False		Y' Gain	ambiguous	True	0.3	False	donor_transfer_candidates:4	False	True	False	0.0
SRR33298420.235045	chr6R	Y' Gain	chr6	True	0.3	False		Y' Gain	ambiguous	True	0.3	False	donor_transfer_candidates:4	False	True	False	0.0
SRR33298420.334901	chr6R	Y' Gain	chr6	True	0.3	False		Y' Gain	ambiguous	True	0.3	False	donor_transfer_candidates:4	False	True	False	0.0
SRR33298420.234607	chr6R	Y' Gain	chr6	True	0.3	False		Y' Gain	ambiguous	True	0.3	False	donor_transfer_candidates:4	False	True	False	0.0
SRR33298420.204535	chr6R	Y' Gain	chr6	True	0.3	False		Y' Gain	ambiguous	True	0.3	False	donor_transfer_candidates:4	False	True	False	0.0
SRR33298420.445229	chr6R	Y' Gain	chr6	True	0.3	False		Y' Gain	ambiguous	True	0.3	False	donor_transfer_candidates:4	False	True	False	0.0
SRR33298420.343477	chr6R	Y' Gain	chr6	True	0.3	False		Y' Gain	ambiguous	True	0.3	False	donor_transfer_candidates:4	False	True	False	0.0
SRR33298420.369805	chr6R	Y' Gain	chr6	True	0.3	False		Y' Gain	ambiguous	True	0.3	False	donor_transfer_candidates:4	False	True	False	0.0
SRR33298420.131113	chr6R	Y' Gain	chr6	True	0.3	False		Y' Gain	chr12R	True	0.33	False	donor_transfer_candidates:3	False	True	False	0.03
SRR33298420.63915	chr6R	Y' Gain	chr6	True	0.33	False		Y' Gain	ambiguous	True	0.3	False	donor_transfer_candidates:4	False	True	False	-0.03
SRR33298420.320584	chr6R	Y' Gain	chr6	True	0.3	False		Y' Gain	ambiguous	True	0.3	False	donor_transfer_candidates:4	False	True	False	0.0
SRR33298420.325072	chr6R	Y' Gain	chr6	True	0.3	False		Y' Gain	ambiguous	True	0.3	False	unmatched_array	False	True	False	0.0
SRR33298420.187604	chr6R	Y' Gain	chr6	True	0.0035	False		Y' Gain	ambiguous	True	0.0035	False	subtelomere_switch	False	True	False	0.0
SRR33298420.251331	chr6R	Y' Gain	chr6	True	0.3	False		Y' Gain	ambiguous	True	0.3	False	unmatched_array	False	True	False	0.0
SRR33298420.289552	chr6R	Y' Gain	chr6	True	0.3	False		Y' Gain	ambiguous	True	0.3	False	unmatched_array	False	True	False	0.0
SRR33298420.289553	chr6R	Y' Gain	chr6	True	0.3	False		Y' Gain	ambiguous	True	0.3	False	unmatched_array	False	True	False	0.0
SRR33298420.132219	chr6R	Y' Gain	chr6	True	0.3	False		Y' Gain	ambiguous	True	0.3	False	unmatched_array	False	True	False	0.0
SRR33298420.46183	chr6R	Y' Gain	chr6	True	0.3	False		Y' Gain	ambiguous	True	0.3	False	unmatched_array	False	True	False	0.0
SRR33298420.546907	chr6R	Y' Gain	chr6	True	0.3	False		Y' Gain	ambiguous	True	0.3	False	donor_transfer_candidates:4	False	True	False	0.0
SRR33298420.534217	chr6R	Y' Gain	chr6	True	0.3	False		Y' Gain	chr12R	True	0.44	False	donor_transfer	False	True	False	0.14
SRR33298420.170479	chr6R	Y' Gain	chr6	True	0.3	False		Y' Gain	chr14L	True	0.66	False	donor_transfer	False	True	False	0.36
SRR33298420.502578	chr6R	Y' Gain	chr6	True	0.3	False		Y' Gain	chr14L	True	0.66	False	donor_transfer	False	True	False	0.36
SRR33298420.501670	chr6R	Y' Gain	chr6	True	0.3	False		Y' Gain	chr14L	True	0.44	False	donor_transfer	False	True	False	0.14
SRR33298420.210800	chr6R	Y' Gain	chr6	True	0.3	False		Y' Gain	chr14L	True	0.44	False	donor_transfer	False	True	False	0.14
SRR33298420.36222	chr6R	Y' Gain	chr6	True	0.3	False		Y' Gain	chr14L	True	0.66	False	donor_transfer	False	True	False	0.36
SRR33298420.445741	chr6R	Y' Gain	chr6	True	0.3	False		Y' Gain	ambiguous	True	0.3	False	unmatched_array	False	True	False	0.0
SRR33298420.552920	chr6R	Y' Gain	chr12R	True	-0.0012	True		Y' Gain	chr14L	True	-0.0012	True	subtelomere_switch	False	True	False	0.0
SRR33298420.352734	chr6R	Y' Gain	chr6	True	0.3	False		Y' Gain	ambiguous	True	0.3	False	donor_transfer_candidates:4	False	True	False	0.0
SRR33298420.249874	chr6R	Y' Gain	chr6	True	0.3	False		Y' Gain	ambiguous	True	0.3	False	unmatched_array	False	True	False	0.0
SRR33298420.373734	chr6R	Y' Gain	chr6	True	0.3	False		Y' Gain	ambiguous	True	0.3	False	unmatched_array	False	True	False	0.0
SRR33298420.280418	chr6R	Y' Gain	chr6	True	0.3	False		Y' Gain	ambiguous	True	0.3	False	unmatched_array	False	True	False	0.0
SRR33298420.17564	chr6R	Y' Gain	chr6	True	0.3	False		Y' Gain	ambiguous	True	0.3	False	unmatched_array	False	True	False	0.0
SRR33298420.55155	chr6R	Y' Gain	chr6	True	0.3	False		Y' Gain	ambiguous	True	0.3	False	unmatched_array	False	True	False	0.0
SRR33298420.257440	chr6R	Y' Gain	chr6	True	0.3	False		Y' Gain	ambiguous	True	0.3	False	unmatched_array	False	True	False	0.0
SRR33298420.309568	chr6R	Y' Gain	chr6	True	0.3	False		Y' Gain	ambiguous	True	0.3	False	unmatched_array	False	True	False	0.0
SRR33298420.458193	chr6R	Y' Gain	chr6	True	0.0034	False		Y' Gain	ambiguous	True	0.0034	False	subtelomere_switch	False	True	False	0.0
SRR33298420.563956	chr6R	Y' Gain	chr6	True	0.3	False		Y' Gain	ambiguous	True	0.3	False	donor_transfer_candidates:4	False	True	False	0.0
SRR33298420.172011	chr6R	Y' Gain	chr6	True	0.3	False		Y' Gain	ambiguous	True	0.3	False	donor_transfer_candidates:4	False	True	False	0.0
SRR33298420.41495	chr6R	Y' Gain	chr6	True	0.3	False		Y' Gain	ambiguous	True	0.3	False	unmatched_array	False	True	False	0.0
SRR33298420.279753	chr6R	Y' Gain	chr6	True	-0.0022	False		Y' Gain	ambiguous	True	-0.0022	False	subtelomere_switch	False	True	False	0.0
SRR33298420.189597	chr6R	Y' Gain	chr6	True	0.3	False		Y' Gain	ambiguous	True	0.3	False	unmatched_array	False	True	False	0.0
SRR33298420.416290	chr6R	Y' Gain	chr6	True	0.3	False		Y' Gain	ambiguous	True	0.3	False	unmatched_array	False	True	False	0.0
SRR33298420.395725	chr6R	Y' Gain	chr6	True	0.3	False		Y' Gain	ambiguous	True	0.3	False	unmatched_array	False	True	False	0.0
SRR33298420.79229	chr6R	Y' Gain	chr6	True	0.3	False		Y' Gain	ambiguous	True	0.3	False	donor_transfer_candidates:4	False	True	False	0.0
SRR33298420.155489	chr6R	Y' Gain	chr6	True	0.3	False		Y' Gain	ambiguous	True	0.3	False	unmatched_array	False	True	False	0.0
SRR33298420.177302	chr6R	Y' Gain	chr6	True	0.3	False		Y' Gain	ambiguous	True	0.3	False	single_y_prime_change	False	True	False	0.0
SRR33298420.501778	chr6R	Y' Gain	chr6	True	0.3	False		Y' Gain	ambiguous	True	0.3	False	unmatched_array	False	True	False	0.0
SRR33298420.416252	chr6R	Y' Gain	chr6	True	0.3	False		Y' Gain	ambiguous	True	0.3	False	unmatched_array	False	True	False	0.0
SRR33298420.296792	chr6R	Y' Gain	chr6	True	0.3	False		Y' Gain	ambiguous	True	0.3	False	unmatched_array	False	True	False	0.0
SRR33298420.287961	chr6R	Y' Gain	chr6	True	0.3	False		Y' Gain	ambiguous	True	0.3	False	unmatched_array	False	True	False	0.0
SRR33298420.119699	chr6R	Y' Gain	chr6	True	0.3	False		Y' Gain	ambiguous	True	0.3	False	unmatched_array	False	True	False	0.0
SRR33298420.148298	chr6R	Y' Gain	chr6	True	0.3	False		Y' Gain	ambiguous	True	0.3	False	unmatched_array	False	True	False	0.0
SRR33298420.74124	chr6R	Y' Gain	chr6	True	0.0011	False		Y' Gain	ambiguous	True	0.0011	False	subtelomere_switch	False	True	False	0.0
SRR33298420.493701	chr6R	Y' Gain	chr6	True	0.3	False		Y' Gain	ambiguous	True	0.3	False	unmatched_array	False	True	False	0.0
SRR33298420.356301	chr6R	Y' Gain	chr6	True	0.3	False		Y' Gain	ambiguous	True	0.3	False	unmatched_array	False	True	False	0.0
SRR33298420.144955	chr6R	Y' Gain	chr6	True	0.3	False		Y' Gain	ambiguous	True	0.3	False	unmatched_array	False	True	False	0.0
SRR33298420.545861	chr6R	Y' Gain	chr6	True	0.3	False		Y' Gain	ambiguous	True	0.3	False	unmatched_array	False	True	False	0.0
SRR33298420.289683	chr6R	Y' Gain	chr6	True	0.3	False		Y' Gain	ambiguous	True	0.3	False	unmatched_array	False	True	False	0.0
SRR33298420.234113	chr6R	Y' Gain	chr6	True	0.3	False		Y' Gain	ambiguous	True	0.3	False	unmatched_array	False	True	False	0.0
SRR33298420.500827	chr6R	Y' Gain	chr6	True	0.3	False		Y' Gain	ambiguous	True	0.3	False	unmatched_array	False	True	False	0.0
SRR33298420.116143	chr6R	Y' Gain	chr6	True	0.3	False		Y' Gain	ambiguous	True	0.3	False	unmatched_array	False	True	False	0.0
SRR33298420.68138	chr6R	Y' Gain	chr6	True	0.3	False		Y' Gain	ambiguous	True	0.3	False	unmatched_array	False	True	False	0.0
SRR33298420.500396	chr6R	Y' Gain	chr6	True	0.3	False		Y' Gain	ambiguous	True	0.3	False	unmatched_array	False	True	False	0.0
SRR33298420.290336	chr6R	Y' Gain	chr6	True	0.3	False		Y' Gain	ambiguous	True	0.3	False	unmatched_array	False	True	False	0.0
SRR33298420.279631	chr6R	Y' Gain	chr6	True	0.3	False		Y' Gain	ambiguous	True	0.3	False	unmatched_array	False	True	False	0.0
SRR33298420.307257	chr6R	Y' Gain	chr6	True	0.3	False		Y' Gain	ambiguous	True	0.3	False	unmatched_array	False	True	False	0.0
SRR33298420.572840	chr6R	Y' Gain	chr6	True	0.3	False		Y' Gain	ambiguous	True	0.3	False	unmatched_array	False	True	False	0.0
SRR33298420.22541	chr6R	Y' Gain	chr6	True	0.3	False		Y' Gain	ambiguous	True	0.3	False	unmatched_array	False	True	False	0.0
SRR33298420.219954	chr6R	Y' Gain	chr6	True	0.0101	False		Y' Gain	ambiguous	True	0.0101	False	subtelomere_switch	False	True	False	0.0
SRR33298420.572245	chr6R	Y' Gain	chr6	True	0.3	False		Y' Gain	ambiguous	True	0.3	False	unmatched_array	False	True	False	0.0
SRR33298420.8458	chr6R	Y' Gain	chr6	True	0.3	False		Y' Gain	chr14L	True	0.44	False	donor_transfer	False	True	False	0.14
SRR33298420.495832	chr6R	Y' Gain	chr6	True	0.3	False		Y' Gain	chr14L	True	0.44	False	donor_transfer	False	True	False	0.14
SRR33298420.251034	chr6R	Y' Gain	chr6	True	0.3	False		Y' Gain	ambiguous	True	0.3	False	unmatched_array	False	True	False	0.0
SRR33298420.140266	chr6R	Y' Gain	chr6	True	0.3	False		Y' Gain	chr14L	True	0.44	False	donor_transfer	False	True	False	0.14
SRR33298420.451976	chr6R	Y' Gain	chr6	True	0.3	False		Y' Gain	chr14L	True	0.44	False	donor_transfer	False	True	False	0.14
SRR33298420.186856	chr6R	Y' Gain	chr6	True	0.3	False		Y' Gain	ambiguous	True	0.3	False	unmatched_array	False	True	False	0.0
SRR33298420.61380	chr6R	Y' Gain	chr14	True	0.33	False		Y' Gain	chr14R	True	0.33	False	single_y_prime_change	False	True	False	0.0
SRR33298420.22473	chr6R	Y' Gain	chr14	True	0.33	False		Y' Gain	chr14L	True	0.33	False	single_y_prime_change	False	True	False	0.0
SRR33298420.560852	chr6R	Y' Gain	chr14	True	0.33	False		Y' Gain	chr14L	True	0.33	False	single_y_prime_change	False	True	False	0.0
SRR33298420.240675	chr6R	Y' Gain	chr14	True	0.33	False		Y' Gain	chr14L	True	0.33	False	single_y_prime_change	False	True	False	0.0
SRR33298420.237702	chr6R	Y' Gain	chr14	True	0.33	False		Y' Gain	chr14L	True	0.33	False	single_y_prime_change	False	True	False	0.0
SRR33298420.253885	chr6R	Y' Gain	chr14	True	-0.001	False		Y' Gain	chr14L	True	-0.001	False	subtelomere_switch	False	True	False	0.0
SRR33298420.332970	chr6R	Y' Gain	chr14	True	0.33	False		Y' Gain	chr14L	True	0.33	False	single_y_prime_change	False	True	False	0.0
SRR33298420.64992	chr6R	Y' Gain	chr5	True	0.33	False		Y' Gain	chr5R	True	0.33	False	single_y_prime_change	False	True	False	0.0
SRR33298420.59526	chr6R	Y' Gain	chr14	True	0.33	False		Y' Gain	chr14R	True	0.33	False	single_y_prime_change	False	True	False	0.0
SRR33298420.89092	chr6R	Y' Gain	chr5	True	0.33	False		Y' Gain	chr5R	True	0.33	False	single_y_prime_change	False	True	False	0.0
SRR33298420.254040	chr6R	Y' Gain	chr14	True	0.33	False		Y' Gain	chr14L	True	0.33	False	single_y_prime_change	False	True	False	0.0
SRR33298420.187332	chr6R	Y' Gain	chr15	True	0.33	False		Y' Gain	chr15R	True	0.33	False	single_y_prime_change	False	True	False	0.0
SRR33298420.264414	chr6R	Y' Gain	chr14	True	0.33	False		Y' Gain	chr14R	True	0.33	False	single_y_prime_change	False	True	False	0.0
SRR33298420.190095	chr6R	Y' Gain	chr14	True	-0.0023	False		Y' Gain	chr14R	True	-0.0023	False	subtelomere_switch	False	True	False	0.0
SRR33298420.217775	chr6R	Y' Gain	chr15	True	0.33	False		Y' Gain	chr15R	True	0.33	False	single_y_prime_change	False	True	False	0.0
SRR33298420.399535	chr6R	Y' Gain	chr14	True	0.33	False		Y' Gain	chr14R	True	0.33	False	single_y_prime_change	False	True	False	0.0
SRR33298420.122871	chr6R	Y' Gain	chr14	True	0.33	False		Y' Gain	chr14R	True	0.33	False	single_y_prime_change	False	True	False	0.0
SRR33298420.289631	chr6R	Y' Gain	chr14	True	0.33	False		Y' Gain	chr14R	True	0.33	False	single_y_prime_change	False	True	False	0.0
SRR33298420.336050	chr6R	Y' Gain	chr14	True	0.33	False		Y' Gain	chr14R	True	0.33	False	single_y_prime_change	False	True	False	0.0
SRR33298420.539558	chr6R	Y' Gain	chr14	True	0.33	False		Y' Gain	chr14R	True	0.33	False	single_y_prime_change	False	True	False	0.0
SRR33298420.189527	chr6R	Y' Gain	chr14	True	-0.0012	False		Y' Gain	chr14R	True	-0.0012	False	subtelomere_switch	False	True	False	0.0
SRR33298420.217355	chr6R	Y' Gain	chr14	True	0.33	False		Y' Gain	chr14R	True	0.33	False	single_y_prime_change	False	True	False	0.0
SRR33298420.508933	chr6R	Y' Gain	chr14	True	0.33	False		Y' Gain	chr14R	True	0.33	False	single_y_prime_change	False	True	False	0.0
SRR33298420.511718	chr6R	Y' Gain	chr14	True	0.33	False		Y' Gain	chr14L	True	0.33	False	single_y_prime_change	False	True	False	0.0
SRR33298420.95458	chr6R	Y' Gain	chr14	True	-0.0006	False		Y' Gain	chr14R	True	-0.0006	False	subtelomere_switch	False	True	False	0.0
SRR33298420.240445	chr6R	Y' Gain	chr14	True	0.33	False		Y' Gain	chr14R	True	0.33	False	single_y_prime_change	False	True	False	0.0
SRR33298420.137395	chr6R	Y' Gain	chr14	True	0.0117	False		Y' Gain	chr14R	True	0.0117	False	subtelomere_switch	False	True	False	0.0
SRR33298420.294949	chr6R	Y' Gain	chr14	True	0.33	False		Y' Gain	chr14R	True	0.33	False	single_y_prime_change	False	True	False	0.0
SRR33298420.500149	chr6R	Y' Gain	chr14	True	0.33	False		Y' Gain	chr14R	True	0.33	False	single_y_prime_change	False	True	False	0.0
SRR33298420.126918	chr6R	Y' Gain	chr14	True	0.002	False		Y' Gain	chr14R	True	0.002	False	subtelomere_switch	False	True	False	0.0
SRR33298420.167983	chr6R	Y' Gain	chr14	True	0.33	False		Y' Gain	chr14R	True	0.33	False	single_y_prime_change	False	True	False	0.0
SRR33298420.75985	chr6R	Y' Gain	chr14	True	0.33	False		Y' Gain	chr14R	True	0.33	False	single_y_prime_change	False	True	False	0.0
SRR33298420.190249	chr6R	Y' Gain	chr14	True	0.33	False		Y' Gain	chr14R	True	0.33	False	single_y_prime_change	False	True	False	0.0
SRR33298420.555167	chr6R	Y' Gain	chr14	True	0.33	False		Y' Gain	chr14R	True	0.33	False	single_y_prime_change	False	True	False	0.0
SRR33298420.426230	chr6R	Y' Gain	chr14	True	0.33	False		Y' Gain	chr14R	True	0.33	False	single_y_prime_change	False	True	False	0.0
SRR33298420.279282	chr6R	Y' Gain	chr14	True	0.33	False		Y' Gain	chr14R	True	0.33	False	single_y_prime_change	False	True	False	0.0
SRR33298420.82242	chr6R	Y' Gain	chr14	True	0.33	False		Y' Gain	chr14R	True	0.33	False	single_y_prime_change	False	True	False	0.0
SRR33298420.1195	chr6R	Y' Gain	chr14	True	0.33	False		Y' Gain	chr14R	True	0.33	False	single_y_prime_change	False	True	False	0.0
SRR33298420.453441	chr6R	Y' Gain	chr14	True	0.33	False		Y' Gain	chr14R	True	0.33	False	single_y_prime_change	False	True	False	0.0
SRR33298420.251020	chr6R	Y' Gain	chr14	True	0.0024	False		Y' Gain	chr14R	True	0.0024	False	subtelomere_switch	False	True	False	0.0
SRR33298420.424581	chr6R	Y' Gain	chr14	True	0.0058	False		Y' Gain	chr14R	True	0.0058	False	subtelomere_switch	False	True	False	0.0
SRR33298420.247644	chr6R	Y' Gain	chr14	True	0.33	False		Y' Gain	chr14R	True	0.33	False	single_y_prime_change	False	True	False	0.0
SRR33298420.368532	chr6R	Y' Gain	chr14	True	-0.0037	False		Y' Gain	chr14R	True	-0.0037	False	subtelomere_switch	False	True	False	0.0
SRR33298420.69549	chr6R	Y' Gain	chr14	True	0.0057	False		Y' Gain	chr14R	True	0.0057	False	subtelomere_switch	False	True	False	0.0
SRR33298420.187669	chr6R	Y' Gain	chr14	True	0.33	False		Y' Gain	chr14R	True	0.33	False	single_y_prime_change	False	True	False	0.0
SRR33298420.494787	chr6R	Y' Gain	chr14	True	0.33	False		Y' Gain	chr14R	True	0.33	False	single_y_prime_change	False	True	False	0.0
SRR33298420.163206	chr6R	Y' Gain	chr14	True	0.33	False		Y' Gain	chr14R	True	0.33	False	single_y_prime_change	False	True	False	0.0
SRR33298420.362620	chr6R	Y' Gain	chr14	True	0.0067	False		Y' Gain	chr14R	True	0.0067	False	subtelomere_switch	False	True	False	0.0
SRR33298420.297325	chr6R	Y' Gain	chr14	True	0.33	False		Y' Gain	chr14R	True	0.33	False	single_y_prime_change	False	True	False	0.0
SRR33298420.457827	chr6R	Y' Gain	chr14	True	0.33	False		Y' Gain	chr14R	True	0.33	False	single_y_prime_change	False	True	False	0.0
SRR33298420.242787	chr6R	Y' Gain	chr14	True	0.33	False		Y' Gain	chr14R	True	0.33	False	single_y_prime_change	False	True	False	0.0
SRR33298420.349953	chr6R	Y' Gain	chr14	True	0.33	False		Y' Gain	chr14R	True	0.33	False	single_y_prime_change	False	True	False	0.0
SRR33298420.361943	chr6R	Y' Gain	chr14	True	0.33	False		Y' Gain	chr14R	True	0.33	False	single_y_prime_change	False	True	False	0.0
SRR33298420.293772	chr6R	Y' Gain	chr14	True	0.33	False		Y' Gain	chr14R	True	0.33	False	single_y_prime_change	False	True	False	0.0
SRR33298420.284791	chr6R	Y' Gain	chr5	True	0.33	False		Y' Gain	chr5R	True	0.33	False	single_y_prime_change	False	True	False	0.0
SRR33298420.380374	chr6R	Y' Gain	chr14	True	0.33	False		Y' Gain	chr14R	True	0.33	False	single_y_prime_change	False	True	False	0.0
SRR33298420.328191	chr6R	Y' Gain	chr14	True	-0.0012	False		Y' Gain	chr14R	True	-0.0012	False	subtelomere_switch	False	True	False	0.0
SRR33298420.378860	chr6R	Y' Gain	chr13	True	0.33	False		Y' Gain	chr13L	True	0.33	False	single_y_prime_change	False	True	False	0.0
SRR33298420.503135	chr6R	Y' Gain	chr13	True	0.33	False		Y' Gain	chr13L	True	0.33	False	single_y_prime_change	False	True	False	0.0
SRR33298420.290110	chr6R	Y' Gain	chr13	True	0.33	False		Y' Gain	chr13L	True	0.33	False	single_y_prime_change	False	True	False	0.0
SRR33298420.329905	chr6R	Y' Gain	chr13	True	0.33	False		Y' Gain	chr13L	True	0.33	False	single_y_prime_change	False	True	False	0.0
SRR33298420.311100	chr6R	Y' Gain	chr13	True	0.33	False		Y' Gain	chr13L	True	0.33	False	single_y_prime_change	False	True	False	0.0
SRR33298420.156685	chr6R	Y' Gain	chr13	True	0.33	False		Y' Gain	chr13L	True	0.33	False	single_y_prime_change	False	True	False	0.0
SRR33298420.48292	chr6R	Y' Gain	chr13	True	0.33	False		Y' Gain	chr13L	True	0.33	False	single_y_prime_change	False	True	False	0.0
SRR33298420.234876	chr6R	Y' Gain	chr13	True	0.33	False		Y' Gain	chr13L	True	0.33	False	single_y_prime_change	False	True	False	0.0
SRR33298420.399801	chr6R	Y' Gain	chr13	True	0.33	False		Y' Gain	chr13L	True	0.33	False	single_y_prime_change	False	True	False	0.0
SRR33298420.508656	chr6R	Y' Gain	chr13	True	0.33	False		Y' Gain	chr13L	True	0.33	False	single_y_prime_change	False	True	False	0.0
SRR33298420.353609	chr6R	Y' Gain	chr13	True	0.33	False		Y' Gain	chr13L	True	0.33	False	single_y_prime_change	False	True	False	0.0
SRR33298420.77925	chr7L	Y' Gain	chr12R	True	-0.001	True		Y' Gain	chr14L	True	-0.001	True	subtelomere_switch	False	True	False	0.0
SRR33298420.412793	chr7L	Y' Gain	chr12R	True	-0.0009	True		Y' Gain	chr14L	True	-0.0009	True	subtelomere_switch	False	True	False	0.0
SRR33298420.303158	chr7L	Y' Gain	chr12R	True	0.0032	True		Y' Gain	chr14L	True	0.0032	True	subtelomere_switch	False	True	False	0.0
SRR33298420.263393	chr7L	Y' Gain	chr7	True	0.33	False		Y' Gain	chr12R	True	0.33	False	donor_transfer_candidates:2	False	True	False	0.0
SRR33298420.156438	chr7L	Y' Gain	chr7	True	0.33	False		Y' Gain	ambiguous	True	0.3	False	donor_transfer_candidates:4	False	True	False	-0.03
SRR33298420.82113	chr7L	Y' Gain	chr12R	True	0.0034	True		Y' Gain	chr14L	True	0.0034	True	subtelomere_switch	False	True	False	0.0
SRR33298420.11006	chr7L	Y' Gain	chr12R	True	0.0032	True		Y' Gain	chr14L	True	0.0032	True	subtelomere_switch	False	True	False	0.0
SRR33298420.190056	chr7L	Y' Gain	chr14L	True	-0.0007	True		Y' Gain	chr12R	True	-0.0011	False	subtelomere_switch	False	True	False	-0.0
SRR33298420.141472	chr7L	Y' Gain	chr16L	True	0.0013	True		Y' Gain	chr14L	True	0.0013	True	subtelomere_switch	False	True	False	0.0
SRR33298420.211766	chr7L	Y' Gain	chr7	True	0.33	False		Y' Gain	ambiguous	True	0.3	False	unmatched_array	False	True	False	-0.03
SRR33298420.454519	chr7L	Y' Gain	chr7	True	0.33	False		Y' Gain	chr14L	True	0.44	False	donor_transfer	False	True	False	0.11
SRR33298420.262862	chr7L	Y' Gain	chr7	True	0.33	False		Y' Gain	ambiguous	True	0.3	False	unmatched_array	False	True	False	-0.03
SRR33298420.298206	chr7L	Y' Gain	chr7	True	0.33	False		Y' Gain	ambiguous	True	0.3	False	unmatched_array	False	True	False	-0.03
SRR33298420.55481	chr7L	Y' Gain	chr7	True	0.33	False		Y' Gain	ambiguous	True	0.3	False	unmatched_array	False	True	False	-0.03
SRR33298420.299701	chr7L	Y' Gain	chr7	True	0.33	False		Y' Gain	ambiguous	True	0.3	False	unmatched_array	False	True	False	-0.03
SRR33298420.121982	chr7L	Y' Gain	chr7	True	0.33	False		Y' Gain	ambiguous	True	0.3	False	unmatched_array	False	True	False	-0.03
SRR33298420.170969	chr7L	Y' Gain	chr7	True	0.33	False		Y' Gain	ambiguous	True	0.3	False	unmatched_array	False	True	False	-0.03
SRR33298420.356218	chr7L	Y' Gain	chr7	True	0.33	False		Y' Gain	ambiguous	True	0.3	False	unmatched_array	False	True	False	-0.03
SRR33298420.537499	chr7L	Y' Gain	chr12R	True	0.0003	True		Y' Gain	chr14L	True	0.0003	True	subtelomere_switch	False	True	False	0.0
SRR33298420.493997	chr7L	Y' Gain	chr12R	True	0.0024	True		Y' Gain	chr14L	True	0.0024	True	subtelomere_switch	False	True	False	0.0
SRR33298420.49262	chr7L	Y' Gain	chr7	True	0.33	False		Y' Gain	chr14L	True	0.66	False	donor_transfer	False	True	False	0.33
SRR33298420.540341	chr7L	Y' Gain	chr4R	True	-0.0007	True		Y' Gain	chr14L	True	-0.0007	True	subtelomere_switch	False	True	False	0.0
SRR33298420.308782	chr7L	Y' Gain	chr12R	True	-0.0003	True		Y' Gain	chr14L	True	-0.0003	True	subtelomere_switch	False	True	False	0.0
SRR33298420.324428	chr7L	Y' Gain	chr12R	True	-0.0011	True		Y' Gain	chr14L	True	-0.0011	True	subtelomere_switch	False	True	False	0.0
SRR33298420.514696	chr7L	Y' Gain	chr7	True	0.33	False		Y' Gain	ambiguous	True	0.3	False	donor_transfer_candidates:4	False	True	False	-0.03
SRR33298420.332512	chr7L	Y' Gain	chr7	True	0.33	False		Y' Gain	ambiguous	True	0.3	False	donor_transfer_candidates:4	False	True	False	-0.03
SRR33298420.309786	chr7L	Y' Gain	chr7	True	0.33	False		Y' Gain	ambiguous	True	0.3	False	donor_transfer_candidates:4	False	True	False	-0.03
SRR33298420.458036	chr7L	Y' Gain	chr7	True	0.33	False		Y' Gain	ambiguous	True	0.3	False	donor_transfer_candidates:4	False	True	False	-0.03
SRR33298420.343541	chr7L	Y' Gain	chr7	True	0.33	False		Y' Gain	ambiguous	True	0.3	False	donor_transfer_candidates:4	False	True	False	-0.03
SRR33298420.55363	chr7L	Y' Gain	chr7	True	0.33	False		Y' Gain	ambiguous	True	0.3	False	donor_transfer_candidates:4	False	True	False	-0.03
SRR33298420.64867	chr7L	Y' Gain	chr7	True	0.33	False		Y' Gain	ambiguous	True	0.3	False	donor_transfer_candidates:4	False	True	False	-0.03
SRR33298420.169556	chr7L	Y' Gain	chr7	True	0.33	False		Y' Gain	ambiguous	True	0.3	False	donor_transfer_candidates:4	False	True	False	-0.03
SRR33298420.327531	chr7L	Y' Gain	chr7	True	0.33	False		Y' Gain	ambiguous	True	0.3	False	unmatched_array	False	True	False	-0.03
SRR33298420.501306	chr7L	Y' Gain	chr7	True	0.33	False		Y' Gain	ambiguous	True	0.3	False	unmatched_array	False	True	False	-0.03
SRR33298420.418214	chr7L	Y' Gain	chr7	True	0.33	False		Y' Gain	ambiguous	True	0.3	False	unmatched_array	False	True	False	-0.03
SRR33298420.183772	chr7L	Y' Gain	chr7	True	0.33	False		Y' Gain	ambiguous	True	0.3	False	unmatched_array	False	True	False	-0.03
SRR33298420.539589	chr7L	Y' Gain	chr7	True	0.3	False		Y' Gain	ambiguous	True	0.3	False	unmatched_array	False	True	False	0.0
SRR33298420.35916	chr7L	Y' Gain	chr7	True	0.33	False		Y' Gain	ambiguous	True	0.3	False	unmatched_array	False	True	False	-0.03
SRR33298420.247695	chr7L	Y' Gain	chr7	True	0.33	False		Y' Gain	chr14L	True	0.44	False	donor_transfer	False	True	False	0.11
SRR33298420.115717	chr7L	Y' Gain	chr7	True	0.33	False		Y' Gain	chr14L	True	0.44	False	donor_transfer	False	True	False	0.11
SRR33298420.282093	chr7L	Y' Gain	chr7	True	0.33	False		Y' Gain	chr14L	True	0.44	False	donor_transfer	False	True	False	0.11
SRR33298420.245933	chr7L	Y' Gain	chr7R	True	0.0064	True		Y' Gain	chr14L	True	0.0064	True	subtelomere_switch	False	True	False	0.0
SRR33298420.358605	chr7L	Y' Gain	chr7	True	0.33	False		Y' Gain	chr14L	True	0.44	False	donor_transfer	False	True	False	0.11
SRR33298420.250398	chr7L	Y' Gain	chr7	True	0.3	False		Y' Gain	ambiguous	True	0.3	False	unmatched_array	False	True	False	0.0
SRR33298420.326261	chr7L	Y' Gain	chr7	True	0.33	False		Y' Gain	ambiguous	True	0.3	False	single_y_prime_change	False	True	False	-0.03
SRR33298420.328864	chr7L	Y' Gain	chr7	True	0.33	False		Y' Gain	ambiguous	True	0.3	False	single_y_prime_change	False	True	False	-0.03
SRR33298420.324989	chr7L	Y' Gain	chr7	True	0.33	False		Y' Gain	ambiguous	True	0.3	False	single_y_prime_change	False	True	False	-0.03
SRR33298420.234587	chr7L	Y' Gain	chr7	True	0.33	False		Y' Gain	ambiguous	True	0.3	False	single_y_prime_change	False	True	False	-0.03
SRR33298420.137730	chr7L	Y' Gain	chr7	True	0.33	False		Y' Gain	ambiguous	True	0.3	False	single_y_prime_change	False	True	False	-0.03
SRR33298420.411926	chr7L	Y' Gain	chr7	True	0.33	False		Y' Gain	ambiguous	True	0.3	False	single_y_prime_change	False	True	False	-0.03
SRR33298420.539241	chr7L	Y' Gain	chr7	True	0.33	False		Y' Gain	ambiguous	True	0.3	False	single_y_prime_change	False	True	False	-0.03
SRR33298420.444526	chr7L	Y' Gain	chr7	True	0.33	False		Y' Gain	ambiguous	True	0.3	False	single_y_prime_change	False	True	False	-0.03
SRR33298420.317786	chr7L	Y' Gain	chr7	True	0.33	False		Y' Gain	ambiguous	True	0.3	False	single_y_prime_change	False	True	False	-0.03
SRR33298420.321218	chr7L	Y' Gain	chr7	True	0.33	False		Y' Gain	ambiguous	True	0.3	False	single_y_prime_change	False	True	False	-0.03
SRR33298420.217694	chr7L	Y' Gain	chr7	True	0.33	False		Y' Gain	ambiguous	True	0.3	False	single_y_prime_change	False	True	False	-0.03
SRR33298420.320376	chr7L	Y' Gain	chr7	True	0.33	False		Y' Gain	ambiguous	True	0.3	False	single_y_prime_change	False	True	False	-0.03
SRR33298420.215223	chr7L	Y' Gain	chr7	True	0.0194	False		Y' Gain	ambiguous	True	0.0176	False	subtelomere_switch	False	True	False	-0.002
SRR33298420.364442	chr7L	Y' Gain	chr7	True	0.33	False		Y' Gain	ambiguous	True	0.3	False	single_y_prime_change	False	True	False	-0.03
SRR33298420.341283	chr7L	Y' Gain	chr7	True	0.33	False		Y' Gain	ambiguous	True	0.3	False	single_y_prime_change	False	True	False	-0.03
SRR33298420.82014	chr7L	Y' Gain	chr7	True	0.0015	False		Y' Gain	ambiguous	True	0.0014	False	subtelomere_switch	False	True	False	-0.0
SRR33298420.211284	chr7L	Y' Gain	chr7	True	0.33	False		Y' Gain	ambiguous	True	0.3	False	single_y_prime_change	False	True	False	-0.03
SRR33298420.433800	chr7L	Y' Gain	chr7	True	0.33	False		Y' Gain	ambiguous	True	0.3	False	single_y_prime_change	False	True	False	-0.03
SRR33298420.574181	chr7L	Y' Gain	chr7	True	0.007	False		Y' Gain	ambiguous	True	0.0064	False	subtelomere_switch	False	True	False	-0.001
SRR33298420.395511	chr7L	Y' Gain	chr7	True	0.33	False		Y' Gain	ambiguous	True	0.3	False	single_y_prime_change	False	True	False	-0.03
SRR33298420.336201	chr7L	Y' Gain	chr7	True	0.33	False		Y' Gain	ambiguous	True	0.3	False	single_y_prime_change	False	True	False	-0.03
SRR33298420.321113	chr7L	Y' Gain	chr7	True	0.33	False		Y' Gain	ambiguous	True	0.3	False	single_y_prime_change	False	True	False	-0.03
SRR33298420.81687	chr7L	Y' Gain	chr7	True	0.33	False		Y' Gain	ambiguous	True	0.3	False	single_y_prime_change	False	True	False	-0.03
SRR33298420.422623	chr7L	Y' Gain	chr7	True	0.33	False		Y' Gain	ambiguous	True	0.3	False	single_y_prime_change	False	True	False	-0.03
SRR33298420.504402	chr7L	Y' Gain	chr7	True	0.0053	False		Y' Gain	ambiguous	True	0.0048	False	subtelomere_switch	False	True	False	-0.001
SRR33298420.356278	chr7L	Y' Gain	chr7	True	0.33	False		Y' Gain	ambiguous	True	0.3	False	single_y_prime_change	False	True	False	-0.03
SRR33298420.15224	chr7L	Y' Gain	chr7	True	0.33	False		Y' Gain	ambiguous	True	0.3	False	single_y_prime_change	False	True	False	-0.03
SRR33298420.376825	chr7L	Y' Gain	chr7	True	0.33	False		Y' Gain	ambiguous	True	0.3	False	single_y_prime_change	False	True	False	-0.03
SRR33298420.222069	chr7L	Y' Gain	chr7	True	0.33	False		Y' Gain	ambiguous	True	0.3	False	single_y_prime_change	False	True	False	-0.03
SRR33298420.500472	chr7L	Y' Gain	chr7	True	0.33	False		Y' Gain	ambiguous	True	0.3	False	single_y_prime_change	False	True	False	-0.03
SRR33298420.185947	chr7L	Y' Gain	chr7	True	0.33	False		Y' Gain	ambiguous	True	0.3	False	single_y_prime_change	False	True	False	-0.03
SRR33298420.71560	chr7L	Y' Gain	chr7	True	0.33	False		Y' Gain	ambiguous	True	0.3	False	single_y_prime_change	False	True	False	-0.03
SRR33298420.229236	chr7L	Y' Gain	chr7	True	0.0068	False		Y' Gain	ambiguous	True	0.0062	False	subtelomere_switch	False	True	False	-0.001
SRR33298420.92181	chr7L	Y' Gain	chr7	True	0.0042	False		Y' Gain	ambiguous	True	0.0038	False	subtelomere_switch	False	True	False	-0.0
SRR33298420.194322	chr7L	Y' Gain	chr7	True	-0.0006	False		Y' Gain	ambiguous	True	-0.0005	False	subtelomere_switch	False	True	False	0.0
SRR33298420.341278	chr7L	Y' Gain	chr7	True	0.33	False		Y' Gain	ambiguous	True	0.3	False	single_y_prime_change	False	True	False	-0.03
SRR33298420.352885	chr7L	Y' Gain	chr7	True	0.33	False		Y' Gain	ambiguous	True	0.3	False	single_y_prime_change	False	True	False	-0.03
SRR33298420.76913	chr7L	Y' Gain	chr7	True	0.33	False		Y' Gain	ambiguous	True	0.3	False	single_y_prime_change	False	True	False	-0.03
SRR33298420.72023	chr7L	Y' Gain	chr16	True	0.33	False		Y' Gain	chr16L	True	0.33	False	single_y_prime_change	False	True	False	0.0
SRR33298420.282392	chr7L	Y' Gain	chr7	True	0.0041	False		Y' Gain	ambiguous	True	0.0037	False	subtelomere_switch	False	True	False	-0.0
SRR33298420.3197	chr7L	Y' Gain	chr7	True	0.33	False		Y' Gain	ambiguous	True	0.3	False	single_y_prime_change	False	True	False	-0.03
SRR33298420.24500	chr7L	Y' Gain	chr7	True	0.0045	False		Y' Gain	ambiguous	True	0.0041	False	subtelomere_switch	False	True	False	-0.0
SRR33298420.252115	chr7L	Y' Gain	chr7	True	0.33	False		Y' Gain	ambiguous	True	0.3	False	single_y_prime_change	False	True	False	-0.03
SRR33298420.365252	chr7L	Y' Gain	chr7	True	-0.0014	False		Y' Gain	ambiguous	True	-0.0013	False	subtelomere_switch	False	True	False	0.0
SRR33298420.266342	chr7L	Y' Gain	chr7	True	0.33	False		Y' Gain	ambiguous	True	0.3	False	single_y_prime_change	False	True	False	-0.03
SRR33298420.65576	chr8L	Y' Gain	chr8	True	0.33	False		Y' Gain	chr12R	True	0.33	False	donor_transfer_candidates:2	False	True	False	0.0
SRR33298420.447251	chr8L	Y' Gain	chr8	True	0.33	False		Y' Gain	ambiguous	True	0.3	False	donor_transfer_candidates:4	False	True	False	-0.03
SRR33298420.193554	chr8L	Y' Gain	chr8	True	0.33	False		Y' Gain	chr12R	True	0.33	False	donor_transfer_candidates:2	False	True	False	0.0
SRR33298420.349544	chr8L	Y' Gain	chr8	True	0.33	False		Y' Gain	chr14L	True	0.66	False	donor_transfer	False	True	False	0.33
SRR33298420.307237	chr8L	Y' Gain	chr14	True	0.3	False		Y' Gain	chr12R	True	0.33	False	donor_transfer_candidates:3	False	True	False	0.03
SRR33298420.140028	chr8L	Y' Gain	chr8	True	0.33	False		Y' Gain	ambiguous	True	0.3	False	unmatched_array	False	True	False	-0.03
SRR33298420.282367	chr8L	Y' Gain	chr8	True	0.33	False		Y' Gain	chr12R	True	0.33	False	donor_transfer_candidates:3	False	True	False	0.0
SRR33298420.457357	chr8L	Y' Gain	chr8	True	0.33	False		Y' Gain	chr12R	True	0.33	False	donor_transfer_candidates:3	False	True	False	0.0
SRR33298420.257746	chr8L	Y' Gain	chr8	True	0.33	False		Y' Gain	ambiguous	True	0.3	False	unmatched_array	False	True	False	-0.03
SRR33298420.276602	chr8L	Y' Gain	chr8	True	0.33	False		Y' Gain	ambiguous	True	0.3	False	donor_transfer_candidates:4	False	True	False	-0.03
SRR33298420.245651	chr8L	Y' Gain	chr8	True	0.33	False		Y' Gain	chr14L	True	0.66	False	donor_transfer	False	True	False	0.33
SRR33298420.483548	chr8L	Y' Gain	chr8	True	0.33	False		Y' Gain	chr14L	True	0.66	False	donor_transfer	False	True	False	0.33
SRR33298420.346666	chr8L	Y' Gain	chr8	True	0.33	False		Y' Gain	chr12R	True	0.33	False	donor_transfer_candidates:2	False	True	False	0.0
SRR33298420.537556	chr8L	1st Y' Change	chr8	True	0.3	False		1st Y' Change	ambiguous	True	0.3	False	unmatched_array	False	True	False	0.0
SRR33298420.294084	chr8L	Y' Gain	chr8	True	0.33	False		Y' Gain	ambiguous	True	0.3	False	donor_transfer_candidates:4	False	True	False	-0.03
SRR33298420.567223	chr8L	Y' Gain	chr8	True	0.33	False		Y' Gain	ambiguous	True	0.3	False	donor_transfer_candidates:4	False	True	False	-0.03
SRR33298420.258842	chr8L	Y' Gain	chr8	True	0.33	False		Y' Gain	chr14L	True	0.66	False	donor_transfer	False	True	False	0.33
SRR33298420.125455	chr8L	Y' Gain	chr8	True	0.33	False		Y' Gain	chr12R	True	0.33	False	donor_transfer_candidates:2	False	True	False	0.0
SRR33298420.517990	chr8L	1st Y' Change	chr8	True	0.3	False		1st Y' Change	ambiguous	True	0.3	False	donor_transfer_candidates:4	False	True	False	0.0
SRR33298420.165984	chr8L	Y' Gain	chr8	True	0.33	False		Y' Gain	ambiguous	True	0.3	False	donor_transfer_candidates:4	False	True	False	-0.03
SRR33298420.255579	chr8L	Y' Gain	chr8	True	0.33	False		Y' Gain	ambiguous	True	0.3	False	unmatched_array	False	True	False	-0.03
SRR33298420.313982	chr8L	Y' Gain	chr8	True	0.33	False		Y' Gain	ambiguous	True	0.3	False	unmatched_array	False	True	False	-0.03
SRR33298420.427826	chr8L	Y' Gain	chr8	True	0.33	False		Y' Gain	chr12R	True	0.33	False	donor_transfer_candidates:3	False	True	False	0.0
SRR33298420.567283	chr8L	Y' Gain	chr8	True	0.33	False		Y' Gain	chr12R	True	0.33	False	donor_transfer_candidates:2	False	True	False	0.0
SRR33298420.361046	chr8L	Y' Gain	chr8	True	0.33	False		Y' Gain	ambiguous	True	0.3	False	unmatched_array	False	True	False	-0.03
SRR33298420.59481	chr8L	Y' Gain	chr8	True	0.33	False		Y' Gain	chr14L	True	0.66	False	donor_transfer	False	True	False	0.33
SRR33298420.78015	chr8L	Y' Gain	chr8	True	0.33	False		Y' Gain	ambiguous	True	0.3	False	unmatched_array	False	True	False	-0.03
SRR33298420.534547	chr8L	Y' Gain	chr8	True	0.33	False		Y' Gain	ambiguous	True	0.3	False	unmatched_array	False	True	False	-0.03
SRR33298420.502466	chr8L	Y' Gain	chr8	True	0.33	False		Y' Gain	ambiguous	True	0.3	False	unmatched_array	False	True	False	-0.03
SRR33298420.389803	chr8L	Y' Gain	chr8	True	0.33	False		Y' Gain	ambiguous	True	0.3	False	unmatched_array	False	True	False	-0.03
SRR33298420.238307	chr8L	1st Y' Change	chr8	True	0.3	False		1st Y' Change	ambiguous	True	0.3	False	unmatched_array	False	True	False	0.0
SRR33298420.315084	chr8L	Y' Gain	chr8	True	0.33	False		Y' Gain	ambiguous	True	0.3	False	unmatched_array	False	True	False	-0.03
SRR33298420.500120	chr8L	Y' Gain	chr8	True	0.33	False		Y' Gain	ambiguous	True	0.3	False	donor_transfer_candidates:4	False	True	False	-0.03
SRR33298420.302128	chr8L	Y' Gain	chr8	True	0.33	False		Y' Gain	chr14L	True	0.66	False	donor_transfer	False	True	False	0.33
SRR33298420.222872	chr8L	Y' Gain	chr8	True	0.33	False		Y' Gain	ambiguous	True	0.3	False	unmatched_array	False	True	False	-0.03
SRR33298420.421432	chr8L	Y' Gain	chr8	True	0.33	False		Y' Gain	ambiguous	True	0.3	False	unmatched_array	False	True	False	-0.03
SRR33298420.509752	chr8L	Y' Gain	chr8	True	0.33	False		Y' Gain	chr14L	True	0.66	False	donor_transfer	False	True	False	0.33
SRR33298420.179637	chr8L	Y' Gain	chr8	True	0.33	False		Y' Gain	ambiguous	True	0.3	False	unmatched_array	False	True	False	-0.03
SRR33298420.69442	chr8L	Y' Gain	chr8	True	0.33	False		Y' Gain	chr14L	True	0.44	False	donor_transfer	False	True	False	0.11
SRR33298420.157673	chr8L	Y' Gain	chr8	True	0.33	False		Y' Gain	chr14L	True	0.66	False	donor_transfer	False	True	False	0.33
SRR33298420.364272	chr8L	1st Y' Change	chr8	True	0.3	False		1st Y' Change	ambiguous	True	0.3	False	donor_transfer_candidates:4	False	True	False	0.0
SRR33298420.81900	chr8L	Y' Gain	chr8	True	0.33	False		Y' Gain	chr12R	True	0.33	False	donor_transfer_candidates:3	False	True	False	0.0
SRR33298420.457390	chr8L	Y' Gain	chr8	True	0.33	False		Y' Gain	ambiguous	True	0.3	False	unmatched_array	False	True	False	-0.03
SRR33298420.263729	chr8L	Y' Gain	chr8	True	0.33	False		Y' Gain	ambiguous	True	0.3	False	donor_transfer_candidates:4	False	True	False	-0.03
SRR33298420.106646	chr8L	Y' Gain	chr8	True	0.33	False		Y' Gain	ambiguous	True	0.3	False	unmatched_array	False	True	False	-0.03
SRR33298420.459005	chr8L	Y' Gain	chr8	True	0.33	False		Y' Gain	ambiguous	True	0.3	False	unmatched_array	False	True	False	-0.03
SRR33298420.255661	chr8L	Y' Gain	chr8	True	0.33	False		Y' Gain	ambiguous	True	0.3	False	unmatched_array	False	True	False	-0.03
SRR33298420.456689	chr8L	Y' Gain	chr8	True	0.33	False		Y' Gain	ambiguous	True	0.3	False	unmatched_array	False	True	False	-0.03
SRR33298420.373585	chr8L	Y' Gain	chr8	True	0.33	False		Y' Gain	ambiguous	True	0.3	False	unmatched_array	False	True	False	-0.03
SRR33298420.93781	chr8L	Y' Gain	chr8	True	0.33	False		Y' Gain	ambiguous	True	0.3	False	unmatched_array	False	True	False	-0.03
SRR33298420.260812	chr8L	Y' Gain	chr8	True	0.33	False		Y' Gain	ambiguous	True	0.3	False	unmatched_array	False	True	False	-0.03
SRR33298420.387785	chr8L	Y' Gain	chr8	True	0.33	False		Y' Gain	ambiguous	True	0.3	False	unmatched_array	False	True	False	-0.03
SRR33298420.512937	chr8L	Y' Gain	chr8	True	0.33	False		Y' Gain	chr14L	True	0.66	False	donor_transfer	False	True	False	0.33
SRR33298420.125737	chr8L	Y' Gain	chr8	True	0.33	False		Y' Gain	ambiguous	True	0.3	False	unmatched_array	False	True	False	-0.03
SRR33298420.148151	chr8L	Y' Gain	chr8	True	0.33	False		Y' Gain	ambiguous	True	0.3	False	unmatched_array	False	True	False	-0.03
SRR33298420.73165	chr8L	Y' Gain	chr8	True	0.33	False		Y' Gain	ambiguous	True	0.3	False	unmatched_array	False	True	False	-0.03
SRR33298420.461619	chr8L	Y' Gain	chr8	True	0.33	False		Y' Gain	ambiguous	True	0.3	False	unmatched_array	False	True	False	-0.03
SRR33298420.459264	chr8L	Y' Gain	chr8	True	0.33	False		Y' Gain	ambiguous	True	0.3	False	unmatched_array	False	True	False	-0.03
SRR33298420.557021	chr8L	1st Y' Change	chr8	True	0.3	False		1st Y' Change	ambiguous	True	0.3	False	unmatched_array	False	True	False	0.0
SRR33298420.138316	chr8L	1st Y' Change	chr8	True	0.3	False		1st Y' Change	ambiguous	True	0.3	False	unmatched_array	False	True	False	0.0
SRR33298420.281185	chr8L	Y' Gain	chr8	True	0.33	False		Y' Gain	ambiguous	True	0.3	False	donor_transfer_candidates:4	False	True	False	-0.03
SRR33298420.204413	chr8L	Y' Gain	chr8	True	0.33	False		Y' Gain	ambiguous	True	0.3	False	donor_transfer_candidates:4	False	True	False	-0.03
SRR33298420.556561	chr8L	Y' Gain	chr8	True	0.33	False		Y' Gain	ambiguous	True	0.3	False	donor_transfer_candidates:4	False	True	False	-0.03
SRR33298420.244698	chr8L	Y' Gain	chr8	True	0.33	False		Y' Gain	ambiguous	True	0.3	False	donor_transfer_candidates:4	False	True	False	-0.03
SRR33298420.16064	chr8L	Y' Gain	chr8	True	0.33	False		Y' Gain	ambiguous	True	0.3	False	donor_transfer_candidates:4	False	True	False	-0.03
SRR33298420.500794	chr8L	Y' Gain	chr8	True	0.33	False		Y' Gain	ambiguous	True	0.3	False	donor_transfer_candidates:4	False	True	False	-0.03
SRR33298420.421501	chr8L	Y' Gain	chr8	True	0.33	False		Y' Gain	ambiguous	True	0.3	False	donor_transfer_candidates:4	False	True	False	-0.03
SRR33298420.259952	chr8L	Y' Gain	chr5	True	0.3	False		Y' Gain	chr14L	True	0.44	False	donor_transfer	False	True	False	0.14
SRR33298420.64386	chr8L	Y' Gain	chr5	True	0.3	False		Y' Gain	chr14L	True	0.44	False	donor_transfer	False	True	False	0.14
SRR33298420.11340	chr8L	Y' Gain	chr8	True	0.33	False		Y' Gain	chr14L	True	0.44	False	donor_transfer	False	True	False	0.11
SRR33298420.13742	chr8L	Y' Gain	chr8	True	0.33	False		Y' Gain	chr14L	True	0.44	False	donor_transfer	False	True	False	0.11
SRR33298420.469152	chr8L	1st Y' Change	ambiguous	True	0.3	False		1st Y' Change	chr14L	True	0.44	False	donor_transfer	False	True	False	0.14
SRR33298420.10053	chr8L	Y' Gain	chr8	True	0.33	False		Y' Gain	ambiguous	True	0.3	False	single_y_prime_change	False	True	False	-0.03
SRR33298420.313106	chr8L	Y' Gain	chr8	True	0.33	False		Y' Gain	ambiguous	True	0.3	False	single_y_prime_change	False	True	False	-0.03
SRR33298420.149999	chr8L	Y' Gain	chr8	True	0.33	False		Y' Gain	ambiguous	True	0.3	False	single_y_prime_change	False	True	False	-0.03
SRR33298420.2761	chr8L	Y' Gain	chr8	True	0.33	False		Y' Gain	ambiguous	True	0.3	False	single_y_prime_change	False	True	False	-0.03
SRR33298420.414988	chr8L	Y' Gain	chr8	True	0.33	False		Y' Gain	ambiguous	True	0.3	False	single_y_prime_change	False	True	False	-0.03
SRR33298420.541152	chr8L	Y' Gain	chr8	True	0.33	False		Y' Gain	ambiguous	True	0.3	False	single_y_prime_change	False	True	False	-0.03
SRR33298420.41810	chr8L	Y' Gain	chr8	True	0.33	False		Y' Gain	ambiguous	True	0.3	False	single_y_prime_change	False	True	False	-0.03
SRR33298420.469151	chr8L	1st Y' Change	chr8	True	0.3	False		1st Y' Change	chr14L	True	0.44	False	donor_transfer	False	True	False	0.14
SRR33298420.448732	chr8L	Y' Gain	chr8	True	0.33	False		Y' Gain	ambiguous	True	0.3	False	single_y_prime_change	False	True	False	-0.03
SRR33298420.1057	chr8L	Y' Gain	chr8	True	0.33	False		Y' Gain	ambiguous	True	0.3	False	single_y_prime_change	False	True	False	-0.03
SRR33298420.34759	chr8L	1st Y' Change	chr8	True	0.3	False		1st Y' Change	ambiguous	True	0.3	False	unmatched_array	False	True	False	0.0
SRR33298420.359522	chr8L	Y' Gain	chr8	True	0.33	False		Y' Gain	ambiguous	True	0.3	False	single_y_prime_change	False	True	False	-0.03
SRR33298420.547270	chr8L	Y' Gain	chr8	True	0.33	False		Y' Gain	ambiguous	True	0.3	False	single_y_prime_change	False	True	False	-0.03
SRR33298420.430717	chr8L	Y' Gain	chr8	True	0.33	False		Y' Gain	ambiguous	True	0.3	False	single_y_prime_change	False	True	False	-0.03
SRR33298420.427450	chr8L	Y' Gain	chr8	True	0.33	False		Y' Gain	ambiguous	True	0.3	False	single_y_prime_change	False	True	False	-0.03
SRR33298420.75236	chr8L	Y' Gain	chr8	True	0.33	False		Y' Gain	ambiguous	True	0.3	False	single_y_prime_change	False	True	False	-0.03
SRR33298420.325390	chr8L	Y' Gain	chr8	True	0.33	False		Y' Gain	ambiguous	True	0.3	False	single_y_prime_change	False	True	False	-0.03
SRR33298420.349465	chr8L	Y' Gain	chr8	True	0.33	False		Y' Gain	ambiguous	True	0.3	False	single_y_prime_change	False	True	False	-0.03
SRR33298420.539402	chr8L	Y' Gain	chr8	True	0.33	False		Y' Gain	ambiguous	True	0.3	False	single_y_prime_change	False	True	False	-0.03
SRR33298420.30642	chr8L	Y' Gain	chr8	True	0.33	False		Y' Gain	ambiguous	True	0.3	False	single_y_prime_change	False	True	False	-0.03
SRR33298420.430629	chr8L	Y' Gain	chr8	True	0.33	False		Y' Gain	ambiguous	True	0.3	False	single_y_prime_change	False	True	False	-0.03
SRR33298420.567334	chr8L	Y' Gain	chr8	True	0.33	False		Y' Gain	ambiguous	True	0.3	False	single_y_prime_change	False	True	False	-0.03
SRR33298420.525886	chr8L	Y' Gain	chr8	True	0.33	False		Y' Gain	ambiguous	True	0.3	False	single_y_prime_change	False	True	False	-0.03
SRR33298420.11386	chr8L	Y' Gain	chr8	True	0.33	False		Y' Gain	ambiguous	True	0.3	False	single_y_prime_change	False	True	False	-0.03
SRR33298420.190835	chr8L	Y' Gain	chr8	True	0.33	False		Y' Gain	ambiguous	True	0.3	False	single_y_prime_change	False	True	False	-0.03
SRR33298420.359234	chr8L	Y' Gain	chr8	True	0.33	False		Y' Gain	ambiguous	True	0.3	False	single_y_prime_change	False	True	False	-0.03
SRR33298420.149234	chr8L	Y' Gain	chr8	True	0.33	False		Y' Gain	ambiguous	True	0.3	False	single_y_prime_change	False	True	False	-0.03
SRR33298420.273390	chr8L	Y' Gain	chr8	True	0.33	False		Y' Gain	ambiguous	True	0.3	False	single_y_prime_change	False	True	False	-0.03
SRR33298420.81401	chr8L	Y' Gain	chr8	True	0.33	False		Y' Gain	ambiguous	True	0.3	False	single_y_prime_change	False	True	False	-0.03
SRR33298420.312235	chr8L	Y' Gain	chr8	True	0.33	False		Y' Gain	ambiguous	True	0.3	False	single_y_prime_change	False	True	False	-0.03
SRR33298420.173761	chr8L	Y' Gain	chr8	True	0.33	False		Y' Gain	ambiguous	True	0.3	False	single_y_prime_change	False	True	False	-0.03
SRR33298420.280042	chr8L	Y' Gain	chr8	True	0.33	False		Y' Gain	ambiguous	True	0.3	False	single_y_prime_change	False	True	False	-0.03
SRR33298420.151526	chr8L	Y' Gain	chr8	True	0.33	False		Y' Gain	ambiguous	True	0.3	False	single_y_prime_change	False	True	False	-0.03
SRR33298420.322996	chr8L	Y' Gain	chr8	True	0.33	False		Y' Gain	ambiguous	True	0.3	False	single_y_prime_change	False	True	False	-0.03
SRR33298420.520238	chr8L	Y' Gain	chr8	True	0.33	False		Y' Gain	ambiguous	True	0.3	False	single_y_prime_change	False	True	False	-0.03
SRR33298420.514614	chr8L	Y' Gain	chr8	True	0.33	False		Y' Gain	ambiguous	True	0.3	False	single_y_prime_change	False	True	False	-0.03
SRR33298420.385545	chr8L	Y' Gain	chr8	True	0.33	False		Y' Gain	ambiguous	True	0.3	False	single_y_prime_change	False	True	False	-0.03
SRR33298420.479111	chr8L	Y' Gain	chr8	True	0.33	False		Y' Gain	ambiguous	True	0.3	False	single_y_prime_change	False	True	False	-0.03
SRR33298420.523079	chr8R	Y' Gain	chr8	True	0.33	False		Y' Gain	ambiguous	True	0.3	False	donor_transfer_candidates:4	False	True	False	-0.03
SRR33298420.469368	chr8R	1st Y' Change	chr8	True	0.3	False		1st Y' Change	ambiguous	True	0.3	False	donor_transfer_candidates:4	False	True	False	0.0
SRR33298420.332533	chr8R	Y' Gain	chr8	True	0.33	False		Y' Gain	ambiguous	True	0.3	False	donor_transfer_candidates:4	False	True	False	-0.03
SRR33298420.265675	chr8R	Y' Gain	chr8	True	0.33	False		Y' Gain	ambiguous	True	0.3	False	unmatched_array	False	True	False	-0.03
SRR33298420.553953	chr8R	Y' Gain	chr8	True	0.33	False		Y' Gain	ambiguous	True	0.3	False	unmatched_array	False	True	False	-0.03
SRR33298420.503034	chr8R	Y' Gain	chr8	True	0.33	False		Y' Gain	chr12R	True	0.33	False	donor_transfer_candidates:2	False	True	False	0.0
SRR33298420.333507	chr8R	Y' Gain	chr8	True	0.33	False		Y' Gain	ambiguous	True	0.3	False	unmatched_array	False	True	False	-0.03
SRR33298420.383302	chr8R	Y' Gain	chr8	True	0.33	False		Y' Gain	ambiguous	True	0.3	False	donor_transfer_candidates:4	False	True	False	-0.03
SRR33298420.317866	chr8R	Y' Gain	chr8	True	0.33	False		Y' Gain	ambiguous	True	0.3	False	donor_transfer_candidates:4	False	True	False	-0.03
SRR33298420.526684	chr8R	Y' Gain	chr12	True	0.33	False		Y' Gain	chr12L	True	0.33	False	unmatched_array	False	True	False	0.0
SRR33298420.174415	chr8R	Y' Gain	chr12	True	0.33	False		Y' Gain	chr12L	True	0.33	False	unmatched_array	False	True	False	0.0
SRR33298420.352546	chr8R	Y' Gain	chr12	True	0.33	False		Y' Gain	chr12R	True	0.33	False	donor_transfer_candidates:2	False	True	False	0.0
SRR33298420.8873	chr8R	Y' Gain	chr12	True	0.33	False		Y' Gain	chr12R	True	0.33	False	donor_transfer_candidates:2	False	True	False	0.0
SRR33298420.8874	chr8R	Y' Gain	chr12	True	0.33	False		Y' Gain	chr12R	True	0.33	False	donor_transfer_candidates:2	False	True	False	0.0
SRR33298420.236948	chr8R	1st Y' Change	chr4	True	0.3	False		1st Y' Change	chr4R	True	0.33	False	donor_transfer_candidates:2	False	True	False	0.03
SRR33298420.165731	chr8R	Y' Gain	chr12	True	0.33	False		Y' Gain	chr12R	True	0.33	False	donor_transfer_candidates:3	False	True	False	0.0
SRR33298420.64050	chr8R	Y' Gain	chr12	True	0.33	False		Y' Gain	chr14L	True	0.66	False	donor_transfer	False	True	False	0.33
SRR33298420.510803	chr8R	Y' Gain	chr12	True	0.33	False		Y' Gain	chr12L	True	0.33	False	unmatched_array	False	True	False	0.0
SRR33298420.516886	chr8R	Y' Gain	chr12	True	0.33	False		Y' Gain	chr12L	True	0.33	False	unmatched_array	False	True	False	0.0
SRR33298420.76468	chr8R	Y' Gain	chr12	True	0.33	False		Y' Gain	chr12L	True	0.33	False	unmatched_array	False	True	False	0.0
SRR33298420.363446	chr8R	Y' Gain	chr12	True	0.33	False		Y' Gain	chr12L	True	0.33	False	unmatched_array	False	True	False	0.0
SRR33298420.297540	chr8R	1st Y' Change	chr14	True	0.33	False		1st Y' Change	chr14L	True	0.33	False	donor_transfer_candidates:4	False	True	False	0.0
SRR33298420.494028	chr8R	1st Y' Change	chr14	True	0.33	False		1st Y' Change	chr14L	True	0.33	False	donor_transfer_candidates:4	False	True	False	0.0
SRR33298420.15310	chr8R	1st Y' Change	chr14	True	0.33	False		1st Y' Change	chr14L	True	0.33	False	donor_transfer_candidates:4	False	True	False	0.0
SRR33298420.395850	chr9L	Y' Gain	chr9	True	0.33	False		Y' Gain	ambiguous	True	0.3	False	unmatched_array	False	True	False	-0.03
SRR33298420.357529	chr9L	Y' Gain	chr9	True	0.33	False		Y' Gain	chr14L	True	0.44	False	donor_transfer	False	True	False	0.11
SRR33298420.246810	chr9L	Y' Gain	chr9	True	0.33	False		Y' Gain	ambiguous	True	0.3	False	unmatched_array	False	True	False	-0.03
SRR33298420.526617	chr9L	Y' Gain	chr9	True	0.33	False		Y' Gain	ambiguous	True	0.3	False	donor_transfer_candidates:4	False	True	False	-0.03
SRR33298420.229315	chr9L	Y' Gain	chr9	True	0.33	False		Y' Gain	chr12R	True	0.33	False	donor_transfer_candidates:2	False	True	False	0.0
SRR33298420.235136	chr9L	Y' Gain	chr9	True	0.33	False		Y' Gain	chr12R	True	0.33	False	donor_transfer_candidates:3	False	True	False	0.0
SRR33298420.392752	chr9L	1st Y' Change	chr9	True	0.3	False		1st Y' Change	chr14L	True	0.44	False	donor_transfer	False	True	False	0.14
SRR33298420.570227	chr9L	Y' Gain	chr9	True	0.33	False		Y' Gain	chr12R	True	0.33	False	donor_transfer_candidates:2	False	True	False	0.0
SRR33298420.357291	chr9L	Y' Gain	chr9	True	0.33	False		Y' Gain	ambiguous	True	0.3	False	donor_transfer_candidates:4	False	True	False	-0.03
SRR33298420.354523	chr9L	Y' Gain	chr9	True	0.33	False		Y' Gain	chr12R	True	0.33	False	donor_transfer_candidates:2	False	True	False	0.0
SRR33298420.172330	chr9L	Y' Gain	chr9	True	0.33	False		Y' Gain	ambiguous	True	0.3	False	unmatched_array	False	True	False	-0.03
SRR33298420.172331	chr9L	Y' Gain	chr9	True	0.33	False		Y' Gain	ambiguous	True	0.3	False	unmatched_array	False	True	False	-0.03
SRR33298420.290519	chr9L	Y' Gain	chr9	True	0.33	False		Y' Gain	ambiguous	True	0.3	False	unmatched_array	False	True	False	-0.03
SRR33298420.249949	chr9L	Y' Gain	chr9	True	0.33	False		Y' Gain	ambiguous	True	0.3	False	donor_transfer_candidates:4	False	True	False	-0.03
SRR33298420.331726	chr9L	1st Y' Change	chr9	True	0.0026	False		1st Y' Change	chr14L	True	0.0029	False	subtelomere_switch	False	True	False	0.0
SRR33298420.525653	chr9L	1st Y' Change	chr9	True	0.3	False		1st Y' Change	chr14L	True	0.44	False	donor_transfer	False	True	False	0.14
SRR33298420.284854	chr9L	Y' Gain	chr9	True	0.33	False		Y' Gain	chr14L	True	0.66	False	donor_transfer	False	True	False	0.33
SRR33298420.156759	chr9L	Y' Gain	chr9	True	0.33	False		Y' Gain	chr12R	True	0.33	False	donor_transfer_candidates:2	False	True	False	0.0
SRR33298420.189797	chr9L	Y' Gain	chr9	True	0.33	False		Y' Gain	chr12R	True	0.33	False	donor_transfer_candidates:2	False	True	False	0.0
SRR33298420.275982	chr9L	Y' Gain	chr9	True	0.33	False		Y' Gain	chr12R	True	0.33	False	donor_transfer_candidates:2	False	True	False	0.0
SRR33298420.515823	chr9L	Y' Gain	chr9	True	0.33	False		Y' Gain	chr12R	True	0.33	False	donor_transfer_candidates:2	False	True	False	0.0
SRR33298420.284894	chr9L	Y' Gain	chr9	True	0.33	False		Y' Gain	ambiguous	True	0.3	False	unmatched_array	False	True	False	-0.03
SRR33298420.274448	chr9L	Y' Gain	chr9	True	0.33	False		Y' Gain	ambiguous	True	0.3	False	donor_transfer_candidates:4	False	True	False	-0.03
SRR33298420.15292	chr9L	1st Y' Change	chr9	True	0.3	False		1st Y' Change	ambiguous	True	0.3	False	unmatched_array	False	True	False	0.0
SRR33298420.500394	chr9L	1st Y' Change	chr12	True	0.3	False		1st Y' Change	chr14L	True	0.66	False	donor_transfer	False	True	False	0.36
SRR33298420.483823	chr9L	Y' Gain	chr12	True	0.3	False		Y' Gain	chr14L	True	0.44	False	donor_transfer	False	True	False	0.14
SRR33298420.539185	chr9L	Y' Gain	chr12	True	0.3	False		Y' Gain	chr12R	True	0.33	False	donor_transfer_candidates:3	False	True	False	0.03
SRR33298420.250976	chr9L	1st Y' Change	chr12	True	0.3	False		1st Y' Change	chr14L	True	0.44	False	donor_transfer	False	True	False	0.14
SRR33298420.294911	chr9L	1st Y' Change	chr12	True	0.33	False		1st Y' Change	chr12L	True	0.33	False	unmatched_array	False	True	False	0.0
SRR33298420.139276	chr9R	Y' Gain	chr12R	True	-0.0027	True		Y' Gain	chr14L	True	-0.0027	True	subtelomere_switch	False	True	False	0.0
SRR33298420.284522	chr9R	Y' Gain	chr12R	True	-0.0013	True		Y' Gain	chr4R	True	-0.0021	False	subtelomere_switch	False	True	False	-0.001
SRR33298420.293810	chr9R	Y' Gain	chr14L	True	-0.002	True		Y' Gain	chr12R	True	-0.0032	False	subtelomere_switch	False	True	False	-0.001
SRR33298420.189310	chr9R	Y' Gain	chr4R	True	-0.0001	True		Y' Gain	chr14L	True	-0.0001	True	subtelomere_switch	False	True	False	0.0
SRR33298420.568086	chr9R	Y' Gain	chr9	True	0.3	False		Y' Gain	chr12R	True	0.33	False	donor_transfer_candidates:2	False	True	False	0.03
SRR33298420.140812	chr9R	Y' Gain	chr9	True	0.3	False		Y' Gain	chr14L	True	0.66	False	donor_transfer	False	True	False	0.36
SRR33298420.362903	chr9R	Y' Gain	chr9	True	0.3	False		Y' Gain	chr14L	True	0.44	False	donor_transfer	False	True	False	0.14
SRR33298420.274570	chr9R	Y' Gain	chr9	True	0.3	False		Y' Gain	ambiguous	True	0.3	False	unmatched_array	False	True	False	0.0
SRR33298420.350147	chr9R	Y' Gain	chr9	True	0.3	False		Y' Gain	ambiguous	True	0.3	False	unmatched_array	False	True	False	0.0
SRR33298420.231206	chr9R	Y' Gain	chr9	True	0.3	False		Y' Gain	ambiguous	True	0.3	False	unmatched_array	False	True	False	0.0
SRR33298420.307715	chr9R	Y' Gain	chr9	True	0.3	False		Y' Gain	chr14L	True	0.44	False	donor_transfer	False	True	False	0.14
SRR33298420.307335	chr9R	Y' Gain	chr9	True	0.3	False		Y' Gain	chr12R	True	0.33	False	donor_transfer_candidates:2	False	True	False	0.03
SRR33298420.413881	chr9R	Y' Gain	chr9	True	0.3	False		Y' Gain	chr12R	True	0.33	False	donor_transfer_candidates:2	False	True	False	0.03
SRR33298420.466243	chr9R	Y' Gain	chr9	True	0.3	False		Y' Gain	chr12R	True	0.33	False	donor_transfer_candidates:2	False	True	False	0.03
SRR33298420.265510	chr9R	Y' Gain	chr9	True	0.3	False		Y' Gain	chr14L	True	0.66	False	donor_transfer	False	True	False	0.36
SRR33298420.253569	chr9R	Y' Gain	chr12R	True	-0.0015	True		Y' Gain	chr14L	True	-0.0015	True	subtelomere_switch	False	True	False	0.0
SRR33298420.356440	chr9R	Y' Gain	chr9	True	0.3	False		Y' Gain	chr14L	True	0.44	False	donor_transfer	False	True	False	0.14
SRR33298420.521856	chr9R	Y' Gain	chr9	True	0.3	False		Y' Gain	chr14L	True	0.44	False	donor_transfer	False	True	False	0.14
SRR33298420.321680	chr9R	Y' Gain	chr9	True	0.3	False		Y' Gain	chr12R	True	0.33	False	donor_transfer_candidates:3	False	True	False	0.03
SRR33298420.238435	chr9R	Y' Gain	chr9	True	0.3	False		Y' Gain	chr12R	True	0.33	False	donor_transfer_candidates:3	False	True	False	0.03
SRR33298420.567116	chr9R	Y' Gain	chr9	True	0.3	False		Y' Gain	ambiguous	True	0.3	False	unmatched_array	False	True	False	0.0
SRR33298420.131003	chr9R	Y' Gain	chr9	True	0.3	False		Y' Gain	chr14L	True	0.66	False	donor_transfer	False	True	False	0.36
SRR33298420.245829	chr9R	Y' Gain	chr9	True	0.3	False		Y' Gain	chr14L	True	0.44	False	donor_transfer	False	True	False	0.14
SRR33298420.421911	chr9R	Y' Gain	chr9	True	0.3	False		Y' Gain	ambiguous	True	0.3	False	unmatched_array	False	True	False	0.0
SRR33298420.131853	chr9R	Y' Gain	chr9	True	0.3	False		Y' Gain	ambiguous	True	0.3	False	unmatched_array	False	True	False	0.0
SRR33298420.502796	chr9R	Y' Gain	chr9	True	0.3	False		Y' Gain	ambiguous	True	0.3	False	unmatched_array	False	True	False	0.0
SRR33298420.514615	chr9R	Y' Gain	chr9	True	0.3	False		Y' Gain	ambiguous	True	0.3	False	unmatched_array	False	True	False	0.0
SRR33298420.81189	chr9R	Y' Gain	chr9	True	0.3	False		Y' Gain	ambiguous	True	0.3	False	unmatched_array	False	True	False	0.0
SRR33298420.290557	chr9R	Y' Gain	chr9	True	0.3	False		Y' Gain	ambiguous	True	0.3	False	donor_transfer_candidates:4	False	True	False	0.0
SRR33298420.246799	chr9R	Y' Gain	chr9	True	0.3	False		Y' Gain	ambiguous	True	0.3	False	donor_transfer_candidates:4	False	True	False	0.0
SRR33298420.311681	chr9R	Y' Gain	chr9	True	0.3	False		Y' Gain	chr12R	True	0.33	False	donor_transfer_candidates:3	False	True	False	0.03
SRR33298420.247702	chr9R	Y' Gain	chr9	True	0.3	False		Y' Gain	ambiguous	True	0.3	False	unmatched_array	False	True	False	0.0
SRR33298420.436026	chr9R	Y' Gain	chr9	True	0.3	False		Y' Gain	ambiguous	True	0.3	False	donor_transfer_candidates:4	False	True	False	0.0
SRR33298420.70228	chr9R	Y' Gain	chr9	True	0.3	False		Y' Gain	ambiguous	True	0.3	False	donor_transfer_candidates:4	False	True	False	0.0
SRR33298420.551139	chr9R	Y' Gain	chr9	True	0.3	False		Y' Gain	ambiguous	True	0.3	False	donor_transfer_candidates:4	False	True	False	0.0
SRR33298420.110026	chr9R	Y' Gain	chr9	True	0.3	False		Y' Gain	ambiguous	True	0.3	False	donor_transfer_candidates:4	False	True	False	0.0
SRR33298420.553725	chr9R	Y' Gain	chr9	True	0.3	False		Y' Gain	ambiguous	True	0.3	False	donor_transfer_candidates:4	False	True	False	0.0
SRR33298420.546769	chr9R	Y' Gain	chr9	True	0.006	False		Y' Gain	ambiguous	True	0.006	False	subtelomere_switch	False	True	False	0.0
SRR33298420.175672	chr9R	Y' Gain	chr9	True	0.3	False		Y' Gain	ambiguous	True	0.3	False	unmatched_array	False	True	False	0.0
SRR33298420.187325	chr9R	Y' Gain	chr9	True	0.3	False		Y' Gain	ambiguous	True	0.3	False	donor_transfer_candidates:4	False	True	False	0.0
SRR33298420.363252	chr9R	Y' Gain	chr9	True	0.3	False		Y' Gain	ambiguous	True	0.3	False	unmatched_array	False	True	False	0.0
SRR33298420.189413	chr9R	Y' Gain	chr9	True	0.3	False		Y' Gain	ambiguous	True	0.3	False	unmatched_array	False	True	False	0.0
SRR33298420.250275	chr9R	Y' Gain	chr9	True	0.3	False		Y' Gain	ambiguous	True	0.3	False	unmatched_array	False	True	False	0.0
SRR33298420.132412	chr9R	Y' Gain	chr9	True	0.3	False		Y' Gain	ambiguous	True	0.3	False	unmatched_array	False	True	False	0.0
SRR33298420.555133	chr9R	Y' Gain	chr9	True	0.3	False		Y' Gain	ambiguous	True	0.3	False	unmatched_array	False	True	False	0.0
SRR33298420.188325	chr9R	Y' Gain	chr9	True	0.3	False		Y' Gain	chr14L	True	0.66	False	donor_transfer	False	True	False	0.36
SRR33298420.152078	chr9R	Y' Gain	chr9	True	0.3	False		Y' Gain	ambiguous	True	0.3	False	unmatched_array	False	True	False	0.0
SRR33298420.65038	chr9R	Y' Gain	chr9	True	0.3	False		Y' Gain	chr14L	True	0.44	False	donor_transfer	False	True	False	0.14
SRR33298420.222946	chr9R	Y' Gain	chr9	True	0.3	False		Y' Gain	chr14L	True	0.44	False	donor_transfer	False	True	False	0.14
SRR33298420.527981	chr9R	Y' Gain	chr9	True	0.3	False		Y' Gain	ambiguous	True	0.3	False	unmatched_array	False	True	False	0.0
SRR33298420.274731	chr9R	Y' Gain	chr9	True	0.3	False		Y' Gain	ambiguous	True	0.3	False	unmatched_array	False	True	False	0.0
SRR33298420.282670	chr9R	Y' Gain	chr9	True	0.3	False		Y' Gain	ambiguous	True	0.3	False	unmatched_array	False	True	False	0.0
SRR33298420.397885	chr9R	Y' Gain	chr14	True	0.33	False		Y' Gain	chr14L	True	0.33	False	donor_transfer_candidates:4	False	True	False	0.0
SRR33298420.466894	chr9R	Y' Gain	chr14	True	0.33	False		Y' Gain	chr14R	True	0.33	False	unmatched_array	False	True	False	0.0
SRR33298420.21011	chr9R	Y' Gain	chr14	True	0.33	False		Y' Gain	chr14R	True	0.33	False	unmatched_array	False	True	False	0.0
SRR33298420.505819	chr9R	Y' Gain	chr14	True	0.33	False		Y' Gain	chr14R	True	0.33	False	unmatched_array	False	True	False	0.0
SRR33298420.314640	chr9R	Y' Gain	chr14	True	0.33	False		Y' Gain	chr14R	True	0.33	False	unmatched_array	False	True	False	0.0
SRR33298420.158729	chr9R	Y' Gain	chr14	True	0.33	False		Y' Gain	chr14R	True	0.33	False	unmatched_array	False	True	False	0.0
SRR33298420.465215	chr9R	Y' Gain	chr14	True	0.33	False		Y' Gain	chr14R	True	0.33	False	unmatched_array	False	True	False	0.0
SRR33298420.30283	chr9R	Y' Gain	chr14	True	0.33	False		Y' Gain	chr14R	True	0.33	False	unmatched_array	False	True	False	0.0
SRR33298420.60595	chr9R	Y' Gain	chr14	True	0.33	False		Y' Gain	chr14R	True	0.33	False	unmatched_array	False	True	False	0.0
SRR33298420.107670	chr9R	Y' Gain	chr14	True	0.33	False		Y' Gain	chr14R	True	0.33	False	unmatched_array	False	True	False	0.0
SRR33298420.249907	chr9R	Y' Gain	chr14	True	0.33	False		Y' Gain	chr14R	True	0.33	False	unmatched_array	False	True	False	0.0
SRR33298420.414831	chr9R	Y' Gain	chr14	True	0.33	False		Y' Gain	chr14R	True	0.33	False	unmatched_array	False	True	False	0.0
SRR33298420.67453	chr9R	Y' Gain	chr14	True	0.33	False		Y' Gain	chr14L	True	0.33	False	unmatched_array	False	True	False	0.0
SRR33298420.364635	chr9R	Y' Gain	chr14	True	0.0015	False		Y' Gain	chr14L	True	0.0015	False	subtelomere_switch	False	True	False	0.0
SRR33298420.247568	chr9R	Y' Gain	chr14	True	0.33	False		Y' Gain	chr14L	True	0.33	False	unmatched_array	False	True	False	0.0
SRR33298420.303970	chr9R	Y' Gain	chr14	True	0.33	False		Y' Gain	chr14L	True	0.33	False	unmatched_array	False	True	False	0.0
SRR33298420.503356	chr9R	Y' Gain	chr14	True	0.33	False		Y' Gain	chr14L	True	0.33	False	unmatched_array	False	True	False	0.0
SRR33298420.185860	chr9R	Y' Gain	chr14	True	0.33	False		Y' Gain	chr14L	True	0.33	False	unmatched_array	False	True	False	0.0
SRR33298420.192999	chr9R	Y' Gain	chr14	True	0.33	False		Y' Gain	chr14L	True	0.33	False	unmatched_array	False	True	False	0.0
SRR33298420.400441	chr9R	Y' Gain	chr14	True	0.33	False		Y' Gain	chr14L	True	0.33	False	unmatched_array	False	True	False	0.0
SRR33298420.36474	chr9R	Y' Gain	chr9	True	0.0017	False		Y' Gain	ambiguous	True	0.0017	False	subtelomere_switch	False	True	False	0.0
SRR33298420.240852	chr9R	Y' Gain	chr14	True	0.33	False		Y' Gain	chr14R	True	0.33	False	unmatched_array	False	True	False	0.0
SRR33298420.249854	chr9R	Y' Gain	chr14	True	0.33	False		Y' Gain	chr14L	True	0.33	False	unmatched_array	False	True	False	0.0
SRR33298420.522674	chr9R	Y' Gain	chr14	True	0.33	False		Y' Gain	chr14R	True	0.33	False	unmatched_array	False	True	False	0.0
SRR33298420.11262	chr9R	Y' Gain	chr14	True	0.33	False		Y' Gain	chr14L	True	0.33	False	unmatched_array	False	True	False	0.0
SRR33298420.248768	chr9R	Y' Gain	chr14	True	0.33	False		Y' Gain	chr14R	True	0.33	False	unmatched_array	False	True	False	0.0
SRR33298420.411722	chr9R	Y' Gain	chr14	True	0.0042	False		Y' Gain	chr14L	True	0.0042	False	subtelomere_switch	False	True	False	0.0
SRR33298420.272366	chr9R	Y' Gain	chr14	True	0.33	False		Y' Gain	chr14R	True	0.33	False	unmatched_array	False	True	False	0.0
SRR33298420.50011	chr9R	Y' Gain	chr14	True	0.33	False		Y' Gain	chr14R	True	0.33	False	unmatched_array	False	True	False	0.0
SRR33298420.329661	chr9R	Y' Gain	chr14	True	0.33	False		Y' Gain	chr14R	True	0.33	False	unmatched_array	False	True	False	0.0
SRR33298420.501218	chr9R	Y' Gain	chr14	True	0.33	False		Y' Gain	chr14L	True	0.33	False	unmatched_array	False	True	False	0.0
SRR33298420.238374	chr9R	Y' Gain	chr14	True	0.33	False		Y' Gain	chr14R	True	0.33	False	unmatched_array	False	True	False	0.0
SRR33298420.467878	chr9R	Y' Gain	chr14	True	0.33	False		Y' Gain	chr14R	True	0.33	False	unmatched_array	False	True	False	0.0
SRR33298420.166158	chr9R	Y' Gain	chr14	True	0.33	False		Y' Gain	chr14L	True	0.33	False	unmatched_array	False	True	False	0.0
SRR33298420.451716	chr9R	Y' Gain	chr14	True	0.33	False		Y' Gain	chr14L	True	0.33	False	unmatched_array	False	True	False	0.0
SRR33298420.83465	chr9R	Y' Gain	chr14	True	0.33	False		Y' Gain	chr14R	True	0.33	False	unmatched_array	False	True	False	0.0
SRR33298420.41615	chr9R	Y' Gain	chr14	True	0.33	False		Y' Gain	chr14R	True	0.33	False	unmatched_array	False	True	False	0.0
SRR33298420.149649	chr9R	Y' Gain	chr14	True	0.33	False		Y' Gain	chr14R	True	0.33	False	unmatched_array	False	True	False	0.0
SRR33298420.503176	chr9R	Y' Gain	chr14	True	0.33	False		Y' Gain	chr14R	True	0.33	False	unmatched_array	False	True	False	0.0
SRR33298420.502538	chr9R	Y' Gain	chr14	True	0.0069	False		Y' Gain	chr14R	True	0.0069	False	subtelomere_switch	False	True	False	0.0
SRR33298420.538499	chr9R	Y' Gain	chr14	True	0.3	False		Y' Gain	chr14L	True	0.44	False	donor_transfer	False	True	False	0.14
SRR33298420.534322	chr9R	Y' Gain	chr14	True	0.33	False		Y' Gain	chr14R	True	0.33	False	single_y_prime_change	False	True	False	0.0
SRR33298420.246580	chr9R	Y' Gain	chr14	True	0.33	False		Y' Gain	chr14R	True	0.33	False	single_y_prime_change	False	True	False	0.0
SRR33298420.14900	chr9R	Y' Gain	chr14	True	-0.0017	False		Y' Gain	chr14L	True	-0.0017	False	subtelomere_switch	False	True	False	0.0
SRR33298420.222118	chr9R	Y' Gain	chr14	True	0.33	False		Y' Gain	chr14L	True	0.33	False	single_y_prime_change	False	True	False	0.0
SRR33298420.125022	chr9R	Y' Gain	chr14	True	0.33	False		Y' Gain	chr14R	True	0.33	False	single_y_prime_change	False	True	False	0.0
SRR33298420.306381	chr9R	Y' Gain	chr14	True	0.33	False		Y' Gain	chr14L	True	0.33	False	single_y_prime_change	False	True	False	0.0
SRR33298420.393400	chr9R	Y' Gain	chr14	True	0.33	False		Y' Gain	chr14R	True	0.33	False	single_y_prime_change	False	True	False	0.0
SRR33298420.490472	chr9R	Y' Gain	chr14	True	-0.0064	False		Y' Gain	chr14R	True	-0.0064	False	subtelomere_switch	False	True	False	0.0
SRR33298420.120024	chr9R	Y' Gain	chr14	True	0.33	False		Y' Gain	chr14R	True	0.33	False	single_y_prime_change	False	True	False	0.0
SRR33298420.250306	chr9R	Y' Gain	chr14	True	0.33	False		Y' Gain	chr14L	True	0.33	False	single_y_prime_change	False	True	False	0.0
SRR33298420.155766	chr9R	Y' Gain	chr14	True	0.33	False		Y' Gain	chr14R	True	0.33	False	single_y_prime_change	False	True	False	0.0
SRR33298420.86946	chr9R	Y' Gain	chr14	True	0.33	False		Y' Gain	chr14L	True	0.33	False	single_y_prime_change	False	True	False	0.0
SRR33298420.26395	chr9R	Y' Gain	chr14	True	0.0037	False		Y' Gain	chr14R	True	0.0037	False	subtelomere_switch	False	True	False	0.0
SRR33298420.47725	chr9R	Y' Gain	chr14	True	0.33	False		Y' Gain	chr14R	True	0.33	False	single_y_prime_change	False	True	False	0.0
SRR33298420.7763	chr9R	Y' Gain	chr14	True	0.33	False		Y' Gain	chr14R	True	0.33	False	single_y_prime_change	False	True	False	0.0
SRR33298420.310203	chr9R	Y' Gain	chr14	True	0.33	False		Y' Gain	chr14R	True	0.33	False	single_y_prime_change	False	True	False	0.0
SRR33298420.387927	chr9R	Y' Gain	chr14	True	0.33	False		Y' Gain	chr14R	True	0.33	False	single_y_prime_change	False	True	False	0.0
SRR33298420.457356	chr9R	Y' Gain	chr14	True	0.33	False		Y' Gain	chr14R	True	0.33	False	single_y_prime_change	False	True	False	0.0
SRR33298420.382423	chr9R	Y' Gain	chr14	True	0.33	False		Y' Gain	chr14R	True	0.33	False	single_y_prime_change	False	True	False	0.0
SRR33298420.197575	chr9R	Y' Gain	chr14	True	0.0015	False		Y' Gain	chr14L	True	0.0015	False	subtelomere_switch	False	True	False	0.0
SRR33298420.500983	chr9R	Y' Gain	chr14	True	0.33	False		Y' Gain	chr14R	True	0.33	False	single_y_prime_change	False	True	False	0.0
SRR33298420.285529	chr9R	Y' Gain	chr14	True	0.33	False		Y' Gain	chr14R	True	0.33	False	single_y_prime_change	False	True	False	0.0
SRR33298420.302979	chr9R	Y' Gain	chr14	True	0.33	False		Y' Gain	chr14R	True	0.33	False	single_y_prime_change	False	True	False	0.0
SRR33298420.111512	chr9R	Y' Gain	chr14	True	0.33	False		Y' Gain	chr14R	True	0.33	False	single_y_prime_change	False	True	False	0.0
SRR33298420.208946	chr9R	Y' Gain	chr14	True	0.33	False		Y' Gain	chr14R	True	0.33	False	single_y_prime_change	False	True	False	0.0
SRR33298420.213274	chr9R	Y' Gain	chr14	True	0.33	False		Y' Gain	chr14R	True	0.33	False	single_y_prime_change	False	True	False	0.0
SRR33298420.123143	chr9R	Y' Gain	chr14	True	0.33	False		Y' Gain	chr14R	True	0.33	False	single_y_prime_change	False	True	False	0.0
SRR33298420.460139	chr9R	Y' Gain	chr14	True	0.33	False		Y' Gain	chr14R	True	0.33	False	single_y_prime_change	False	True	False	0.0
SRR33298420.364616	chr9R	Y' Gain	chr14	True	0.33	False		Y' Gain	chr14R	True	0.33	False	single_y_prime_change	False	True	False	0.0
SRR33298420.148781	chr9R	Y' Gain	chr14	True	0.33	False		Y' Gain	chr14R	True	0.33	False	single_y_prime_change	False	True	False	0.0
SRR33298420.264130	chr9R	Y' Gain	chr14	True	0.0146	False		Y' Gain	chr14R	True	0.0146	False	subtelomere_switch	False	True	False	0.0
SRR33298420.306229	chr9R	Y' Gain	chr14	True	0.33	False		Y' Gain	chr14R	True	0.33	False	single_y_prime_change	False	True	False	0.0
SRR33298420.156351	chr9R	Y' Gain	chr14	True	0.33	False		Y' Gain	chr14R	True	0.33	False	single_y_prime_change	False	True	False	0.0
SRR33298420.395420	chr9R	Y' Gain	chr14	True	0.33	False		Y' Gain	chr14R	True	0.33	False	single_y_prime_change	False	True	False	0.0
SRR33298420.218041	chr9R	Y' Gain	chr14	True	0.33	False		Y' Gain	chr14R	True	0.33	False	single_y_prime_change	False	True	False	0.0
SRR33298420.328699	chr9R	Y' Gain	chr14	True	0.33	False		Y' Gain	chr14R	True	0.33	False	single_y_prime_change	False	True	False	0.0
SRR33298420.335868	chr9R	Y' Gain	chr14	True	0.33	False		Y' Gain	chr14R	True	0.33	False	single_y_prime_change	False	True	False	0.0
SRR33298420.112945	chr9R	Y' Gain	chr14	True	0.33	False		Y' Gain	chr14R	True	0.33	False	single_y_prime_change	False	True	False	0.0
SRR33298420.416369	chr9R	Y' Gain	chr14	True	0.33	False		Y' Gain	chr14R	True	0.33	False	single_y_prime_change	False	True	False	0.0
SRR33298420.354676	chr9R	Y' Gain	chr14	True	0.33	False		Y' Gain	chr14R	True	0.33	False	single_y_prime_change	False	True	False	0.0
SRR33298420.472085	chr9R	Y' Gain	chr14	True	0.33	False		Y' Gain	chr14R	True	0.33	False	single_y_prime_change	False	True	False	0.0
SRR33298420.173328	chr9R	Y' Gain	chr14	True	0.0147	False		Y' Gain	chr14R	True	0.0147	False	subtelomere_switch	False	True	False	0.0
SRR33298420.389806	chr9R	Y' Gain	chr14	True	0.33	False		Y' Gain	chr14R	True	0.33	False	single_y_prime_change	False	True	False	0.0
SRR33298420.501096	chr9R	Y' Gain	chr14	True	0.33	False		Y' Gain	chr14R	True	0.33	False	single_y_prime_change	False	True	False	0.0
SRR33298420.539728	chr9R	Y' Gain	chr14	True	0.33	False		Y' Gain	chr14R	True	0.33	False	single_y_prime_change	False	True	False	0.0
SRR33298420.177432	chr9R	Y' Gain	chr14	True	0.33	False		Y' Gain	chr14R	True	0.33	False	single_y_prime_change	False	True	False	0.0
SRR33298420.126621	chr9R	Y' Gain	chr14	True	0.33	False		Y' Gain	chr14R	True	0.33	False	single_y_prime_change	False	True	False	0.0
SRR33298420.257135	chr9R	Y' Gain	chr14	True	0.33	False		Y' Gain	chr14R	True	0.33	False	single_y_prime_change	False	True	False	0.0
SRR33298420.349396	chr9R	Y' Gain	chr14	True	0.33	False		Y' Gain	chr14R	True	0.33	False	single_y_prime_change	False	True	False	0.0
SRR33298420.421449	chr9R	Y' Gain	chr14	True	0.33	False		Y' Gain	chr14R	True	0.33	False	single_y_prime_change	False	True	False	0.0
SRR33298420.188208	chr9R	Y' Gain	chr14	True	0.33	False		Y' Gain	chr14R	True	0.33	False	single_y_prime_change	False	True	False	0.0
SRR33298420.557851	chr9R	Y' Gain	chr14	True	0.33	False		Y' Gain	chr14R	True	0.33	False	single_y_prime_change	False	True	False	0.0
SRR33298420.343248	chr9R	Y' Gain	chr14	True	0.33	False		Y' Gain	chr14R	True	0.33	False	single_y_prime_change	False	True	False	0.0
SRR33298420.245502	chr9R	Y' Gain	chr14	True	0.33	False		Y' Gain	chr14R	True	0.33	False	single_y_prime_change	False	True	False	0.0
SRR33298420.500305	chr9R	Y' Gain	chr14	True	0.015	False		Y' Gain	chr14R	True	0.015	False	subtelomere_switch	False	True	False	0.0
SRR33298420.206938	chr9R	Y' Gain	chr14	True	-0.0009	False		Y' Gain	chr14R	True	-0.0009	False	subtelomere_switch	False	True	False	0.0
SRR33298420.184667	chr9R	Y' Gain	chr14	True	0.33	False		Y' Gain	chr14R	True	0.33	False	single_y_prime_change	False	True	False	0.0
SRR33298420.365595	chr9R	Y' Gain	chr14	True	-0.0046	False		Y' Gain	chr14R	True	-0.0046	False	subtelomere_switch	False	True	False	0.0
SRR33298420.243225	chr9R	Y' Gain	chr14	True	0.33	False		Y' Gain	chr14R	True	0.33	False	single_y_prime_change	False	True	False	0.0
SRR33298420.349260	chr9R	Y' Gain	chr14	True	0.33	False		Y' Gain	chr14R	True	0.33	False	single_y_prime_change	False	True	False	0.0
SRR33298420.175794	chr9R	Y' Gain	chr14	True	0.33	False		Y' Gain	chr14R	True	0.33	False	single_y_prime_change	False	True	False	0.0
SRR33298420.134061	chr9R	Y' Gain	chr14	True	-0.0039	False		Y' Gain	chr14R	True	-0.0039	False	subtelomere_switch	False	True	False	0.0
SRR33298420.116076	chr9R	Y' Gain	chr14	True	0.0118	False		Y' Gain	chr14R	True	0.0118	False	subtelomere_switch	False	True	False	0.0
SRR33298420.502096	chr9R	Y' Gain	chr14	True	0.0098	False		Y' Gain	chr14R	True	0.0098	False	subtelomere_switch	False	True	False	0.0
SRR33298420.566558	chr9R	Y' Gain	chr14	True	0.33	False		Y' Gain	chr14R	True	0.33	False	single_y_prime_change	False	True	False	0.0
SRR33298420.552476	chr9R	Y' Gain	chr14	True	0.33	False		Y' Gain	chr14R	True	0.33	False	single_y_prime_change	False	True	False	0.0
SRR33298420.104471	chr9R	Y' Gain	chr14	True	0.33	False		Y' Gain	chr14R	True	0.33	False	single_y_prime_change	False	True	False	0.0
SRR33298420.440730	chr9R	Y' Gain	chr14	True	0.0116	False		Y' Gain	chr14R	True	0.0116	False	subtelomere_switch	False	True	False	0.0
SRR33298420.358772	chr9R	Y' Gain	chr14	True	0.33	False		Y' Gain	chr14R	True	0.33	False	single_y_prime_change	False	True	False	0.0
SRR33298420.64942	chr9R	Y' Gain	chr14	True	0.33	False		Y' Gain	chr14R	True	0.33	False	single_y_prime_change	False	True	False	0.0
SRR33298420.455958	chr9R	Y' Gain	chr14	True	0.33	False		Y' Gain	chr14R	True	0.33	False	single_y_prime_change	False	True	False	0.0
SRR33298420.148145	chr9R	Y' Gain	chr14	True	0.33	False		Y' Gain	chr14R	True	0.33	False	single_y_prime_change	False	True	False	0.0
SRR33298420.250725	chr9R	Y' Gain	chr14	True	0.33	False		Y' Gain	chr14R	True	0.33	False	single_y_prime_change	False	True	False	0.0
SRR33298420.234436	chr9R	Y' Gain	chr13	True	0.33	False		Y' Gain	chr13L	True	0.33	False	single_y_prime_change	False	True	False	0.0
SRR33298420.331704	chr9R	Y' Gain	chr13	True	-0.0002	False		Y' Gain	chr13L	True	-0.0002	False	subtelomere_switch	False	True	False	0.0
