read_id	chr_end	y_prime_recombination_status_a	recombination_source_a	recombination_detected_a	overall_confidence_a	is_complex_event_a	recombination_mechanism_a	y_prime_recombination_status_b	recombination_source_b	recombination_detected_b	overall_confidence_b	is_complex_event_b	recombination_mechanism_b	status_changed	source_changed	detected_changed	dconf
SRR33298416.876236	chr10L	1st Y' Change	chr10	True	0.3	False		1st Y' Change	chr14L	True	0.66	False	donor_transfer	False	True	False	0.36
SRR33298416.380021	chr10L	Y' Gain	chr10	True	0.33	False		Y' Gain	ambiguous	True	0.3	False	donor_transfer_candidates:4	False	True	False	-0.03
SRR33298416.1027247	chr10L	Y' Gain	chr4	True	0.3	False		Y' Gain	chr4R	True	0.33	False	donor_transfer_candidates:2	False	True	False	0.03
SRR33298416.1166292	chr10L	Y' Gain	chr10	True	0.33	False		Y' Gain	chr14L	True	0.66	False	donor_transfer	False	True	False	0.33
SRR33298416.916719	chr10L	Y' Gain	chr10	True	0.33	False		Y' Gain	chr12R	True	0.33	False	donor_transfer_candidates:2	False	True	False	0.0
SRR33298416.626639	chr10L	Y' Gain	chr10	True	0.33	False		Y' Gain	ambiguous	True	0.3	False	donor_transfer_candidates:4	False	True	False	-0.03
SRR33298416.227587	chr10L	Y' Gain	chr10	True	0.33	False		Y' Gain	ambiguous	True	0.3	False	unmatched_array	False	True	False	-0.03
SRR33298416.250594	chr10L	Y' Gain	chr10	True	0.33	False		Y' Gain	chr12R	True	0.33	False	donor_transfer_candidates:2	False	True	False	0.0
SRR33298416.588478	chr10L	Y' Gain	chr10	True	0.33	False		Y' Gain	ambiguous	True	0.3	False	unmatched_array	False	True	False	-0.03
SRR33298416.1031488	chr10L	Y' Gain	chr10	True	0.33	False		Y' Gain	chr14L	True	0.66	False	donor_transfer	False	True	False	0.33
SRR33298416.691033	chr10L	Y' Gain	chr10	True	0.33	False		Y' Gain	ambiguous	True	0.3	False	unmatched_array	False	True	False	-0.03
SRR33298416.1076624	chr10L	Y' Gain	chr10	True	0.33	False		Y' Gain	chr12R	True	0.33	False	donor_transfer_candidates:3	False	True	False	0.0
SRR33298416.60294	chr10L	1st Y' Change	chr10	True	0.3	False		1st Y' Change	ambiguous	True	0.3	False	donor_transfer_candidates:4	False	True	False	0.0
SRR33298416.446740	chr10L	1st Y' Change	chr12	True	0.3	False		1st Y' Change	chr12R	True	0.33	False	donor_transfer_candidates:3	False	True	False	0.03
SRR33298416.342380	chr10L	Y' Gain	chr12	True	0.3	False		Y' Gain	chr14L	True	0.44	False	donor_transfer	False	True	False	0.14
SRR33298416.1014070	chr10L	1st Y' Change	chr12	True	0.3	False		1st Y' Change	chr14L	True	0.44	False	donor_transfer	False	True	False	0.14
SRR33298416.220201	chr10L	1st Y' Change	chr12	True	0.33	False		1st Y' Change	chr12L	True	0.33	False	unmatched_array	False	True	False	0.0
SRR33298416.1164174	chr10L	1st Y' Change	chr12	True	0.33	False		1st Y' Change	chr12L	True	0.33	False	unmatched_array	False	True	False	0.0
SRR33298416.582583	chr10R	Y' Gain	chr12R	True	-0.0008	True		Y' Gain	chr14L	True	-0.0008	True	subtelomere_switch	False	True	False	0.0
SRR33298416.187830	chr10R	Y' Gain	chr12R	True	0.2021	True		Y' Gain	chr4L	True	0.4715	True	subtelomere_switch	False	True	False	0.269
SRR33298416.705273	chr10R	Y' Gain	chr10	True	0.3	False		Y' Gain	ambiguous	True	0.3	False	unmatched_array	False	True	False	0.0
SRR33298416.688924	chr10R	Y' Gain	chr12R	True	0.2048	True		Y' Gain	chr4L	True	0.2048	True	subtelomere_switch	False	True	False	0.0
SRR33298416.551146	chr10R	Y' Gain	chr12R	True	0.2189	True		Y' Gain	chr5R	True	0.2189	True	subtelomere_switch	False	True	False	0.0
SRR33298416.853092	chr10R	Y' Gain	chr10	True	0.3	False		Y' Gain	chr14L	True	0.66	False	donor_transfer	False	True	False	0.36
SRR33298416.57974	chr10R	Y' Gain	chr12R	True	0.2979	True		Y' Gain	chr13L	True	0.695	True	subtelomere_switch	False	True	False	0.397
SRR33298416.557857	chr10R	Y' Gain	chr10	True	0.3	False		Y' Gain	ambiguous	True	0.3	False	donor_transfer_candidates:4	False	True	False	0.0
SRR33298416.741395	chr10R	Y' Gain	chr10	True	0.3	False		Y' Gain	ambiguous	True	0.3	False	donor_transfer_candidates:4	False	True	False	0.0
SRR33298416.740450	chr10R	Y' Gain	chr10	True	0.3	False		Y' Gain	chr14L	True	0.44	False	donor_transfer	False	True	False	0.14
SRR33298416.1116096	chr10R	Y' Gain	chr10	True	0.3	False		Y' Gain	ambiguous	True	0.3	False	donor_transfer_candidates:4	False	True	False	0.0
SRR33298416.213525	chr10R	Y' Gain	chr10	True	0.0042	False		Y' Gain	chr12R	True	0.0046	False	subtelomere_switch	False	True	False	0.0
SRR33298416.1113760	chr10R	Y' Gain	chr10	True	0.3	False		Y' Gain	ambiguous	True	0.3	False	donor_transfer_candidates:4	False	True	False	0.0
SRR33298416.1201320	chr10R	Y' Gain	chr10	True	0.3	False		Y' Gain	chr12R	True	0.33	False	donor_transfer_candidates:2	False	True	False	0.03
SRR33298416.224830	chr10R	Y' Gain	chr10	True	0.3	False		Y' Gain	ambiguous	True	0.3	False	unmatched_array	False	True	False	0.0
SRR33298416.575099	chr10R	Y' Gain	chr10	True	0.3	False		Y' Gain	chr12R	True	0.33	False	donor_transfer_candidates:3	False	True	False	0.03
SRR33298416.1133300	chr10R	Y' Gain	chr10	True	0.3	False		Y' Gain	ambiguous	True	0.3	False	donor_transfer_candidates:4	False	True	False	0.0
SRR33298416.66993	chr10R	Y' Gain	chr10	True	0.3	False		Y' Gain	ambiguous	True	0.3	False	donor_transfer_candidates:4	False	True	False	0.0
SRR33298416.859552	chr10R	Y' Gain	chr10	True	0.3	False		Y' Gain	ambiguous	True	0.3	False	donor_transfer_candidates:4	False	True	False	0.0
SRR33298416.1054184	chr10R	Y' Gain	chr14	True	0.3	False		Y' Gain	chr14L	True	0.66	False	donor_transfer	False	True	False	0.36
SRR33298416.26069	chr10R	Y' Gain	chr14	True	0.3	False		Y' Gain	chr14L	True	0.66	False	donor_transfer	False	True	False	0.36
SRR33298416.780452	chr10R	Y' Gain	chr14	True	0.33	False		Y' Gain	chr14L	True	0.33	False	donor_transfer_candidates:4	False	True	False	0.0
SRR33298416.906960	chr10R	Y' Gain	chr14	True	0.33	False		Y' Gain	chr14L	True	0.33	False	donor_transfer_candidates:4	False	True	False	0.0
SRR33298416.281432	chr10R	Y' Gain	chr14	True	0.33	False		Y' Gain	chr14L	True	0.33	False	donor_transfer_candidates:4	False	True	False	0.0
SRR33298416.1200677	chr10R	Y' Gain	chr14	True	0.33	False		Y' Gain	chr14L	True	0.33	False	donor_transfer_candidates:4	False	True	False	0.0
SRR33298416.894081	chr10R	Y' Gain	chr14	True	0.33	False		Y' Gain	chr14L	True	0.33	False	donor_transfer_candidates:4	False	True	False	0.0
SRR33298416.805351	chr10R	Y' Gain	chr14	True	0.33	False		Y' Gain	chr14L	True	0.33	False	donor_transfer_candidates:4	False	True	False	0.0
SRR33298416.58880	chr10R	Y' Gain	chr14	True	0.33	False		Y' Gain	chr14L	True	0.33	False	donor_transfer_candidates:4	False	True	False	0.0
SRR33298416.419273	chr10R	Y' Gain	chr14	True	-0.0025	False		Y' Gain	chr14L	True	-0.0025	False	subtelomere_switch	False	True	False	0.0
SRR33298416.410644	chr10R	Y' Gain	chr14	True	0.33	False		Y' Gain	chr14L	True	0.33	False	donor_transfer_candidates:4	False	True	False	0.0
SRR33298416.27287	chr10R	Y' Gain	chr14	True	0.33	False		Y' Gain	chr14L	True	0.33	False	donor_transfer_candidates:4	False	True	False	0.0
SRR33298416.262222	chr10R	Y' Gain	chr14	True	0.33	False		Y' Gain	chr14L	True	0.33	False	unmatched_array	False	True	False	0.0
SRR33298416.1215012	chr10R	Y' Gain	chr7	True	0.33	False		Y' Gain	chr7R	True	0.33	False	single_y_prime_change	False	True	False	0.0
SRR33298416.197161	chr10R	Y' Gain	chr7	True	0.33	False		Y' Gain	chr7R	True	0.33	False	single_y_prime_change	False	True	False	0.0
SRR33298416.1196555	chr10R	Y' Gain	chr7	True	0.33	False		Y' Gain	chr7R	True	0.33	False	single_y_prime_change	False	True	False	0.0
SRR33298416.960674	chr10R	Y' Gain	chr7	True	0.33	False		Y' Gain	chr7R	True	0.33	False	single_y_prime_change	False	True	False	0.0
SRR33298416.471968	chr10R	Y' Gain	chr7	True	0.33	False		Y' Gain	chr7R	True	0.33	False	single_y_prime_change	False	True	False	0.0
SRR33298416.105560	chr10R	Y' Gain	chr7	True	0.33	False		Y' Gain	chr7R	True	0.33	False	single_y_prime_change	False	True	False	0.0
SRR33298416.424743	chr10R	Y' Gain	chr7	True	0.33	False		Y' Gain	chr7R	True	0.33	False	single_y_prime_change	False	True	False	0.0
SRR33298416.360584	chr10R	Y' Gain	chr7	True	0.33	False		Y' Gain	chr7R	True	0.33	False	single_y_prime_change	False	True	False	0.0
SRR33298416.840745	chr10R	Y' Gain	chr7	True	0.33	False		Y' Gain	chr7R	True	0.33	False	single_y_prime_change	False	True	False	0.0
SRR33298416.807892	chr10R	Y' Gain	chr7	True	0.33	False		Y' Gain	chr7R	True	0.33	False	single_y_prime_change	False	True	False	0.0
SRR33298416.284100	chr10R	Y' Gain	chr7	True	0.33	False		Y' Gain	chr7R	True	0.33	False	single_y_prime_change	False	True	False	0.0
SRR33298416.1177173	chr10R	Y' Gain	chr7	True	0.33	False		Y' Gain	chr7R	True	0.33	False	single_y_prime_change	False	True	False	0.0
SRR33298416.696861	chr10R	Y' Gain	chr7	True	0.0014	False		Y' Gain	chr7R	True	0.0014	False	subtelomere_switch	False	True	False	0.0
SRR33298416.773446	chr10R	Y' Gain	chr7	True	0.33	False		Y' Gain	chr7R	True	0.33	False	single_y_prime_change	False	True	False	0.0
SRR33298416.1153236	chr10R	Y' Gain	chr7	True	0.33	False		Y' Gain	chr7R	True	0.33	False	single_y_prime_change	False	True	False	0.0
SRR33298416.79948	chr10R	Y' Gain	chr7	True	0.33	False		Y' Gain	chr7R	True	0.33	False	single_y_prime_change	False	True	False	0.0
SRR33298416.1050681	chr10R	Y' Gain	chr7	True	0.33	False		Y' Gain	chr7R	True	0.33	False	single_y_prime_change	False	True	False	0.0
SRR33298416.82288	chr10R	Y' Gain	chr7	True	0.33	False		Y' Gain	chr7R	True	0.33	False	single_y_prime_change	False	True	False	0.0
SRR33298416.924228	chr10R	Y' Gain	chr7	True	0.33	False		Y' Gain	chr7R	True	0.33	False	single_y_prime_change	False	True	False	0.0
SRR33298416.248857	chr10R	Y' Gain	chr7	True	0.33	False		Y' Gain	chr7R	True	0.33	False	single_y_prime_change	False	True	False	0.0
SRR33298416.951944	chr10R	Y' Gain	chr7	True	0.33	False		Y' Gain	chr7R	True	0.33	False	single_y_prime_change	False	True	False	0.0
SRR33298416.107202	chr10R	Y' Gain	chr7	True	0.33	False		Y' Gain	chr7R	True	0.33	False	single_y_prime_change	False	True	False	0.0
SRR33298416.1211849	chr10R	Y' Gain	chr7	True	0.33	False		Y' Gain	chr7R	True	0.33	False	single_y_prime_change	False	True	False	0.0
SRR33298416.477505	chr10R	Y' Gain	chr7	True	0.33	False		Y' Gain	chr7R	True	0.33	False	single_y_prime_change	False	True	False	0.0
SRR33298416.1031495	chr10R	Y' Gain	chr13	True	0.33	False		Y' Gain	chr13L	True	0.33	False	single_y_prime_change	False	True	False	0.0
SRR33298416.390553	chr10R	Y' Gain	chr13	True	0.33	False		Y' Gain	chr13L	True	0.33	False	single_y_prime_change	False	True	False	0.0
SRR33298416.110569	chr10R	Y' Gain	chr13	True	0.33	False		Y' Gain	chr13L	True	0.33	False	single_y_prime_change	False	True	False	0.0
SRR33298416.121663	chr10R	Y' Gain	chr13	True	0.33	False		Y' Gain	chr13L	True	0.33	False	single_y_prime_change	False	True	False	0.0
SRR33298416.366146	chr10R	Y' Gain	chr13	True	0.33	False		Y' Gain	chr13L	True	0.33	False	single_y_prime_change	False	True	False	0.0
SRR33298416.792764	chr10R	Y' Gain	chr13	True	0.33	False		Y' Gain	chr13L	True	0.33	False	single_y_prime_change	False	True	False	0.0
SRR33298416.255843	chr10R	Y' Gain	chr13	True	0.33	False		Y' Gain	chr13L	True	0.33	False	single_y_prime_change	False	True	False	0.0
SRR33298416.806247	chr11L	Y' Gain	chr12R	True	0.1964	True		Y' Gain	chr12L	True	0.1964	True	subtelomere_switch	False	True	False	0.0
SRR33298416.74357	chr11L	Y' Gain	chr12R	True	0.2009	True		Y' Gain	chr12L	True	0.2009	True	subtelomere_switch	False	True	False	0.0
SRR33298416.984200	chr11L	Y' Gain	chr12R	True	0.0075	True		Y' Gain	chr14L	True	0.0075	True	subtelomere_switch	False	True	False	0.0
SRR33298416.402695	chr11L	Y' Gain	chr12R	True	0.2965	True		Y' Gain	chr3R	True	0.6919	True	subtelomere_switch	False	True	False	0.395
SRR33298416.408720	chr11L	Y' Gain	chr4R	True	0.2311	True		Y' Gain	chr10L	True	0.2311	True	subtelomere_switch	False	True	False	0.0
SRR33298416.734025	chr11L	Y' Gain	chr12R	True	0.0088	True		Y' Gain	chr14L	True	0.0088	True	subtelomere_switch	False	True	False	0.0
SRR33298416.432358	chr11L	Y' Gain	chr12R	True	0.0012	True		Y' Gain	chr14L	True	0.0012	True	subtelomere_switch	False	True	False	0.0
SRR33298416.544774	chr11L	Y' Gain	chr12R	True	-0.0008	True		Y' Gain	chr14L	True	-0.0008	True	subtelomere_switch	False	True	False	0.0
SRR33298416.438008	chr11L	Y' Gain	chr12R	True	0.0068	True		Y' Gain	chr14L	True	0.0068	True	subtelomere_switch	False	True	False	0.0
SRR33298416.1134917	chr11L	Y' Gain	chr12R	True	-0.0012	True		Y' Gain	chr14L	True	-0.0012	True	subtelomere_switch	False	True	False	0.0
SRR33298416.267547	chr11L	Y' Gain	chr14L	True	0.0004	True		Y' Gain	chr12R	True	0.0007	False	subtelomere_switch	False	True	False	0.0
SRR33298416.715888	chr11L	Y' Gain	chr11	True	0.3	False		Y' Gain	ambiguous	True	0.3	False	donor_transfer_candidates:4	False	True	False	0.0
SRR33298416.311106	chr11L	Y' Gain	chr11	True	0.3	False		Y' Gain	chr14L	True	0.66	False	donor_transfer	False	True	False	0.36
SRR33298416.196877	chr11L	Y' Gain	chr12R	True	-0.0052	True		Y' Gain	chr14L	True	-0.0052	True	subtelomere_switch	False	True	False	0.0
SRR33298416.1267624	chr11L	Y' Gain	chr11	True	0.3	False		Y' Gain	chr14L	True	0.66	False	donor_transfer	False	True	False	0.36
SRR33298416.1140788	chr11L	Y' Gain	chr11	True	0.3	False		Y' Gain	ambiguous	True	0.3	False	unmatched_array	False	True	False	0.0
SRR33298416.179533	chr11L	Y' Gain	chr4R	True	0.1788	True		Y' Gain	chr12L	True	0.4171	True	subtelomere_switch	False	True	False	0.238
SRR33298416.627441	chr11L	Y' Gain	chr11	True	0.3	False		Y' Gain	chr12R	True	0.33	False	donor_transfer_candidates:2	False	True	False	0.03
SRR33298416.655750	chr11L	Y' Gain	chr11	True	0.3	False		Y' Gain	chr12R	True	0.33	False	donor_transfer_candidates:2	False	True	False	0.03
SRR33298416.1098777	chr11L	Y' Gain	chr11	True	0.3	False		Y' Gain	chr12R	True	0.33	False	donor_transfer_candidates:2	False	True	False	0.03
SRR33298416.316348	chr11L	Y' Gain	chr12R	True	0.2304	True		Y' Gain	chr10L	True	0.5376	True	subtelomere_switch	False	True	False	0.307
SRR33298416.77571	chr11L	Y' Gain	chr12R	True	0.2304	True		Y' Gain	chr10L	True	0.5376	True	subtelomere_switch	False	True	False	0.307
SRR33298416.62362	chr11L	Y' Gain	chr12R	True	0.2289	True		Y' Gain	chr10L	True	0.5341	True	subtelomere_switch	False	True	False	0.305
SRR33298416.531746	chr11L	Y' Gain	chr11	True	0.3	False		Y' Gain	ambiguous	True	0.3	False	donor_transfer_candidates:4	False	True	False	0.0
SRR33298416.124458	chr11L	Y' Gain	chr11	True	0.3	False		Y' Gain	chr12R	True	0.33	False	donor_transfer_candidates:3	False	True	False	0.03
SRR33298416.857924	chr11L	Y' Gain	chr12R	True	0.2304	True		Y' Gain	chr10L	True	0.2304	True	subtelomere_switch	False	True	False	0.0
SRR33298416.1186367	chr11L	Y' Gain	chr11	True	0.3	False		Y' Gain	chr14L	True	0.66	False	donor_transfer	False	True	False	0.36
SRR33298416.213864	chr11L	Y' Gain	chr11	True	0.3	False		Y' Gain	ambiguous	True	0.3	False	unmatched_array	False	True	False	0.0
SRR33298416.226689	chr11L	Y' Gain	chr11	True	0.3	False		Y' Gain	ambiguous	True	0.3	False	donor_transfer_candidates:4	False	True	False	0.0
SRR33298416.652930	chr11L	Y' Gain	chr11	True	0.3	False		Y' Gain	ambiguous	True	0.3	False	unmatched_array	False	True	False	0.0
SRR33298416.250507	chr11L	Y' Gain	chr11	True	0.3	False		Y' Gain	chr12R	True	0.33	False	donor_transfer_candidates:3	False	True	False	0.03
SRR33298416.421727	chr11L	Y' Gain	chr12R	True	0.2214	True		Y' Gain	chr10L	True	0.5166	True	subtelomere_switch	False	True	False	0.295
SRR33298416.871347	chr11L	Y' Gain	chr11	True	0.3	False		Y' Gain	chr12R	True	0.33	False	donor_transfer_candidates:3	False	True	False	0.03
SRR33298416.620131	chr11L	Y' Gain	chr11	True	0.3	False		Y' Gain	ambiguous	True	0.3	False	donor_transfer_candidates:4	False	True	False	0.0
SRR33298416.975268	chr11L	Y' Gain	chr11	True	0.3	False		Y' Gain	ambiguous	True	0.3	False	donor_transfer_candidates:4	False	True	False	0.0
SRR33298416.1221893	chr11L	Y' Gain	chr11	True	0.3	False		Y' Gain	ambiguous	True	0.3	False	unmatched_array	False	True	False	0.0
SRR33298416.1131507	chr11L	Y' Gain	chr11	True	0.3	False		Y' Gain	chr14L	True	0.44	False	donor_transfer	False	True	False	0.14
SRR33298416.296800	chr11L	Y' Gain	chr11	True	0.3	False		Y' Gain	chr14L	True	0.66	False	donor_transfer	False	True	False	0.36
SRR33298416.1049230	chr11L	Y' Gain	chr11	True	0.3	False		Y' Gain	ambiguous	True	0.3	False	unmatched_array	False	True	False	0.0
SRR33298416.959475	chr11L	Y' Gain	chr11	True	0.3	False		Y' Gain	chr14L	True	0.44	False	donor_transfer	False	True	False	0.14
SRR33298416.971850	chr11L	Y' Gain	chr11	True	0.3	False		Y' Gain	ambiguous	True	0.3	False	unmatched_array	False	True	False	0.0
SRR33298416.459104	chr11L	Y' Gain	chr11	True	0.3	False		Y' Gain	chr14L	True	0.44	False	donor_transfer	False	True	False	0.14
SRR33298416.889048	chr11L	Y' Gain	chr11	True	0.3	False		Y' Gain	ambiguous	True	0.3	False	unmatched_array	False	True	False	0.0
SRR33298416.131401	chr11L	Y' Gain	chr11	True	0.3	False		Y' Gain	chr12R	True	0.44	False	donor_transfer	False	True	False	0.14
SRR33298416.615414	chr11L	Y' Gain	chr11	True	0.3	False		Y' Gain	ambiguous	True	0.3	False	donor_transfer_candidates:4	False	True	False	0.0
SRR33298416.1193864	chr11L	Y' Gain	chr11	True	0.3	False		Y' Gain	ambiguous	True	0.3	False	donor_transfer_candidates:4	False	True	False	0.0
SRR33298416.288767	chr11L	Y' Gain	chr11	True	0.3	False		Y' Gain	ambiguous	True	0.3	False	donor_transfer_candidates:4	False	True	False	0.0
SRR33298416.1010417	chr11L	Y' Gain	chr11	True	0.3	False		Y' Gain	ambiguous	True	0.3	False	donor_transfer_candidates:4	False	True	False	0.0
SRR33298416.669534	chr11L	Y' Gain	chr11	True	0.3	False		Y' Gain	ambiguous	True	0.3	False	donor_transfer_candidates:4	False	True	False	0.0
SRR33298416.722694	chr11L	Y' Gain	chr11	True	0.3	False		Y' Gain	ambiguous	True	0.3	False	donor_transfer_candidates:4	False	True	False	0.0
SRR33298416.361326	chr11L	Y' Gain	chr11	True	0.3	False		Y' Gain	ambiguous	True	0.3	False	donor_transfer_candidates:4	False	True	False	0.0
SRR33298416.536647	chr11L	Y' Gain	chr11	True	0.3	False		Y' Gain	ambiguous	True	0.3	False	donor_transfer_candidates:4	False	True	False	0.0
SRR33298416.336012	chr11L	Y' Gain	chr11	True	0.3	False		Y' Gain	ambiguous	True	0.3	False	donor_transfer_candidates:4	False	True	False	0.0
SRR33298416.306638	chr11L	Y' Gain	chr11	True	0.3	False		Y' Gain	ambiguous	True	0.3	False	donor_transfer_candidates:4	False	True	False	0.0
SRR33298416.1217035	chr11L	Y' Gain	chr11	True	0.3	False		Y' Gain	ambiguous	True	0.3	False	donor_transfer_candidates:4	False	True	False	0.0
SRR33298416.111530	chr11L	Y' Gain	chr11	True	0.3	False		Y' Gain	ambiguous	True	0.3	False	donor_transfer_candidates:4	False	True	False	0.0
SRR33298416.219464	chr11L	Y' Gain	chr11	True	0.3	False		Y' Gain	ambiguous	True	0.3	False	unmatched_array	False	True	False	0.0
SRR33298416.493645	chr11L	Y' Gain	chr11	True	-0.0017	False		Y' Gain	ambiguous	True	-0.0017	False	subtelomere_switch	False	True	False	0.0
SRR33298416.917966	chr11L	Y' Gain	chr11	True	0.3	False		Y' Gain	ambiguous	True	0.3	False	donor_transfer_candidates:4	False	True	False	0.0
SRR33298416.740190	chr11L	Y' Gain	chr11	True	0.3	False		Y' Gain	ambiguous	True	0.3	False	donor_transfer_candidates:4	False	True	False	0.0
SRR33298416.165350	chr11L	Y' Gain	chr11	True	-0.0107	False		Y' Gain	ambiguous	True	-0.0107	False	subtelomere_switch	False	True	False	0.0
SRR33298416.336806	chr11L	Y' Gain	chr11	True	0.3	False		Y' Gain	ambiguous	True	0.3	False	donor_transfer_candidates:4	False	True	False	0.0
SRR33298416.119551	chr11L	Y' Gain	chr11	True	0.3	False		Y' Gain	ambiguous	True	0.3	False	donor_transfer_candidates:4	False	True	False	0.0
SRR33298416.289598	chr11L	Y' Gain	chr11	True	0.3	False		Y' Gain	ambiguous	True	0.3	False	donor_transfer_candidates:4	False	True	False	0.0
SRR33298416.486538	chr11L	Y' Gain	chr11	True	0.3	False		Y' Gain	ambiguous	True	0.3	False	unmatched_array	False	True	False	0.0
SRR33298416.25493	chr11L	Y' Gain	chr11	True	0.3	False		Y' Gain	ambiguous	True	0.3	False	donor_transfer_candidates:4	False	True	False	0.0
SRR33298416.293361	chr11L	Y' Gain	chr11	True	0.3	False		Y' Gain	chr12R	True	0.44	False	donor_transfer	False	True	False	0.14
SRR33298416.1157758	chr11L	Y' Gain	chr11	True	0.3	False		Y' Gain	chr12R	True	0.44	False	donor_transfer	False	True	False	0.14
SRR33298416.421943	chr11L	Y' Gain	chr11	True	0.3	False		Y' Gain	ambiguous	True	0.3	False	unmatched_array	False	True	False	0.0
SRR33298416.278573	chr11L	Y' Gain	chr11	True	0.3	False		Y' Gain	ambiguous	True	0.3	False	unmatched_array	False	True	False	0.0
SRR33298416.218848	chr11L	Y' Gain	chr11	True	0.3	False		Y' Gain	ambiguous	True	0.3	False	donor_transfer_candidates:4	False	True	False	0.0
SRR33298416.774789	chr11L	Y' Gain	chr11	True	-0.0095	False		Y' Gain	ambiguous	True	-0.0095	False	subtelomere_switch	False	True	False	0.0
SRR33298416.1034695	chr11L	Y' Gain	chr11	True	0.3	False		Y' Gain	ambiguous	True	0.3	False	unmatched_array	False	True	False	0.0
SRR33298416.658696	chr11L	Y' Gain	chr11	True	0.3	False		Y' Gain	ambiguous	True	0.3	False	unmatched_array	False	True	False	0.0
SRR33298416.830691	chr11L	Y' Gain	chr11	True	0.3	False		Y' Gain	ambiguous	True	0.3	False	unmatched_array	False	True	False	0.0
SRR33298416.65704	chr11L	Y' Gain	chr11	True	0.3	False		Y' Gain	ambiguous	True	0.3	False	unmatched_array	False	True	False	0.0
SRR33298416.367816	chr11L	Y' Gain	chr11	True	0.3	False		Y' Gain	ambiguous	True	0.3	False	unmatched_array	False	True	False	0.0
SRR33298416.14166	chr11L	Y' Gain	chr11	True	0.3	False		Y' Gain	chr14L	True	0.44	False	donor_transfer	False	True	False	0.14
SRR33298416.396213	chr11L	Y' Gain	chr11	True	0.3	False		Y' Gain	chr14L	True	0.44	False	donor_transfer	False	True	False	0.14
SRR33298416.435045	chr11L	Y' Gain	chr11	True	0.3	False		Y' Gain	chr14L	True	0.44	False	donor_transfer	False	True	False	0.14
SRR33298416.968793	chr11L	Y' Gain	chr11	True	0.3	False		Y' Gain	chr14L	True	0.44	False	donor_transfer	False	True	False	0.14
SRR33298416.19002	chr11L	Y' Gain	chr11	True	0.3	False		Y' Gain	chr14L	True	0.44	False	donor_transfer	False	True	False	0.14
SRR33298416.573960	chr11L	Y' Gain	chr11	True	0.3	False		Y' Gain	chr14L	True	0.44	False	donor_transfer	False	True	False	0.14
SRR33298416.824374	chr11L	Y' Gain	chr11	True	0.3	False		Y' Gain	ambiguous	True	0.3	False	unmatched_array	False	True	False	0.0
SRR33298416.276653	chr11L	Y' Gain	chr11	True	0.3	False		Y' Gain	ambiguous	True	0.3	False	unmatched_array	False	True	False	0.0
SRR33298416.1116092	chr11L	Y' Gain	chr11	True	0.3	False		Y' Gain	ambiguous	True	0.3	False	unmatched_array	False	True	False	0.0
SRR33298416.976564	chr11L	Y' Gain	chr10	True	0.33	False		Y' Gain	chr10L	True	0.33	False	single_y_prime_change	False	True	False	0.0
SRR33298416.543563	chr11L	Y' Gain	chr14	True	0.33	False		Y' Gain	chr14R	True	0.33	False	single_y_prime_change	False	True	False	0.0
SRR33298416.258588	chr11L	Y' Gain	chr14	True	0.33	False		Y' Gain	chr14R	True	0.33	False	single_y_prime_change	False	True	False	0.0
SRR33298416.166690	chr11L	Y' Gain	chr14	True	0.33	False		Y' Gain	chr14R	True	0.33	False	single_y_prime_change	False	True	False	0.0
SRR33298416.71402	chr11L	Y' Gain	chr14	True	0.33	False		Y' Gain	chr14R	True	0.33	False	single_y_prime_change	False	True	False	0.0
SRR33298416.1044187	chr11L	Y' Gain	chr12	True	0.33	False		Y' Gain	chr12L	True	0.33	False	single_y_prime_change	False	True	False	0.0
SRR33298416.954494	chr11L	Y' Gain	chr12	True	-0.01	False		Y' Gain	chr12L	True	-0.01	False	subtelomere_switch	False	True	False	0.0
SRR33298416.1012706	chr11L	Y' Gain	chr12	True	-0.01	False		Y' Gain	chr12L	True	-0.01	False	subtelomere_switch	False	True	False	0.0
SRR33298416.472279	chr11L	Y' Gain	chr12	True	0.33	False		Y' Gain	chr12L	True	0.33	False	single_y_prime_change	False	True	False	0.0
SRR33298416.977978	chr11L	Y' Gain	chr12	True	0.33	False		Y' Gain	chr12L	True	0.33	False	single_y_prime_change	False	True	False	0.0
SRR33298416.520554	chr11L	Y' Gain	chr12	True	0.33	False		Y' Gain	chr12L	True	0.33	False	single_y_prime_change	False	True	False	0.0
SRR33298416.1013946	chr11R	Y' Gain	chr12R	True	0.2646	True		Y' Gain	chr3L	True	0.6175	True	subtelomere_switch	False	True	False	0.353
SRR33298416.645151	chr11R	Y' Gain	chr12R	True	0.2482	True		Y' Gain	chr14R	True	0.5791	True	subtelomere_switch	False	True	False	0.331
SRR33298416.576431	chr11R	Y' Gain	chr12R	True	-0.0001	True		Y' Gain	chr14L	True	-0.0001	True	subtelomere_switch	False	True	False	0.0
SRR33298416.1223653	chr11R	Y' Gain	chr12R	True	0.0051	True		Y' Gain	chr14L	True	0.0051	True	subtelomere_switch	False	True	False	0.0
SRR33298416.100851	chr11R	Y' Gain	chr12R	True	0.181	True		Y' Gain	chr3L	True	0.4223	True	subtelomere_switch	False	True	False	0.241
SRR33298416.1153006	chr11R	Y' Gain	chr12R	True	0.0032	True		Y' Gain	chr14L	True	0.0032	True	subtelomere_switch	False	True	False	0.0
SRR33298416.789672	chr11R	Y' Gain	chr16L	True	0.0002	True		Y' Gain	chr12R	True	0.0003	False	subtelomere_switch	False	True	False	0.0
SRR33298416.1153134	chr11R	Y' Gain	chr11	True	0.3	False		Y' Gain	chr12R	True	0.33	False	donor_transfer_candidates:2	False	True	False	0.03
SRR33298416.397768	chr11R	Y' Gain	chr12R	True	0.0006	True		Y' Gain	chr14L	True	0.0006	True	subtelomere_switch	False	True	False	0.0
SRR33298416.284484	chr11R	Y' Gain	chr12R	True	0.0034	True		Y' Gain	chr14L	True	0.0034	True	subtelomere_switch	False	True	False	0.0
SRR33298416.875150	chr11R	Y' Gain	chr12R	True	0.2276	True		Y' Gain	chr12L	True	0.5312	True	subtelomere_switch	False	True	False	0.304
SRR33298416.234250	chr11R	Y' Gain	chr11	True	0.3	False		Y' Gain	chr12R	True	0.33	False	donor_transfer_candidates:2	False	True	False	0.03
SRR33298416.100579	chr11R	Y' Gain	chr11	True	0.3	False		Y' Gain	chr12R	True	0.33	False	donor_transfer_candidates:2	False	True	False	0.03
SRR33298416.1162544	chr11R	Y' Gain	chr11	True	0.3	False		Y' Gain	chr12R	True	0.33	False	donor_transfer_candidates:2	False	True	False	0.03
SRR33298416.535949	chr11R	Y' Gain	chr11	True	0.3	False		Y' Gain	chr12R	True	0.33	False	donor_transfer_candidates:2	False	True	False	0.03
SRR33298416.638814	chr11R	Y' Gain	chr11	True	0.3	False		Y' Gain	chr12R	True	0.33	False	donor_transfer_candidates:2	False	True	False	0.03
SRR33298416.347961	chr11R	Y' Gain	chr11	True	0.3	False		Y' Gain	ambiguous	True	0.3	False	donor_transfer_candidates:4	False	True	False	0.0
SRR33298416.225003	chr11R	Y' Gain	chr11	True	0.3	False		Y' Gain	ambiguous	True	0.3	False	donor_transfer_candidates:4	False	True	False	0.0
SRR33298416.538740	chr11R	Y' Gain	chr11	True	0.3	False		Y' Gain	ambiguous	True	0.3	False	donor_transfer_candidates:4	False	True	False	0.0
SRR33298416.176691	chr11R	Y' Gain	chr11	True	0.3	False		Y' Gain	ambiguous	True	0.3	False	unmatched_array	False	True	False	0.0
SRR33298416.1070668	chr11R	Y' Gain	chr11	True	0.3	False		Y' Gain	ambiguous	True	0.3	False	donor_transfer_candidates:4	False	True	False	0.0
SRR33298416.1018861	chr11R	Y' Gain	chr11	True	0.3	False		Y' Gain	chr14L	True	0.44	False	donor_transfer	False	True	False	0.14
SRR33298416.1015901	chr11R	Y' Gain	chr11	True	0.3	False		Y' Gain	ambiguous	True	0.3	False	unmatched_array	False	True	False	0.0
SRR33298416.559745	chr11R	Y' Gain	chr11	True	0.3	False		Y' Gain	ambiguous	True	0.3	False	unmatched_array	False	True	False	0.0
SRR33298416.673063	chr11R	Y' Gain	chr11	True	0.3	False		Y' Gain	chr12R	True	0.33	False	donor_transfer_candidates:2	False	True	False	0.03
SRR33298416.1168241	chr11R	Y' Gain	chr11	True	0.3	False		Y' Gain	chr12R	True	0.33	False	donor_transfer_candidates:2	False	True	False	0.03
SRR33298416.1043992	chr11R	Y' Gain	chr11	True	0.3	False		Y' Gain	ambiguous	True	0.3	False	unmatched_array	False	True	False	0.0
SRR33298416.1043991	chr11R	Y' Gain	chr11	True	0.3	False		Y' Gain	ambiguous	True	0.3	False	unmatched_array	False	True	False	0.0
SRR33298416.986265	chr11R	Y' Gain	chr11	True	0.3	False		Y' Gain	ambiguous	True	0.3	False	donor_transfer_candidates:4	False	True	False	0.0
SRR33298416.1101126	chr11R	Y' Gain	chr11	True	0.3	False		Y' Gain	chr14L	True	0.66	False	donor_transfer	False	True	False	0.36
SRR33298416.349431	chr11R	Y' Gain	chr11	True	0.3	False		Y' Gain	ambiguous	True	0.3	False	donor_transfer_candidates:4	False	True	False	0.0
SRR33298416.1169842	chr11R	Y' Gain	chr11	True	0.3	False		Y' Gain	ambiguous	True	0.3	False	unmatched_array	False	True	False	0.0
SRR33298416.187557	chr11R	Y' Gain	chr11	True	0.3	False		Y' Gain	ambiguous	True	0.3	False	unmatched_array	False	True	False	0.0
SRR33298416.376861	chr11R	Y' Gain	chr11	True	0.3	False		Y' Gain	ambiguous	True	0.3	False	unmatched_array	False	True	False	0.0
SRR33298416.179413	chr11R	Y' Gain	chr11	True	0.3	False		Y' Gain	ambiguous	True	0.3	False	donor_transfer_candidates:4	False	True	False	0.0
SRR33298416.845849	chr11R	Y' Gain	chr11	True	0.3	False		Y' Gain	chr12R	True	0.33	False	donor_transfer_candidates:3	False	True	False	0.03
SRR33298416.449033	chr11R	Y' Gain	chr11	True	-0.0037	False		Y' Gain	chr12R	True	-0.0041	False	subtelomere_switch	False	True	False	-0.0
SRR33298416.557184	chr11R	Y' Gain	chr11	True	0.3	False		Y' Gain	chr12R	True	0.33	False	donor_transfer_candidates:3	False	True	False	0.03
SRR33298416.542061	chr11R	Y' Gain	chr11	True	0.3	False		Y' Gain	chr12R	True	0.66	False	donor_transfer	False	True	False	0.36
SRR33298416.825478	chr11R	Y' Gain	chr11	True	0.3	False		Y' Gain	chr12R	True	0.33	False	donor_transfer_candidates:3	False	True	False	0.03
SRR33298416.714053	chr11R	Y' Gain	chr11	True	0.3	False		Y' Gain	ambiguous	True	0.3	False	unmatched_array	False	True	False	0.0
SRR33298416.348499	chr11R	Y' Gain	chr11	True	-0.0005	False		Y' Gain	ambiguous	True	-0.0005	False	subtelomere_switch	False	True	False	0.0
SRR33298416.1199151	chr11R	Y' Gain	chr11	True	0.3	False		Y' Gain	ambiguous	True	0.3	False	donor_transfer_candidates:4	False	True	False	0.0
SRR33298416.1171401	chr11R	Y' Gain	chr11	True	0.3	False		Y' Gain	ambiguous	True	0.3	False	donor_transfer_candidates:4	False	True	False	0.0
SRR33298416.833648	chr11R	Y' Gain	chr11	True	0.3	False		Y' Gain	ambiguous	True	0.3	False	unmatched_array	False	True	False	0.0
SRR33298416.1146224	chr11R	Y' Gain	chr11	True	0.3	False		Y' Gain	chr14L	True	0.66	False	donor_transfer	False	True	False	0.36
SRR33298416.655257	chr11R	Y' Gain	chr11	True	0.3	False		Y' Gain	ambiguous	True	0.3	False	unmatched_array	False	True	False	0.0
SRR33298416.387502	chr11R	Y' Gain	chr11	True	0.3	False		Y' Gain	chr14L	True	0.66	False	donor_transfer	False	True	False	0.36
SRR33298416.777587	chr11R	Y' Gain	chr11	True	0.3	False		Y' Gain	chr14L	True	0.66	False	donor_transfer	False	True	False	0.36
SRR33298416.348737	chr11R	Y' Gain	chr11	True	0.3	False		Y' Gain	chr14L	True	0.66	False	donor_transfer	False	True	False	0.36
SRR33298416.1135396	chr11R	Y' Gain	chr11	True	0.3	False		Y' Gain	chr14L	True	0.66	False	donor_transfer	False	True	False	0.36
SRR33298416.1205069	chr11R	Y' Gain	chr11	True	0.3	False		Y' Gain	ambiguous	True	0.3	False	unmatched_array	False	True	False	0.0
SRR33298416.1233767	chr11R	Y' Gain	chr11	True	0.3	False		Y' Gain	chr14L	True	0.66	False	donor_transfer	False	True	False	0.36
SRR33298416.720550	chr11R	Y' Gain	chr11	True	0.3	False		Y' Gain	chr14L	True	0.44	False	donor_transfer	False	True	False	0.14
SRR33298416.645180	chr11R	Y' Gain	chr11	True	0.3	False		Y' Gain	ambiguous	True	0.3	False	unmatched_array	False	True	False	0.0
SRR33298416.645116	chr11R	Y' Gain	chr11	True	0.3	False		Y' Gain	chr14L	True	0.44	False	donor_transfer	False	True	False	0.14
SRR33298416.215924	chr11R	Y' Gain	chr11	True	0.3	False		Y' Gain	ambiguous	True	0.3	False	unmatched_array	False	True	False	0.0
SRR33298416.48544	chr11R	Y' Gain	chr14	True	0.33	False		Y' Gain	chr14R	True	0.33	False	unmatched_array	False	True	False	0.0
SRR33298416.68632	chr11R	Y' Gain	chr11	True	0.3	False		Y' Gain	ambiguous	True	0.3	False	donor_transfer_candidates:4	False	True	False	0.0
SRR33298416.1296610	chr11R	Y' Gain	chr14	True	0.33	False		Y' Gain	chr14L	True	0.33	False	donor_transfer_candidates:4	False	True	False	0.0
SRR33298416.1135357	chr11R	Y' Gain	chr14	True	0.33	False		Y' Gain	chr14L	True	0.33	False	donor_transfer_candidates:4	False	True	False	0.0
SRR33298416.6423	chr11R	Y' Gain	chr14	True	-0.0057	False		Y' Gain	chr14L	True	-0.0057	False	subtelomere_switch	False	True	False	0.0
SRR33298416.742623	chr11R	Y' Gain	chr14	True	0.33	False		Y' Gain	chr14L	True	0.33	False	donor_transfer_candidates:4	False	True	False	0.0
SRR33298416.739979	chr11R	Y' Gain	chr14	True	0.33	False		Y' Gain	chr14L	True	0.33	False	donor_transfer_candidates:4	False	True	False	0.0
SRR33298416.1215698	chr11R	Y' Gain	chr4	True	0.33	False		Y' Gain	chr4R	True	0.33	False	donor_transfer_candidates:4	False	True	False	0.0
SRR33298416.1120150	chr11R	Y' Gain	chr4	True	0.33	False		Y' Gain	chr4R	True	0.33	False	donor_transfer_candidates:4	False	True	False	0.0
SRR33298416.703720	chr11R	Y' Gain	chr4	True	0.33	False		Y' Gain	chr4R	True	0.33	False	unmatched_array	False	True	False	0.0
SRR33298416.1157518	chr11R	Y' Gain	chr4	True	0.33	False		Y' Gain	chr4R	True	0.33	False	unmatched_array	False	True	False	0.0
SRR33298416.395577	chr11R	Y' Gain	chr14	True	0.3	False		Y' Gain	chr14L	True	0.44	False	donor_transfer	False	True	False	0.14
SRR33298416.628757	chr11R	Y' Gain	chr14	True	0.3	False		Y' Gain	chr14L	True	0.44	False	donor_transfer	False	True	False	0.14
SRR33298416.763048	chr11R	Y' Gain	chr14	True	0.3	False		Y' Gain	chr14L	True	0.44	False	donor_transfer	False	True	False	0.14
SRR33298416.698159	chr11R	Y' Gain	chr14	True	0.3	False		Y' Gain	chr14L	True	0.44	False	donor_transfer	False	True	False	0.14
SRR33298416.1097255	chr11R	Y' Gain	chr14	True	0.3	False		Y' Gain	chr14L	True	0.44	False	donor_transfer	False	True	False	0.14
SRR33298416.1086613	chr11R	Y' Gain	chr12	True	0.33	False		Y' Gain	chr12L	True	0.33	False	unmatched_array	False	True	False	0.0
SRR33298416.1135558	chr11R	Y' Gain	chr4	True	0.33	False		Y' Gain	chr4R	True	0.33	False	single_y_prime_change	False	True	False	0.0
SRR33298416.445284	chr11R	Y' Gain	chr4	True	0.33	False		Y' Gain	chr4R	True	0.33	False	single_y_prime_change	False	True	False	0.0
SRR33298416.507496	chr11R	Y' Gain	chr14	True	0.33	False		Y' Gain	chr14L	True	0.33	False	single_y_prime_change	False	True	False	0.0
SRR33298416.1047952	chr11R	Y' Gain	chr10	True	0.33	False		Y' Gain	chr10L	True	0.33	False	single_y_prime_change	False	True	False	0.0
SRR33298416.846790	chr11R	Y' Gain	chr14	True	0.33	False		Y' Gain	chr14L	True	0.33	False	single_y_prime_change	False	True	False	0.0
SRR33298416.174528	chr11R	Y' Gain	chr4	True	0.33	False		Y' Gain	chr4R	True	0.33	False	single_y_prime_change	False	True	False	0.0
SRR33298416.752564	chr11R	Y' Gain	chr4	True	0.33	False		Y' Gain	chr4R	True	0.33	False	single_y_prime_change	False	True	False	0.0
SRR33298416.148802	chr11R	Y' Gain	chr4	True	-0.0065	False		Y' Gain	chr4R	True	-0.0065	False	subtelomere_switch	False	True	False	0.0
SRR33298416.1280233	chr11R	Y' Gain	chr4	True	0.33	False		Y' Gain	chr4R	True	0.33	False	single_y_prime_change	False	True	False	0.0
SRR33298416.976311	chr11R	Y' Gain	chr4	True	0.33	False		Y' Gain	chr4R	True	0.33	False	single_y_prime_change	False	True	False	0.0
SRR33298416.849507	chr11R	Y' Gain	chr5	True	0.33	False		Y' Gain	chr5R	True	0.33	False	single_y_prime_change	False	True	False	0.0
SRR33298416.936059	chr11R	Y' Gain	chr4	True	0.33	False		Y' Gain	chr4R	True	0.33	False	single_y_prime_change	False	True	False	0.0
SRR33298416.386187	chr11R	Y' Gain	chr4	True	-0.0001	False		Y' Gain	chr4R	True	-0.0001	False	subtelomere_switch	False	True	False	0.0
SRR33298416.809085	chr11R	Y' Gain	chr4	True	0.33	False		Y' Gain	chr4R	True	0.33	False	single_y_prime_change	False	True	False	0.0
SRR33298416.1069112	chr11R	Y' Gain	chr5	True	0.33	False		Y' Gain	chr5R	True	0.33	False	single_y_prime_change	False	True	False	0.0
SRR33298416.1205949	chr11R	Y' Gain	chr15	True	0.33	False		Y' Gain	chr15R	True	0.33	False	single_y_prime_change	False	True	False	0.0
SRR33298416.1170427	chr11R	Y' Gain	chr2	True	0.33	False		Y' Gain	chr2L	True	0.33	False	single_y_prime_change	False	True	False	0.0
SRR33298416.628030	chr11R	Y' Gain	chr2	True	0.33	False		Y' Gain	chr2L	True	0.33	False	single_y_prime_change	False	True	False	0.0
SRR33298416.259194	chr11R	Y' Gain	chr2	True	0.33	False		Y' Gain	chr2L	True	0.33	False	single_y_prime_change	False	True	False	0.0
SRR33298416.1109247	chr11R	Y' Gain	chr2	True	-0.0072	False		Y' Gain	chr2L	True	-0.0072	False	subtelomere_switch	False	True	False	0.0
SRR33298416.602979	chr11R	Y' Gain	chr2	True	0.33	False		Y' Gain	chr2L	True	0.33	False	single_y_prime_change	False	True	False	0.0
SRR33298416.180970	chr11R	Y' Gain	chr13	True	0.33	False		Y' Gain	chr13L	True	0.33	False	single_y_prime_change	False	True	False	0.0
SRR33298416.256959	chr11R	Y' Gain	chr13	True	0.33	False		Y' Gain	chr13L	True	0.33	False	single_y_prime_change	False	True	False	0.0
SRR33298416.587354	chr11R	Y' Gain	chr13	True	0.33	False		Y' Gain	chr13L	True	0.33	False	single_y_prime_change	False	True	False	0.0
SRR33298416.1187801	chr11R	Y' Gain	chr13	True	0.33	False		Y' Gain	chr13L	True	0.33	False	single_y_prime_change	False	True	False	0.0
SRR33298416.278360	chr11R	Y' Gain	chr13	True	0.33	False		Y' Gain	chr13L	True	0.33	False	single_y_prime_change	False	True	False	0.0
SRR33298416.664160	chr11R	Y' Gain	chr13	True	0.33	False		Y' Gain	chr13L	True	0.33	False	single_y_prime_change	False	True	False	0.0
SRR33298416.906571	chr11R	Y' Gain	chr13	True	0.33	False		Y' Gain	chr13L	True	0.33	False	single_y_prime_change	False	True	False	0.0
SRR33298416.146286	chr11R	Y' Gain	chr13	True	0.0279	False		Y' Gain	chr13L	True	0.0279	False	subtelomere_switch	False	True	False	0.0
SRR33298416.22624	chr11R	Y' Gain	chr13	True	0.33	False		Y' Gain	chr13L	True	0.33	False	single_y_prime_change	False	True	False	0.0
SRR33298416.951952	chr11R	Y' Gain	chr12	True	-0.0043	False		Y' Gain	chr12L	True	-0.0043	False	subtelomere_switch	False	True	False	0.0
SRR33298416.580538	chr12L	Y' Gain	chr14	True	0.3	False		Y' Gain	chr12R	True	0.33	False	donor_transfer_candidates:2	False	True	False	0.03
SRR33298416.744689	chr12L	Y' Gain	chr6	True	0.3	False		Y' Gain	chr14L	True	0.66	False	donor_transfer	False	True	False	0.36
SRR33298416.224730	chr12L	Y' Gain	ambiguous	True	0.3	False		Y' Gain	chr12R	True	0.33	False	donor_transfer_candidates:3	False	True	False	0.03
SRR33298416.1068328	chr12L	Y' Gain	chr16	True	0.3	False		Y' Gain	chr14L	True	0.44	False	donor_transfer	False	True	False	0.14
SRR33298416.127373	chr12L	Y' Gain	ambiguous	True	0.3	False		Y' Gain	chr14L	True	0.44	False	donor_transfer	False	True	False	0.14
SRR33298416.974694	chr12L	Y' Gain	chr14	True	0.3	False		Y' Gain	chr14L	True	0.66	False	donor_transfer	False	True	False	0.36
SRR33298416.224826	chr12L	1st Y' Change	ambiguous	True	0.3	False		1st Y' Change	chr12R	True	0.33	False	donor_transfer_candidates:2	False	True	False	0.03
SRR33298416.591163	chr12L	Y' Gain	ambiguous	True	0.3	False		Y' Gain	chr12R	True	0.33	False	donor_transfer_candidates:2	False	True	False	0.03
SRR33298416.892470	chr12L	Y' Gain	ambiguous	True	0.3	False		Y' Gain	chr12R	True	0.33	False	donor_transfer_candidates:2	False	True	False	0.03
SRR33298416.1173580	chr12L	Y' Gain	ambiguous	True	0.3	False		Y' Gain	chr12R	True	0.33	False	donor_transfer_candidates:3	False	True	False	0.03
SRR33298416.201781	chr12L	Y' Gain	ambiguous	True	0.3	False		Y' Gain	chr14L	True	0.66	False	donor_transfer	False	True	False	0.36
SRR33298416.201780	chr12L	Y' Gain	ambiguous	True	0.3	False		Y' Gain	chr14L	True	0.66	False	donor_transfer	False	True	False	0.36
SRR33298416.693191	chr12L	1st Y' Change	ambiguous	True	0.3	False		1st Y' Change	chr12R	True	0.33	False	donor_transfer_candidates:2	False	True	False	0.03
SRR33298416.323637	chr12L	1st Y' Change	ambiguous	True	0.3	False		1st Y' Change	chr12R	True	0.33	False	donor_transfer_candidates:2	False	True	False	0.03
SRR33298416.815854	chr12L	Y' Gain	ambiguous	True	0.3	False		Y' Gain	chr12R	True	0.33	False	donor_transfer_candidates:2	False	True	False	0.03
SRR33298416.643277	chr12L	Y' Gain	ambiguous	True	0.3	False		Y' Gain	chr12R	True	0.33	False	donor_transfer_candidates:2	False	True	False	0.03
SRR33298416.1160064	chr12L	Y' Gain	ambiguous	True	0.3	False		Y' Gain	chr12R	True	0.33	False	donor_transfer_candidates:3	False	True	False	0.03
SRR33298416.302187	chr12L	Y' Gain	ambiguous	True	0.3	False		Y' Gain	chr14L	True	0.66	False	donor_transfer	False	True	False	0.36
SRR33298416.286285	chr12L	Y' Gain	ambiguous	True	0.3	False		Y' Gain	chr14L	True	0.66	False	donor_transfer	False	True	False	0.36
SRR33298416.231078	chr12L	1st Y' Change	ambiguous	True	0.3	False		1st Y' Change	chr12R	True	0.33	False	donor_transfer_candidates:3	False	True	False	0.03
SRR33298416.1138860	chr12L	Y' Gain	ambiguous	True	0.3	False		Y' Gain	chr12R	True	0.33	False	donor_transfer_candidates:2	False	True	False	0.03
SRR33298416.1256078	chr12L	Y' Gain	ambiguous	True	0.3	False		Y' Gain	chr12R	True	0.33	False	donor_transfer_candidates:2	False	True	False	0.03
SRR33298416.650513	chr12L	Y' Gain	ambiguous	True	0.3	False		Y' Gain	chr12R	True	0.33	False	donor_transfer_candidates:2	False	True	False	0.03
SRR33298416.1196600	chr12L	Y' Gain	ambiguous	True	0.3	False		Y' Gain	chr12R	True	0.33	False	donor_transfer_candidates:2	False	True	False	0.03
SRR33298416.1142188	chr12L	Y' Gain	ambiguous	True	0.3	False		Y' Gain	chr12R	True	0.33	False	donor_transfer_candidates:2	False	True	False	0.03
SRR33298416.228910	chr12L	Y' Gain	ambiguous	True	0.3	False		Y' Gain	chr12R	True	0.33	False	donor_transfer_candidates:2	False	True	False	0.03
SRR33298416.418816	chr12L	Y' Gain	ambiguous	True	0.3	False		Y' Gain	chr14L	True	0.66	False	donor_transfer	False	True	False	0.36
SRR33298416.418283	chr12L	Y' Gain	ambiguous	True	0.3	False		Y' Gain	chr12R	True	0.33	False	donor_transfer_candidates:3	False	True	False	0.03
SRR33298416.503244	chr12L	Y' Gain	ambiguous	True	0.3	False		Y' Gain	chr12R	True	0.33	False	donor_transfer_candidates:3	False	True	False	0.03
SRR33298416.80958	chr12L	Y' Gain	ambiguous	True	0.3	False		Y' Gain	chr12R	True	0.33	False	donor_transfer_candidates:3	False	True	False	0.03
SRR33298416.115568	chr12L	Y' Gain	ambiguous	True	0.3	False		Y' Gain	chr12R	True	0.33	False	donor_transfer_candidates:3	False	True	False	0.03
SRR33298416.165543	chr12L	Y' Gain	ambiguous	True	0.3	False		Y' Gain	chr12R	True	0.33	False	donor_transfer_candidates:3	False	True	False	0.03
SRR33298416.825505	chr12L	Y' Gain	ambiguous	True	0.3	False		Y' Gain	chr12R	True	0.33	False	donor_transfer_candidates:3	False	True	False	0.03
SRR33298416.395200	chr12L	1st Y' Change	ambiguous	True	0.3	False		1st Y' Change	chr14L	True	0.66	False	donor_transfer	False	True	False	0.36
SRR33298416.1259275	chr12L	Y' Gain	ambiguous	True	0.3	False		Y' Gain	chr14L	True	0.66	False	donor_transfer	False	True	False	0.36
SRR33298416.541603	chr12L	Y' Gain	ambiguous	True	0.3	False		Y' Gain	chr14L	True	0.44	False	donor_transfer	False	True	False	0.14
SRR33298416.1257803	chr12L	Y' Gain	ambiguous	True	0.3	False		Y' Gain	chr14L	True	0.44	False	donor_transfer	False	True	False	0.14
SRR33298416.678645	chr12L	Y' Gain	ambiguous	True	0.3	False		Y' Gain	chr14L	True	0.44	False	donor_transfer	False	True	False	0.14
SRR33298416.670853	chr12L	Y' Gain	ambiguous	True	0.3	False		Y' Gain	chr14L	True	0.44	False	donor_transfer	False	True	False	0.14
SRR33298416.1006078	chr12L	1st Y' Change	ambiguous	True	0.3	False		1st Y' Change	chr12R	True	0.33	False	donor_transfer_candidates:3	False	True	False	0.03
SRR33298416.370624	chr12L	1st Y' Change	ambiguous	True	0.3	False		1st Y' Change	chr14L	True	0.44	False	donor_transfer	False	True	False	0.14
SRR33298416.1140225	chr12R	Y' Gain	chr4	True	0.3	False		Y' Gain	chr12R	True	0.33	False	tandem_amplification_same_end	False	True	False	0.03
SRR33298416.76631	chr12R	Y' Gain	chr4	True	0.3	False		Y' Gain	chr12R	True	0.33	False	tandem_amplification_same_end	False	True	False	0.03
SRR33298416.624526	chr13L	Y' Gain	chr13	True	0.33	False		Y' Gain	ambiguous	True	0.3	False	donor_transfer_candidates:4	False	True	False	-0.03
SRR33298416.455762	chr13L	Y' Gain	chr13	True	0.33	False		Y' Gain	chr14L	True	0.66	False	donor_transfer	False	True	False	0.33
SRR33298416.619878	chr13L	Y' Gain	chr13	True	0.33	False		Y' Gain	ambiguous	True	0.3	False	donor_transfer_candidates:4	False	True	False	-0.03
SRR33298416.372763	chr13L	Y' Gain	chr13	True	0.33	False		Y' Gain	ambiguous	True	0.3	False	donor_transfer_candidates:4	False	True	False	-0.03
SRR33298416.840845	chr13L	Y' Gain	chr13	True	0.33	False		Y' Gain	chr14L	True	0.44	False	donor_transfer	False	True	False	0.11
SRR33298416.197096	chr13L	1st Y' Change	chr13	True	0.3	False		1st Y' Change	ambiguous	True	0.3	False	donor_transfer_candidates:4	False	True	False	0.0
SRR33298416.739088	chr13L	Y' Gain	chr13	True	0.33	False		Y' Gain	ambiguous	True	0.3	False	donor_transfer_candidates:4	False	True	False	-0.03
SRR33298416.210534	chr13L	Y' Gain	chr13	True	0.33	False		Y' Gain	chr12R	True	0.33	False	donor_transfer_candidates:2	False	True	False	0.0
SRR33298416.1152312	chr13L	Y' Gain	chr13	True	0.33	False		Y' Gain	chr12R	True	0.33	False	donor_transfer_candidates:2	False	True	False	0.0
SRR33298416.1154633	chr13L	Y' Gain	chr13	True	0.33	False		Y' Gain	chr12R	True	0.33	False	donor_transfer_candidates:2	False	True	False	0.0
SRR33298416.168284	chr13L	Y' Gain	chr13	True	0.33	False		Y' Gain	chr12R	True	0.33	False	donor_transfer_candidates:2	False	True	False	0.0
SRR33298416.912145	chr13L	Y' Gain	chr13	True	0.33	False		Y' Gain	chr12R	True	0.33	False	donor_transfer_candidates:2	False	True	False	0.0
SRR33298416.1027312	chr13L	Y' Gain	chr13	True	0.33	False		Y' Gain	chr14L	True	0.66	False	donor_transfer	False	True	False	0.33
SRR33298416.90738	chr13L	Y' Gain	chr13	True	0.33	False		Y' Gain	chr14L	True	0.66	False	donor_transfer	False	True	False	0.33
SRR33298416.819629	chr13L	1st Y' Change	chr13	True	0.3	False		1st Y' Change	chr14L	True	0.44	False	donor_transfer	False	True	False	0.14
SRR33298416.571341	chr13L	Y' Gain	chr13	True	0.33	False		Y' Gain	chr14L	True	0.66	False	donor_transfer	False	True	False	0.33
SRR33298416.1025349	chr13L	1st Y' Change	chr13	True	0.3	False		1st Y' Change	ambiguous	True	0.3	False	unmatched_array	False	True	False	0.0
SRR33298416.746946	chr13L	1st Y' Change	chr13	True	0.3	False		1st Y' Change	ambiguous	True	0.3	False	unmatched_array	False	True	False	0.0
SRR33298416.563530	chr13L	Y' Gain	chr13	True	0.33	False		Y' Gain	chr14L	True	0.66	False	donor_transfer	False	True	False	0.33
SRR33298416.615132	chr13L	1st Y' Change	chr13	True	0.3	False		1st Y' Change	chr12R	True	0.33	False	donor_transfer_candidates:2	False	True	False	0.03
SRR33298416.695790	chr13L	Y' Gain	chr13	True	0.33	False		Y' Gain	chr12R	True	0.33	False	donor_transfer_candidates:3	False	True	False	0.0
SRR33298416.509637	chr13L	Y' Gain	chr13	True	0.33	False		Y' Gain	chr12R	True	0.33	False	donor_transfer_candidates:3	False	True	False	0.0
SRR33298416.709642	chr13L	1st Y' Change	chr13	True	0.3	False		1st Y' Change	ambiguous	True	0.3	False	unmatched_array	False	True	False	0.0
SRR33298416.593100	chr13L	Y' Gain	chr13	True	0.33	False		Y' Gain	chr14L	True	0.66	False	donor_transfer	False	True	False	0.33
SRR33298416.99523	chr13L	Y' Gain	chr13	True	0.33	False		Y' Gain	chr14L	True	0.66	False	donor_transfer	False	True	False	0.33
SRR33298416.568182	chr13L	Y' Gain	chr13	True	0.33	False		Y' Gain	ambiguous	True	0.3	False	unmatched_array	False	True	False	-0.03
SRR33298416.190379	chr13L	Y' Gain	chr13	True	0.33	False		Y' Gain	ambiguous	True	0.3	False	unmatched_array	False	True	False	-0.03
SRR33298416.1155185	chr13L	Y' Gain	chr13	True	0.33	False		Y' Gain	ambiguous	True	0.3	False	unmatched_array	False	True	False	-0.03
SRR33298416.886660	chr13L	Y' Gain	chr13	True	0.33	False		Y' Gain	ambiguous	True	0.3	False	unmatched_array	False	True	False	-0.03
SRR33298416.76843	chr13L	Y' Gain	chr13	True	0.33	False		Y' Gain	ambiguous	True	0.3	False	unmatched_array	False	True	False	-0.03
SRR33298416.553284	chr13L	1st Y' Change	chr13	True	0.3	False		1st Y' Change	chr12R	True	0.33	False	donor_transfer_candidates:3	False	True	False	0.03
SRR33298416.1223798	chr13L	Y' Gain	chr13	True	0.33	False		Y' Gain	chr12R	True	0.33	False	donor_transfer_candidates:2	False	True	False	0.0
SRR33298416.647648	chr13L	Y' Gain	chr13	True	0.33	False		Y' Gain	chr12R	True	0.33	False	donor_transfer_candidates:2	False	True	False	0.0
SRR33298416.1268472	chr13L	Y' Gain	chr13	True	0.33	False		Y' Gain	chr12R	True	0.33	False	donor_transfer_candidates:3	False	True	False	0.0
SRR33298416.958421	chr13L	1st Y' Change	chr13	True	0.3	False		1st Y' Change	ambiguous	True	0.3	False	unmatched_array	False	True	False	0.0
SRR33298416.260796	chr13L	1st Y' Change	chr13	True	0.3	False		1st Y' Change	ambiguous	True	0.3	False	unmatched_array	False	True	False	0.0
SRR33298416.356491	chr13L	1st Y' Change	chr13	True	0.3	False		1st Y' Change	ambiguous	True	0.3	False	unmatched_array	False	True	False	0.0
SRR33298416.517396	chr13L	1st Y' Change	chr13	True	0.3	False		1st Y' Change	ambiguous	True	0.3	False	unmatched_array	False	True	False	0.0
SRR33298416.74284	chr13L	Y' Gain	chr13	True	0.33	False		Y' Gain	ambiguous	True	0.3	False	unmatched_array	False	True	False	-0.03
SRR33298416.819249	chr13L	Y' Gain	chr13	True	0.33	False		Y' Gain	ambiguous	True	0.3	False	unmatched_array	False	True	False	-0.03
SRR33298416.521645	chr13L	1st Y' Change	chr13	True	0.3	False		1st Y' Change	chr14L	True	0.44	False	donor_transfer	False	True	False	0.14
SRR33298416.1143703	chr13L	1st Y' Change	chr13	True	0.3	False		1st Y' Change	ambiguous	True	0.3	False	donor_transfer_candidates:4	False	True	False	0.0
SRR33298416.845606	chr13L	1st Y' Change	chr13	True	0.3	False		1st Y' Change	ambiguous	True	0.3	False	unmatched_array	False	True	False	0.0
SRR33298416.769043	chr13L	Y' Gain	chr13	True	0.33	False		Y' Gain	chr12R	True	0.33	False	donor_transfer_candidates:3	False	True	False	0.0
SRR33298416.94677	chr13L	1st Y' Change	chr13	True	0.3	False		1st Y' Change	ambiguous	True	0.3	False	unmatched_array	False	True	False	0.0
SRR33298416.969313	chr13L	Y' Gain	chr13	True	0.33	False		Y' Gain	chr12R	True	0.33	False	donor_transfer_candidates:3	False	True	False	0.0
SRR33298416.179605	chr13L	Y' Gain	chr13	True	0.33	False		Y' Gain	chr12R	True	0.33	False	donor_transfer_candidates:3	False	True	False	0.0
SRR33298416.575990	chr13L	Y' Gain	chr13	True	0.33	False		Y' Gain	chr12R	True	0.33	False	donor_transfer_candidates:3	False	True	False	0.0
SRR33298416.131843	chr13L	Y' Gain	chr13	True	0.33	False		Y' Gain	chr12R	True	0.33	False	donor_transfer_candidates:3	False	True	False	0.0
SRR33298416.220869	chr13L	Y' Gain	chr13	True	0.33	False		Y' Gain	ambiguous	True	0.3	False	unmatched_array	False	True	False	-0.03
SRR33298416.726658	chr13L	1st Y' Change	chr13	True	0.3	False		1st Y' Change	ambiguous	True	0.3	False	unmatched_array	False	True	False	0.0
SRR33298416.1220609	chr13L	Y' Gain	chr13	True	0.33	False		Y' Gain	chr14L	True	0.66	False	donor_transfer	False	True	False	0.33
SRR33298416.1155062	chr13L	Y' Gain	chr13	True	0.33	False		Y' Gain	ambiguous	True	0.3	False	unmatched_array	False	True	False	-0.03
SRR33298416.820434	chr13L	1st Y' Change	chr13	True	0.3	False		1st Y' Change	chr12R	True	0.33	False	donor_transfer_candidates:3	False	True	False	0.03
SRR33298416.1198215	chr13L	1st Y' Change	chr13	True	0.3	False		1st Y' Change	ambiguous	True	0.3	False	unmatched_array	False	True	False	0.0
SRR33298416.786162	chr13L	Y' Gain	chr13	True	0.33	False		Y' Gain	ambiguous	True	0.3	False	donor_transfer_candidates:4	False	True	False	-0.03
SRR33298416.35998	chr13L	Y' Gain	chr13	True	0.33	False		Y' Gain	ambiguous	True	0.3	False	donor_transfer_candidates:4	False	True	False	-0.03
SRR33298416.438393	chr13L	Y' Gain	chr13	True	0.33	False		Y' Gain	ambiguous	True	0.3	False	donor_transfer_candidates:4	False	True	False	-0.03
SRR33298416.709322	chr13L	1st Y' Change	chr13	True	0.3	False		1st Y' Change	ambiguous	True	0.3	False	unmatched_array	False	True	False	0.0
SRR33298416.666343	chr13L	Y' Gain	chr13	True	0.33	False		Y' Gain	ambiguous	True	0.3	False	donor_transfer_candidates:4	False	True	False	-0.03
SRR33298416.604705	chr13L	Y' Gain	chr13	True	0.33	False		Y' Gain	ambiguous	True	0.3	False	donor_transfer_candidates:4	False	True	False	-0.03
SRR33298416.593747	chr13L	1st Y' Change	chr13	True	0.3	False		1st Y' Change	ambiguous	True	0.3	False	unmatched_array	False	True	False	0.0
SRR33298416.832096	chr13L	Y' Gain	chr13	True	0.33	False		Y' Gain	ambiguous	True	0.3	False	unmatched_array	False	True	False	-0.03
SRR33298416.402703	chr13L	Y' Gain	chr13	True	0.33	False		Y' Gain	ambiguous	True	0.3	False	unmatched_array	False	True	False	-0.03
SRR33298416.916033	chr13L	Y' Gain	chr13	True	0.33	False		Y' Gain	chr14L	True	0.44	False	donor_transfer	False	True	False	0.11
SRR33298416.257919	chr13L	Y' Gain	chr13	True	0.33	False		Y' Gain	ambiguous	True	0.3	False	unmatched_array	False	True	False	-0.03
SRR33298416.52772	chr13L	Y' Gain	chr13	True	0.33	False		Y' Gain	ambiguous	True	0.3	False	unmatched_array	False	True	False	-0.03
SRR33298416.103958	chr13L	Y' Gain	chr13	True	0.33	False		Y' Gain	ambiguous	True	0.3	False	unmatched_array	False	True	False	-0.03
SRR33298416.1031191	chr13L	Y' Gain	chr13	True	0.33	False		Y' Gain	ambiguous	True	0.3	False	unmatched_array	False	True	False	-0.03
SRR33298416.910693	chr13L	Y' Gain	chr13	True	0.33	False		Y' Gain	ambiguous	True	0.3	False	unmatched_array	False	True	False	-0.03
SRR33298416.937949	chr13L	Y' Gain	chr13	True	0.33	False		Y' Gain	ambiguous	True	0.3	False	unmatched_array	False	True	False	-0.03
SRR33298416.771753	chr13L	Y' Gain	chr13	True	0.33	False		Y' Gain	ambiguous	True	0.3	False	unmatched_array	False	True	False	-0.03
SRR33298416.306190	chr13L	Y' Gain	chr13	True	0.33	False		Y' Gain	ambiguous	True	0.3	False	unmatched_array	False	True	False	-0.03
SRR33298416.548916	chr13L	Y' Gain	chr13	True	0.33	False		Y' Gain	ambiguous	True	0.3	False	unmatched_array	False	True	False	-0.03
SRR33298416.154436	chr13L	1st Y' Change	chr14	True	0.33	False		1st Y' Change	chr14L	True	0.33	False	unmatched_array	False	True	False	0.0
SRR33298416.794689	chr13L	1st Y' Change	chr14	True	0.33	False		1st Y' Change	chr14L	True	0.33	False	unmatched_array	False	True	False	0.0
SRR33298416.827232	chr13L	1st Y' Change	chr14	True	0.33	False		1st Y' Change	chr14L	True	0.33	False	unmatched_array	False	True	False	0.0
SRR33298416.615492	chr13L	1st Y' Change	chr14	True	0.33	False		1st Y' Change	chr14L	True	0.33	False	unmatched_array	False	True	False	0.0
SRR33298416.722550	chr13L	1st Y' Change	chr14	True	0.33	False		1st Y' Change	chr14L	True	0.33	False	unmatched_array	False	True	False	0.0
SRR33298416.1188959	chr13L	1st Y' Change	chr14	True	0.33	False		1st Y' Change	chr14L	True	0.33	False	unmatched_array	False	True	False	0.0
SRR33298416.701637	chr13L	1st Y' Change	chr14	True	0.33	False		1st Y' Change	chr14L	True	0.33	False	unmatched_array	False	True	False	0.0
SRR33298416.1132181	chr13L	1st Y' Change	chr14	True	0.33	False		1st Y' Change	chr14L	True	0.44	False	donor_transfer	False	True	False	0.11
SRR33298416.572492	chr13R	Y' Gain	chr12R	True	0.2192	True		Y' Gain	chr10L	True	0.2192	True	subtelomere_switch	False	True	False	0.0
SRR33298416.1168444	chr13R	Y' Gain	chr12R	True	0.2227	True		Y' Gain	chr10L	True	0.2227	True	subtelomere_switch	False	True	False	0.0
SRR33298416.1154699	chr13R	Y' Gain	chr12R	True	0.0013	True		Y' Gain	chr14L	True	0.0013	True	subtelomere_switch	False	True	False	0.0
SRR33298416.520517	chr13R	Y' Gain	chr4R	True	0.3	True		Y' Gain	chr7R	True	0.7	True	subtelomere_switch	False	True	False	0.4
SRR33298416.781596	chr13R	Y' Gain	chr12R	True	0.2766	True		Y' Gain	chr7R	True	0.6455	True	subtelomere_switch	False	True	False	0.369
SRR33298416.1141888	chr13R	Y' Gain	chr12R	True	0.2828	True		Y' Gain	chr15R	True	0.66	True	subtelomere_switch	False	True	False	0.377
SRR33298416.526502	chr13R	Y' Gain	chr12R	True	0.0005	True		Y' Gain	chr14L	True	0.0005	True	subtelomere_switch	False	True	False	0.0
SRR33298416.1216082	chr13R	Y' Gain	chr13	True	0.33	False		Y' Gain	ambiguous	True	0.3	False	unmatched_array	False	True	False	-0.03
SRR33298416.1210221	chr13R	Y' Gain	chr12R	True	-0.0029	True		Y' Gain	chr14L	True	-0.0029	True	subtelomere_switch	False	True	False	0.0
SRR33298416.761711	chr13R	Y' Gain	chr12R	True	0.2304	True		Y' Gain	chr10L	True	0.5376	True	subtelomere_switch	False	True	False	0.307
SRR33298416.284675	chr13R	Y' Gain	chr12R	True	0.2803	True		Y' Gain	chr15R	True	0.654	True	subtelomere_switch	False	True	False	0.374
SRR33298416.51509	chr13R	Y' Gain	chr12R	True	0.2557	True		Y' Gain	chr15R	True	0.5966	True	subtelomere_switch	False	True	False	0.341
SRR33298416.609779	chr13R	Y' Gain	chr12R	True	0.2324	True		Y' Gain	chr15R	True	0.5424	True	subtelomere_switch	False	True	False	0.31
SRR33298416.1149771	chr13R	Y' Gain	chr12R	True	0.2341	True		Y' Gain	chr15R	True	0.5462	True	subtelomere_switch	False	True	False	0.312
SRR33298416.545790	chr13R	Y' Gain	chr12R	True	0.2806	True		Y' Gain	chr15R	True	0.6548	True	subtelomere_switch	False	True	False	0.374
SRR33298416.102317	chr13R	Y' Gain	chr13	True	0.3	False		Y' Gain	chr12R	True	0.33	False	donor_transfer_candidates:3	False	True	False	0.03
SRR33298416.733709	chr13R	Y' Gain	chr12R	True	0.2344	True		Y' Gain	chr15R	True	0.547	True	subtelomere_switch	False	True	False	0.313
SRR33298416.1292626	chr13R	Y' Gain	chr12R	True	-0.0038	True		Y' Gain	chr14L	True	-0.0038	True	subtelomere_switch	False	True	False	0.0
SRR33298416.1251023	chr13R	Y' Gain	chr12R	True	0.2224	True		Y' Gain	chr15R	True	0.2224	True	subtelomere_switch	False	True	False	0.0
SRR33298416.132354	chr13R	Y' Gain	chr12R	True	0.2257	True		Y' Gain	chr12L	True	0.2257	True	subtelomere_switch	False	True	False	0.0
SRR33298416.420185	chr13R	Y' Gain	chr12R	True	-0.0017	True		Y' Gain	chr14L	True	-0.0017	True	subtelomere_switch	False	True	False	0.0
SRR33298416.535876	chr13R	Y' Gain	chr13	True	0.33	False		Y' Gain	ambiguous	True	0.3	False	unmatched_array	False	True	False	-0.03
SRR33298416.1098145	chr13R	Y' Gain	chr13	True	0.33	False		Y' Gain	ambiguous	True	0.3	False	unmatched_array	False	True	False	-0.03
SRR33298416.1207175	chr13R	Y' Gain	chr12R	True	0.2304	True		Y' Gain	chr10L	True	0.5376	True	subtelomere_switch	False	True	False	0.307
SRR33298416.267133	chr13R	Y' Gain	chr14L	True	0.2259	True		Y' Gain	chr10L	True	0.5272	True	subtelomere_switch	False	True	False	0.301
SRR33298416.236657	chr13R	Y' Gain	chr4R	True	0.2854	True		Y' Gain	chr15R	True	0.666	True	subtelomere_switch	False	True	False	0.381
SRR33298416.714298	chr13R	Y' Gain	chr13	True	0.3	False		Y' Gain	ambiguous	True	0.3	False	donor_transfer_candidates:4	False	True	False	0.0
SRR33298416.113473	chr13R	Y' Gain	chr13	True	0.3	False		Y' Gain	chr14L	True	0.66	False	donor_transfer	False	True	False	0.36
SRR33298416.459367	chr13R	Y' Gain	chr12R	True	-0.0017	True		Y' Gain	chr14L	True	-0.0017	True	subtelomere_switch	False	True	False	0.0
SRR33298416.528928	chr13R	Y' Gain	chr12R	True	0.2816	True		Y' Gain	chr15R	True	0.2816	True	subtelomere_switch	False	True	False	0.0
SRR33298416.1100539	chr13R	Y' Gain	chr13	True	0.33	False		Y' Gain	ambiguous	True	0.3	False	unmatched_array	False	True	False	-0.03
SRR33298416.287065	chr13R	Y' Gain	chr13	True	0.33	False		Y' Gain	ambiguous	True	0.3	False	unmatched_array	False	True	False	-0.03
SRR33298416.1175241	chr13R	Y' Gain	chr12R	True	0.232	True		Y' Gain	chr10L	True	0.5414	True	subtelomere_switch	False	True	False	0.309
SRR33298416.1011983	chr13R	Y' Gain	chr13	True	0.3	False		Y' Gain	ambiguous	True	0.3	False	donor_transfer_candidates:4	False	True	False	0.0
SRR33298416.693703	chr13R	Y' Gain	chr13	True	0.3	False		Y' Gain	chr12R	True	0.33	False	donor_transfer_candidates:3	False	True	False	0.03
SRR33298416.872528	chr13R	Y' Gain	chr13	True	0.3	False		Y' Gain	chr12R	True	0.33	False	donor_transfer_candidates:3	False	True	False	0.03
SRR33298416.39006	chr13R	Y' Gain	chr14L	True	0.2824	True		Y' Gain	chr15R	True	0.6589	True	subtelomere_switch	False	True	False	0.377
SRR33298416.1252313	chr13R	Y' Gain	chr13	True	0.3	False		Y' Gain	ambiguous	True	0.3	False	donor_transfer_candidates:4	False	True	False	0.0
SRR33298416.1094003	chr13R	Y' Gain	chr13	True	0.3	False		Y' Gain	ambiguous	True	0.3	False	donor_transfer_candidates:4	False	True	False	0.0
SRR33298416.625886	chr13R	Y' Gain	chr12R	True	0.1595	True		Y' Gain	chr11L	True	0.1595	True	subtelomere_switch	False	True	False	0.0
SRR33298416.1082281	chr13R	Y' Gain	chr13	True	0.3	False		Y' Gain	chr14L	True	0.66	False	donor_transfer	False	True	False	0.36
SRR33298416.1162711	chr13R	Y' Gain	chr12R	True	-0.0037	True		Y' Gain	chr14L	True	-0.0037	True	subtelomere_switch	False	True	False	0.0
SRR33298416.159741	chr13R	Y' Gain	chr13	True	0.33	False		Y' Gain	chr14L	True	0.66	False	donor_transfer	False	True	False	0.33
SRR33298416.228196	chr13R	Y' Gain	chr12R	True	0.0047	False		Y' Gain	chr14L	True	0.0033	True	subtelomere_switch	False	True	False	-0.001
SRR33298416.2883	chr13R	Y' Gain	chr13	True	0.3	False		Y' Gain	chr14L	True	0.44	False	donor_transfer	False	True	False	0.14
SRR33298416.884120	chr13R	Y' Gain	chr13	True	0.33	False		Y' Gain	chr14L	True	0.44	False	donor_transfer	False	True	False	0.11
SRR33298416.1186224	chr13R	Y' Gain	chr13	True	0.3	False		Y' Gain	chr14L	True	0.44	False	donor_transfer	False	True	False	0.14
SRR33298416.252601	chr13R	Y' Gain	chr13	True	0.3	False		Y' Gain	chr14L	True	0.44	False	donor_transfer	False	True	False	0.14
SRR33298416.37811	chr13R	Y' Gain	chr13	True	0.33	False		Y' Gain	ambiguous	True	0.3	False	unmatched_array	False	True	False	-0.03
SRR33298416.1015880	chr13R	Y' Gain	chr13	True	0.33	False		Y' Gain	ambiguous	True	0.3	False	unmatched_array	False	True	False	-0.03
SRR33298416.1244716	chr13R	Y' Gain	chr13	True	0.3	False		Y' Gain	ambiguous	True	0.3	False	donor_transfer_candidates:4	False	True	False	0.0
SRR33298416.588109	chr13R	Y' Gain	chr13	True	0.3	False		Y' Gain	ambiguous	True	0.3	False	donor_transfer_candidates:4	False	True	False	0.0
SRR33298416.66880	chr13R	Y' Gain	chr13	True	0.3	False		Y' Gain	ambiguous	True	0.3	False	donor_transfer_candidates:4	False	True	False	0.0
SRR33298416.874634	chr13R	Y' Gain	chr13	True	0.3	False		Y' Gain	ambiguous	True	0.3	False	donor_transfer_candidates:4	False	True	False	0.0
SRR33298416.582280	chr13R	Y' Gain	chr13	True	-0.0022	False		Y' Gain	ambiguous	True	-0.0022	False	subtelomere_switch	False	True	False	0.0
SRR33298416.956617	chr13R	Y' Gain	chr12R	True	0.2803	True		Y' Gain	chr15R	True	0.654	True	subtelomere_switch	False	True	False	0.374
SRR33298416.460408	chr13R	Y' Gain	chr13	True	0.3	False		Y' Gain	ambiguous	True	0.3	False	donor_transfer_candidates:4	False	True	False	0.0
SRR33298416.416414	chr13R	Y' Gain	chr13	True	0.3	False		Y' Gain	ambiguous	True	0.3	False	donor_transfer_candidates:4	False	True	False	0.0
SRR33298416.291218	chr13R	Y' Gain	chr13	True	0.3	False		Y' Gain	ambiguous	True	0.3	False	donor_transfer_candidates:4	False	True	False	0.0
SRR33298416.701725	chr13R	Y' Gain	chr12R	True	0.285	True		Y' Gain	chr15R	True	0.6649	True	subtelomere_switch	False	True	False	0.38
SRR33298416.242263	chr13R	Y' Gain	chr13	True	0.3	False		Y' Gain	ambiguous	True	0.3	False	donor_transfer_candidates:4	False	True	False	0.0
SRR33298416.157517	chr13R	Y' Gain	chr16L	True	0.282	True		Y' Gain	chr15R	True	0.6579	True	subtelomere_switch	False	True	False	0.376
SRR33298416.306532	chr13R	Y' Gain	chr13	True	0.3	False		Y' Gain	ambiguous	True	0.3	False	donor_transfer_candidates:4	False	True	False	0.0
SRR33298416.904159	chr13R	Y' Gain	chr13	True	0.3	False		Y' Gain	ambiguous	True	0.3	False	donor_transfer_candidates:4	False	True	False	0.0
SRR33298416.455899	chr13R	Y' Gain	chr13	True	0.3	False		Y' Gain	ambiguous	True	0.3	False	unmatched_array	False	True	False	0.0
SRR33298416.439080	chr13R	Y' Gain	chr13	True	0.3	False		Y' Gain	ambiguous	True	0.3	False	unmatched_array	False	True	False	0.0
SRR33298416.1149261	chr13R	Y' Gain	chr13	True	0.0026	False		Y' Gain	ambiguous	True	0.0026	False	subtelomere_switch	False	True	False	0.0
SRR33298416.354096	chr13R	Y' Gain	chr13	True	0.3	False		Y' Gain	ambiguous	True	0.3	False	unmatched_array	False	True	False	0.0
SRR33298416.112763	chr13R	Y' Gain	chr13	True	0.3	False		Y' Gain	ambiguous	True	0.3	False	donor_transfer_candidates:4	False	True	False	0.0
SRR33298416.1170265	chr13R	Y' Gain	chr13	True	0.3	False		Y' Gain	ambiguous	True	0.3	False	unmatched_array	False	True	False	0.0
SRR33298416.443769	chr13R	Y' Gain	chr13	True	0.3	False		Y' Gain	ambiguous	True	0.3	False	unmatched_array	False	True	False	0.0
SRR33298416.544702	chr13R	Y' Gain	chr13	True	-0.0033	False		Y' Gain	ambiguous	True	-0.0033	False	subtelomere_switch	False	True	False	0.0
SRR33298416.32233	chr13R	Y' Gain	chr13	True	0.3	False		Y' Gain	ambiguous	True	0.3	False	unmatched_array	False	True	False	0.0
SRR33298416.232363	chr13R	Y' Gain	chr13	True	0.3	False		Y' Gain	ambiguous	True	0.3	False	unmatched_array	False	True	False	0.0
SRR33298416.50940	chr13R	Y' Gain	chr13	True	0.33	False		Y' Gain	chr14L	True	0.44	False	donor_transfer	False	True	False	0.11
SRR33298416.50944	chr13R	Y' Gain	chr13	True	0.33	False		Y' Gain	chr14L	True	0.44	False	donor_transfer	False	True	False	0.11
SRR33298416.234268	chr13R	Y' Gain	chr13	True	0.3	False		Y' Gain	ambiguous	True	0.3	False	unmatched_array	False	True	False	0.0
SRR33298416.1176541	chr13R	Y' Gain	chr13	True	0.33	False		Y' Gain	ambiguous	True	0.3	False	unmatched_array	False	True	False	-0.03
SRR33298416.106081	chr13R	Y' Gain	chr13	True	0.33	False		Y' Gain	ambiguous	True	0.3	False	unmatched_array	False	True	False	-0.03
SRR33298416.461437	chr13R	Y' Gain	chr13	True	0.33	False		Y' Gain	ambiguous	True	0.3	False	unmatched_array	False	True	False	-0.03
SRR33298416.494373	chr13R	Y' Gain	chr13	True	0.33	False		Y' Gain	ambiguous	True	0.3	False	unmatched_array	False	True	False	-0.03
SRR33298416.1119360	chr13R	Y' Gain	chr13	True	0.3	False		Y' Gain	ambiguous	True	0.3	False	single_y_prime_change	False	True	False	0.0
SRR33298416.1230139	chr13R	Y' Gain	chr13	True	0.3	False		Y' Gain	ambiguous	True	0.3	False	single_y_prime_change	False	True	False	0.0
SRR33298416.408382	chr13R	Y' Gain	chr13	True	0.3	False		Y' Gain	ambiguous	True	0.3	False	single_y_prime_change	False	True	False	0.0
SRR33298416.392516	chr13R	Y' Gain	chr13	True	0.3	False		Y' Gain	ambiguous	True	0.3	False	single_y_prime_change	False	True	False	0.0
SRR33298416.778150	chr13R	Y' Gain	chr13	True	0.3	False		Y' Gain	ambiguous	True	0.3	False	single_y_prime_change	False	True	False	0.0
SRR33298416.223058	chr13R	Y' Gain	chr13	True	0.3	False		Y' Gain	ambiguous	True	0.3	False	single_y_prime_change	False	True	False	0.0
SRR33298416.14020	chr13R	Y' Gain	chr13	True	0.3	False		Y' Gain	ambiguous	True	0.3	False	single_y_prime_change	False	True	False	0.0
SRR33298416.327262	chr13R	Y' Gain	chr13	True	0.3	False		Y' Gain	ambiguous	True	0.3	False	single_y_prime_change	False	True	False	0.0
SRR33298416.697213	chr13R	Y' Gain	chr13	True	0.3	False		Y' Gain	ambiguous	True	0.3	False	single_y_prime_change	False	True	False	0.0
SRR33298416.940714	chr13R	Y' Gain	chr13	True	0.3	False		Y' Gain	ambiguous	True	0.3	False	single_y_prime_change	False	True	False	0.0
SRR33298416.747820	chr13R	Y' Gain	chr13	True	0.3	False		Y' Gain	ambiguous	True	0.3	False	single_y_prime_change	False	True	False	0.0
SRR33298416.179636	chr13R	Y' Gain	chr13	True	0.3	False		Y' Gain	ambiguous	True	0.3	False	single_y_prime_change	False	True	False	0.0
SRR33298416.645476	chr13R	Y' Gain	chr13	True	0.3	False		Y' Gain	ambiguous	True	0.3	False	single_y_prime_change	False	True	False	0.0
SRR33298416.236609	chr13R	Y' Gain	chr13	True	0.3	False		Y' Gain	ambiguous	True	0.3	False	single_y_prime_change	False	True	False	0.0
SRR33298416.47239	chr13R	Y' Gain	chr13	True	0.3	False		Y' Gain	ambiguous	True	0.3	False	single_y_prime_change	False	True	False	0.0
SRR33298416.233653	chr13R	Y' Gain	chr13	True	0.3	False		Y' Gain	ambiguous	True	0.3	False	single_y_prime_change	False	True	False	0.0
SRR33298416.464897	chr13R	Y' Gain	chr13	True	0.3	False		Y' Gain	ambiguous	True	0.3	False	single_y_prime_change	False	True	False	0.0
SRR33298416.1158344	chr13R	Y' Gain	chr13	True	0.0027	False		Y' Gain	ambiguous	True	0.0027	False	subtelomere_switch	False	True	False	0.0
SRR33298416.1013477	chr13R	Y' Gain	chr13	True	0.3	False		Y' Gain	ambiguous	True	0.3	False	single_y_prime_change	False	True	False	0.0
SRR33298416.880721	chr13R	Y' Gain	chr16	True	0.33	False		Y' Gain	chr16L	True	0.33	False	single_y_prime_change	False	True	False	0.0
SRR33298416.174402	chr13R	Y' Gain	chr13	True	0.3	False		Y' Gain	ambiguous	True	0.3	False	single_y_prime_change	False	True	False	0.0
SRR33298416.289828	chr13R	Y' Gain	chr13	True	0.3	False		Y' Gain	ambiguous	True	0.3	False	single_y_prime_change	False	True	False	0.0
SRR33298416.894908	chr13R	Y' Gain	chr13	True	0.3	False		Y' Gain	ambiguous	True	0.3	False	single_y_prime_change	False	True	False	0.0
SRR33298416.476012	chr13R	Y' Gain	chr13	True	0.3	False		Y' Gain	ambiguous	True	0.3	False	single_y_prime_change	False	True	False	0.0
SRR33298416.1134563	chr13R	Y' Gain	chr13	True	0.3	False		Y' Gain	ambiguous	True	0.3	False	single_y_prime_change	False	True	False	0.0
SRR33298416.346975	chr13R	Y' Gain	chr13	True	0.3	False		Y' Gain	ambiguous	True	0.3	False	single_y_prime_change	False	True	False	0.0
SRR33298416.850457	chr13R	Y' Gain	chr13	True	0.3	False		Y' Gain	ambiguous	True	0.3	False	single_y_prime_change	False	True	False	0.0
SRR33298416.935923	chr13R	Y' Gain	chr13	True	0.3	False		Y' Gain	ambiguous	True	0.3	False	single_y_prime_change	False	True	False	0.0
SRR33298416.1105798	chr13R	Y' Gain	chr13	True	0.3	False		Y' Gain	ambiguous	True	0.3	False	single_y_prime_change	False	True	False	0.0
SRR33298416.350956	chr13R	Y' Gain	chr13	True	0.3	False		Y' Gain	ambiguous	True	0.3	False	single_y_prime_change	False	True	False	0.0
SRR33298416.345442	chr13R	Y' Gain	chr13	True	0.3	False		Y' Gain	ambiguous	True	0.3	False	single_y_prime_change	False	True	False	0.0
SRR33298416.410977	chr13R	Y' Gain	chr13	True	0.3	False		Y' Gain	ambiguous	True	0.3	False	single_y_prime_change	False	True	False	0.0
SRR33298416.846728	chr13R	Y' Gain	chr13	True	0.0014	False		Y' Gain	ambiguous	True	0.0014	False	subtelomere_switch	False	True	False	0.0
SRR33298416.702436	chr13R	Y' Gain	chr13	True	0.3	False		Y' Gain	ambiguous	True	0.3	False	single_y_prime_change	False	True	False	0.0
SRR33298416.424369	chr13R	Y' Gain	chr13	True	0.3	False		Y' Gain	ambiguous	True	0.3	False	single_y_prime_change	False	True	False	0.0
SRR33298416.420050	chr13R	Y' Gain	chr13	True	0.0046	False		Y' Gain	ambiguous	True	0.0046	False	subtelomere_switch	False	True	False	0.0
SRR33298416.71676	chr13R	Y' Gain	chr13	True	-0.0186	False		Y' Gain	ambiguous	True	-0.0186	False	subtelomere_switch	False	True	False	0.0
SRR33298416.279461	chr13R	Y' Gain	chr13	True	0.3	False		Y' Gain	ambiguous	True	0.3	False	single_y_prime_change	False	True	False	0.0
SRR33298416.1232919	chr13R	Y' Gain	chr13	True	-0.0023	False		Y' Gain	ambiguous	True	-0.0023	False	subtelomere_switch	False	True	False	0.0
SRR33298416.492569	chr13R	Y' Gain	chr13	True	0.0002	False		Y' Gain	ambiguous	True	0.0002	False	subtelomere_switch	False	True	False	0.0
SRR33298416.549883	chr13R	Y' Gain	chr13	True	0.3	False		Y' Gain	ambiguous	True	0.3	False	single_y_prime_change	False	True	False	0.0
SRR33298416.1198917	chr13R	Y' Gain	chr13	True	0.3	False		Y' Gain	ambiguous	True	0.3	False	single_y_prime_change	False	True	False	0.0
SRR33298416.1015947	chr13R	Y' Gain	chr13	True	0.3	False		Y' Gain	ambiguous	True	0.3	False	single_y_prime_change	False	True	False	0.0
SRR33298416.17794	chr13R	Y' Gain	chr13	True	0.3	False		Y' Gain	ambiguous	True	0.3	False	single_y_prime_change	False	True	False	0.0
SRR33298416.581831	chr13R	Y' Gain	chr13	True	0.33	False		Y' Gain	ambiguous	True	0.3	False	single_y_prime_change	False	True	False	-0.03
SRR33298416.692699	chr13R	Y' Gain	chr13	True	0.33	False		Y' Gain	ambiguous	True	0.3	False	single_y_prime_change	False	True	False	-0.03
SRR33298416.315584	chr13R	Y' Gain	chr13	True	0.33	False		Y' Gain	ambiguous	True	0.3	False	single_y_prime_change	False	True	False	-0.03
SRR33298416.1123098	chr13R	Y' Gain	chr13	True	0.0023	False		Y' Gain	ambiguous	True	0.0021	False	subtelomere_switch	False	True	False	-0.0
SRR33298416.254834	chr13R	Y' Gain	chr13	True	0.33	False		Y' Gain	ambiguous	True	0.3	False	single_y_prime_change	False	True	False	-0.03
SRR33298416.371314	chr13R	Y' Gain	chr13	True	0.33	False		Y' Gain	ambiguous	True	0.3	False	single_y_prime_change	False	True	False	-0.03
SRR33298416.85512	chr13R	Y' Gain	chr13	True	0.33	False		Y' Gain	ambiguous	True	0.3	False	single_y_prime_change	False	True	False	-0.03
SRR33298416.381344	chr13R	Y' Gain	chr13	True	0.33	False		Y' Gain	ambiguous	True	0.3	False	single_y_prime_change	False	True	False	-0.03
SRR33298416.883122	chr13R	Y' Gain	chr13	True	-0.0042	False		Y' Gain	ambiguous	True	-0.0038	False	subtelomere_switch	False	True	False	0.0
SRR33298416.384909	chr13R	Y' Gain	chr13	True	0.33	False		Y' Gain	ambiguous	True	0.3	False	single_y_prime_change	False	True	False	-0.03
SRR33298416.134844	chr13R	Y' Gain	chr13	True	0.33	False		Y' Gain	ambiguous	True	0.3	False	single_y_prime_change	False	True	False	-0.03
SRR33298416.1190704	chr13R	Y' Gain	chr13	True	-0.0064	False		Y' Gain	ambiguous	True	-0.0058	False	subtelomere_switch	False	True	False	0.001
SRR33298416.155220	chr13R	Y' Gain	chr13	True	0.33	False		Y' Gain	ambiguous	True	0.3	False	single_y_prime_change	False	True	False	-0.03
SRR33298416.242208	chr13R	Y' Gain	chr13	True	0.33	False		Y' Gain	ambiguous	True	0.3	False	single_y_prime_change	False	True	False	-0.03
SRR33298416.661717	chr14L	Y' Gain	chr14	True	0.33	False		Y' Gain	chr12R	True	0.33	False	donor_transfer_candidates:3	False	True	False	0.0
SRR33298416.698260	chr14L	Y' Recombination	chr14	True	0.33	False		Y' Recombination	ambiguous	True	0.3	False	unmatched_array	False	True	False	-0.03
SRR33298416.420063	chr14L	Y' Recombination	chr14	True	0.33	False		Y' Recombination	ambiguous	True	0.3	False	unmatched_array	False	True	False	-0.03
SRR33298416.1135185	chr14L	Y' Recombination	chr14	True	0.33	False		Y' Recombination	ambiguous	True	0.3	False	unmatched_array	False	True	False	-0.03
SRR33298416.1025736	chr14L	Y' Recombination	chr14	True	0.33	False		Y' Recombination	ambiguous	True	0.3	False	unmatched_array	False	True	False	-0.03
SRR33298416.188185	chr14L	Y' Recombination	chr14	True	0.33	False		Y' Recombination	chr14L	True	0.33	False	tandem_amplification_same_end	False	True	False	0.0
SRR33298416.165140	chr14L	Y' Gain	chr14	True	0.33	False		Y' Gain	chr14L	True	0.33	False	tandem_amplification_same_end	False	True	False	0.0
SRR33298416.505602	chr14L	Y' Gain	chr14	True	0.33	False		Y' Gain	chr14L	True	0.33	False	tandem_amplification_same_end	False	True	False	0.0
SRR33298416.517401	chr14L	Y' Recombination	chr14	True	0.33	False		Y' Recombination	ambiguous	True	0.3	False	unmatched_array	False	True	False	-0.03
SRR33298416.743640	chr14L	Y' Recombination	chr14	True	0.33	False		Y' Recombination	chr12R	True	0.33	False	donor_transfer_candidates:2	False	True	False	0.0
SRR33298416.230323	chr14L	Y' Recombination	chr14	True	0.33	False		Y' Recombination	chr12R	True	0.33	False	donor_transfer_candidates:2	False	True	False	0.0
SRR33298416.283477	chr14L	Y' Gain	chr14	True	0.33	False		Y' Gain	chr14L	True	0.33	False	tandem_amplification_same_end	False	True	False	0.0
SRR33298416.174998	chr14L	Y' Recombination	chr14	True	0.33	False		Y' Recombination	chr12R	True	0.33	False	donor_transfer_candidates:2	False	True	False	0.0
SRR33298416.1154917	chr14L	Y' Recombination	chr14	True	0.33	False		Y' Recombination	ambiguous	True	0.3	False	unmatched_array	False	True	False	-0.03
SRR33298416.59674	chr14L	Y' Recombination	chr14	True	0.33	False		Y' Recombination	ambiguous	True	0.3	False	unmatched_array	False	True	False	-0.03
SRR33298416.1006247	chr14L	Y' Recombination	chr4	True	0.33	False		Y' Recombination	chr4R	True	0.33	False	unmatched_array	False	True	False	0.0
SRR33298416.1135432	chr14L	Y' Recombination	chr4	True	0.33	False		Y' Recombination	chr4R	True	0.33	False	donor_transfer_candidates:3	False	True	False	0.0
SRR33298416.1251944	chr14L	Y' Recombination	chr4	True	0.33	False		Y' Recombination	chr14L	True	0.33	False	tandem_amplification_same_end	False	True	False	0.0
SRR33298416.1107957	chr14L	Y' Recombination	chr4	True	0.33	False		Y' Recombination	chr14L	True	0.33	False	tandem_amplification_same_end	False	True	False	0.0
SRR33298416.76179	chr14L	Y' Gain	chr4	True	0.33	False		Y' Gain	chr14L	True	0.33	False	tandem_amplification_same_end	False	True	False	0.0
SRR33298416.567706	chr14L	Y' Recombination	chr4	True	0.33	False		Y' Recombination	chr4R	True	0.33	False	unmatched_array	False	True	False	0.0
SRR33298416.901485	chr14L	Y' Gain	chr12	True	0.3	False		Y' Gain	chr14L	True	0.33	False	tandem_amplification_same_end	False	True	False	0.03
SRR33298416.1065821	chr14L	Y' Recombination	chr4	True	0.33	False		Y' Recombination	chr4R	True	0.33	False	unmatched_array	False	True	False	0.0
SRR33298416.1077238	chr14L	Y' Recombination	chr4	True	0.33	False		Y' Recombination	chr14L	True	0.33	False	tandem_amplification_same_end	False	True	False	0.0
SRR33298416.276376	chr14L	Y' Recombination	chr16	True	0.33	False		Y' Recombination	chr14L	True	0.33	False	tandem_amplification_same_end	False	True	False	0.0
SRR33298416.213684	chr14L	Y' Recombination	chr4	True	0.33	False		Y' Recombination	chr14L	True	0.33	False	tandem_amplification_same_end	False	True	False	0.0
SRR33298416.810836	chr14L	Y' Recombination	chr16	True	0.33	False		Y' Recombination	chr14L	True	0.33	False	tandem_amplification_same_end	False	True	False	0.0
SRR33298416.1139986	chr14L	Y' Recombination	chr4	True	0.33	False		Y' Recombination	chr14L	True	0.33	False	tandem_amplification_same_end	False	True	False	0.0
SRR33298416.760811	chr14L	Y' Recombination	chr4	True	0.33	False		Y' Recombination	chr4R	True	0.33	False	unmatched_array	False	True	False	0.0
SRR33298416.1072923	chr14L	Y' Recombination	chr16	True	0.33	False		Y' Recombination	chr16L	True	0.33	False	unmatched_array	False	True	False	0.0
SRR33298416.499613	chr14R	1st Y' Change	chr16	True	0.33	False		1st Y' Change	chr16L	True	0.33	False	donor_transfer_candidates:3	False	True	False	0.0
SRR33298416.160297	chr14R	1st Y' Change	chr14	True	0.3	False		1st Y' Change	ambiguous	True	0.3	False	unmatched_array	False	True	False	0.0
SRR33298416.289484	chr14R	1st Y' Change	chr4	True	0.3	False		1st Y' Change	chr4R	True	0.33	False	donor_transfer_candidates:2	False	True	False	0.03
SRR33298416.743899	chr14R	Y' Gain	chr4	True	0.3	False		Y' Gain	chr4R	True	0.33	False	donor_transfer_candidates:3	False	True	False	0.03
SRR33298416.1142268	chr14R	Y' Gain	chr4	True	0.3	False		Y' Gain	chr4R	True	0.33	False	donor_transfer_candidates:3	False	True	False	0.03
SRR33298416.228052	chr14R	Y' Gain	chr14	True	0.33	False		Y' Gain	chr14L	True	0.66	False	donor_transfer	False	True	False	0.33
SRR33298416.1177809	chr14R	Y' Gain	chr14	True	0.33	False		Y' Gain	chr14L	True	0.66	False	donor_transfer	False	True	False	0.33
SRR33298416.751666	chr14R	Y' Gain	ambiguous	True	0.3	False		Y' Gain	chr12R	True	0.33	False	donor_transfer_candidates:2	False	True	False	0.03
SRR33298416.561559	chr14R	Y' Gain	chr14	True	0.33	False		Y' Gain	ambiguous	True	0.3	False	donor_transfer_candidates:4	False	True	False	-0.03
SRR33298416.164454	chr14R	Y' Gain	chr14	True	0.33	False		Y' Gain	ambiguous	True	0.3	False	unmatched_array	False	True	False	-0.03
SRR33298416.915805	chr14R	1st Y' Change	chr14	True	0.3	False		1st Y' Change	ambiguous	True	0.3	False	unmatched_array	False	True	False	0.0
SRR33298416.1188999	chr14R	1st Y' Change	chr14	True	0.3	False		1st Y' Change	ambiguous	True	0.3	False	unmatched_array	False	True	False	0.0
SRR33298416.931717	chr14R	Y' Gain	chr14	True	0.33	False		Y' Gain	ambiguous	True	0.3	False	unmatched_array	False	True	False	-0.03
SRR33298416.1157695	chr14R	1st Y' Change	chr14	True	0.3	False		1st Y' Change	chr12R	True	0.33	False	donor_transfer_candidates:2	False	True	False	0.03
SRR33298416.1155416	chr14R	Y' Gain	chr14	True	0.33	False		Y' Gain	ambiguous	True	0.3	False	donor_transfer_candidates:4	False	True	False	-0.03
SRR33298416.693502	chr14R	Y' Gain	chr14	True	0.33	False		Y' Gain	chr12R	True	0.33	False	donor_transfer_candidates:2	False	True	False	0.0
SRR33298416.388937	chr14R	Y' Gain	chr14	True	0.33	False		Y' Gain	ambiguous	True	0.3	False	unmatched_array	False	True	False	-0.03
SRR33298416.813060	chr14R	1st Y' Change	chr14	True	0.3	False		1st Y' Change	ambiguous	True	0.3	False	unmatched_array	False	True	False	0.0
SRR33298416.919726	chr14R	1st Y' Change	chr14	True	0.3	False		1st Y' Change	ambiguous	True	0.3	False	unmatched_array	False	True	False	0.0
SRR33298416.1123266	chr14R	Y' Gain	chr14	True	0.33	False		Y' Gain	chr12R	True	0.33	False	donor_transfer_candidates:2	False	True	False	0.0
SRR33298416.71873	chr14R	Y' Gain	chr14	True	0.33	False		Y' Gain	chr12R	True	0.33	False	donor_transfer_candidates:2	False	True	False	0.0
SRR33298416.14819	chr14R	Y' Gain	chr14	True	0.33	False		Y' Gain	ambiguous	True	0.3	False	donor_transfer_candidates:4	False	True	False	-0.03
SRR33298416.225012	chr14R	1st Y' Change	chr14	True	0.33	False		1st Y' Change	ambiguous	True	0.3	False	donor_transfer_candidates:4	False	True	False	-0.03
SRR33298416.212620	chr14R	Y' Gain	chr14	True	0.33	False		Y' Gain	ambiguous	True	0.3	False	unmatched_array	False	True	False	-0.03
SRR33298416.196909	chr14R	1st Y' Change	chr14	True	0.3	False		1st Y' Change	ambiguous	True	0.3	False	donor_transfer_candidates:4	False	True	False	0.0
SRR33298416.73429	chr14R	1st Y' Change	chr14	True	0.3	False		1st Y' Change	ambiguous	True	0.3	False	unmatched_array	False	True	False	0.0
SRR33298416.90958	chr14R	1st Y' Change	chr14	True	0.3	False		1st Y' Change	ambiguous	True	0.3	False	unmatched_array	False	True	False	0.0
SRR33298416.949792	chr14R	Y' Gain	ambiguous	True	0.3	False		Y' Gain	chr14L	True	0.66	False	donor_transfer	False	True	False	0.36
SRR33298416.248286	chr14R	Y' Gain	ambiguous	True	0.3	False		Y' Gain	chr14L	True	0.66	False	donor_transfer	False	True	False	0.36
SRR33298416.477787	chr14R	1st Y' Change	ambiguous	True	0.3	False		1st Y' Change	chr14L	True	0.44	False	donor_transfer	False	True	False	0.14
SRR33298416.234267	chr14R	1st Y' Change	chr14	True	0.3	False		1st Y' Change	ambiguous	True	0.3	False	unmatched_array	False	True	False	0.0
SRR33298416.318798	chr14R	Y' Gain	chr14	True	0.33	False		Y' Gain	chr14L	True	0.44	False	donor_transfer	False	True	False	0.11
SRR33298416.289457	chr14R	1st Y' Change	chr14	True	0.33	False		1st Y' Change	ambiguous	True	0.3	False	unmatched_array	False	True	False	-0.03
SRR33298416.454429	chr14R	1st Y' Change	ambiguous	True	0.3	False		1st Y' Change	chr14L	True	0.44	False	donor_transfer	False	True	False	0.14
SRR33298416.1084883	chr14R	Y' Gain	chr14	True	0.33	False		Y' Gain	ambiguous	True	0.3	False	unmatched_array	False	True	False	-0.03
SRR33298416.1115102	chr14R	Y' Gain	chr14	True	0.33	False		Y' Gain	ambiguous	True	0.3	False	unmatched_array	False	True	False	-0.03
SRR33298416.1152885	chr14R	1st Y' Change	chr14	True	0.3	False		1st Y' Change	ambiguous	True	0.3	False	unmatched_array	False	True	False	0.0
SRR33298416.297563	chr14R	1st Y' Change	chr14	True	0.3	False		1st Y' Change	ambiguous	True	0.3	False	unmatched_array	False	True	False	0.0
SRR33298416.899296	chr14R	Y' Gain	chr14	True	0.33	False		Y' Gain	chr12R	True	0.33	False	donor_transfer_candidates:3	False	True	False	0.0
SRR33298416.94763	chr14R	1st Y' Change	ambiguous	True	0.3	False		1st Y' Change	chr12R	True	0.33	False	donor_transfer_candidates:2	False	True	False	0.03
SRR33298416.312489	chr14R	1st Y' Change	ambiguous	True	0.3	False		1st Y' Change	chr12R	True	0.33	False	donor_transfer_candidates:2	False	True	False	0.03
SRR33298416.176761	chr14R	1st Y' Change	chr14	True	0.33	False		1st Y' Change	chr12R	True	0.33	False	donor_transfer_candidates:2	False	True	False	0.0
SRR33298416.1142343	chr14R	Y' Gain	chr14	True	0.33	False		Y' Gain	chr12R	True	0.33	False	donor_transfer_candidates:3	False	True	False	0.0
SRR33298416.898082	chr14R	Y' Gain	chr14	True	0.33	False		Y' Gain	ambiguous	True	0.3	False	unmatched_array	False	True	False	-0.03
SRR33298416.472522	chr14R	Y' Gain	chr14	True	0.33	False		Y' Gain	chr12R	True	0.33	False	donor_transfer_candidates:3	False	True	False	0.0
SRR33298416.1148960	chr14R	1st Y' Change	chr14	True	0.3	False		1st Y' Change	ambiguous	True	0.3	False	donor_transfer_candidates:4	False	True	False	0.0
SRR33298416.837471	chr14R	1st Y' Change	chr14	True	0.3	False		1st Y' Change	chr14L	True	0.66	False	donor_transfer	False	True	False	0.36
SRR33298416.205975	chr14R	1st Y' Change	chr14	True	0.33	False		1st Y' Change	chr14L	True	0.66	False	donor_transfer	False	True	False	0.33
SRR33298416.1013637	chr14R	1st Y' Change	chr14	True	0.33	False		1st Y' Change	ambiguous	True	0.3	False	unmatched_array	False	True	False	-0.03
SRR33298416.816573	chr14R	1st Y' Change	chr14	True	0.3	False		1st Y' Change	ambiguous	True	0.3	False	donor_transfer_candidates:4	False	True	False	0.0
SRR33298416.208056	chr14R	1st Y' Change	ambiguous	True	0.3	False		1st Y' Change	chr14L	True	0.66	False	donor_transfer	False	True	False	0.36
SRR33298416.652719	chr14R	1st Y' Change	chr14	True	0.3	False		1st Y' Change	ambiguous	True	0.3	False	unmatched_array	False	True	False	0.0
SRR33298416.1099820	chr14R	1st Y' Change	ambiguous	True	0.3	False		1st Y' Change	chr14L	True	0.44	False	donor_transfer	False	True	False	0.14
SRR33298416.1121393	chr14R	1st Y' Change	chr14	True	0.3	False		1st Y' Change	ambiguous	True	0.3	False	unmatched_array	False	True	False	0.0
SRR33298416.1174990	chr14R	1st Y' Change	chr14	True	0.3	False		1st Y' Change	ambiguous	True	0.3	False	unmatched_array	False	True	False	0.0
SRR33298416.293840	chr14R	1st Y' Change	chr14	True	0.3	False		1st Y' Change	ambiguous	True	0.3	False	unmatched_array	False	True	False	0.0
SRR33298416.208271	chr14R	1st Y' Change	chr14	True	0.3	False		1st Y' Change	ambiguous	True	0.3	False	unmatched_array	False	True	False	0.0
SRR33298416.772830	chr14R	1st Y' Change	chr14	True	0.3	False		1st Y' Change	ambiguous	True	0.3	False	donor_transfer_candidates:4	False	True	False	0.0
SRR33298416.1157673	chr14R	1st Y' Change	chr14	True	0.3	False		1st Y' Change	ambiguous	True	0.3	False	donor_transfer_candidates:4	False	True	False	0.0
SRR33298416.469357	chr14R	1st Y' Change	chr14	True	0.3	False		1st Y' Change	ambiguous	True	0.3	False	donor_transfer_candidates:4	False	True	False	0.0
SRR33298416.965907	chr14R	1st Y' Change	chr14	True	0.3	False		1st Y' Change	ambiguous	True	0.3	False	donor_transfer_candidates:4	False	True	False	0.0
SRR33298416.1179621	chr14R	1st Y' Change	chr14	True	0.33	False		1st Y' Change	chr12R	True	0.33	False	donor_transfer_candidates:3	False	True	False	0.0
SRR33298416.129566	chr14R	Y' Gain	chr14	True	0.33	False		Y' Gain	ambiguous	True	0.3	False	donor_transfer_candidates:4	False	True	False	-0.03
SRR33298416.808461	chr14R	1st Y' Change	chr14	True	0.33	False		1st Y' Change	chr12R	True	0.33	False	donor_transfer_candidates:3	False	True	False	0.0
SRR33298416.1196837	chr14R	1st Y' Change	chr14	True	0.33	False		1st Y' Change	chr12R	True	0.33	False	donor_transfer_candidates:3	False	True	False	0.0
SRR33298416.887263	chr14R	1st Y' Change	chr14	True	0.33	False		1st Y' Change	chr12R	True	0.33	False	donor_transfer_candidates:3	False	True	False	0.0
SRR33298416.361066	chr14R	Y' Gain	chr14	True	0.33	False		Y' Gain	ambiguous	True	0.3	False	donor_transfer_candidates:4	False	True	False	-0.03
SRR33298416.440081	chr14R	Y' Gain	chr14	True	0.33	False		Y' Gain	ambiguous	True	0.3	False	donor_transfer_candidates:4	False	True	False	-0.03
SRR33298416.837435	chr14R	Y' Gain	chr14	True	0.33	False		Y' Gain	ambiguous	True	0.3	False	donor_transfer_candidates:4	False	True	False	-0.03
SRR33298416.329862	chr14R	Y' Gain	chr14	True	0.33	False		Y' Gain	ambiguous	True	0.3	False	unmatched_array	False	True	False	-0.03
SRR33298416.631183	chr14R	Y' Gain	chr14	True	0.33	False		Y' Gain	ambiguous	True	0.3	False	unmatched_array	False	True	False	-0.03
SRR33298416.728186	chr14R	Y' Gain	chr14	True	0.33	False		Y' Gain	ambiguous	True	0.3	False	donor_transfer_candidates:4	False	True	False	-0.03
SRR33298416.14222	chr14R	Y' Gain	chr14	True	0.33	False		Y' Gain	ambiguous	True	0.3	False	unmatched_array	False	True	False	-0.03
SRR33298416.1107940	chr14R	Y' Gain	chr14	True	0.33	False		Y' Gain	ambiguous	True	0.3	False	unmatched_array	False	True	False	-0.03
SRR33298416.1032738	chr14R	Y' Gain	chr14	True	0.33	False		Y' Gain	ambiguous	True	0.3	False	unmatched_array	False	True	False	-0.03
SRR33298416.904237	chr14R	Y' Gain	chr14	True	0.33	False		Y' Gain	ambiguous	True	0.3	False	unmatched_array	False	True	False	-0.03
SRR33298416.285882	chr14R	Y' Gain	chr14	True	0.33	False		Y' Gain	ambiguous	True	0.3	False	unmatched_array	False	True	False	-0.03
SRR33298416.591900	chr14R	1st Y' Change	chr14	True	0.33	False		1st Y' Change	chr12R	True	0.33	False	donor_transfer_candidates:3	False	True	False	0.0
SRR33298416.542201	chr14R	Y' Gain	chr14	True	0.33	False		Y' Gain	ambiguous	True	0.3	False	unmatched_array	False	True	False	-0.03
SRR33298416.839927	chr14R	1st Y' Change	chr14	True	0.3	False		1st Y' Change	ambiguous	True	0.3	False	unmatched_array	False	True	False	0.0
SRR33298416.141566	chr14R	Y' Gain	chr14	True	0.33	False		Y' Gain	ambiguous	True	0.3	False	unmatched_array	False	True	False	-0.03
SRR33298416.75727	chr14R	Y' Gain	chr14	True	0.33	False		Y' Gain	ambiguous	True	0.3	False	unmatched_array	False	True	False	-0.03
SRR33298416.520114	chr14R	1st Y' Change	chr14	True	0.3	False		1st Y' Change	chr14L	True	0.66	False	donor_transfer	False	True	False	0.36
SRR33298416.1107322	chr14R	1st Y' Change	chr14	True	0.33	False		1st Y' Change	chr14L	True	0.66	False	donor_transfer	False	True	False	0.33
SRR33298416.554204	chr14R	1st Y' Change	chr14	True	0.3	False		1st Y' Change	ambiguous	True	0.3	False	unmatched_array	False	True	False	0.0
SRR33298416.1086499	chr14R	1st Y' Change	chr14	True	0.3	False		1st Y' Change	ambiguous	True	0.3	False	unmatched_array	False	True	False	0.0
SRR33298416.1031522	chr14R	1st Y' Change	chr14	True	0.3	False		1st Y' Change	ambiguous	True	0.3	False	unmatched_array	False	True	False	0.0
SRR33298416.1113640	chr14R	1st Y' Change	chr14	True	0.3	False		1st Y' Change	ambiguous	True	0.3	False	unmatched_array	False	True	False	0.0
SRR33298416.1167900	chr14R	1st Y' Change	chr14	True	0.3	False		1st Y' Change	ambiguous	True	0.3	False	unmatched_array	False	True	False	0.0
SRR33298416.1265953	chr14R	1st Y' Change	chr14	True	0.3	False		1st Y' Change	ambiguous	True	0.3	False	unmatched_array	False	True	False	0.0
SRR33298416.720251	chr14R	Y' Gain	chr14	True	0.33	False		Y' Gain	ambiguous	True	0.3	False	unmatched_array	False	True	False	-0.03
SRR33298416.1078985	chr14R	1st Y' Change	chr14	True	0.3	False		1st Y' Change	ambiguous	True	0.3	False	unmatched_array	False	True	False	0.0
SRR33298416.1203656	chr14R	1st Y' Change	chr14	True	0.3	False		1st Y' Change	ambiguous	True	0.3	False	unmatched_array	False	True	False	0.0
SRR33298416.1181601	chr14R	1st Y' Change	chr14	True	0.3	False		1st Y' Change	ambiguous	True	0.3	False	unmatched_array	False	True	False	0.0
SRR33298416.664591	chr14R	1st Y' Change	chr14	True	0.3	False		1st Y' Change	ambiguous	True	0.3	False	unmatched_array	False	True	False	0.0
SRR33298416.75702	chr14R	1st Y' Change	chr14	True	0.3	False		1st Y' Change	ambiguous	True	0.3	False	unmatched_array	False	True	False	0.0
SRR33298416.373819	chr14R	1st Y' Change	chr14	True	0.33	False		1st Y' Change	chr14L	True	0.44	False	donor_transfer	False	True	False	0.11
SRR33298416.461202	chr14R	1st Y' Change	chr14	True	0.3	False		1st Y' Change	ambiguous	True	0.3	False	unmatched_array	False	True	False	0.0
SRR33298416.548437	chr14R	1st Y' Change	chr14	True	0.3	False		1st Y' Change	ambiguous	True	0.3	False	unmatched_array	False	True	False	0.0
SRR33298416.188269	chr14R	1st Y' Change	chr14	True	0.3	False		1st Y' Change	ambiguous	True	0.3	False	unmatched_array	False	True	False	0.0
SRR33298416.454519	chr14R	1st Y' Change	chr14	True	0.3	False		1st Y' Change	ambiguous	True	0.3	False	unmatched_array	False	True	False	0.0
SRR33298416.648114	chr14R	1st Y' Change	chr14	True	0.33	False		1st Y' Change	ambiguous	True	0.3	False	donor_transfer_candidates:4	False	True	False	-0.03
SRR33298416.1024601	chr14R	Y' Gain	chr14	True	0.33	False		Y' Gain	ambiguous	True	0.3	False	single_y_prime_change	False	True	False	-0.03
SRR33298416.665181	chr14R	Y' Gain	chr14	True	0.33	False		Y' Gain	ambiguous	True	0.3	False	single_y_prime_change	False	True	False	-0.03
SRR33298416.910020	chr14R	Y' Gain	chr14	True	0.33	False		Y' Gain	ambiguous	True	0.3	False	single_y_prime_change	False	True	False	-0.03
SRR33298416.552761	chr14R	1st Y' Change	ambiguous	True	0.3	False		1st Y' Change	chr14L	True	0.44	False	donor_transfer	False	True	False	0.14
SRR33298416.402154	chr14R	1st Y' Change	ambiguous	True	0.3	False		1st Y' Change	chr14L	True	0.44	False	donor_transfer	False	True	False	0.14
SRR33298416.123853	chr14R	1st Y' Change	ambiguous	True	0.3	False		1st Y' Change	chr14L	True	0.44	False	donor_transfer	False	True	False	0.14
SRR33298416.343151	chr14R	Y' Gain	chr14	True	0.33	False		Y' Gain	ambiguous	True	0.3	False	single_y_prime_change	False	True	False	-0.03
SRR33298416.197313	chr14R	1st Y' Change	chr12	True	0.33	False		1st Y' Change	chr12L	True	0.33	False	unmatched_array	False	True	False	0.0
SRR33298416.846965	chr14R	1st Y' Change	chr12	True	0.33	False		1st Y' Change	chr12L	True	0.33	False	unmatched_array	False	True	False	0.0
SRR33298416.1283990	chr14R	1st Y' Change	chr12	True	0.33	False		1st Y' Change	chr12L	True	0.33	False	unmatched_array	False	True	False	0.0
SRR33298416.535755	chr15L	Y' Gain	chr14L	True	0.0008	True		Y' Gain	chr4R	True	0.0012	False	subtelomere_switch	False	True	False	0.0
SRR33298416.885653	chr15L	Y' Gain	chr12R	True	-0.0021	True		Y' Gain	chr14L	True	-0.0021	True	subtelomere_switch	False	True	False	0.0
SRR33298416.754226	chr15L	Y' Gain	chr15	True	0.33	False		Y' Gain	chr12R	True	0.33	False	donor_transfer_candidates:2	False	True	False	0.0
SRR33298416.136051	chr15L	Y' Gain	chr12R	True	-0.0047	True		Y' Gain	chr14L	True	-0.0047	True	subtelomere_switch	False	True	False	0.0
SRR33298416.395201	chr15L	Y' Gain	chr4R	True	0.004	True		Y' Gain	chr14L	True	0.004	True	subtelomere_switch	False	True	False	0.0
SRR33298416.208166	chr15L	Y' Gain	chr12R	True	0.004	True		Y' Gain	chr14L	True	0.004	True	subtelomere_switch	False	True	False	0.0
SRR33298416.383133	chr15L	Y' Gain	chr4R	True	0.143	True		Y' Gain	chr10L	True	0.3336	True	subtelomere_switch	False	True	False	0.191
SRR33298416.557949	chr15L	Y' Gain	chr15	True	0.33	False		Y' Gain	chr12R	True	0.33	False	donor_transfer_candidates:2	False	True	False	0.0
SRR33298416.978044	chr15L	Y' Gain	chr4R	True	-0.0015	True		Y' Gain	chr12R	True	-0.0015	True	subtelomere_switch	False	True	False	0.0
SRR33298416.355734	chr15L	Y' Gain	chr14L	True	-0.0001	True		Y' Gain	chr12R	True	-0.0001	True	subtelomere_switch	False	True	False	0.0
SRR33298416.179572	chr15L	Y' Gain	chr12R	True	0.0033	True		Y' Gain	chr14L	True	0.0033	True	subtelomere_switch	False	True	False	0.0
SRR33298416.196939	chr15L	Y' Gain	chr12R	True	-0.0027	True		Y' Gain	chr14L	True	-0.0027	True	subtelomere_switch	False	True	False	0.0
SRR33298416.1024121	chr15L	Y' Gain	chr12R	True	-0.006	True		Y' Gain	chr14L	True	-0.006	True	subtelomere_switch	False	True	False	0.0
SRR33298416.1135280	chr15L	Y' Gain	chr16L	True	0.0006	True		Y' Gain	chr14L	True	0.0006	True	subtelomere_switch	False	True	False	0.0
SRR33298416.549145	chr15L	Y' Gain	chr14L	True	0.0044	True		Y' Gain	chr12R	True	0.0069	False	subtelomere_switch	False	True	False	0.002
SRR33298416.502731	chr15L	Y' Gain	chr15	True	0.3	False		Y' Gain	chr12R	True	0.66	False	donor_transfer	False	True	False	0.36
SRR33298416.163808	chr15L	Y' Gain	chr15	True	0.3	False		Y' Gain	chr14L	True	0.66	False	donor_transfer	False	True	False	0.36
SRR33298416.708011	chr15L	Y' Gain	chr12R	True	0.0112	True		Y' Gain	chr14L	True	0.0112	True	subtelomere_switch	False	True	False	0.0
SRR33298416.745777	chr15L	Y' Gain	chr12R	True	-0.0003	True		Y' Gain	chr14L	True	-0.0003	True	subtelomere_switch	False	True	False	0.0
SRR33298416.1156726	chr15L	Y' Gain	chr4R	True	0.0029	True		Y' Gain	chr14L	True	0.0029	True	subtelomere_switch	False	True	False	0.0
SRR33298416.695684	chr15L	Y' Gain	chr12R	True	-0.0023	True		Y' Gain	chr14L	True	-0.0023	True	subtelomere_switch	False	True	False	0.0
SRR33298416.148441	chr15L	Y' Gain	chr10R	True	0.2024	True		Y' Gain	chr4L	True	0.4724	True	subtelomere_switch	False	True	False	0.27
SRR33298416.94088	chr15L	Y' Gain	chr15	True	0.3	False		Y' Gain	ambiguous	True	0.3	False	donor_transfer_candidates:4	False	True	False	0.0
SRR33298416.1251640	chr15L	Y' Gain	chr15	True	0.33	False		Y' Gain	chr12R	True	0.33	False	donor_transfer_candidates:3	False	True	False	0.0
SRR33298416.858201	chr15L	Y' Gain	chr15	True	0.33	False		Y' Gain	chr12R	True	0.33	False	donor_transfer_candidates:3	False	True	False	0.0
SRR33298416.576596	chr15L	Y' Gain	chr15	True	0.3	False		Y' Gain	chr12R	True	0.66	False	donor_transfer	False	True	False	0.36
SRR33298416.744563	chr15L	Y' Gain	chr15	True	0.33	False		Y' Gain	chr12R	True	0.33	False	donor_transfer_candidates:3	False	True	False	0.0
SRR33298416.1074941	chr15L	Y' Gain	chr15	True	0.33	False		Y' Gain	chr12R	True	0.33	False	donor_transfer_candidates:3	False	True	False	0.0
SRR33298416.793171	chr15L	Y' Gain	chr15	True	0.33	False		Y' Gain	ambiguous	True	0.3	False	donor_transfer_candidates:4	False	True	False	-0.03
SRR33298416.413313	chr15L	Y' Gain	chr4R	True	-0.0015	True		Y' Gain	chr14L	True	-0.0015	True	subtelomere_switch	False	True	False	0.0
SRR33298416.336155	chr15L	Y' Gain	chr12R	True	0.1433	True		Y' Gain	chr10L	True	0.3345	True	subtelomere_switch	False	True	False	0.191
SRR33298416.988182	chr15L	Y' Gain	chr15	True	0.3	False		Y' Gain	ambiguous	True	0.3	False	unmatched_array	False	True	False	0.0
SRR33298416.189028	chr15L	Y' Gain	chr15	True	0.3	False		Y' Gain	ambiguous	True	0.3	False	unmatched_array	False	True	False	0.0
SRR33298416.291197	chr15L	Y' Gain	chr15	True	0.3	False		Y' Gain	ambiguous	True	0.3	False	unmatched_array	False	True	False	0.0
SRR33298416.227981	chr15L	Y' Gain	chr15	True	0.3	False		Y' Gain	ambiguous	True	0.3	False	unmatched_array	False	True	False	0.0
SRR33298416.503973	chr15L	Y' Gain	chr15	True	0.3	False		Y' Gain	ambiguous	True	0.3	False	unmatched_array	False	True	False	0.0
SRR33298416.579457	chr15L	Y' Gain	chr15	True	0.3	False		Y' Gain	ambiguous	True	0.3	False	unmatched_array	False	True	False	0.0
SRR33298416.141575	chr15L	Y' Gain	chr15	True	0.3	False		Y' Gain	ambiguous	True	0.3	False	unmatched_array	False	True	False	0.0
SRR33298416.365381	chr15L	Y' Gain	chr15	True	0.3	False		Y' Gain	ambiguous	True	0.3	False	unmatched_array	False	True	False	0.0
SRR33298416.326626	chr15L	Y' Gain	chr15	True	0.33	False		Y' Gain	ambiguous	True	0.3	False	donor_transfer_candidates:4	False	True	False	-0.03
SRR33298416.97613	chr15L	Y' Gain	chr15	True	0.33	False		Y' Gain	ambiguous	True	0.3	False	donor_transfer_candidates:4	False	True	False	-0.03
SRR33298416.90028	chr15L	Y' Gain	chr15	True	0.33	False		Y' Gain	ambiguous	True	0.3	False	donor_transfer_candidates:4	False	True	False	-0.03
SRR33298416.174191	chr15L	Y' Gain	chr15	True	0.33	False		Y' Gain	ambiguous	True	0.3	False	donor_transfer_candidates:4	False	True	False	-0.03
SRR33298416.326107	chr15L	Y' Gain	chr15	True	0.33	False		Y' Gain	ambiguous	True	0.3	False	donor_transfer_candidates:4	False	True	False	-0.03
SRR33298416.911985	chr15L	Y' Gain	chr15	True	0.33	False		Y' Gain	ambiguous	True	0.3	False	donor_transfer_candidates:4	False	True	False	-0.03
SRR33298416.378911	chr15L	Y' Gain	chr15	True	0.33	False		Y' Gain	ambiguous	True	0.3	False	donor_transfer_candidates:4	False	True	False	-0.03
SRR33298416.1283627	chr15L	Y' Gain	chr15	True	0.33	False		Y' Gain	ambiguous	True	0.3	False	donor_transfer_candidates:4	False	True	False	-0.03
SRR33298416.559114	chr15L	Y' Gain	chr15	True	0.3	False		Y' Gain	ambiguous	True	0.3	False	unmatched_array	False	True	False	0.0
SRR33298416.794558	chr15L	Y' Gain	chr15	True	0.3	False		Y' Gain	ambiguous	True	0.3	False	unmatched_array	False	True	False	0.0
SRR33298416.795932	chr15L	Y' Gain	chr15	True	0.3	False		Y' Gain	chr12R	True	0.44	False	donor_transfer	False	True	False	0.14
SRR33298416.1115829	chr15L	Y' Gain	chr15	True	0.3	False		Y' Gain	chr12R	True	0.44	False	donor_transfer	False	True	False	0.14
SRR33298416.1276591	chr15L	Y' Gain	chr15	True	0.33	False		Y' Gain	ambiguous	True	0.3	False	donor_transfer_candidates:4	False	True	False	-0.03
SRR33298416.912270	chr15L	Y' Gain	chr15	True	0.3	False		Y' Gain	chr12R	True	0.44	False	donor_transfer	False	True	False	0.14
SRR33298416.552599	chr15L	Y' Gain	chr15	True	0.33	False		Y' Gain	ambiguous	True	0.3	False	unmatched_array	False	True	False	-0.03
SRR33298416.1144645	chr15L	Y' Gain	chr4R	True	0.0061	True		Y' Gain	chr14L	True	0.0061	True	subtelomere_switch	False	True	False	0.0
SRR33298416.1194845	chr15L	Y' Gain	chr15	True	0.3	False		Y' Gain	ambiguous	True	0.3	False	unmatched_array	False	True	False	0.0
SRR33298416.1175968	chr15L	Y' Gain	chr15	True	0.3	False		Y' Gain	ambiguous	True	0.3	False	unmatched_array	False	True	False	0.0
SRR33298416.237775	chr15L	Y' Gain	chr15	True	0.3	False		Y' Gain	chr14L	True	0.44	False	donor_transfer	False	True	False	0.14
SRR33298416.234263	chr15L	Y' Gain	chr12R	True	-0.0036	True		Y' Gain	chr14L	True	-0.0036	True	subtelomere_switch	False	True	False	0.0
SRR33298416.857823	chr15L	Y' Gain	chr15	True	0.3	False		Y' Gain	chr14L	True	0.44	False	donor_transfer	False	True	False	0.14
SRR33298416.195163	chr15L	Y' Gain	chr15	True	0.33	False		Y' Gain	chr14L	True	0.44	False	donor_transfer	False	True	False	0.11
SRR33298416.1205326	chr15L	Y' Gain	chr15	True	0.3	False		Y' Gain	chr14L	True	0.44	False	donor_transfer	False	True	False	0.14
SRR33298416.997864	chr15L	Y' Gain	chr12R	True	-0.0002	True		Y' Gain	chr14L	True	-0.0002	True	subtelomere_switch	False	True	False	0.0
SRR33298416.926787	chr15L	Y' Gain	chr16L	True	-0.0014	True		Y' Gain	chr14L	True	-0.0014	True	subtelomere_switch	False	True	False	0.0
SRR33298416.165417	chr15L	Y' Gain	chr15	True	0.3	False		Y' Gain	chr14L	True	0.44	False	donor_transfer	False	True	False	0.14
SRR33298416.1004258	chr15L	Y' Gain	chr15	True	0.3	False		Y' Gain	chr14L	True	0.44	False	donor_transfer	False	True	False	0.14
SRR33298416.335062	chr15L	Y' Gain	chr15	True	0.3	False		Y' Gain	ambiguous	True	0.3	False	unmatched_array	False	True	False	0.0
SRR33298416.1182989	chr15L	Y' Gain	chr15	True	0.3	False		Y' Gain	ambiguous	True	0.3	False	unmatched_array	False	True	False	0.0
SRR33298416.892944	chr15L	Y' Gain	chr15	True	0.3	False		Y' Gain	ambiguous	True	0.3	False	unmatched_array	False	True	False	0.0
SRR33298416.265058	chr15L	Y' Gain	chr15	True	0.3	False		Y' Gain	ambiguous	True	0.3	False	unmatched_array	False	True	False	0.0
SRR33298416.1292868	chr15L	Y' Gain	chr15	True	0.3	False		Y' Gain	ambiguous	True	0.3	False	unmatched_array	False	True	False	0.0
SRR33298416.1089647	chr15L	Y' Gain	chr15	True	0.3	False		Y' Gain	ambiguous	True	0.3	False	unmatched_array	False	True	False	0.0
SRR33298416.1089510	chr15L	Y' Gain	chr15	True	0.3	False		Y' Gain	ambiguous	True	0.3	False	unmatched_array	False	True	False	0.0
SRR33298416.1155892	chr15L	Y' Gain	chr15	True	0.3	False		Y' Gain	ambiguous	True	0.3	False	unmatched_array	False	True	False	0.0
SRR33298416.1097246	chr15L	Y' Gain	chr15	True	0.3	False		Y' Gain	ambiguous	True	0.3	False	unmatched_array	False	True	False	0.0
SRR33298416.1124710	chr15L	Y' Gain	chr15	True	0.3	False		Y' Gain	ambiguous	True	0.3	False	unmatched_array	False	True	False	0.0
SRR33298416.1246292	chr15L	Y' Gain	chr15	True	0.3	False		Y' Gain	ambiguous	True	0.3	False	unmatched_array	False	True	False	0.0
SRR33298416.1155121	chr15L	Y' Gain	chr15	True	0.3	False		Y' Gain	ambiguous	True	0.3	False	unmatched_array	False	True	False	0.0
SRR33298416.325877	chr15L	Y' Gain	chr15	True	0.3	False		Y' Gain	ambiguous	True	0.3	False	unmatched_array	False	True	False	0.0
SRR33298416.101149	chr15L	Y' Gain	chr15	True	0.3	False		Y' Gain	ambiguous	True	0.3	False	unmatched_array	False	True	False	0.0
SRR33298416.706160	chr15L	Y' Gain	chr15	True	0.0017	False		Y' Gain	ambiguous	True	0.0017	False	subtelomere_switch	False	True	False	0.0
SRR33298416.974406	chr15L	Y' Gain	chr14L	True	0.1917	True		Y' Gain	chr13L	True	0.4474	True	subtelomere_switch	False	True	False	0.256
SRR33298416.1083688	chr15L	Y' Gain	chr15	True	0.3	False		Y' Gain	ambiguous	True	0.3	False	unmatched_array	False	True	False	0.0
SRR33298416.25517	chr15L	Y' Gain	chr15	True	0.3	False		Y' Gain	ambiguous	True	0.3	False	unmatched_array	False	True	False	0.0
SRR33298416.352656	chr15L	Y' Gain	chr15	True	0.3	False		Y' Gain	ambiguous	True	0.3	False	unmatched_array	False	True	False	0.0
SRR33298416.126085	chr15L	Y' Gain	chr15	True	0.3	False		Y' Gain	ambiguous	True	0.3	False	unmatched_array	False	True	False	0.0
SRR33298416.373624	chr15L	Y' Gain	chr15	True	0.0055	False		Y' Gain	ambiguous	True	0.0055	False	subtelomere_switch	False	True	False	0.0
SRR33298416.394589	chr15L	Y' Gain	chr15	True	0.3	False		Y' Gain	ambiguous	True	0.3	False	single_y_prime_change	False	True	False	0.0
SRR33298416.606968	chr15L	Y' Gain	chr15	True	0.33	False		Y' Gain	ambiguous	True	0.3	False	single_y_prime_change	False	True	False	-0.03
SRR33298416.135721	chr15L	Y' Gain	chr15	True	0.3	False		Y' Gain	ambiguous	True	0.3	False	single_y_prime_change	False	True	False	0.0
SRR33298416.1168605	chr15L	Y' Gain	chr15	True	0.33	False		Y' Gain	ambiguous	True	0.3	False	single_y_prime_change	False	True	False	-0.03
SRR33298416.768754	chr15L	Y' Gain	chr15	True	0.3	False		Y' Gain	ambiguous	True	0.3	False	single_y_prime_change	False	True	False	0.0
SRR33298416.923557	chr15L	Y' Gain	chr15	True	0.3	False		Y' Gain	ambiguous	True	0.3	False	single_y_prime_change	False	True	False	0.0
SRR33298416.418624	chr15L	Y' Gain	chr15	True	0.0015	False		Y' Gain	ambiguous	True	0.0015	False	subtelomere_switch	False	True	False	0.0
SRR33298416.821681	chr15L	Y' Gain	chr15	True	0.3	False		Y' Gain	ambiguous	True	0.3	False	single_y_prime_change	False	True	False	0.0
SRR33298416.1247761	chr15L	Y' Gain	chr15	True	0.3	False		Y' Gain	ambiguous	True	0.3	False	single_y_prime_change	False	True	False	0.0
SRR33298416.687002	chr15L	Y' Gain	chr15	True	0.3	False		Y' Gain	ambiguous	True	0.3	False	single_y_prime_change	False	True	False	0.0
SRR33298416.453615	chr15L	Y' Gain	chr15	True	0.33	False		Y' Gain	ambiguous	True	0.3	False	single_y_prime_change	False	True	False	-0.03
SRR33298416.92521	chr15L	Y' Gain	chr15	True	-0.0007	False		Y' Gain	ambiguous	True	-0.0006	False	subtelomere_switch	False	True	False	0.0
SRR33298416.115053	chr15L	Y' Gain	chr15	True	0.33	False		Y' Gain	ambiguous	True	0.3	False	single_y_prime_change	False	True	False	-0.03
SRR33298416.572359	chr15L	Y' Gain	chr15	True	0.33	False		Y' Gain	ambiguous	True	0.3	False	single_y_prime_change	False	True	False	-0.03
SRR33298416.506526	chr15L	Y' Gain	chr15	True	0.33	False		Y' Gain	ambiguous	True	0.3	False	single_y_prime_change	False	True	False	-0.03
SRR33298416.738727	chr15L	Y' Gain	chr15	True	0.33	False		Y' Gain	ambiguous	True	0.3	False	single_y_prime_change	False	True	False	-0.03
SRR33298416.92365	chr15L	Y' Gain	chr15	True	0.33	False		Y' Gain	ambiguous	True	0.3	False	single_y_prime_change	False	True	False	-0.03
SRR33298416.120680	chr15L	Y' Gain	chr15	True	0.33	False		Y' Gain	ambiguous	True	0.3	False	single_y_prime_change	False	True	False	-0.03
SRR33298416.1166927	chr15L	Y' Gain	chr15	True	0.33	False		Y' Gain	ambiguous	True	0.3	False	single_y_prime_change	False	True	False	-0.03
SRR33298416.724797	chr15L	Y' Gain	chr15	True	0.33	False		Y' Gain	ambiguous	True	0.3	False	single_y_prime_change	False	True	False	-0.03
SRR33298416.618125	chr15L	Y' Gain	chr15	True	0.33	False		Y' Gain	ambiguous	True	0.3	False	single_y_prime_change	False	True	False	-0.03
SRR33298416.353260	chr15L	Y' Gain	chr15	True	0.33	False		Y' Gain	ambiguous	True	0.3	False	single_y_prime_change	False	True	False	-0.03
SRR33298416.1155251	chr15L	Y' Gain	chr15	True	0.33	False		Y' Gain	ambiguous	True	0.3	False	single_y_prime_change	False	True	False	-0.03
SRR33298416.396997	chr15L	Y' Gain	chr15	True	0.0031	False		Y' Gain	ambiguous	True	0.0028	False	subtelomere_switch	False	True	False	-0.0
SRR33298416.154817	chr15L	Y' Gain	chr14L	True	0.2325	True		Y' Gain	chr7R	True	0.5426	True	subtelomere_switch	False	True	False	0.31
SRR33298416.50836	chr15L	Y' Gain	chr15	True	0.0063	False		Y' Gain	ambiguous	True	0.0057	False	subtelomere_switch	False	True	False	-0.001
SRR33298416.1123418	chr15L	Y' Gain	chr15	True	0.33	False		Y' Gain	ambiguous	True	0.3	False	single_y_prime_change	False	True	False	-0.03
SRR33298416.1156532	chr15L	Y' Gain	chr15	True	0.33	False		Y' Gain	ambiguous	True	0.3	False	single_y_prime_change	False	True	False	-0.03
SRR33298416.138701	chr15L	Y' Gain	chr15	True	0.33	False		Y' Gain	ambiguous	True	0.3	False	single_y_prime_change	False	True	False	-0.03
SRR33298416.510319	chr15L	Y' Gain	chr15	True	0.33	False		Y' Gain	ambiguous	True	0.3	False	single_y_prime_change	False	True	False	-0.03
SRR33298416.1085092	chr15L	Y' Gain	chr15	True	0.0057	False		Y' Gain	ambiguous	True	0.0057	False	subtelomere_switch	False	True	False	0.0
SRR33298416.164004	chr15L	Y' Gain	chr15	True	0.33	False		Y' Gain	ambiguous	True	0.3	False	single_y_prime_change	False	True	False	-0.03
SRR33298416.194959	chr15L	Y' Gain	chr2	True	0.33	False		Y' Gain	chr2L	True	0.33	False	single_y_prime_change	False	True	False	0.0
SRR33298416.810674	chr15L	Y' Gain	chr2	True	0.33	False		Y' Gain	chr2L	True	0.33	False	single_y_prime_change	False	True	False	0.0
SRR33298416.1132071	chr15L	Y' Gain	chr2	True	0.33	False		Y' Gain	chr2L	True	0.33	False	single_y_prime_change	False	True	False	0.0
SRR33298416.325042	chr15L	Y' Gain	chr2	True	0.33	False		Y' Gain	chr2L	True	0.33	False	single_y_prime_change	False	True	False	0.0
SRR33298416.356354	chr15L	Y' Gain	chr2	True	0.33	False		Y' Gain	chr2L	True	0.33	False	single_y_prime_change	False	True	False	0.0
SRR33298416.140038	chr15L	Y' Gain	chr15	True	0.3	False		Y' Gain	ambiguous	True	0.3	False	single_y_prime_change	False	True	False	0.0
SRR33298416.768091	chr15L	Y' Gain	chr2	True	0.33	False		Y' Gain	chr2L	True	0.33	False	single_y_prime_change	False	True	False	0.0
SRR33298416.201721	chr15L	Y' Gain	chr13	True	0.33	False		Y' Gain	chr13L	True	0.33	False	single_y_prime_change	False	True	False	0.0
SRR33298416.815341	chr15L	Y' Gain	chr13	True	0.33	False		Y' Gain	chr13L	True	0.33	False	single_y_prime_change	False	True	False	0.0
SRR33298416.965396	chr15L	Y' Gain	chr13	True	0.33	False		Y' Gain	chr13L	True	0.33	False	single_y_prime_change	False	True	False	0.0
SRR33298416.707524	chr15L	Y' Gain	chr13	True	0.33	False		Y' Gain	chr13L	True	0.33	False	single_y_prime_change	False	True	False	0.0
SRR33298416.897414	chr15L	Y' Gain	chr13	True	0.33	False		Y' Gain	chr13L	True	0.33	False	single_y_prime_change	False	True	False	0.0
SRR33298416.1274267	chr15L	Y' Gain	chr13	True	0.33	False		Y' Gain	chr13L	True	0.33	False	single_y_prime_change	False	True	False	0.0
SRR33298416.525569	chr15L	Y' Gain	chr13	True	0.33	False		Y' Gain	chr13L	True	0.33	False	single_y_prime_change	False	True	False	0.0
SRR33298416.410651	chr15L	Y' Gain	chr13	True	0.33	False		Y' Gain	chr13L	True	0.33	False	single_y_prime_change	False	True	False	0.0
SRR33298416.440947	chr15L	Y' Gain	chr15	True	0.0032	False		Y' Gain	ambiguous	True	0.0032	False	subtelomere_switch	False	True	False	0.0
SRR33298416.199350	chr15L	Y' Gain	chr13	True	0.33	False		Y' Gain	chr13L	True	0.33	False	single_y_prime_change	False	True	False	0.0
SRR33298416.55880	chr15L	Y' Gain	chr13	True	0.0022	False		Y' Gain	chr13L	True	0.0022	False	subtelomere_switch	False	True	False	0.0
SRR33298416.1085428	chr15L	Y' Gain	chr13	True	0.0018	False		Y' Gain	chr13L	True	0.0018	False	subtelomere_switch	False	True	False	0.0
SRR33298416.469520	chr15L	Y' Gain	chr13	True	0.33	False		Y' Gain	chr13L	True	0.33	False	single_y_prime_change	False	True	False	0.0
SRR33298416.572382	chr15L	Y' Gain	chr15	True	0.3	False		Y' Gain	ambiguous	True	0.3	False	single_y_prime_change	False	True	False	0.0
SRR33298416.64843	chr15L	Y' Gain	chr13	True	0.33	False		Y' Gain	chr13L	True	0.33	False	single_y_prime_change	False	True	False	0.0
SRR33298416.650879	chr15L	Y' Gain	chr13	True	0.0062	False		Y' Gain	chr13L	True	0.0062	False	subtelomere_switch	False	True	False	0.0
SRR33298416.481352	chr15L	Y' Gain	chr13	True	0.33	False		Y' Gain	chr13L	True	0.33	False	single_y_prime_change	False	True	False	0.0
SRR33298416.397121	chr15L	Y' Gain	chr13	True	0.33	False		Y' Gain	chr13L	True	0.33	False	single_y_prime_change	False	True	False	0.0
SRR33298416.410756	chr15L	Y' Gain	chr13	True	-0.0002	False		Y' Gain	chr13L	True	-0.0002	False	subtelomere_switch	False	True	False	0.0
SRR33298416.1107473	chr15L	Y' Gain	chr13	True	0.007	False		Y' Gain	chr13L	True	0.007	False	subtelomere_switch	False	True	False	0.0
SRR33298416.796167	chr15L	Y' Gain	chr13	True	0.33	False		Y' Gain	chr13L	True	0.33	False	single_y_prime_change	False	True	False	0.0
SRR33298416.1059749	chr15L	Y' Gain	chr13	True	0.33	False		Y' Gain	chr13L	True	0.33	False	single_y_prime_change	False	True	False	0.0
SRR33298416.97277	chr15L	Y' Gain	chr13	True	0.33	False		Y' Gain	chr13L	True	0.33	False	single_y_prime_change	False	True	False	0.0
SRR33298416.1216844	chr15L	Y' Gain	chr13	True	0.33	False		Y' Gain	chr13L	True	0.33	False	single_y_prime_change	False	True	False	0.0
SRR33298416.353609	chr15L	Y' Gain	chr13	True	0.33	False		Y' Gain	chr13L	True	0.33	False	single_y_prime_change	False	True	False	0.0
SRR33298416.133921	chr15L	Y' Gain	chr13	True	0.33	False		Y' Gain	chr13L	True	0.33	False	single_y_prime_change	False	True	False	0.0
SRR33298416.673499	chr15L	Y' Gain	chr13	True	0.33	False		Y' Gain	chr13L	True	0.33	False	single_y_prime_change	False	True	False	0.0
SRR33298416.194806	chr15L	Y' Gain	chr13	True	0.33	False		Y' Gain	chr13L	True	0.33	False	single_y_prime_change	False	True	False	0.0
SRR33298416.886844	chr15L	Y' Gain	chr13	True	0.33	False		Y' Gain	chr13L	True	0.33	False	single_y_prime_change	False	True	False	0.0
SRR33298416.144244	chr15L	Y' Gain	chr13	True	0.33	False		Y' Gain	chr13L	True	0.33	False	single_y_prime_change	False	True	False	0.0
SRR33298416.61762	chr15L	Y' Gain	chr13	True	0.33	False		Y' Gain	chr13L	True	0.33	False	single_y_prime_change	False	True	False	0.0
SRR33298416.345273	chr15L	Y' Gain	chr13	True	-0.0086	False		Y' Gain	chr13L	True	-0.0086	False	subtelomere_switch	False	True	False	0.0
SRR33298416.658616	chr15L	Y' Gain	chr13	True	0.33	False		Y' Gain	chr13L	True	0.33	False	single_y_prime_change	False	True	False	0.0
SRR33298416.719634	chr15L	Y' Gain	chr13	True	0.33	False		Y' Gain	chr13L	True	0.33	False	single_y_prime_change	False	True	False	0.0
SRR33298416.405267	chr15L	Y' Gain	chr13	True	0.33	False		Y' Gain	chr13L	True	0.33	False	single_y_prime_change	False	True	False	0.0
SRR33298416.1135561	chr15L	Y' Gain	chr13	True	0.33	False		Y' Gain	chr13L	True	0.33	False	single_y_prime_change	False	True	False	0.0
SRR33298416.1295162	chr15L	Y' Gain	chr15	True	0.3	False		Y' Gain	ambiguous	True	0.3	False	single_y_prime_change	False	True	False	0.0
SRR33298416.310559	chr15L	Y' Gain	chr13	True	0.0012	False		Y' Gain	chr13L	True	0.0012	False	subtelomere_switch	False	True	False	0.0
SRR33298416.57904	chr15L	Y' Gain	chr13	True	0.33	False		Y' Gain	chr13L	True	0.33	False	single_y_prime_change	False	True	False	0.0
SRR33298416.440560	chr15L	Y' Gain	chr13	True	-0.0011	False		Y' Gain	chr13L	True	-0.0011	False	subtelomere_switch	False	True	False	0.0
SRR33298416.448533	chr15L	Y' Gain	chr12	True	0.33	False		Y' Gain	chr12L	True	0.33	False	single_y_prime_change	False	True	False	0.0
SRR33298416.757200	chr15R	Y' Gain	chr16	True	0.33	False		Y' Gain	chr12R	True	0.33	False	donor_transfer_candidates:2	False	True	False	0.0
SRR33298416.361311	chr15R	Y' Gain	chr16	True	0.33	False		Y' Gain	chr12R	True	0.33	False	donor_transfer_candidates:2	False	True	False	0.0
SRR33298416.74313	chr15R	Y' Gain	chr15	True	0.33	False		Y' Gain	ambiguous	True	0.3	False	unmatched_array	False	True	False	-0.03
SRR33298416.579173	chr15R	Y' Gain	chr4	True	0.33	False		Y' Gain	chr4R	True	0.33	False	donor_transfer_candidates:4	False	True	False	0.0
SRR33298416.1019819	chr15R	Y' Gain	chr4	True	0.33	False		Y' Gain	chr4R	True	0.33	False	donor_transfer_candidates:4	False	True	False	0.0
SRR33298416.88502	chr15R	Y' Gain	chr16	True	0.33	False		Y' Gain	chr14L	True	0.66	False	donor_transfer	False	True	False	0.33
SRR33298416.907760	chr15R	Y' Gain	chr16	True	0.33	False		Y' Gain	chr16L	True	0.33	False	donor_transfer_candidates:4	False	True	False	0.0
SRR33298416.23645	chr15R	Y' Gain	chr16	True	0.33	False		Y' Gain	chr14L	True	0.66	False	donor_transfer	False	True	False	0.33
SRR33298416.887571	chr15R	Y' Gain	chr16	True	0.33	False		Y' Gain	chr16L	True	0.33	False	unmatched_array	False	True	False	0.0
SRR33298416.1267652	chr15R	Y' Gain	chr16	True	0.33	False		Y' Gain	chr12R	True	0.33	False	donor_transfer_candidates:2	False	True	False	0.0
SRR33298416.379142	chr15R	Y' Gain	chr16	True	0.33	False		Y' Gain	chr12R	True	0.33	False	donor_transfer_candidates:2	False	True	False	0.0
SRR33298416.174801	chr15R	Y' Gain	chr16	True	0.33	False		Y' Gain	chr12R	True	0.33	False	donor_transfer_candidates:2	False	True	False	0.0
SRR33298416.906061	chr15R	Y' Gain	chr16	True	0.33	False		Y' Gain	chr12R	True	0.33	False	donor_transfer_candidates:2	False	True	False	0.0
SRR33298416.228841	chr15R	Y' Gain	chr16	True	0.33	False		Y' Gain	chr16L	True	0.33	False	unmatched_array	False	True	False	0.0
SRR33298416.1135412	chr15R	Y' Gain	chr16	True	0.33	False		Y' Gain	chr12R	True	0.33	False	donor_transfer_candidates:2	False	True	False	0.0
SRR33298416.616589	chr15R	Y' Gain	chr16	True	0.33	False		Y' Gain	chr12R	True	0.33	False	donor_transfer_candidates:2	False	True	False	0.0
SRR33298416.740761	chr15R	Y' Gain	chr16	True	0.33	False		Y' Gain	chr12R	True	0.33	False	donor_transfer_candidates:2	False	True	False	0.0
SRR33298416.1169997	chr15R	Y' Gain	chr16	True	0.33	False		Y' Gain	chr12R	True	0.33	False	donor_transfer_candidates:2	False	True	False	0.0
SRR33298416.932407	chr15R	Y' Gain	chr16	True	0.33	False		Y' Gain	chr12R	True	0.33	False	donor_transfer_candidates:2	False	True	False	0.0
SRR33298416.913326	chr15R	Y' Gain	chr16	True	0.33	False		Y' Gain	chr12R	True	0.33	False	donor_transfer_candidates:2	False	True	False	0.0
SRR33298416.15488	chr15R	Y' Gain	chr16	True	0.33	False		Y' Gain	chr12R	True	0.33	False	donor_transfer_candidates:2	False	True	False	0.0
SRR33298416.1089261	chr15R	Y' Gain	chr16	True	0.33	False		Y' Gain	chr16L	True	0.33	False	donor_transfer_candidates:3	False	True	False	0.0
SRR33298416.645263	chr15R	Y' Gain	chr4	True	0.33	False		Y' Gain	chr4R	True	0.33	False	donor_transfer_candidates:3	False	True	False	0.0
SRR33298416.217573	chr15R	Y' Gain	chr4	True	0.33	False		Y' Gain	chr4R	True	0.33	False	donor_transfer_candidates:3	False	True	False	0.0
SRR33298416.621338	chr15R	Y' Gain	chr4	True	0.33	False		Y' Gain	chr4R	True	0.33	False	donor_transfer_candidates:3	False	True	False	0.0
SRR33298416.806110	chr15R	Y' Gain	chr7	True	0.33	False		Y' Gain	chr12R	True	0.33	False	donor_transfer_candidates:3	False	True	False	0.0
SRR33298416.1169967	chr15R	Y' Gain	chr4	True	0.33	False		Y' Gain	chr4R	True	0.33	False	donor_transfer_candidates:3	False	True	False	0.0
SRR33298416.961146	chr15R	Y' Gain	chr7	True	0.33	False		Y' Gain	chr12R	True	0.33	False	donor_transfer_candidates:3	False	True	False	0.0
SRR33298416.496872	chr15R	Y' Gain	chr4	True	0.33	False		Y' Gain	chr4R	True	0.33	False	donor_transfer_candidates:3	False	True	False	0.0
SRR33298416.1165808	chr15R	Y' Gain	chr7	True	0.33	False		Y' Gain	chr7R	True	0.33	False	donor_transfer_candidates:4	False	True	False	0.0
SRR33298416.1299575	chr15R	Y' Gain	chr7	True	0.33	False		Y' Gain	chr7R	True	0.33	False	donor_transfer_candidates:4	False	True	False	0.0
SRR33298416.1036249	chr15R	Y' Gain	chr7	True	0.33	False		Y' Gain	chr7R	True	0.33	False	unmatched_array	False	True	False	0.0
SRR33298416.777424	chr15R	Y' Gain	chr7	True	0.33	False		Y' Gain	chr7R	True	0.33	False	unmatched_array	False	True	False	0.0
SRR33298416.576159	chr15R	Y' Gain	chr14	True	0.33	False		Y' Gain	chr14L	True	0.33	False	unmatched_array	False	True	False	0.0
SRR33298416.806160	chr15R	Y' Gain	chr7	True	0.33	False		Y' Gain	chr7R	True	0.33	False	donor_transfer_candidates:4	False	True	False	0.0
SRR33298416.838124	chr15R	Y' Gain	chr7	True	0.33	False		Y' Gain	chr7R	True	0.33	False	donor_transfer_candidates:4	False	True	False	0.0
SRR33298416.506543	chr15R	Y' Gain	chr7	True	0.33	False		Y' Gain	chr7R	True	0.33	False	donor_transfer_candidates:4	False	True	False	0.0
SRR33298416.179657	chr15R	Y' Gain	chr7	True	0.33	False		Y' Gain	chr7R	True	0.33	False	donor_transfer_candidates:4	False	True	False	0.0
SRR33298416.991047	chr15R	Y' Gain	chr7	True	0.33	False		Y' Gain	chr7R	True	0.33	False	donor_transfer_candidates:4	False	True	False	0.0
SRR33298416.343278	chr15R	Y' Gain	chr7	True	0.33	False		Y' Gain	chr7R	True	0.33	False	donor_transfer_candidates:4	False	True	False	0.0
SRR33298416.559541	chr15R	Y' Gain	chr7	True	0.33	False		Y' Gain	chr7R	True	0.33	False	donor_transfer_candidates:4	False	True	False	0.0
SRR33298416.349583	chr15R	Y' Gain	chr7	True	0.33	False		Y' Gain	chr7R	True	0.33	False	donor_transfer_candidates:4	False	True	False	0.0
SRR33298416.262708	chr15R	Y' Gain	chr7	True	0.33	False		Y' Gain	chr7R	True	0.33	False	donor_transfer_candidates:4	False	True	False	0.0
SRR33298416.1112229	chr15R	Y' Gain	chr7	True	0.33	False		Y' Gain	chr7R	True	0.33	False	donor_transfer_candidates:4	False	True	False	0.0
SRR33298416.185992	chr15R	Y' Gain	chr7	True	0.33	False		Y' Gain	chr14L	True	0.44	False	donor_transfer	False	True	False	0.11
SRR33298416.458633	chr15R	Y' Gain	chr7	True	0.33	False		Y' Gain	chr7R	True	0.33	False	unmatched_array	False	True	False	0.0
SRR33298416.498194	chr15R	Y' Gain	chr4	True	0.33	False		Y' Gain	chr4R	True	0.33	False	single_y_prime_change	False	True	False	0.0
SRR33298416.284244	chr15R	Y' Gain	chr4	True	0.33	False		Y' Gain	chr4R	True	0.33	False	single_y_prime_change	False	True	False	0.0
SRR33298416.164479	chr15R	Y' Gain	chr4	True	0.33	False		Y' Gain	chr4R	True	0.33	False	single_y_prime_change	False	True	False	0.0
SRR33298416.76600	chr15R	Y' Gain	chr4	True	0.33	False		Y' Gain	chr4R	True	0.33	False	single_y_prime_change	False	True	False	0.0
SRR33298416.1186965	chr15R	Y' Gain	chr14	True	0.33	False		Y' Gain	chr14L	True	0.33	False	single_y_prime_change	False	True	False	0.0
SRR33298416.44137	chr15R	Y' Gain	chr4	True	0.33	False		Y' Gain	chr4R	True	0.33	False	single_y_prime_change	False	True	False	0.0
SRR33298416.1141938	chr15R	Y' Gain	chr4	True	0.33	False		Y' Gain	chr4R	True	0.33	False	single_y_prime_change	False	True	False	0.0
SRR33298416.1108986	chr15R	Y' Gain	chr4	True	0.33	False		Y' Gain	chr4R	True	0.33	False	single_y_prime_change	False	True	False	0.0
SRR33298416.234357	chr15R	Y' Gain	chr4	True	0.33	False		Y' Gain	chr4R	True	0.33	False	single_y_prime_change	False	True	False	0.0
SRR33298416.410182	chr15R	Y' Gain	chr14	True	0.33	False		Y' Gain	chr14L	True	0.33	False	single_y_prime_change	False	True	False	0.0
SRR33298416.400736	chr15R	Y' Gain	chr4	True	0.33	False		Y' Gain	chr4R	True	0.33	False	single_y_prime_change	False	True	False	0.0
SRR33298416.1149463	chr15R	Y' Gain	chr4	True	0.33	False		Y' Gain	chr4R	True	0.33	False	single_y_prime_change	False	True	False	0.0
SRR33298416.552854	chr15R	Y' Gain	chr14	True	0.33	False		Y' Gain	chr14L	True	0.33	False	single_y_prime_change	False	True	False	0.0
SRR33298416.306806	chr15R	Y' Gain	chr14	True	0.33	False		Y' Gain	chr14L	True	0.33	False	single_y_prime_change	False	True	False	0.0
SRR33298416.1189036	chr15R	Y' Gain	chr14	True	0.33	False		Y' Gain	chr14L	True	0.33	False	single_y_prime_change	False	True	False	0.0
SRR33298416.769764	chr15R	Y' Gain	chr4	True	0.33	False		Y' Gain	chr4R	True	0.33	False	single_y_prime_change	False	True	False	0.0
SRR33298416.278772	chr15R	Y' Gain	chr14	True	0.33	False		Y' Gain	chr14L	True	0.33	False	single_y_prime_change	False	True	False	0.0
SRR33298416.261218	chr15R	Y' Gain	chr14	True	0.33	False		Y' Gain	chr14L	True	0.33	False	single_y_prime_change	False	True	False	0.0
SRR33298416.23803	chr15R	Y' Gain	chr14	True	0.33	False		Y' Gain	chr14L	True	0.33	False	single_y_prime_change	False	True	False	0.0
SRR33298416.1122561	chr15R	Y' Gain	chr14	True	0.33	False		Y' Gain	chr14L	True	0.33	False	single_y_prime_change	False	True	False	0.0
SRR33298416.1203780	chr15R	Y' Gain	chr14	True	0.33	False		Y' Gain	chr14L	True	0.33	False	single_y_prime_change	False	True	False	0.0
SRR33298416.46765	chr15R	Y' Gain	chr14	True	0.33	False		Y' Gain	chr14L	True	0.33	False	single_y_prime_change	False	True	False	0.0
SRR33298416.1095057	chr15R	Y' Gain	chr14	True	0.33	False		Y' Gain	chr14L	True	0.33	False	single_y_prime_change	False	True	False	0.0
SRR33298416.1041813	chr16L	1st Y' Change	chr16	True	0.3	False		1st Y' Change	ambiguous	True	0.3	False	unmatched_array	False	True	False	0.0
SRR33298416.775655	chr16L	Y' Recombination	chr16	True	0.33	False		Y' Recombination	chr14L	True	0.66	False	donor_transfer	False	True	False	0.33
SRR33298416.388942	chr16L	Y' Recombination	chr16	True	0.33	False		Y' Recombination	ambiguous	True	0.3	False	unmatched_array	False	True	False	-0.03
SRR33298416.76241	chr16L	Y' Recombination	chr16	True	0.33	False		Y' Recombination	ambiguous	True	0.3	False	unmatched_array	False	True	False	-0.03
SRR33298416.427884	chr16L	Y' Recombination	chr16	True	0.33	False		Y' Recombination	ambiguous	True	0.3	False	unmatched_array	False	True	False	-0.03
SRR33298416.998083	chr16L	Y' Gain	chr16	True	0.33	False		Y' Gain	chr12R	True	0.33	False	donor_transfer_candidates:2	False	True	False	0.0
SRR33298416.900658	chr16L	Y' Gain	chr16	True	0.33	False		Y' Gain	chr16L	True	0.33	False	tandem_amplification_same_end	False	True	False	0.0
SRR33298416.535780	chr16L	Y' Gain	chr16	True	0.33	False		Y' Gain	chr16L	True	0.33	False	tandem_amplification_same_end	False	True	False	0.0
SRR33298416.1026829	chr16L	Y' Gain	chr16	True	0.33	False		Y' Gain	chr14L	True	0.66	False	donor_transfer	False	True	False	0.33
SRR33298416.361560	chr16L	Y' Recombination	chr12	True	0.3	False		Y' Recombination	chr14L	True	0.44	False	donor_transfer	False	True	False	0.14
SRR33298416.1128008	chr16L	Y' Gain	chr12	True	0.3	False		Y' Gain	chr16L	True	0.33	False	tandem_amplification_same_end	False	True	False	0.03
SRR33298416.106382	chr16L	Y' Gain	chr12	True	0.3	False		Y' Gain	chr16L	True	0.33	False	tandem_amplification_same_end	False	True	False	0.03
SRR33298416.1127840	chr16L	Y' Gain	chr12	True	0.3	False		Y' Gain	chr16L	True	0.33	False	tandem_amplification_same_end	False	True	False	0.03
SRR33298416.193281	chr16L	Y' Gain	chr12	True	0.3	False		Y' Gain	chr16L	True	0.33	False	tandem_amplification_same_end	False	True	False	0.03
SRR33298416.866518	chr16L	Y' Recombination	chr12	True	0.3	False		Y' Recombination	chr14L	True	0.66	False	donor_transfer	False	True	False	0.36
SRR33298416.82836	chr16L	Y' Gain	chr14	True	0.33	False		Y' Gain	chr14L	True	0.33	False	single_y_prime_change	False	True	False	0.0
SRR33298416.1112834	chr16L	Y' Recombination	chr14	True	0.33	False		Y' Recombination	chr14L	True	0.33	False	unmatched_array	False	True	False	0.0
SRR33298416.729299	chr16L	Y' Recombination	chr14	True	0.33	False		Y' Recombination	chr14L	True	0.33	False	unmatched_array	False	True	False	0.0
SRR33298416.1001939	chr16L	Y' Recombination	chr14	True	0.33	False		Y' Recombination	chr14L	True	0.33	False	unmatched_array	False	True	False	0.0
SRR33298416.931716	chr16L	Y' Recombination	chr14	True	0.33	False		Y' Recombination	chr14L	True	0.33	False	unmatched_array	False	True	False	0.0
SRR33298416.147265	chr16L	Y' Loss	chr15	True	0.33	False		Y' Loss	chr15R	True	0.33	False	array_contraction	False	True	False	0.0
SRR33298416.48659	chr16L	Y' Loss	chr14	True	0.33	False		Y' Loss	chr14L	True	0.33	False	array_contraction	False	True	False	0.0
SRR33298416.534554	chr16R	Y' Gain	chr4	True	0.3	False		Y' Gain	chr14L	True	0.66	False	donor_transfer	False	True	False	0.36
SRR33298416.419352	chr16R	Y' Gain	chr16	True	0.33	False		Y' Gain	ambiguous	True	0.3	False	unmatched_array	False	True	False	-0.03
SRR33298416.218215	chr16R	1st Y' Change	chr16	True	0.3	False		1st Y' Change	chr14L	True	0.66	False	donor_transfer	False	True	False	0.36
SRR33298416.602226	chr16R	1st Y' Change	chr16	True	0.3	False		1st Y' Change	ambiguous	True	0.3	False	donor_transfer_candidates:4	False	True	False	0.0
SRR33298416.481020	chr16R	1st Y' Change	chr4	True	0.33	False		1st Y' Change	chr4R	True	0.33	False	donor_transfer_candidates:4	False	True	False	0.0
SRR33298416.819564	chr16R	Y' Gain	chr16	True	0.33	False		Y' Gain	chr14L	True	0.66	False	donor_transfer	False	True	False	0.33
SRR33298416.675419	chr16R	Y' Gain	chr16	True	0.33	False		Y' Gain	ambiguous	True	0.3	False	unmatched_array	False	True	False	-0.03
SRR33298416.281639	chr16R	Y' Gain	chr16	True	0.33	False		Y' Gain	ambiguous	True	0.3	False	unmatched_array	False	True	False	-0.03
SRR33298416.76411	chr16R	Y' Gain	chr16	True	0.33	False		Y' Gain	chr12R	True	0.33	False	donor_transfer_candidates:2	False	True	False	0.0
SRR33298416.710699	chr16R	Y' Gain	chr16	True	0.33	False		Y' Gain	ambiguous	True	0.3	False	unmatched_array	False	True	False	-0.03
SRR33298416.662513	chr16R	Y' Gain	chr16	True	0.33	False		Y' Gain	ambiguous	True	0.3	False	unmatched_array	False	True	False	-0.03
SRR33298416.94502	chr16R	Y' Gain	chr16	True	0.33	False		Y' Gain	chr12R	True	0.33	False	donor_transfer_candidates:2	False	True	False	0.0
SRR33298416.115918	chr16R	Y' Gain	chr16	True	0.33	False		Y' Gain	chr12R	True	0.33	False	donor_transfer_candidates:2	False	True	False	0.0
SRR33298416.909304	chr16R	1st Y' Change	chr16	True	0.3	False		1st Y' Change	chr14L	True	0.66	False	donor_transfer	False	True	False	0.36
SRR33298416.1044975	chr16R	Y' Gain	chr16	True	0.33	False		Y' Gain	ambiguous	True	0.3	False	donor_transfer_candidates:4	False	True	False	-0.03
SRR33298416.571956	chr16R	1st Y' Change	chr16	True	0.3	False		1st Y' Change	ambiguous	True	0.3	False	unmatched_array	False	True	False	0.0
SRR33298416.1215439	chr16R	Y' Gain	chr16	True	0.33	False		Y' Gain	chr14L	True	0.66	False	donor_transfer	False	True	False	0.33
SRR33298416.642815	chr16R	Y' Gain	chr16	True	0.33	False		Y' Gain	ambiguous	True	0.3	False	unmatched_array	False	True	False	-0.03
SRR33298416.1081107	chr16R	Y' Gain	chr16	True	0.33	False		Y' Gain	ambiguous	True	0.3	False	unmatched_array	False	True	False	-0.03
SRR33298416.802154	chr16R	Y' Gain	chr16	True	0.33	False		Y' Gain	chr12R	True	0.33	False	donor_transfer_candidates:2	False	True	False	0.0
SRR33298416.1288728	chr16R	Y' Gain	chr16	True	0.33	False		Y' Gain	chr12R	True	0.33	False	donor_transfer_candidates:2	False	True	False	0.0
SRR33298416.380873	chr16R	Y' Gain	chr16	True	0.33	False		Y' Gain	chr12R	True	0.33	False	donor_transfer_candidates:2	False	True	False	0.0
SRR33298416.565255	chr16R	Y' Gain	chr16	True	0.33	False		Y' Gain	chr12R	True	0.33	False	donor_transfer_candidates:2	False	True	False	0.0
SRR33298416.107235	chr16R	Y' Gain	chr16	True	0.33	False		Y' Gain	chr14L	True	0.66	False	donor_transfer	False	True	False	0.33
SRR33298416.893628	chr16R	Y' Gain	chr16	True	0.33	False		Y' Gain	chr14L	True	0.66	False	donor_transfer	False	True	False	0.33
SRR33298416.1030604	chr16R	Y' Gain	chr16	True	0.33	False		Y' Gain	ambiguous	True	0.3	False	donor_transfer_candidates:4	False	True	False	-0.03
SRR33298416.544941	chr16R	Y' Gain	chr16	True	0.33	False		Y' Gain	ambiguous	True	0.3	False	unmatched_array	False	True	False	-0.03
SRR33298416.1148649	chr16R	Y' Gain	chr16	True	0.33	False		Y' Gain	chr12R	True	0.33	False	donor_transfer_candidates:2	False	True	False	0.0
SRR33298416.250297	chr16R	Y' Gain	chr16	True	0.33	False		Y' Gain	chr12R	True	0.33	False	donor_transfer_candidates:2	False	True	False	0.0
SRR33298416.1005579	chr16R	1st Y' Change	chr16	True	0.3	False		1st Y' Change	chr12R	True	0.33	False	donor_transfer_candidates:3	False	True	False	0.03
SRR33298416.13614	chr16R	Y' Gain	chr16	True	0.33	False		Y' Gain	ambiguous	True	0.3	False	unmatched_array	False	True	False	-0.03
SRR33298416.483089	chr16R	Y' Gain	chr16	True	0.33	False		Y' Gain	ambiguous	True	0.3	False	unmatched_array	False	True	False	-0.03
SRR33298416.1051144	chr16R	Y' Gain	chr16	True	0.33	False		Y' Gain	ambiguous	True	0.3	False	unmatched_array	False	True	False	-0.03
SRR33298416.944989	chr16R	Y' Gain	chr16	True	0.33	False		Y' Gain	ambiguous	True	0.3	False	unmatched_array	False	True	False	-0.03
SRR33298416.305118	chr16R	Y' Gain	chr16	True	0.33	False		Y' Gain	chr14L	True	0.44	False	donor_transfer	False	True	False	0.11
SRR33298416.939066	chr16R	Y' Gain	chr16	True	0.33	False		Y' Gain	ambiguous	True	0.3	False	unmatched_array	False	True	False	-0.03
SRR33298416.1246779	chr16R	Y' Gain	chr16	True	0.33	False		Y' Gain	ambiguous	True	0.3	False	unmatched_array	False	True	False	-0.03
SRR33298416.237862	chr16R	1st Y' Change	chr16	True	0.3	False		1st Y' Change	ambiguous	True	0.3	False	unmatched_array	False	True	False	0.0
SRR33298416.1113366	chr16R	1st Y' Change	chr16	True	0.33	False		1st Y' Change	chr12R	True	0.33	False	donor_transfer_candidates:2	False	True	False	0.0
SRR33298416.233248	chr16R	Y' Gain	chr16	True	0.33	False		Y' Gain	ambiguous	True	0.3	False	unmatched_array	False	True	False	-0.03
SRR33298416.809517	chr16R	Y' Gain	chr16	True	0.33	False		Y' Gain	chr12R	True	0.33	False	donor_transfer_candidates:3	False	True	False	0.0
SRR33298416.1267424	chr16R	1st Y' Change	chr16	True	0.3	False		1st Y' Change	chr14L	True	0.66	False	donor_transfer	False	True	False	0.36
SRR33298416.940796	chr16R	Y' Gain	chr16	True	0.33	False		Y' Gain	chr12R	True	0.33	False	donor_transfer_candidates:3	False	True	False	0.0
SRR33298416.1181784	chr16R	Y' Gain	chr16	True	0.33	False		Y' Gain	chr12R	True	0.33	False	donor_transfer_candidates:3	False	True	False	0.0
SRR33298416.67337	chr16R	1st Y' Change	chr16	True	0.3	False		1st Y' Change	chr14L	True	0.44	False	donor_transfer	False	True	False	0.14
SRR33298416.128429	chr16R	Y' Gain	chr16	True	0.33	False		Y' Gain	chr14L	True	0.66	False	donor_transfer	False	True	False	0.33
SRR33298416.769261	chr16R	Y' Gain	chr16	True	0.33	False		Y' Gain	ambiguous	True	0.3	False	unmatched_array	False	True	False	-0.03
SRR33298416.185370	chr16R	Y' Gain	chr16	True	0.33	False		Y' Gain	chr14L	True	0.44	False	donor_transfer	False	True	False	0.11
SRR33298416.1080097	chr16R	Y' Gain	chr16	True	0.33	False		Y' Gain	chr14L	True	0.44	False	donor_transfer	False	True	False	0.11
SRR33298416.160950	chr16R	Y' Gain	chr16	True	0.33	False		Y' Gain	ambiguous	True	0.3	False	unmatched_array	False	True	False	-0.03
SRR33298416.1080096	chr16R	Y' Gain	chr16	True	0.33	False		Y' Gain	chr14L	True	0.44	False	donor_transfer	False	True	False	0.11
SRR33298416.895019	chr16R	Y' Gain	chr16	True	0.33	False		Y' Gain	ambiguous	True	0.3	False	unmatched_array	False	True	False	-0.03
SRR33298416.324607	chr16R	Y' Gain	chr16	True	0.33	False		Y' Gain	ambiguous	True	0.3	False	unmatched_array	False	True	False	-0.03
SRR33298416.960362	chr16R	Y' Gain	chr16	True	0.33	False		Y' Gain	chr14L	True	0.44	False	donor_transfer	False	True	False	0.11
SRR33298416.225001	chr16R	Y' Gain	chr16	True	0.33	False		Y' Gain	ambiguous	True	0.3	False	unmatched_array	False	True	False	-0.03
SRR33298416.874040	chr16R	Y' Gain	chr16	True	0.33	False		Y' Gain	ambiguous	True	0.3	False	unmatched_array	False	True	False	-0.03
SRR33298416.126521	chr16R	1st Y' Change	chr16	True	0.3	False		1st Y' Change	ambiguous	True	0.3	False	unmatched_array	False	True	False	0.0
SRR33298416.983562	chr16R	Y' Gain	chr16	True	0.33	False		Y' Gain	ambiguous	True	0.3	False	unmatched_array	False	True	False	-0.03
SRR33298416.528427	chr16R	Y' Gain	chr16	True	0.33	False		Y' Gain	ambiguous	True	0.3	False	unmatched_array	False	True	False	-0.03
SRR33298416.1121181	chr16R	Y' Gain	chr16	True	0.33	False		Y' Gain	ambiguous	True	0.3	False	unmatched_array	False	True	False	-0.03
SRR33298416.1146443	chr16R	1st Y' Change	chr16	True	0.3	False		1st Y' Change	ambiguous	True	0.3	False	donor_transfer_candidates:4	False	True	False	0.0
SRR33298416.1168835	chr16R	Y' Gain	chr16	True	0.33	False		Y' Gain	ambiguous	True	0.3	False	donor_transfer_candidates:4	False	True	False	-0.03
SRR33298416.985175	chr16R	Y' Gain	chr16	True	0.33	False		Y' Gain	ambiguous	True	0.3	False	donor_transfer_candidates:4	False	True	False	-0.03
SRR33298416.342611	chr16R	Y' Gain	chr16	True	0.33	False		Y' Gain	ambiguous	True	0.3	False	donor_transfer_candidates:4	False	True	False	-0.03
SRR33298416.366499	chr16R	Y' Gain	chr16	True	0.33	False		Y' Gain	ambiguous	True	0.3	False	donor_transfer_candidates:4	False	True	False	-0.03
SRR33298416.5745	chr16R	Y' Gain	chr16	True	0.33	False		Y' Gain	ambiguous	True	0.3	False	donor_transfer_candidates:4	False	True	False	-0.03
SRR33298416.1239063	chr16R	Y' Gain	chr16	True	0.33	False		Y' Gain	ambiguous	True	0.3	False	donor_transfer_candidates:4	False	True	False	-0.03
SRR33298416.1156465	chr16R	Y' Gain	chr16	True	0.33	False		Y' Gain	ambiguous	True	0.3	False	donor_transfer_candidates:4	False	True	False	-0.03
SRR33298416.1266039	chr16R	1st Y' Change	chr16	True	0.3	False		1st Y' Change	chr14L	True	0.66	False	donor_transfer	False	True	False	0.36
SRR33298416.86813	chr16R	Y' Gain	chr16	True	0.33	False		Y' Gain	ambiguous	True	0.3	False	unmatched_array	False	True	False	-0.03
SRR33298416.355796	chr16R	1st Y' Change	chr16	True	0.3	False		1st Y' Change	chr14L	True	0.66	False	donor_transfer	False	True	False	0.36
SRR33298416.458709	chr16R	1st Y' Change	chr16	True	0.3	False		1st Y' Change	chr14L	True	0.66	False	donor_transfer	False	True	False	0.36
SRR33298416.305175	chr16R	Y' Gain	chr16	True	0.33	False		Y' Gain	ambiguous	True	0.3	False	unmatched_array	False	True	False	-0.03
SRR33298416.1187355	chr16R	Y' Gain	chr16	True	0.33	False		Y' Gain	ambiguous	True	0.3	False	unmatched_array	False	True	False	-0.03
SRR33298416.1094548	chr16R	1st Y' Change	chr16	True	0.3	False		1st Y' Change	ambiguous	True	0.3	False	unmatched_array	False	True	False	0.0
SRR33298416.1268607	chr16R	Y' Gain	chr16	True	0.33	False		Y' Gain	ambiguous	True	0.3	False	unmatched_array	False	True	False	-0.03
SRR33298416.1237168	chr16R	1st Y' Change	chr16	True	0.3	False		1st Y' Change	ambiguous	True	0.3	False	unmatched_array	False	True	False	0.0
SRR33298416.26026	chr16R	Y' Gain	chr16	True	0.33	False		Y' Gain	ambiguous	True	0.3	False	unmatched_array	False	True	False	-0.03
SRR33298416.395244	chr16R	Y' Gain	chr16	True	0.33	False		Y' Gain	ambiguous	True	0.3	False	unmatched_array	False	True	False	-0.03
SRR33298416.204027	chr16R	Y' Gain	chr16	True	0.33	False		Y' Gain	ambiguous	True	0.3	False	unmatched_array	False	True	False	-0.03
SRR33298416.981831	chr16R	Y' Gain	chr16	True	0.33	False		Y' Gain	ambiguous	True	0.3	False	unmatched_array	False	True	False	-0.03
SRR33298416.1152324	chr16R	Y' Gain	chr16	True	0.33	False		Y' Gain	ambiguous	True	0.3	False	unmatched_array	False	True	False	-0.03
SRR33298416.48951	chr16R	Y' Gain	chr16	True	0.33	False		Y' Gain	ambiguous	True	0.3	False	unmatched_array	False	True	False	-0.03
SRR33298416.51900	chr16R	Y' Gain	chr16	True	0.33	False		Y' Gain	ambiguous	True	0.3	False	unmatched_array	False	True	False	-0.03
SRR33298416.1032682	chr16R	Y' Gain	chr16	True	0.33	False		Y' Gain	ambiguous	True	0.3	False	unmatched_array	False	True	False	-0.03
SRR33298416.756419	chr16R	Y' Gain	chr16	True	0.33	False		Y' Gain	ambiguous	True	0.3	False	unmatched_array	False	True	False	-0.03
SRR33298416.174550	chr16R	Y' Gain	chr16	True	0.33	False		Y' Gain	ambiguous	True	0.3	False	unmatched_array	False	True	False	-0.03
SRR33298416.96479	chr16R	Y' Gain	chr16	True	0.33	False		Y' Gain	ambiguous	True	0.3	False	unmatched_array	False	True	False	-0.03
SRR33298416.153338	chr16R	Y' Gain	chr16	True	0.33	False		Y' Gain	ambiguous	True	0.3	False	unmatched_array	False	True	False	-0.03
SRR33298416.1220620	chr16R	Y' Gain	chr16	True	0.33	False		Y' Gain	ambiguous	True	0.3	False	unmatched_array	False	True	False	-0.03
SRR33298416.459966	chr16R	1st Y' Change	chr16	True	0.3	False		1st Y' Change	ambiguous	True	0.3	False	unmatched_array	False	True	False	0.0
SRR33298416.928529	chr16R	Y' Gain	chr16	True	0.33	False		Y' Gain	ambiguous	True	0.3	False	unmatched_array	False	True	False	-0.03
SRR33298416.800968	chr16R	Y' Gain	chr16	True	0.33	False		Y' Gain	ambiguous	True	0.3	False	unmatched_array	False	True	False	-0.03
SRR33298416.1063739	chr16R	Y' Gain	chr16	True	0.33	False		Y' Gain	ambiguous	True	0.3	False	unmatched_array	False	True	False	-0.03
SRR33298416.1298767	chr16R	1st Y' Change	chr16	True	0.3	False		1st Y' Change	ambiguous	True	0.3	False	unmatched_array	False	True	False	0.0
SRR33298416.464770	chr16R	Y' Gain	chr16	True	0.33	False		Y' Gain	ambiguous	True	0.3	False	unmatched_array	False	True	False	-0.03
SRR33298416.434972	chr16R	Y' Gain	chr16	True	0.33	False		Y' Gain	ambiguous	True	0.3	False	unmatched_array	False	True	False	-0.03
SRR33298416.930542	chr16R	1st Y' Change	chr16	True	0.33	False		1st Y' Change	ambiguous	True	0.3	False	donor_transfer_candidates:4	False	True	False	-0.03
SRR33298416.430100	chr16R	Y' Gain	chr16	True	0.33	False		Y' Gain	ambiguous	True	0.3	False	single_y_prime_change	False	True	False	-0.03
SRR33298416.421905	chr16R	Y' Gain	chr16	True	0.33	False		Y' Gain	ambiguous	True	0.3	False	single_y_prime_change	False	True	False	-0.03
SRR33298416.232925	chr16R	Y' Gain	chr16	True	0.33	False		Y' Gain	ambiguous	True	0.3	False	single_y_prime_change	False	True	False	-0.03
SRR33298416.525876	chr16R	Y' Gain	chr16	True	0.33	False		Y' Gain	ambiguous	True	0.3	False	single_y_prime_change	False	True	False	-0.03
SRR33298416.1118265	chr16R	Y' Gain	chr16	True	0.33	False		Y' Gain	ambiguous	True	0.3	False	single_y_prime_change	False	True	False	-0.03
SRR33298416.330593	chr16R	Y' Gain	chr16	True	0.33	False		Y' Gain	ambiguous	True	0.3	False	single_y_prime_change	False	True	False	-0.03
SRR33298416.178858	chr16R	Y' Gain	chr16	True	0.33	False		Y' Gain	ambiguous	True	0.3	False	single_y_prime_change	False	True	False	-0.03
SRR33298416.303328	chr16R	Y' Gain	chr16	True	0.33	False		Y' Gain	ambiguous	True	0.3	False	single_y_prime_change	False	True	False	-0.03
SRR33298416.959840	chr16R	Y' Gain	chr16	True	0.33	False		Y' Gain	ambiguous	True	0.3	False	single_y_prime_change	False	True	False	-0.03
SRR33298416.1294137	chr16R	Y' Gain	chr16	True	0.33	False		Y' Gain	ambiguous	True	0.3	False	single_y_prime_change	False	True	False	-0.03
SRR33298416.966624	chr16R	Y' Gain	chr16	True	0.33	False		Y' Gain	ambiguous	True	0.3	False	single_y_prime_change	False	True	False	-0.03
SRR33298416.1238535	chr16R	Y' Gain	chr16	True	0.33	False		Y' Gain	ambiguous	True	0.3	False	single_y_prime_change	False	True	False	-0.03
SRR33298416.1088763	chr16R	1st Y' Change	chr16	True	0.3	False		1st Y' Change	chr14L	True	0.44	False	donor_transfer	False	True	False	0.14
SRR33298416.564970	chr16R	1st Y' Change	chr16	True	0.3	False		1st Y' Change	chr14L	True	0.44	False	donor_transfer	False	True	False	0.14
SRR33298416.494097	chr16R	1st Y' Change	chr16	True	0.3	False		1st Y' Change	chr14L	True	0.44	False	donor_transfer	False	True	False	0.14
SRR33298416.482141	chr16R	1st Y' Change	chr16	True	0.3	False		1st Y' Change	chr14L	True	0.44	False	donor_transfer	False	True	False	0.14
SRR33298416.19591	chr16R	1st Y' Change	chr16	True	0.3	False		1st Y' Change	chr14L	True	0.44	False	donor_transfer	False	True	False	0.14
SRR33298416.1097535	chr16R	1st Y' Change	chr16	True	0.3	False		1st Y' Change	chr14L	True	0.44	False	donor_transfer	False	True	False	0.14
SRR33298416.815698	chr16R	1st Y' Change	chr16	True	0.3	False		1st Y' Change	chr14L	True	0.44	False	donor_transfer	False	True	False	0.14
SRR33298416.722538	chr16R	Y' Gain	chr16	True	0.33	False		Y' Gain	ambiguous	True	0.3	False	single_y_prime_change	False	True	False	-0.03
SRR33298416.822119	chr16R	1st Y' Change	chr16	True	0.3	False		1st Y' Change	ambiguous	True	0.3	False	unmatched_array	False	True	False	0.0
SRR33298416.510743	chr16R	Y' Gain	chr16	True	0.33	False		Y' Gain	ambiguous	True	0.3	False	single_y_prime_change	False	True	False	-0.03
SRR33298416.1226916	chr16R	Y' Gain	chr16	True	0.33	False		Y' Gain	ambiguous	True	0.3	False	single_y_prime_change	False	True	False	-0.03
SRR33298416.568399	chr1L	Y' Gain	chr4R	True	0.2693	True		Y' Gain	chr1R	True	0.6284	True	subtelomere_switch	False	True	False	0.359
SRR33298416.256118	chr1L	Y' Gain	chr4R	True	0.2727	True		Y' Gain	chr1R	True	0.6362	True	subtelomere_switch	False	True	False	0.364
SRR33298416.931039	chr1L	Y' Gain	chr12R	True	0.287	True		Y' Gain	chr1R	True	0.6697	True	subtelomere_switch	False	True	False	0.383
SRR33298416.1094011	chr1L	Y' Gain	chr4R	True	0.2846	True		Y' Gain	chr1R	True	0.2846	True	subtelomere_switch	False	True	False	0.0
SRR33298416.1162053	chr1L	Y' Gain	chr14L	True	0.1396	True		Y' Gain	chr10L	True	0.3257	True	subtelomere_switch	False	True	False	0.186
SRR33298416.1164398	chr1L	Y' Gain	chr12R	True	0.2877	True		Y' Gain	chr1R	True	0.2877	True	subtelomere_switch	False	True	False	0.0
SRR33298416.73593	chr1L	Y' Gain	chr1	True	0.33	False		Y' Gain	chr12R	True	0.33	False	donor_transfer_candidates:3	False	True	False	0.0
SRR33298416.1124708	chr1L	Y' Gain	chr12R	True	0.1396	True		Y' Gain	chr10L	True	0.3257	True	subtelomere_switch	False	True	False	0.186
SRR33298416.653902	chr1L	Y' Gain	chr12R	True	0.1389	True		Y' Gain	chr10L	True	0.324	True	subtelomere_switch	False	True	False	0.185
SRR33298416.932303	chr1L	Y' Gain	chr1	True	0.33	False		Y' Gain	ambiguous	True	0.3	False	unmatched_array	False	True	False	-0.03
SRR33298416.639288	chr1L	Y' Gain	chr12R	True	0.1394	True		Y' Gain	chr10L	True	0.1394	True	subtelomere_switch	False	True	False	0.0
SRR33298416.1127951	chr1L	Y' Gain	chr1	True	0.3	False		Y' Gain	ambiguous	True	0.3	False	unmatched_array	False	True	False	0.0
SRR33298416.366005	chr1L	Y' Gain	chr1	True	0.33	False		Y' Gain	ambiguous	True	0.3	False	unmatched_array	False	True	False	-0.03
SRR33298416.538575	chr1L	Y' Gain	chr1	True	0.3	False		Y' Gain	chr12R	True	0.33	False	donor_transfer_candidates:3	False	True	False	0.03
SRR33298416.680147	chr1L	Y' Gain	chr1	True	0.33	False		Y' Gain	ambiguous	True	0.3	False	unmatched_array	False	True	False	-0.03
SRR33298416.800392	chr1L	Y' Gain	chr1	True	0.3	False		Y' Gain	chr12R	True	0.33	False	donor_transfer_candidates:3	False	True	False	0.03
SRR33298416.684609	chr1L	Y' Gain	chr1	True	0.3	False		Y' Gain	ambiguous	True	0.3	False	unmatched_array	False	True	False	0.0
SRR33298416.1135232	chr1L	Y' Gain	chr1	True	0.33	False		Y' Gain	ambiguous	True	0.3	False	unmatched_array	False	True	False	-0.03
SRR33298416.242282	chr1L	Y' Gain	chr1	True	0.33	False		Y' Gain	ambiguous	True	0.3	False	unmatched_array	False	True	False	-0.03
SRR33298416.1186974	chr1L	Y' Gain	chr1	True	0.33	False		Y' Gain	chr12R	True	0.33	False	donor_transfer_candidates:3	False	True	False	0.0
SRR33298416.1082951	chr1L	Y' Gain	chr1	True	0.33	False		Y' Gain	chr12R	True	0.33	False	donor_transfer_candidates:3	False	True	False	0.0
SRR33298416.517458	chr1L	Y' Gain	chr1	True	0.33	False		Y' Gain	ambiguous	True	0.3	False	unmatched_array	False	True	False	-0.03
SRR33298416.42903	chr1L	Y' Gain	chr1	True	0.33	False		Y' Gain	ambiguous	True	0.3	False	unmatched_array	False	True	False	-0.03
SRR33298416.243836	chr1L	Y' Gain	chr1	True	0.33	False		Y' Gain	ambiguous	True	0.3	False	unmatched_array	False	True	False	-0.03
SRR33298416.179849	chr1L	Y' Gain	chr1	True	0.33	False		Y' Gain	chr14L	True	0.66	False	donor_transfer	False	True	False	0.33
SRR33298416.654229	chr1L	Y' Gain	chr1	True	0.33	False		Y' Gain	ambiguous	True	0.3	False	unmatched_array	False	True	False	-0.03
SRR33298416.686966	chr1L	Y' Gain	chr1	True	0.33	False		Y' Gain	ambiguous	True	0.3	False	unmatched_array	False	True	False	-0.03
SRR33298416.965636	chr1L	Y' Gain	chr1	True	0.33	False		Y' Gain	ambiguous	True	0.3	False	unmatched_array	False	True	False	-0.03
SRR33298416.432610	chr1L	Y' Gain	chr1	True	0.33	False		Y' Gain	ambiguous	True	0.3	False	unmatched_array	False	True	False	-0.03
SRR33298416.763158	chr1L	Y' Gain	chr1	True	0.33	False		Y' Gain	ambiguous	True	0.3	False	unmatched_array	False	True	False	-0.03
SRR33298416.1188968	chr1L	Y' Gain	chr1	True	0.3	False		Y' Gain	ambiguous	True	0.3	False	donor_transfer_candidates:4	False	True	False	0.0
SRR33298416.1063370	chr1L	Y' Gain	chr1	True	0.33	False		Y' Gain	ambiguous	True	0.3	False	donor_transfer_candidates:4	False	True	False	-0.03
SRR33298416.1267518	chr1L	Y' Gain	chr1	True	0.33	False		Y' Gain	ambiguous	True	0.3	False	donor_transfer_candidates:4	False	True	False	-0.03
SRR33298416.668119	chr1L	Y' Gain	chr1	True	0.33	False		Y' Gain	chr12R	True	0.66	False	donor_transfer	False	True	False	0.33
SRR33298416.751295	chr1L	Y' Gain	chr1	True	0.33	False		Y' Gain	ambiguous	True	0.3	False	donor_transfer_candidates:4	False	True	False	-0.03
SRR33298416.1139132	chr1L	Y' Gain	chr1	True	0.33	False		Y' Gain	chr14L	True	0.44	False	donor_transfer	False	True	False	0.11
SRR33298416.870956	chr1L	Y' Gain	chr1	True	0.33	False		Y' Gain	chr14L	True	0.66	False	donor_transfer	False	True	False	0.33
SRR33298416.784230	chr1L	Y' Gain	chr1	True	0.33	False		Y' Gain	ambiguous	True	0.3	False	unmatched_array	False	True	False	-0.03
SRR33298416.1070720	chr1L	Y' Gain	chr1	True	0.005	False		Y' Gain	ambiguous	True	0.0045	False	subtelomere_switch	False	True	False	-0.001
SRR33298416.232401	chr1L	Y' Gain	chr1	True	0.33	False		Y' Gain	ambiguous	True	0.3	False	unmatched_array	False	True	False	-0.03
SRR33298416.108394	chr1L	Y' Gain	chr4	True	0.33	False		Y' Gain	chr4R	True	0.33	False	donor_transfer_candidates:4	False	True	False	0.0
SRR33298416.691248	chr1L	Y' Gain	chr14	True	0.33	False		Y' Gain	chr14L	True	0.33	False	donor_transfer_candidates:4	False	True	False	0.0
SRR33298416.69118	chr1L	Y' Gain	chr14	True	0.33	False		Y' Gain	chr14L	True	0.33	False	donor_transfer_candidates:4	False	True	False	0.0
SRR33298416.639039	chr1L	Y' Gain	chr14	True	0.33	False		Y' Gain	chr14R	True	0.33	False	unmatched_array	False	True	False	0.0
SRR33298416.1149267	chr1L	Y' Gain	chr14	True	0.33	False		Y' Gain	chr14R	True	0.33	False	unmatched_array	False	True	False	0.0
SRR33298416.918186	chr1L	Y' Gain	chr14	True	0.33	False		Y' Gain	chr14R	True	0.33	False	unmatched_array	False	True	False	0.0
SRR33298416.74539	chr1L	Y' Gain	chr14	True	0.33	False		Y' Gain	chr14R	True	0.33	False	unmatched_array	False	True	False	0.0
SRR33298416.1158001	chr1L	Y' Gain	chr12	True	0.33	False		Y' Gain	chr12R	True	0.33	False	unmatched_array	False	True	False	0.0
SRR33298416.1080571	chr1L	Y' Gain	chr14	True	0.33	False		Y' Gain	chr14R	True	0.33	False	unmatched_array	False	True	False	0.0
SRR33298416.165418	chr1L	Y' Gain	chr14	True	0.33	False		Y' Gain	chr14R	True	0.33	False	unmatched_array	False	True	False	0.0
SRR33298416.1013138	chr1L	Y' Gain	chr14	True	0.3	False		Y' Gain	chr14L	True	0.44	False	donor_transfer	False	True	False	0.14
SRR33298416.649086	chr1R	Y' Gain	chr12R	True	0.2234	True		Y' Gain	chr1L	True	0.2234	True	subtelomere_switch	False	True	False	0.0
SRR33298416.469489	chr1R	Y' Gain	chr12R	True	0.2173	True		Y' Gain	chr1L	True	0.2173	True	subtelomere_switch	False	True	False	0.0
SRR33298416.563612	chr1R	Y' Gain	chr1	True	0.33	False		Y' Gain	chr14L	True	0.66	False	donor_transfer	False	True	False	0.33
SRR33298416.168078	chr1R	Y' Gain	chr1	True	0.33	False		Y' Gain	chr12R	True	0.33	False	donor_transfer_candidates:2	False	True	False	0.0
SRR33298416.1159401	chr1R	Y' Gain	chr1	True	0.33	False		Y' Gain	chr12R	True	0.33	False	donor_transfer_candidates:2	False	True	False	0.0
SRR33298416.784812	chr1R	Y' Gain	chr1	True	0.33	False		Y' Gain	chr12R	True	0.33	False	donor_transfer_candidates:2	False	True	False	0.0
SRR33298416.261921	chr1R	Y' Gain	chr1	True	0.33	False		Y' Gain	chr14L	True	0.66	False	donor_transfer	False	True	False	0.33
SRR33298416.144227	chr1R	Y' Gain	chr1	True	0.33	False		Y' Gain	chr14L	True	0.44	False	donor_transfer	False	True	False	0.11
SRR33298416.1142308	chr1R	Y' Gain	chr16	True	0.33	False		Y' Gain	chr16L	True	0.33	False	donor_transfer_candidates:4	False	True	False	0.0
SRR33298416.1069288	chr1R	Y' Gain	chr12	True	0.33	False		Y' Gain	chr12R	True	0.66	False	donor_transfer	False	True	False	0.33
SRR33298416.699825	chr1R	Y' Gain	chr12	True	0.33	False		Y' Gain	chr12R	True	0.66	False	donor_transfer	False	True	False	0.33
SRR33298416.915633	chr1R	Y' Gain	chr14	True	0.33	False		Y' Gain	chr14L	True	0.33	False	unmatched_array	False	True	False	0.0
SRR33298416.210712	chr1R	Y' Gain	chr14	True	0.33	False		Y' Gain	chr14L	True	0.33	False	donor_transfer_candidates:4	False	True	False	0.0
SRR33298416.674657	chr1R	Y' Gain	chr14	True	0.33	False		Y' Gain	chr14L	True	0.33	False	donor_transfer_candidates:4	False	True	False	0.0
SRR33298416.1141864	chr1R	Y' Gain	chr14	True	0.33	False		Y' Gain	chr14L	True	0.33	False	donor_transfer_candidates:4	False	True	False	0.0
SRR33298416.621698	chr1R	Y' Gain	chr14	True	0.33	False		Y' Gain	chr14R	True	0.33	False	unmatched_array	False	True	False	0.0
SRR33298416.733767	chr1R	Y' Gain	chr15	True	0.33	False		Y' Gain	chr15R	True	0.33	False	single_y_prime_change	False	True	False	0.0
SRR33298416.256158	chr1R	Y' Gain	chr12	True	0.33	False		Y' Gain	chr12R	True	0.33	False	single_y_prime_change	False	True	False	0.0
SRR33298416.1202678	chr1R	Y' Gain	chr2	True	0.0114	False		Y' Gain	chr2L	True	0.0114	False	subtelomere_switch	False	True	False	0.0
SRR33298416.19308	chr1R	Y' Gain	chr2	True	0.33	False		Y' Gain	chr2L	True	0.33	False	single_y_prime_change	False	True	False	0.0
SRR33298416.172075	chr1R	Y' Gain	chr2	True	0.33	False		Y' Gain	chr2L	True	0.33	False	single_y_prime_change	False	True	False	0.0
SRR33298416.638466	chr1R	Y' Gain	chr13	True	0.33	False		Y' Gain	chr13L	True	0.33	False	single_y_prime_change	False	True	False	0.0
SRR33298416.1162158	chr2L	Y' Gain	chr2	True	0.33	False		Y' Gain	ambiguous	True	0.3	False	donor_transfer_candidates:4	False	True	False	-0.03
SRR33298416.234359	chr2L	Y' Gain	chr2	True	0.33	False		Y' Gain	ambiguous	True	0.3	False	donor_transfer_candidates:4	False	True	False	-0.03
SRR33298416.234360	chr2L	Y' Gain	chr2	True	0.33	False		Y' Gain	ambiguous	True	0.3	False	donor_transfer_candidates:4	False	True	False	-0.03
SRR33298416.1166994	chr2L	Y' Gain	chr2	True	0.33	False		Y' Gain	chr14L	True	0.66	False	donor_transfer	False	True	False	0.33
SRR33298416.440894	chr2L	Y' Gain	chr2	True	0.33	False		Y' Gain	ambiguous	True	0.3	False	donor_transfer_candidates:4	False	True	False	-0.03
SRR33298416.1191761	chr2L	Y' Gain	chr2	True	0.33	False		Y' Gain	chr12R	True	0.33	False	donor_transfer_candidates:3	False	True	False	0.0
SRR33298416.884146	chr2L	1st Y' Change	chr2	True	0.3	False		1st Y' Change	ambiguous	True	0.3	False	donor_transfer_candidates:4	False	True	False	0.0
SRR33298416.228834	chr2L	Y' Gain	chr2	True	0.33	False		Y' Gain	chr12R	True	0.33	False	donor_transfer_candidates:3	False	True	False	0.0
SRR33298416.70410	chr2L	Y' Gain	chr2	True	0.33	False		Y' Gain	ambiguous	True	0.3	False	unmatched_array	False	True	False	-0.03
SRR33298416.1024318	chr2L	Y' Gain	chr2	True	0.33	False		Y' Gain	chr12R	True	0.33	False	donor_transfer_candidates:2	False	True	False	0.0
SRR33298416.645239	chr2L	Y' Gain	chr2	True	0.33	False		Y' Gain	chr12R	True	0.33	False	donor_transfer_candidates:2	False	True	False	0.0
SRR33298416.773137	chr2L	Y' Gain	chr2	True	0.33	False		Y' Gain	chr14L	True	0.44	False	donor_transfer	False	True	False	0.11
SRR33298416.1246592	chr2L	1st Y' Change	chr2	True	0.3	False		1st Y' Change	chr14L	True	0.66	False	donor_transfer	False	True	False	0.36
SRR33298416.639328	chr2L	Y' Gain	chr2	True	0.33	False		Y' Gain	chr12R	True	0.33	False	donor_transfer_candidates:2	False	True	False	0.0
SRR33298416.69666	chr2L	Y' Gain	chr2	True	0.33	False		Y' Gain	chr14L	True	0.66	False	donor_transfer	False	True	False	0.33
SRR33298416.592747	chr2L	Y' Gain	chr2	True	0.33	False		Y' Gain	chr14L	True	0.66	False	donor_transfer	False	True	False	0.33
SRR33298416.475641	chr2L	Y' Gain	chr2	True	0.33	False		Y' Gain	chr14L	True	0.44	False	donor_transfer	False	True	False	0.11
SRR33298416.966311	chr2L	Y' Gain	chr2	True	0.33	False		Y' Gain	ambiguous	True	0.3	False	unmatched_array	False	True	False	-0.03
SRR33298416.591777	chr2L	Y' Gain	chr2	True	0.33	False		Y' Gain	ambiguous	True	0.3	False	unmatched_array	False	True	False	-0.03
SRR33298416.300010	chr2L	Y' Gain	chr2	True	0.33	False		Y' Gain	ambiguous	True	0.3	False	unmatched_array	False	True	False	-0.03
SRR33298416.1135060	chr2L	Y' Gain	chr2	True	0.33	False		Y' Gain	chr12R	True	0.33	False	donor_transfer_candidates:2	False	True	False	0.0
SRR33298416.990197	chr2L	Y' Gain	chr2	True	0.33	False		Y' Gain	chr12R	True	0.33	False	donor_transfer_candidates:2	False	True	False	0.0
SRR33298416.1051094	chr2L	Y' Gain	chr2	True	0.33	False		Y' Gain	chr12R	True	0.33	False	donor_transfer_candidates:2	False	True	False	0.0
SRR33298416.235506	chr2L	Y' Gain	chr2	True	0.33	False		Y' Gain	chr12R	True	0.33	False	donor_transfer_candidates:2	False	True	False	0.0
SRR33298416.336193	chr2L	Y' Gain	chr2	True	0.33	False		Y' Gain	chr14L	True	0.66	False	donor_transfer	False	True	False	0.33
SRR33298416.541775	chr2L	Y' Gain	chr2	True	0.33	False		Y' Gain	ambiguous	True	0.3	False	unmatched_array	False	True	False	-0.03
SRR33298416.76510	chr2L	Y' Gain	chr2	True	0.33	False		Y' Gain	chr12R	True	0.33	False	donor_transfer_candidates:2	False	True	False	0.0
SRR33298416.1256030	chr2L	Y' Gain	chr2	True	0.33	False		Y' Gain	chr12R	True	0.33	False	donor_transfer_candidates:2	False	True	False	0.0
SRR33298416.273923	chr2L	Y' Gain	chr2	True	0.33	False		Y' Gain	ambiguous	True	0.3	False	unmatched_array	False	True	False	-0.03
SRR33298416.1146419	chr2L	Y' Gain	chr2	True	0.33	False		Y' Gain	ambiguous	True	0.3	False	unmatched_array	False	True	False	-0.03
SRR33298416.70515	chr2L	Y' Gain	chr2	True	0.33	False		Y' Gain	chr12R	True	0.33	False	donor_transfer_candidates:2	False	True	False	0.0
SRR33298416.990132	chr2L	Y' Gain	chr2	True	0.33	False		Y' Gain	chr12R	True	0.33	False	donor_transfer_candidates:3	False	True	False	0.0
SRR33298416.44083	chr2L	Y' Gain	chr2	True	0.33	False		Y' Gain	chr12R	True	0.33	False	donor_transfer_candidates:3	False	True	False	0.0
SRR33298416.218524	chr2L	Y' Gain	chr2	True	0.33	False		Y' Gain	chr12R	True	0.33	False	donor_transfer_candidates:3	False	True	False	0.0
SRR33298416.1223158	chr2L	Y' Gain	chr2	True	0.33	False		Y' Gain	chr12R	True	0.33	False	donor_transfer_candidates:3	False	True	False	0.0
SRR33298416.454428	chr2L	1st Y' Change	chr2	True	0.3	False		1st Y' Change	chr14L	True	0.66	False	donor_transfer	False	True	False	0.36
SRR33298416.717479	chr2L	1st Y' Change	chr2	True	0.3	False		1st Y' Change	chr14L	True	0.66	False	donor_transfer	False	True	False	0.36
SRR33298416.937724	chr2L	1st Y' Change	chr2	True	0.3	False		1st Y' Change	chr14L	True	0.66	False	donor_transfer	False	True	False	0.36
SRR33298416.862242	chr2L	Y' Gain	chr2	True	0.33	False		Y' Gain	ambiguous	True	0.3	False	unmatched_array	False	True	False	-0.03
SRR33298416.1148679	chr2L	Y' Gain	chr2	True	0.33	False		Y' Gain	ambiguous	True	0.3	False	unmatched_array	False	True	False	-0.03
SRR33298416.394669	chr2L	Y' Gain	chr2	True	0.33	False		Y' Gain	ambiguous	True	0.3	False	unmatched_array	False	True	False	-0.03
SRR33298416.417392	chr2L	Y' Gain	chr2	True	0.33	False		Y' Gain	ambiguous	True	0.3	False	unmatched_array	False	True	False	-0.03
SRR33298416.449588	chr2L	Y' Gain	chr2	True	0.33	False		Y' Gain	ambiguous	True	0.3	False	unmatched_array	False	True	False	-0.03
SRR33298416.557680	chr2L	Y' Gain	chr2	True	0.33	False		Y' Gain	ambiguous	True	0.3	False	unmatched_array	False	True	False	-0.03
SRR33298416.52645	chr2L	1st Y' Change	chr2	True	0.3	False		1st Y' Change	chr14L	True	0.44	False	donor_transfer	False	True	False	0.14
SRR33298416.777342	chr2L	Y' Gain	chr2	True	0.33	False		Y' Gain	ambiguous	True	0.3	False	unmatched_array	False	True	False	-0.03
SRR33298416.43239	chr2L	Y' Gain	chr2	True	0.33	False		Y' Gain	ambiguous	True	0.3	False	unmatched_array	False	True	False	-0.03
SRR33298416.525273	chr2L	Y' Gain	chr2	True	0.33	False		Y' Gain	ambiguous	True	0.3	False	unmatched_array	False	True	False	-0.03
SRR33298416.76266	chr2L	1st Y' Change	chr2	True	0.3	False		1st Y' Change	ambiguous	True	0.3	False	unmatched_array	False	True	False	0.0
SRR33298416.1170947	chr2L	Y' Gain	chr2	True	0.33	False		Y' Gain	ambiguous	True	0.3	False	unmatched_array	False	True	False	-0.03
SRR33298416.576171	chr2L	1st Y' Change	chr2	True	0.3	False		1st Y' Change	ambiguous	True	0.3	False	unmatched_array	False	True	False	0.0
SRR33298416.1247741	chr2L	Y' Gain	chr2	True	0.33	False		Y' Gain	ambiguous	True	0.3	False	donor_transfer_candidates:4	False	True	False	-0.03
SRR33298416.155816	chr2L	1st Y' Change	chr2	True	0.3	False		1st Y' Change	ambiguous	True	0.3	False	donor_transfer_candidates:4	False	True	False	0.0
SRR33298416.377126	chr2L	Y' Gain	chr2	True	0.33	False		Y' Gain	ambiguous	True	0.3	False	donor_transfer_candidates:4	False	True	False	-0.03
SRR33298416.741767	chr2L	Y' Gain	chr2	True	0.33	False		Y' Gain	ambiguous	True	0.3	False	unmatched_array	False	True	False	-0.03
SRR33298416.486575	chr2L	Y' Gain	chr2	True	0.33	False		Y' Gain	ambiguous	True	0.3	False	donor_transfer_candidates:4	False	True	False	-0.03
SRR33298416.1107393	chr2L	Y' Gain	chr2	True	0.33	False		Y' Gain	ambiguous	True	0.3	False	donor_transfer_candidates:4	False	True	False	-0.03
SRR33298416.234190	chr2L	Y' Gain	chr2	True	0.33	False		Y' Gain	ambiguous	True	0.3	False	donor_transfer_candidates:4	False	True	False	-0.03
SRR33298416.43730	chr2L	Y' Gain	chr2	True	0.33	False		Y' Gain	ambiguous	True	0.3	False	donor_transfer_candidates:4	False	True	False	-0.03
SRR33298416.1208847	chr2L	Y' Gain	chr2	True	0.33	False		Y' Gain	ambiguous	True	0.3	False	donor_transfer_candidates:4	False	True	False	-0.03
SRR33298416.566642	chr2L	Y' Gain	chr2	True	0.33	False		Y' Gain	ambiguous	True	0.3	False	donor_transfer_candidates:4	False	True	False	-0.03
SRR33298416.1283016	chr2L	Y' Gain	chr2	True	0.33	False		Y' Gain	ambiguous	True	0.3	False	donor_transfer_candidates:4	False	True	False	-0.03
SRR33298416.751914	chr2L	Y' Gain	chr2	True	0.33	False		Y' Gain	ambiguous	True	0.3	False	donor_transfer_candidates:4	False	True	False	-0.03
SRR33298416.1209946	chr2L	Y' Gain	chr2	True	0.33	False		Y' Gain	ambiguous	True	0.3	False	donor_transfer_candidates:4	False	True	False	-0.03
SRR33298416.1001264	chr2L	Y' Gain	chr2	True	0.33	False		Y' Gain	ambiguous	True	0.3	False	donor_transfer_candidates:4	False	True	False	-0.03
SRR33298416.963031	chr2L	Y' Gain	chr2	True	0.33	False		Y' Gain	ambiguous	True	0.3	False	donor_transfer_candidates:4	False	True	False	-0.03
SRR33298416.800053	chr2L	Y' Gain	chr2	True	0.33	False		Y' Gain	ambiguous	True	0.3	False	donor_transfer_candidates:4	False	True	False	-0.03
SRR33298416.668426	chr2L	Y' Gain	chr2	True	0.33	False		Y' Gain	ambiguous	True	0.3	False	donor_transfer_candidates:4	False	True	False	-0.03
SRR33298416.553970	chr2L	Y' Gain	chr2	True	0.33	False		Y' Gain	ambiguous	True	0.3	False	donor_transfer_candidates:4	False	True	False	-0.03
SRR33298416.70400	chr2L	Y' Gain	chr2	True	0.33	False		Y' Gain	ambiguous	True	0.3	False	donor_transfer_candidates:4	False	True	False	-0.03
SRR33298416.233605	chr2L	Y' Gain	chr2	True	0.33	False		Y' Gain	ambiguous	True	0.3	False	donor_transfer_candidates:4	False	True	False	-0.03
SRR33298416.874655	chr2L	Y' Gain	chr2	True	0.33	False		Y' Gain	ambiguous	True	0.3	False	donor_transfer_candidates:4	False	True	False	-0.03
SRR33298416.491749	chr2L	Y' Gain	chr2	True	0.33	False		Y' Gain	ambiguous	True	0.3	False	donor_transfer_candidates:4	False	True	False	-0.03
SRR33298416.396850	chr2L	Y' Gain	chr2	True	0.33	False		Y' Gain	ambiguous	True	0.3	False	donor_transfer_candidates:4	False	True	False	-0.03
SRR33298416.227543	chr2L	Y' Gain	chr2	True	0.33	False		Y' Gain	ambiguous	True	0.3	False	donor_transfer_candidates:4	False	True	False	-0.03
SRR33298416.1184673	chr2L	Y' Gain	chr2	True	0.33	False		Y' Gain	ambiguous	True	0.3	False	donor_transfer_candidates:4	False	True	False	-0.03
SRR33298416.825722	chr2L	Y' Gain	chr2	True	0.33	False		Y' Gain	ambiguous	True	0.3	False	donor_transfer_candidates:4	False	True	False	-0.03
SRR33298416.686303	chr2L	Y' Gain	chr2	True	0.33	False		Y' Gain	ambiguous	True	0.3	False	unmatched_array	False	True	False	-0.03
SRR33298416.418072	chr2L	Y' Gain	chr2	True	0.33	False		Y' Gain	ambiguous	True	0.3	False	donor_transfer_candidates:4	False	True	False	-0.03
SRR33298416.1128872	chr2L	Y' Gain	chr2	True	0.33	False		Y' Gain	ambiguous	True	0.3	False	donor_transfer_candidates:4	False	True	False	-0.03
SRR33298416.61164	chr2L	1st Y' Change	chr2	True	0.3	False		1st Y' Change	chr14L	True	0.66	False	donor_transfer	False	True	False	0.36
SRR33298416.1190003	chr2L	1st Y' Change	chr2	True	0.3	False		1st Y' Change	chr14L	True	0.66	False	donor_transfer	False	True	False	0.36
SRR33298416.1137843	chr2L	Y' Gain	chr2	True	0.33	False		Y' Gain	ambiguous	True	0.3	False	unmatched_array	False	True	False	-0.03
SRR33298416.1166820	chr2L	Y' Gain	chr2	True	0.33	False		Y' Gain	ambiguous	True	0.3	False	unmatched_array	False	True	False	-0.03
SRR33298416.437921	chr2L	Y' Gain	chr2	True	0.33	False		Y' Gain	ambiguous	True	0.3	False	unmatched_array	False	True	False	-0.03
SRR33298416.339215	chr2L	Y' Gain	chr2	True	0.33	False		Y' Gain	ambiguous	True	0.3	False	unmatched_array	False	True	False	-0.03
SRR33298416.102818	chr2L	Y' Gain	chr2	True	0.33	False		Y' Gain	ambiguous	True	0.3	False	unmatched_array	False	True	False	-0.03
SRR33298416.199336	chr2L	Y' Gain	chr2	True	0.33	False		Y' Gain	ambiguous	True	0.3	False	unmatched_array	False	True	False	-0.03
SRR33298416.203055	chr2L	Y' Gain	chr2	True	0.33	False		Y' Gain	ambiguous	True	0.3	False	unmatched_array	False	True	False	-0.03
SRR33298416.29920	chr2L	Y' Gain	chr2	True	0.33	False		Y' Gain	ambiguous	True	0.3	False	unmatched_array	False	True	False	-0.03
SRR33298416.390981	chr2L	1st Y' Change	chr12	True	0.33	False		1st Y' Change	chr14L	True	0.44	False	donor_transfer	False	True	False	0.11
SRR33298416.449808	chr2L	1st Y' Change	chr12	True	0.33	False		1st Y' Change	chr14L	True	0.44	False	donor_transfer	False	True	False	0.11
SRR33298416.349807	chr2L	1st Y' Change	chr12	True	0.33	False		1st Y' Change	chr12L	True	0.33	False	unmatched_array	False	True	False	0.0
SRR33298416.620319	chr2R	Y' Gain	chr12R	True	0.2718	True		Y' Gain	chr14L	True	0.6343	True	subtelomere_switch	False	True	False	0.362
SRR33298416.1245753	chr2R	Y' Gain	chr12R	True	0.2397	True		Y' Gain	chr14L	True	0.5592	True	subtelomere_switch	False	True	False	0.32
SRR33298416.179803	chr2R	Y' Gain	chr12R	True	0.3	True		Y' Gain	chr3R	True	0.7	True	subtelomere_switch	False	True	False	0.4
SRR33298416.740526	chr2R	Y' Gain	chr2	True	0.3	False		Y' Gain	ambiguous	True	0.3	False	unmatched_array	False	True	False	0.0
SRR33298416.1162567	chr2R	Y' Gain	chr2	True	0.3	False		Y' Gain	ambiguous	True	0.3	False	donor_transfer_candidates:4	False	True	False	0.0
SRR33298416.401678	chr2R	Y' Gain	chr2	True	0.3	False		Y' Gain	ambiguous	True	0.3	False	donor_transfer_candidates:4	False	True	False	0.0
SRR33298416.517528	chr2R	Y' Gain	chr2	True	0.3	False		Y' Gain	chr12R	True	0.33	False	donor_transfer_candidates:2	False	True	False	0.03
SRR33298416.54341	chr2R	Y' Gain	chr2	True	0.3	False		Y' Gain	chr14L	True	0.66	False	donor_transfer	False	True	False	0.36
SRR33298416.477737	chr2R	Y' Gain	chr2	True	0.3	False		Y' Gain	ambiguous	True	0.3	False	donor_transfer_candidates:4	False	True	False	0.0
SRR33298416.591188	chr2R	Y' Gain	chr2	True	0.3	False		Y' Gain	ambiguous	True	0.3	False	unmatched_array	False	True	False	0.0
SRR33298416.393775	chr2R	Y' Gain	chr2	True	0.3	False		Y' Gain	chr12R	True	0.33	False	donor_transfer_candidates:2	False	True	False	0.03
SRR33298416.1215819	chr2R	Y' Gain	chr12R	True	0.0068	True		Y' Gain	chr14L	True	0.0068	True	subtelomere_switch	False	True	False	0.0
SRR33298416.11065	chr2R	Y' Gain	chr2	True	0.3	False		Y' Gain	ambiguous	True	0.3	False	unmatched_array	False	True	False	0.0
SRR33298416.394582	chr2R	Y' Gain	chr2	True	0.3	False		Y' Gain	ambiguous	True	0.3	False	unmatched_array	False	True	False	0.0
SRR33298416.262067	chr2R	Y' Gain	chr2	True	0.3	False		Y' Gain	chr14L	True	0.66	False	donor_transfer	False	True	False	0.36
SRR33298416.391644	chr2R	Y' Gain	chr2	True	0.3	False		Y' Gain	chr14L	True	0.66	False	donor_transfer	False	True	False	0.36
SRR33298416.422807	chr2R	Y' Gain	chr2	True	0.3	False		Y' Gain	chr14L	True	0.66	False	donor_transfer	False	True	False	0.36
SRR33298416.445055	chr2R	Y' Gain	chr2	True	0.3	False		Y' Gain	ambiguous	True	0.3	False	donor_transfer_candidates:4	False	True	False	0.0
SRR33298416.655360	chr2R	Y' Gain	chr2	True	0.3	False		Y' Gain	ambiguous	True	0.3	False	unmatched_array	False	True	False	0.0
SRR33298416.1216139	chr2R	Y' Gain	chr2	True	0.3	False		Y' Gain	ambiguous	True	0.3	False	unmatched_array	False	True	False	0.0
SRR33298416.716985	chr2R	Y' Gain	chr2	True	0.3	False		Y' Gain	chr14L	True	0.66	False	donor_transfer	False	True	False	0.36
SRR33298416.1146184	chr2R	Y' Gain	chr2	True	0.3	False		Y' Gain	chr14L	True	0.66	False	donor_transfer	False	True	False	0.36
SRR33298416.838094	chr2R	Y' Gain	chr2	True	0.0086	False		Y' Gain	ambiguous	True	0.0086	False	subtelomere_switch	False	True	False	0.0
SRR33298416.12549	chr2R	Y' Gain	chr2	True	0.3	False		Y' Gain	ambiguous	True	0.3	False	unmatched_array	False	True	False	0.0
SRR33298416.1161108	chr2R	Y' Gain	chr2	True	0.3	False		Y' Gain	ambiguous	True	0.3	False	unmatched_array	False	True	False	0.0
SRR33298416.540992	chr2R	Y' Gain	chr2	True	0.3	False		Y' Gain	chr14L	True	0.44	False	donor_transfer	False	True	False	0.14
SRR33298416.76802	chr2R	Y' Gain	chr2	True	0.3	False		Y' Gain	chr14L	True	0.44	False	donor_transfer	False	True	False	0.14
SRR33298416.685488	chr2R	Y' Gain	chr2	True	0.3	False		Y' Gain	ambiguous	True	0.3	False	unmatched_array	False	True	False	0.0
SRR33298416.954109	chr2R	Y' Gain	chr2	True	0.3	False		Y' Gain	ambiguous	True	0.3	False	donor_transfer_candidates:4	False	True	False	0.0
SRR33298416.1202706	chr2R	Y' Gain	chr2	True	0.3	False		Y' Gain	chr12R	True	0.33	False	donor_transfer_candidates:3	False	True	False	0.03
SRR33298416.701668	chr2R	Y' Gain	chr2	True	0.3	False		Y' Gain	ambiguous	True	0.3	False	donor_transfer_candidates:4	False	True	False	0.0
SRR33298416.137866	chr2R	Y' Gain	chr2	True	0.3	False		Y' Gain	ambiguous	True	0.3	False	donor_transfer_candidates:4	False	True	False	0.0
SRR33298416.55529	chr2R	Y' Gain	chr2	True	0.3	False		Y' Gain	ambiguous	True	0.3	False	unmatched_array	False	True	False	0.0
SRR33298416.993371	chr2R	Y' Gain	chr2	True	0.3	False		Y' Gain	chr14L	True	0.66	False	donor_transfer	False	True	False	0.36
SRR33298416.374790	chr2R	Y' Gain	chr2	True	0.3	False		Y' Gain	chr14L	True	0.66	False	donor_transfer	False	True	False	0.36
SRR33298416.993372	chr2R	Y' Gain	chr2	True	0.3	False		Y' Gain	chr14L	True	0.66	False	donor_transfer	False	True	False	0.36
SRR33298416.471972	chr2R	Y' Gain	chr2	True	0.3	False		Y' Gain	chr14L	True	0.66	False	donor_transfer	False	True	False	0.36
SRR33298416.1112788	chr2R	Y' Gain	chr2	True	0.3	False		Y' Gain	ambiguous	True	0.3	False	unmatched_array	False	True	False	0.0
SRR33298416.717208	chr2R	Y' Gain	chr2	True	0.3	False		Y' Gain	ambiguous	True	0.3	False	unmatched_array	False	True	False	0.0
SRR33298416.1220823	chr2R	Y' Gain	chr2	True	0.3	False		Y' Gain	ambiguous	True	0.3	False	unmatched_array	False	True	False	0.0
SRR33298416.69458	chr2R	Y' Gain	chr2	True	0.3	False		Y' Gain	ambiguous	True	0.3	False	unmatched_array	False	True	False	0.0
SRR33298416.827508	chr2R	Y' Gain	chr2	True	0.3	False		Y' Gain	ambiguous	True	0.3	False	unmatched_array	False	True	False	0.0
SRR33298416.58242	chr2R	Y' Gain	chr2	True	0.3	False		Y' Gain	ambiguous	True	0.3	False	unmatched_array	False	True	False	0.0
SRR33298416.576606	chr2R	Y' Gain	chr2	True	0.3	False		Y' Gain	ambiguous	True	0.3	False	unmatched_array	False	True	False	0.0
SRR33298416.948197	chr2R	Y' Gain	chr2	True	0.3	False		Y' Gain	ambiguous	True	0.3	False	donor_transfer_candidates:4	False	True	False	0.0
SRR33298416.424657	chr2R	Y' Gain	chr14	True	0.33	False		Y' Gain	chr14L	True	0.33	False	unmatched_array	False	True	False	0.0
SRR33298416.1038269	chr2R	Y' Gain	chr14	True	0.33	False		Y' Gain	chr14L	True	0.33	False	unmatched_array	False	True	False	0.0
SRR33298416.760304	chr2R	Y' Gain	chr14	True	0.33	False		Y' Gain	chr14L	True	0.33	False	unmatched_array	False	True	False	0.0
SRR33298416.1087774	chr2R	Y' Gain	chr14	True	0.33	False		Y' Gain	chr14L	True	0.33	False	unmatched_array	False	True	False	0.0
SRR33298416.228908	chr2R	Y' Gain	chr14	True	0.3	False		Y' Gain	chr14L	True	0.44	False	donor_transfer	False	True	False	0.14
SRR33298416.172003	chr2R	Y' Gain	chr14	True	0.3	False		Y' Gain	chr14L	True	0.44	False	donor_transfer	False	True	False	0.14
SRR33298416.471057	chr2R	Y' Gain	chr14	True	0.3	False		Y' Gain	chr14L	True	0.44	False	donor_transfer	False	True	False	0.14
SRR33298416.49702	chr2R	Y' Gain	chr14	True	0.3	False		Y' Gain	chr14L	True	0.44	False	donor_transfer	False	True	False	0.14
SRR33298416.558941	chr2R	Y' Gain	chr14	True	0.3	False		Y' Gain	chr14L	True	0.44	False	donor_transfer	False	True	False	0.14
SRR33298416.343030	chr2R	Y' Gain	chr14	True	0.3	False		Y' Gain	chr14L	True	0.44	False	donor_transfer	False	True	False	0.14
SRR33298416.90242	chr2R	Y' Gain	chr14	True	0.3	False		Y' Gain	chr14L	True	0.44	False	donor_transfer	False	True	False	0.14
SRR33298416.52433	chr2R	Y' Gain	chr14	True	0.3	False		Y' Gain	chr14L	True	0.44	False	donor_transfer	False	True	False	0.14
SRR33298416.473325	chr2R	Y' Gain	chr14	True	0.3	False		Y' Gain	chr14L	True	0.44	False	donor_transfer	False	True	False	0.14
SRR33298416.796616	chr2R	Y' Gain	chr14	True	0.3	False		Y' Gain	chr14L	True	0.44	False	donor_transfer	False	True	False	0.14
SRR33298416.252457	chr2R	Y' Gain	chr7	True	0.33	False		Y' Gain	chr7R	True	0.33	False	single_y_prime_change	False	True	False	0.0
SRR33298416.400701	chr2R	Y' Gain	chr7	True	0.33	False		Y' Gain	chr7R	True	0.33	False	single_y_prime_change	False	True	False	0.0
SRR33298416.955021	chr2R	Y' Gain	chr7	True	0.33	False		Y' Gain	chr7R	True	0.33	False	single_y_prime_change	False	True	False	0.0
SRR33298416.75750	chr2R	Y' Gain	chr7	True	0.002	False		Y' Gain	chr7R	True	0.002	False	subtelomere_switch	False	True	False	0.0
SRR33298416.1135328	chr2R	Y' Gain	chr7	True	0.33	False		Y' Gain	chr7R	True	0.33	False	single_y_prime_change	False	True	False	0.0
SRR33298416.824106	chr2R	Y' Gain	chr7	True	0.33	False		Y' Gain	chr7R	True	0.33	False	single_y_prime_change	False	True	False	0.0
SRR33298416.105725	chr2R	Y' Gain	chr7	True	0.33	False		Y' Gain	chr7R	True	0.33	False	single_y_prime_change	False	True	False	0.0
SRR33298416.383153	chr2R	Y' Gain	chr7	True	0.33	False		Y' Gain	chr7R	True	0.33	False	single_y_prime_change	False	True	False	0.0
SRR33298416.1154130	chr2R	Y' Gain	chr7	True	0.33	False		Y' Gain	chr7R	True	0.33	False	single_y_prime_change	False	True	False	0.0
SRR33298416.94399	chr2R	Y' Gain	chr7	True	0.0039	False		Y' Gain	chr7R	True	0.0039	False	subtelomere_switch	False	True	False	0.0
SRR33298416.1106710	chr2R	Y' Gain	chr7	True	0.33	False		Y' Gain	chr7R	True	0.33	False	single_y_prime_change	False	True	False	0.0
SRR33298416.1286944	chr2R	Y' Gain	chr7	True	0.33	False		Y' Gain	chr7R	True	0.33	False	single_y_prime_change	False	True	False	0.0
SRR33298416.881604	chr2R	Y' Gain	chr7	True	0.33	False		Y' Gain	chr7R	True	0.33	False	single_y_prime_change	False	True	False	0.0
SRR33298416.113903	chr2R	Y' Gain	chr7	True	0.33	False		Y' Gain	chr7R	True	0.33	False	single_y_prime_change	False	True	False	0.0
SRR33298416.98094	chr2R	Y' Gain	chr7	True	0.33	False		Y' Gain	chr7R	True	0.33	False	single_y_prime_change	False	True	False	0.0
SRR33298416.921770	chr3L	Y' Gain	chr12R	True	0.2073	True		Y' Gain	chr15L	True	0.4837	True	subtelomere_switch	False	True	False	0.276
SRR33298416.224813	chr3L	Y' Gain	chr12R	True	-0.001	True		Y' Gain	chr14L	True	-0.001	True	subtelomere_switch	False	True	False	0.0
SRR33298416.233840	chr3L	Y' Gain	chr14L	True	0.2207	True		Y' Gain	chr14R	True	0.5149	True	subtelomere_switch	False	True	False	0.294
SRR33298416.571851	chr3L	Y' Gain	chr12R	True	0.1893	True		Y' Gain	chr1L	True	0.1893	True	subtelomere_switch	False	True	False	0.0
SRR33298416.823383	chr3L	Y' Gain	chr12R	True	-0.003	True		Y' Gain	chr14L	True	-0.003	True	subtelomere_switch	False	True	False	0.0
SRR33298416.217646	chr3L	Y' Gain	chr3	True	0.3	False		Y' Gain	chr12R	True	0.33	False	donor_transfer_candidates:2	False	True	False	0.03
SRR33298416.1217435	chr3L	Y' Gain	chr12R	True	0.2276	True		Y' Gain	chr12L	True	0.2276	True	subtelomere_switch	False	True	False	0.0
SRR33298416.193116	chr3L	Y' Gain	chr12R	True	0.2849	True		Y' Gain	chr11R	True	0.6649	True	subtelomere_switch	False	True	False	0.38
SRR33298416.1167987	chr3L	Y' Gain	chr3	True	0.3	False		Y' Gain	ambiguous	True	0.3	False	unmatched_array	False	True	False	0.0
SRR33298416.645266	chr3L	Y' Gain	chr12R	True	0.2847	True		Y' Gain	chr11R	True	0.2847	True	subtelomere_switch	False	True	False	0.0
SRR33298416.120526	chr3L	Y' Gain	chr3	True	0.3	False		Y' Gain	chr14L	True	0.66	False	donor_transfer	False	True	False	0.36
SRR33298416.1038356	chr3L	Y' Gain	chr3	True	0.3	False		Y' Gain	chr12R	True	0.33	False	donor_transfer_candidates:2	False	True	False	0.03
SRR33298416.1054129	chr3L	Y' Gain	chr3	True	0.3	False		Y' Gain	chr12R	True	0.33	False	donor_transfer_candidates:2	False	True	False	0.03
SRR33298416.1178830	chr3L	Y' Gain	chr3	True	0.3	False		Y' Gain	chr12R	True	0.33	False	donor_transfer_candidates:2	False	True	False	0.03
SRR33298416.340013	chr3L	Y' Gain	chr12R	True	0.1902	True		Y' Gain	chr1L	True	0.4439	True	subtelomere_switch	False	True	False	0.254
SRR33298416.673171	chr3L	Y' Gain	chr12R	True	0.1864	True		Y' Gain	chr1L	True	0.1864	True	subtelomere_switch	False	True	False	0.0
SRR33298416.1040694	chr3L	Y' Gain	chr12R	True	0.2802	True		Y' Gain	chr11R	True	0.2802	True	subtelomere_switch	False	True	False	0.0
SRR33298416.548609	chr3L	Y' Gain	chr12R	True	0.2762	True		Y' Gain	chr11R	True	0.6444	True	subtelomere_switch	False	True	False	0.368
SRR33298416.1173745	chr3L	Y' Gain	chr3	True	0.3	False		Y' Gain	ambiguous	True	0.3	False	unmatched_array	False	True	False	0.0
SRR33298416.1159280	chr3L	Y' Gain	chr3	True	0.3	False		Y' Gain	ambiguous	True	0.3	False	unmatched_array	False	True	False	0.0
SRR33298416.626288	chr3L	Y' Gain	chr3	True	0.3	False		Y' Gain	ambiguous	True	0.3	False	unmatched_array	False	True	False	0.0
SRR33298416.1181719	chr3L	Y' Gain	chr12R	True	0.2749	True		Y' Gain	chr11R	True	0.6415	True	subtelomere_switch	False	True	False	0.367
SRR33298416.212632	chr3L	Y' Gain	chr12R	True	0.1947	True		Y' Gain	chr1L	True	0.1947	True	subtelomere_switch	False	True	False	0.0
SRR33298416.535970	chr3L	Y' Gain	chr12R	True	0.1938	True		Y' Gain	chr1L	True	0.4523	True	subtelomere_switch	False	True	False	0.258
SRR33298416.496677	chr3L	Y' Gain	chr3	True	0.3	False		Y' Gain	chr12R	True	0.33	False	donor_transfer_candidates:2	False	True	False	0.03
SRR33298416.990819	chr3L	Y' Gain	chr3	True	0.3	False		Y' Gain	chr12R	True	0.33	False	donor_transfer_candidates:2	False	True	False	0.03
SRR33298416.521782	chr3L	Y' Gain	chr3	True	0.3	False		Y' Gain	chr12R	True	0.66	False	donor_transfer	False	True	False	0.36
SRR33298416.218683	chr3L	Y' Gain	chr3	True	0.3	False		Y' Gain	chr12R	True	0.33	False	donor_transfer_candidates:2	False	True	False	0.03
SRR33298416.430975	chr3L	Y' Gain	chr3	True	0.3	False		Y' Gain	ambiguous	True	0.3	False	unmatched_array	False	True	False	0.0
SRR33298416.1135049	chr3L	Y' Gain	chr3	True	0.3	False		Y' Gain	chr14L	True	0.66	False	donor_transfer	False	True	False	0.36
SRR33298416.300146	chr3L	Y' Gain	chr3	True	0.3	False		Y' Gain	ambiguous	True	0.3	False	unmatched_array	False	True	False	0.0
SRR33298416.435744	chr3L	Y' Gain	chr3	True	0.3	False		Y' Gain	chr14L	True	0.66	False	donor_transfer	False	True	False	0.36
SRR33298416.1279568	chr3L	Y' Gain	chr3	True	0.3	False		Y' Gain	chr14L	True	0.66	False	donor_transfer	False	True	False	0.36
SRR33298416.768487	chr3L	Y' Gain	chr3	True	0.3	False		Y' Gain	ambiguous	True	0.3	False	unmatched_array	False	True	False	0.0
SRR33298416.802918	chr3L	Y' Gain	chr12R	True	0.285	True		Y' Gain	chr11R	True	0.665	True	subtelomere_switch	False	True	False	0.38
SRR33298416.544995	chr3L	Y' Gain	chr3	True	0.3	False		Y' Gain	chr14L	True	0.44	False	donor_transfer	False	True	False	0.14
SRR33298416.455416	chr3L	Y' Gain	chr14L	True	0.2689	True		Y' Gain	chr11R	True	0.6275	True	subtelomere_switch	False	True	False	0.359
SRR33298416.444431	chr3L	Y' Gain	chr3	True	0.3	False		Y' Gain	ambiguous	True	0.3	False	unmatched_array	False	True	False	0.0
SRR33298416.557214	chr3L	Y' Gain	chr3	True	0.3	False		Y' Gain	ambiguous	True	0.3	False	unmatched_array	False	True	False	0.0
SRR33298416.1159285	chr3L	Y' Gain	chr3	True	0.3	False		Y' Gain	chr12R	True	0.33	False	donor_transfer_candidates:3	False	True	False	0.03
SRR33298416.1235195	chr3L	Y' Gain	chr3	True	0.3	False		Y' Gain	ambiguous	True	0.3	False	donor_transfer_candidates:4	False	True	False	0.0
SRR33298416.1254486	chr3L	Y' Gain	chr3	True	0.3	False		Y' Gain	chr12R	True	0.66	False	donor_transfer	False	True	False	0.36
SRR33298416.529738	chr3L	Y' Gain	chr3	True	0.3	False		Y' Gain	ambiguous	True	0.3	False	unmatched_array	False	True	False	0.0
SRR33298416.536363	chr3L	Y' Gain	chr3	True	0.3	False		Y' Gain	chr12R	True	0.33	False	donor_transfer_candidates:3	False	True	False	0.03
SRR33298416.884567	chr3L	Y' Gain	chr3	True	0.3	False		Y' Gain	chr12R	True	0.66	False	donor_transfer	False	True	False	0.36
SRR33298416.632055	chr3L	Y' Gain	chr3	True	0.3	False		Y' Gain	ambiguous	True	0.3	False	donor_transfer_candidates:4	False	True	False	0.0
SRR33298416.757608	chr3L	Y' Gain	chr3	True	0.3	False		Y' Gain	ambiguous	True	0.3	False	donor_transfer_candidates:4	False	True	False	0.0
SRR33298416.1210824	chr3L	Y' Gain	chr3	True	0.3	False		Y' Gain	ambiguous	True	0.3	False	donor_transfer_candidates:4	False	True	False	0.0
SRR33298416.75980	chr3L	Y' Gain	chr3	True	0.3	False		Y' Gain	ambiguous	True	0.3	False	donor_transfer_candidates:4	False	True	False	0.0
SRR33298416.146216	chr3L	Y' Gain	chr3	True	0.3	False		Y' Gain	ambiguous	True	0.3	False	donor_transfer_candidates:4	False	True	False	0.0
SRR33298416.1149207	chr3L	Y' Gain	chr3	True	0.3	False		Y' Gain	chr14L	True	0.66	False	donor_transfer	False	True	False	0.36
SRR33298416.881634	chr3L	Y' Gain	chr3	True	-0.0013	False		Y' Gain	chr14L	True	-0.0014	False	subtelomere_switch	False	True	False	-0.0
SRR33298416.617423	chr3L	Y' Gain	chr3	True	0.3	False		Y' Gain	ambiguous	True	0.3	False	unmatched_array	False	True	False	0.0
SRR33298416.30507	chr3L	Y' Gain	chr3	True	0.3	False		Y' Gain	chr14L	True	0.44	False	donor_transfer	False	True	False	0.14
SRR33298416.687654	chr3L	Y' Gain	chr3	True	0.3	False		Y' Gain	ambiguous	True	0.3	False	unmatched_array	False	True	False	0.0
SRR33298416.460359	chr3L	Y' Gain	chr3	True	0.3	False		Y' Gain	ambiguous	True	0.3	False	unmatched_array	False	True	False	0.0
SRR33298416.717577	chr3L	Y' Gain	chr12R	True	0.1861	True		Y' Gain	chr11L	True	0.4341	True	subtelomere_switch	False	True	False	0.248
SRR33298416.53987	chr3L	Y' Gain	chr4R	True	0.2564	True		Y' Gain	chr11R	True	0.5983	True	subtelomere_switch	False	True	False	0.342
SRR33298416.1135005	chr3L	Y' Gain	chr3	True	0.3	False		Y' Gain	ambiguous	True	0.3	False	unmatched_array	False	True	False	0.0
SRR33298416.579215	chr3L	Y' Gain	chr3	True	0.0067	False		Y' Gain	ambiguous	True	0.0067	False	subtelomere_switch	False	True	False	0.0
SRR33298416.743265	chr3L	Y' Gain	chr12	True	0.33	False		Y' Gain	chr12R	True	0.44	False	donor_transfer	False	True	False	0.11
SRR33298416.306253	chr3L	Y' Gain	chr14	True	0.33	False		Y' Gain	chr14L	True	0.33	False	donor_transfer_candidates:4	False	True	False	0.0
SRR33298416.55939	chr3L	Y' Gain	chr14	True	0.33	False		Y' Gain	chr14L	True	0.33	False	donor_transfer_candidates:4	False	True	False	0.0
SRR33298416.805443	chr3L	Y' Gain	chr14	True	0.33	False		Y' Gain	chr14L	True	0.33	False	donor_transfer_candidates:4	False	True	False	0.0
SRR33298416.649169	chr3L	Y' Gain	chr14	True	0.33	False		Y' Gain	chr14L	True	0.33	False	donor_transfer_candidates:4	False	True	False	0.0
SRR33298416.1159739	chr3L	Y' Gain	chr3	True	0.3	False		Y' Gain	ambiguous	True	0.3	False	unmatched_array	False	True	False	0.0
SRR33298416.1257833	chr3L	Y' Gain	chr14	True	0.33	False		Y' Gain	chr14L	True	0.33	False	donor_transfer_candidates:4	False	True	False	0.0
SRR33298416.91337	chr3L	Y' Gain	chr4	True	0.33	False		Y' Gain	chr4R	True	0.33	False	donor_transfer_candidates:4	False	True	False	0.0
SRR33298416.481982	chr3L	Y' Gain	chr14	True	0.33	False		Y' Gain	chr14R	True	0.33	False	unmatched_array	False	True	False	0.0
SRR33298416.1171644	chr3L	Y' Gain	chr14	True	0.33	False		Y' Gain	chr14R	True	0.33	False	unmatched_array	False	True	False	0.0
SRR33298416.54864	chr3L	Y' Gain	chr16	True	0.33	False		Y' Gain	chr16L	True	0.33	False	donor_transfer_candidates:4	False	True	False	0.0
SRR33298416.681559	chr3L	Y' Gain	chr14	True	0.33	False		Y' Gain	chr14L	True	0.33	False	unmatched_array	False	True	False	0.0
SRR33298416.1175320	chr3L	Y' Gain	chr14	True	0.33	False		Y' Gain	chr14L	True	0.33	False	unmatched_array	False	True	False	0.0
SRR33298416.680564	chr3L	Y' Gain	chr14	True	0.0002	False		Y' Gain	chr14L	True	0.0002	False	subtelomere_switch	False	True	False	0.0
SRR33298416.1221847	chr3L	Y' Gain	chr14	True	0.3	False		Y' Gain	chr14L	True	0.44	False	donor_transfer	False	True	False	0.14
SRR33298416.741904	chr3L	Y' Gain	chr14	True	0.3	False		Y' Gain	chr14L	True	0.44	False	donor_transfer	False	True	False	0.14
SRR33298416.698926	chr3L	Y' Gain	chr14	True	0.3	False		Y' Gain	chr14L	True	0.44	False	donor_transfer	False	True	False	0.14
SRR33298416.1236717	chr3L	Y' Gain	chr14	True	0.3	False		Y' Gain	chr14L	True	0.44	False	donor_transfer	False	True	False	0.14
SRR33298416.134480	chr3L	Y' Gain	chr14	True	0.33	False		Y' Gain	chr14R	True	0.33	False	unmatched_array	False	True	False	0.0
SRR33298416.132382	chr3L	Y' Gain	chr14	True	0.3	False		Y' Gain	chr14L	True	0.44	False	donor_transfer	False	True	False	0.14
SRR33298416.124914	chr3L	Y' Gain	chr16	True	0.1189	False		Y' Gain	chr16L	True	0.1189	False	subtelomere_switch	False	True	False	0.0
SRR33298416.49357	chr3L	Y' Gain	chr14	True	0.0015	False		Y' Gain	chr14L	True	0.0015	False	subtelomere_switch	False	True	False	0.0
SRR33298416.256912	chr3L	Y' Gain	chr5	True	0.33	False		Y' Gain	chr5R	True	0.33	False	single_y_prime_change	False	True	False	0.0
SRR33298416.299050	chr3L	Y' Gain	chr14	True	0.33	False		Y' Gain	chr14L	True	0.33	False	single_y_prime_change	False	True	False	0.0
SRR33298416.4013	chr3L	Y' Gain	chr5	True	0.33	False		Y' Gain	chr5R	True	0.33	False	single_y_prime_change	False	True	False	0.0
SRR33298416.513946	chr3L	Y' Gain	chr5	True	0.33	False		Y' Gain	chr5R	True	0.33	False	single_y_prime_change	False	True	False	0.0
SRR33298416.906141	chr3L	Y' Gain	chr14	True	0.33	False		Y' Gain	chr14L	True	0.33	False	single_y_prime_change	False	True	False	0.0
SRR33298416.458715	chr3L	Y' Gain	chr14	True	0.33	False		Y' Gain	chr14R	True	0.33	False	single_y_prime_change	False	True	False	0.0
SRR33298416.139349	chr3L	Y' Gain	chr5	True	-0.0012	False		Y' Gain	chr5R	True	-0.0012	False	subtelomere_switch	False	True	False	0.0
SRR33298416.30121	chr3L	Y' Gain	chr16	True	0.33	False		Y' Gain	chr16L	True	0.33	False	single_y_prime_change	False	True	False	0.0
SRR33298416.196558	chr3L	Y' Gain	chr5	True	0.33	False		Y' Gain	chr5R	True	0.33	False	single_y_prime_change	False	True	False	0.0
SRR33298416.551696	chr3L	Y' Gain	chr12	True	0.33	False		Y' Gain	chr12R	True	0.33	False	single_y_prime_change	False	True	False	0.0
SRR33298416.30086	chr3L	Y' Gain	chr16	True	-0.0029	False		Y' Gain	chr16L	True	-0.0029	False	subtelomere_switch	False	True	False	0.0
SRR33298416.818852	chr3L	Y' Gain	chr14	True	0.33	False		Y' Gain	chr14R	True	0.33	False	single_y_prime_change	False	True	False	0.0
SRR33298416.1216930	chr3L	Y' Gain	chr5	True	0.002	False		Y' Gain	chr5R	True	0.002	False	subtelomere_switch	False	True	False	0.0
SRR33298416.305481	chr3L	Y' Gain	chr14	True	0.33	False		Y' Gain	chr14R	True	0.33	False	single_y_prime_change	False	True	False	0.0
SRR33298416.526346	chr3L	Y' Gain	chr5	True	0.33	False		Y' Gain	chr5R	True	0.33	False	single_y_prime_change	False	True	False	0.0
SRR33298416.930612	chr3L	Y' Gain	chr5	True	0.33	False		Y' Gain	chr5R	True	0.33	False	single_y_prime_change	False	True	False	0.0
SRR33298416.577290	chr3L	Y' Gain	chr14	True	0.33	False		Y' Gain	chr14R	True	0.33	False	single_y_prime_change	False	True	False	0.0
SRR33298416.526428	chr3L	Y' Gain	chr14	True	0.0042	False		Y' Gain	chr14R	True	0.0042	False	subtelomere_switch	False	True	False	0.0
SRR33298416.850488	chr3L	Y' Gain	chr14	True	0.33	False		Y' Gain	chr14R	True	0.33	False	single_y_prime_change	False	True	False	0.0
SRR33298416.212808	chr3L	Y' Gain	chr5	True	0.0032	False		Y' Gain	chr5R	True	0.0032	False	subtelomere_switch	False	True	False	0.0
SRR33298416.1042443	chr3L	Y' Gain	chr5	True	0.33	False		Y' Gain	chr5R	True	0.33	False	single_y_prime_change	False	True	False	0.0
SRR33298416.678658	chr3L	Y' Gain	chr5	True	0.33	False		Y' Gain	chr5R	True	0.33	False	single_y_prime_change	False	True	False	0.0
SRR33298416.995670	chr3L	Y' Gain	chr5	True	0.33	False		Y' Gain	chr5R	True	0.33	False	single_y_prime_change	False	True	False	0.0
SRR33298416.260248	chr3L	Y' Gain	chr5	True	0.0087	False		Y' Gain	chr5R	True	0.0087	False	subtelomere_switch	False	True	False	0.0
SRR33298416.850692	chr3L	Y' Gain	chr5	True	0.33	False		Y' Gain	chr5R	True	0.33	False	single_y_prime_change	False	True	False	0.0
SRR33298416.209534	chr3L	Y' Gain	chr5	True	0.33	False		Y' Gain	chr5R	True	0.33	False	single_y_prime_change	False	True	False	0.0
SRR33298416.1278888	chr3L	Y' Gain	chr5	True	0.33	False		Y' Gain	chr5R	True	0.33	False	single_y_prime_change	False	True	False	0.0
SRR33298416.620988	chr3L	Y' Gain	chr5	True	0.33	False		Y' Gain	chr5R	True	0.33	False	single_y_prime_change	False	True	False	0.0
SRR33298416.381335	chr3L	Y' Gain	chr2	True	0.33	False		Y' Gain	chr2L	True	0.33	False	single_y_prime_change	False	True	False	0.0
SRR33298416.926540	chr3L	Y' Gain	chr2	True	0.33	False		Y' Gain	chr2L	True	0.33	False	single_y_prime_change	False	True	False	0.0
SRR33298416.439991	chr3L	Y' Gain	chr2	True	0.33	False		Y' Gain	chr2L	True	0.33	False	single_y_prime_change	False	True	False	0.0
SRR33298416.499274	chr3L	Y' Gain	chr2	True	0.33	False		Y' Gain	chr2L	True	0.33	False	single_y_prime_change	False	True	False	0.0
SRR33298416.527963	chr3L	Y' Gain	chr2	True	0.33	False		Y' Gain	chr2L	True	0.33	False	single_y_prime_change	False	True	False	0.0
SRR33298416.501869	chr3L	Y' Gain	chr2	True	0.33	False		Y' Gain	chr2L	True	0.33	False	single_y_prime_change	False	True	False	0.0
SRR33298416.1206306	chr3L	Y' Gain	chr2	True	0.33	False		Y' Gain	chr2L	True	0.33	False	single_y_prime_change	False	True	False	0.0
SRR33298416.590818	chr3L	Y' Gain	chr2	True	0.33	False		Y' Gain	chr2L	True	0.33	False	single_y_prime_change	False	True	False	0.0
SRR33298416.921367	chr3L	Y' Gain	chr2	True	0.33	False		Y' Gain	chr2L	True	0.33	False	single_y_prime_change	False	True	False	0.0
SRR33298416.912724	chr3L	Y' Gain	chr2	True	0.004	False		Y' Gain	chr2L	True	0.004	False	subtelomere_switch	False	True	False	0.0
SRR33298416.244556	chr3L	Y' Gain	chr2	True	0.33	False		Y' Gain	chr2L	True	0.33	False	single_y_prime_change	False	True	False	0.0
SRR33298416.129743	chr3L	Y' Gain	chr13	True	0.33	False		Y' Gain	chr13L	True	0.33	False	single_y_prime_change	False	True	False	0.0
SRR33298416.656578	chr3L	Y' Gain	chr13	True	0.33	False		Y' Gain	chr13L	True	0.33	False	single_y_prime_change	False	True	False	0.0
SRR33298416.1159936	chr3L	Y' Gain	chr13	True	0.33	False		Y' Gain	chr13L	True	0.33	False	single_y_prime_change	False	True	False	0.0
SRR33298416.86938	chr3L	Y' Gain	chr13	True	0.33	False		Y' Gain	chr13L	True	0.33	False	single_y_prime_change	False	True	False	0.0
SRR33298416.475645	chr3L	Y' Gain	chr13	True	0.33	False		Y' Gain	chr13L	True	0.33	False	single_y_prime_change	False	True	False	0.0
SRR33298416.565139	chr3L	Y' Gain	chr13	True	0.33	False		Y' Gain	chr13L	True	0.33	False	single_y_prime_change	False	True	False	0.0
SRR33298416.1108647	chr3L	Y' Gain	chr13	True	0.33	False		Y' Gain	chr13L	True	0.33	False	single_y_prime_change	False	True	False	0.0
SRR33298416.1012093	chr3L	Y' Gain	chr13	True	0.33	False		Y' Gain	chr13L	True	0.33	False	single_y_prime_change	False	True	False	0.0
SRR33298416.479186	chr3L	Y' Gain	chr13	True	0.33	False		Y' Gain	chr13L	True	0.33	False	single_y_prime_change	False	True	False	0.0
SRR33298416.564486	chr3L	Y' Gain	chr13	True	0.33	False		Y' Gain	chr13L	True	0.33	False	single_y_prime_change	False	True	False	0.0
SRR33298416.796463	chr3L	Y' Gain	chr13	True	0.33	False		Y' Gain	chr13L	True	0.33	False	single_y_prime_change	False	True	False	0.0
SRR33298416.1134344	chr3L	Y' Gain	chr13	True	0.33	False		Y' Gain	chr13L	True	0.33	False	single_y_prime_change	False	True	False	0.0
SRR33298416.630366	chr3L	Y' Gain	chr13	True	-0.0019	False		Y' Gain	chr13L	True	-0.0019	False	subtelomere_switch	False	True	False	0.0
SRR33298416.535925	chr3L	Y' Gain	chr13	True	0.33	False		Y' Gain	chr13L	True	0.33	False	single_y_prime_change	False	True	False	0.0
SRR33298416.834291	chr3L	Y' Gain	chr13	True	0.33	False		Y' Gain	chr13L	True	0.33	False	single_y_prime_change	False	True	False	0.0
SRR33298416.143954	chr3L	Y' Gain	chr5	True	-0.0085	False		Y' Gain	chr5R	True	-0.0085	False	subtelomere_switch	False	True	False	0.0
SRR33298416.688573	chr3R	Y' Gain	chr12R	True	-0.0017	True		Y' Gain	chr14L	True	-0.0017	True	subtelomere_switch	False	True	False	0.0
SRR33298416.949327	chr3R	Y' Gain	chr12R	True	0.0004	True		Y' Gain	chr14L	True	0.0004	True	subtelomere_switch	False	True	False	0.0
SRR33298416.1025225	chr3R	Y' Gain	chr12R	True	0.0003	True		Y' Gain	chr14L	True	0.0003	True	subtelomere_switch	False	True	False	0.0
SRR33298416.620514	chr3R	Y' Gain	chr4R	True	-0.0	True		Y' Gain	chr14L	True	-0.0	True	subtelomere_switch	False	True	False	0.0
SRR33298416.311050	chr3R	Y' Gain	chr12R	True	0.0066	True		Y' Gain	chr14L	True	0.0066	True	subtelomere_switch	False	True	False	0.0
SRR33298416.875963	chr3R	Y' Gain	chr4R	True	0.3	True		Y' Gain	chr7R	True	0.3	True	subtelomere_switch	False	True	False	0.0
SRR33298416.441137	chr3R	Y' Gain	chr12R	True	-0.0014	True		Y' Gain	chr14L	True	-0.0014	True	subtelomere_switch	False	True	False	0.0
SRR33298416.76493	chr3R	Y' Gain	chr3	True	0.3	False		Y' Gain	chr14L	True	0.66	False	donor_transfer	False	True	False	0.36
SRR33298416.575329	chr3R	Y' Gain	chr12R	True	-0.0024	True		Y' Gain	chr14L	True	-0.0024	True	subtelomere_switch	False	True	False	0.0
SRR33298416.808643	chr3R	Y' Gain	chr12R	True	0.2975	True		Y' Gain	chr13L	True	0.2975	True	subtelomere_switch	False	True	False	0.0
SRR33298416.563723	chr3R	Y' Gain	chr12R	True	0.0076	True		Y' Gain	chr14L	True	0.0076	True	subtelomere_switch	False	True	False	0.0
SRR33298416.139750	chr3R	Y' Gain	chr3	True	0.3	False		Y' Gain	ambiguous	True	0.3	False	unmatched_array	False	True	False	0.0
SRR33298416.920853	chr3R	Y' Gain	chr3	True	0.3	False		Y' Gain	chr14L	True	0.66	False	donor_transfer	False	True	False	0.36
SRR33298416.588493	chr3R	Y' Gain	chr12R	True	0.0048	True		Y' Gain	chr14L	True	0.0048	True	subtelomere_switch	False	True	False	0.0
SRR33298416.1113579	chr3R	Y' Gain	chr12R	True	0.1406	True		Y' Gain	chr9R	True	0.328	True	subtelomere_switch	False	True	False	0.187
SRR33298416.424761	chr3R	Y' Gain	chr3	True	0.3	False		Y' Gain	chr14L	True	0.66	False	donor_transfer	False	True	False	0.36
SRR33298416.565276	chr3R	Y' Gain	chr12R	True	0.0001	True		Y' Gain	chr14L	True	0.0001	True	subtelomere_switch	False	True	False	0.0
SRR33298416.673280	chr3R	Y' Gain	chr3	True	0.3	False		Y' Gain	chr12R	True	0.66	False	donor_transfer	False	True	False	0.36
SRR33298416.956629	chr3R	Y' Gain	chr3	True	0.3	False		Y' Gain	chr14L	True	0.66	False	donor_transfer	False	True	False	0.36
SRR33298416.366344	chr3R	Y' Gain	chr12R	True	0.3	True		Y' Gain	chr7R	True	0.3	True	subtelomere_switch	False	True	False	0.0
SRR33298416.179708	chr3R	Y' Gain	chr3	True	0.3	False		Y' Gain	chr12R	True	0.66	False	donor_transfer	False	True	False	0.36
SRR33298416.218264	chr3R	Y' Gain	chr12R	True	0.1883	True		Y' Gain	chr3L	True	0.1883	True	subtelomere_switch	False	True	False	0.0
SRR33298416.550536	chr3R	Y' Gain	chr3	True	0.3	False		Y' Gain	chr14L	True	0.66	False	donor_transfer	False	True	False	0.36
SRR33298416.70463	chr3R	Y' Gain	chr3	True	0.3	False		Y' Gain	ambiguous	True	0.3	False	unmatched_array	False	True	False	0.0
SRR33298416.832610	chr3R	Y' Gain	chr3	True	0.3	False		Y' Gain	ambiguous	True	0.3	False	unmatched_array	False	True	False	0.0
SRR33298416.1097615	chr3R	Y' Gain	chr3	True	0.3	False		Y' Gain	ambiguous	True	0.3	False	unmatched_array	False	True	False	0.0
SRR33298416.282908	chr3R	Y' Gain	chr3	True	0.3	False		Y' Gain	ambiguous	True	0.3	False	unmatched_array	False	True	False	0.0
SRR33298416.567717	chr3R	Y' Gain	chr3	True	0.3	False		Y' Gain	chr12R	True	0.33	False	donor_transfer_candidates:2	False	True	False	0.03
SRR33298416.612122	chr3R	Y' Gain	chr12R	True	0.0026	True		Y' Gain	chr14L	True	0.0026	True	subtelomere_switch	False	True	False	0.0
SRR33298416.946269	chr3R	Y' Gain	chr3	True	0.3	False		Y' Gain	ambiguous	True	0.3	False	unmatched_array	False	True	False	0.0
SRR33298416.856891	chr3R	Y' Gain	chr3	True	0.3	False		Y' Gain	ambiguous	True	0.3	False	unmatched_array	False	True	False	0.0
SRR33298416.768967	chr3R	Y' Gain	chr3	True	0.3	False		Y' Gain	ambiguous	True	0.3	False	unmatched_array	False	True	False	0.0
SRR33298416.827599	chr3R	Y' Gain	chr3	True	0.3	False		Y' Gain	chr14L	True	0.44	False	donor_transfer	False	True	False	0.14
SRR33298416.412788	chr3R	Y' Gain	chr3	True	0.3	False		Y' Gain	ambiguous	True	0.3	False	unmatched_array	False	True	False	0.0
SRR33298416.643879	chr3R	Y' Gain	chr3	True	0.3	False		Y' Gain	ambiguous	True	0.3	False	unmatched_array	False	True	False	0.0
SRR33298416.763745	chr3R	Y' Gain	chr3	True	0.3	False		Y' Gain	ambiguous	True	0.3	False	unmatched_array	False	True	False	0.0
SRR33298416.215371	chr3R	Y' Gain	chr3	True	0.3	False		Y' Gain	ambiguous	True	0.3	False	donor_transfer_candidates:4	False	True	False	0.0
SRR33298416.250391	chr3R	Y' Gain	chr3	True	0.3	False		Y' Gain	ambiguous	True	0.3	False	donor_transfer_candidates:4	False	True	False	0.0
SRR33298416.669631	chr3R	Y' Gain	chr3	True	0.3	False		Y' Gain	ambiguous	True	0.3	False	donor_transfer_candidates:4	False	True	False	0.0
SRR33298416.836870	chr3R	Y' Gain	chr3	True	0.3	False		Y' Gain	ambiguous	True	0.3	False	donor_transfer_candidates:4	False	True	False	0.0
SRR33298416.424446	chr3R	Y' Gain	chr3	True	0.3	False		Y' Gain	ambiguous	True	0.3	False	donor_transfer_candidates:4	False	True	False	0.0
SRR33298416.592552	chr3R	Y' Gain	chr12R	True	-0.0008	True		Y' Gain	chr14L	True	-0.0008	True	subtelomere_switch	False	True	False	0.0
SRR33298416.470055	chr3R	Y' Gain	chr3	True	0.3	False		Y' Gain	chr14L	True	0.66	False	donor_transfer	False	True	False	0.36
SRR33298416.655542	chr3R	Y' Gain	chr3	True	0.3	False		Y' Gain	chr14L	True	0.66	False	donor_transfer	False	True	False	0.36
SRR33298416.144651	chr3R	Y' Gain	chr3	True	0.3	False		Y' Gain	chr14L	True	0.66	False	donor_transfer	False	True	False	0.36
SRR33298416.179881	chr3R	Y' Gain	chr3	True	0.3	False		Y' Gain	chr14L	True	0.44	False	donor_transfer	False	True	False	0.14
SRR33298416.688862	chr3R	Y' Gain	chr3	True	0.3	False		Y' Gain	ambiguous	True	0.3	False	unmatched_array	False	True	False	0.0
SRR33298416.838710	chr3R	Y' Gain	chr3	True	0.3	False		Y' Gain	chr14L	True	0.44	False	donor_transfer	False	True	False	0.14
SRR33298416.223117	chr3R	Y' Gain	chr3	True	0.3	False		Y' Gain	ambiguous	True	0.3	False	unmatched_array	False	True	False	0.0
SRR33298416.1118754	chr3R	Y' Gain	chr3	True	0.3	False		Y' Gain	chr12R	True	0.33	False	donor_transfer_candidates:3	False	True	False	0.03
SRR33298416.432157	chr3R	Y' Gain	chr3	True	0.3	False		Y' Gain	ambiguous	True	0.3	False	donor_transfer_candidates:4	False	True	False	0.0
SRR33298416.1148947	chr3R	Y' Gain	chr3	True	0.3	False		Y' Gain	chr12R	True	0.33	False	donor_transfer_candidates:3	False	True	False	0.03
SRR33298416.1019325	chr3R	Y' Gain	chr3	True	0.3	False		Y' Gain	ambiguous	True	0.3	False	donor_transfer_candidates:4	False	True	False	0.0
SRR33298416.423328	chr3R	Y' Gain	chr3	True	0.3	False		Y' Gain	ambiguous	True	0.3	False	donor_transfer_candidates:4	False	True	False	0.0
SRR33298416.572991	chr3R	Y' Gain	chr3	True	0.3	False		Y' Gain	ambiguous	True	0.3	False	donor_transfer_candidates:4	False	True	False	0.0
SRR33298416.390450	chr3R	Y' Gain	chr3	True	0.3	False		Y' Gain	chr14L	True	0.66	False	donor_transfer	False	True	False	0.36
SRR33298416.726088	chr3R	Y' Gain	chr3	True	0.3	False		Y' Gain	chr14L	True	0.66	False	donor_transfer	False	True	False	0.36
SRR33298416.347909	chr3R	Y' Gain	chr3	True	0.3	False		Y' Gain	chr14L	True	0.66	False	donor_transfer	False	True	False	0.36
SRR33298416.946748	chr3R	Y' Gain	chr3	True	0.3	False		Y' Gain	chr14L	True	0.66	False	donor_transfer	False	True	False	0.36
SRR33298416.444377	chr3R	Y' Gain	chr3	True	0.3	False		Y' Gain	ambiguous	True	0.3	False	unmatched_array	False	True	False	0.0
SRR33298416.225038	chr3R	Y' Gain	chr3	True	0.3	False		Y' Gain	chr14L	True	0.44	False	donor_transfer	False	True	False	0.14
SRR33298416.139913	chr3R	Y' Gain	chr3	True	0.3	False		Y' Gain	ambiguous	True	0.3	False	unmatched_array	False	True	False	0.0
SRR33298416.1053811	chr3R	Y' Gain	chr3	True	0.3	False		Y' Gain	ambiguous	True	0.3	False	unmatched_array	False	True	False	0.0
SRR33298416.834079	chr3R	Y' Gain	chr3	True	0.3	False		Y' Gain	ambiguous	True	0.3	False	unmatched_array	False	True	False	0.0
SRR33298416.140516	chr3R	Y' Gain	chr3	True	0.3	False		Y' Gain	ambiguous	True	0.3	False	unmatched_array	False	True	False	0.0
SRR33298416.782402	chr3R	Y' Gain	chr3	True	0.3	False		Y' Gain	ambiguous	True	0.3	False	unmatched_array	False	True	False	0.0
SRR33298416.824488	chr3R	Y' Gain	chr3	True	0.3	False		Y' Gain	ambiguous	True	0.3	False	unmatched_array	False	True	False	0.0
SRR33298416.203049	chr3R	Y' Gain	chr3	True	0.3	False		Y' Gain	ambiguous	True	0.3	False	donor_transfer_candidates:4	False	True	False	0.0
SRR33298416.374997	chr3R	Y' Gain	chr3	True	0.3	False		Y' Gain	ambiguous	True	0.3	False	donor_transfer_candidates:4	False	True	False	0.0
SRR33298416.715676	chr3R	Y' Gain	chr14	True	0.33	False		Y' Gain	chr14L	True	0.33	False	donor_transfer_candidates:4	False	True	False	0.0
SRR33298416.1211735	chr3R	Y' Gain	chr14	True	0.33	False		Y' Gain	chr14L	True	0.33	False	donor_transfer_candidates:4	False	True	False	0.0
SRR33298416.594944	chr3R	Y' Gain	chr14	True	0.33	False		Y' Gain	chr14R	True	0.33	False	unmatched_array	False	True	False	0.0
SRR33298416.556528	chr3R	Y' Gain	chr14	True	0.33	False		Y' Gain	chr14L	True	0.33	False	donor_transfer_candidates:4	False	True	False	0.0
SRR33298416.201232	chr3R	Y' Gain	chr14	True	0.33	False		Y' Gain	chr14L	True	0.33	False	donor_transfer_candidates:4	False	True	False	0.0
SRR33298416.59271	chr3R	Y' Gain	chr14	True	0.33	False		Y' Gain	chr14R	True	0.33	False	unmatched_array	False	True	False	0.0
SRR33298416.157315	chr3R	Y' Gain	chr14	True	0.33	False		Y' Gain	chr14R	True	0.33	False	unmatched_array	False	True	False	0.0
SRR33298416.1242944	chr3R	Y' Gain	chr14	True	-0.0041	False		Y' Gain	chr14L	True	-0.0041	False	subtelomere_switch	False	True	False	0.0
SRR33298416.13868	chr3R	Y' Gain	chr14	True	0.3	False		Y' Gain	chr14L	True	0.44	False	donor_transfer	False	True	False	0.14
SRR33298416.76446	chr3R	Y' Gain	chr14	True	0.3	False		Y' Gain	chr14L	True	0.44	False	donor_transfer	False	True	False	0.14
SRR33298416.996360	chr3R	Y' Gain	chr14	True	0.3	False		Y' Gain	chr14L	True	0.44	False	donor_transfer	False	True	False	0.14
SRR33298416.940315	chr3R	Y' Gain	chr14	True	0.3	False		Y' Gain	chr14L	True	0.44	False	donor_transfer	False	True	False	0.14
SRR33298416.119200	chr3R	Y' Gain	chr14	True	0.3	False		Y' Gain	chr14L	True	0.44	False	donor_transfer	False	True	False	0.14
SRR33298416.76140	chr3R	Y' Gain	chr14	True	0.3	False		Y' Gain	chr14L	True	0.44	False	donor_transfer	False	True	False	0.14
SRR33298416.773799	chr3R	Y' Gain	chr14	True	0.33	False		Y' Gain	chr14L	True	0.44	False	donor_transfer	False	True	False	0.11
SRR33298416.924631	chr3R	Y' Gain	chr14	True	0.33	False		Y' Gain	chr14L	True	0.44	False	donor_transfer	False	True	False	0.11
SRR33298416.248842	chr3R	Y' Gain	chr14	True	0.3	False		Y' Gain	chr14L	True	0.44	False	donor_transfer	False	True	False	0.14
SRR33298416.316191	chr3R	Y' Gain	chr7	True	0.33	False		Y' Gain	chr7R	True	0.33	False	single_y_prime_change	False	True	False	0.0
SRR33298416.800208	chr3R	Y' Gain	chr7	True	0.33	False		Y' Gain	chr7R	True	0.33	False	single_y_prime_change	False	True	False	0.0
SRR33298416.372588	chr3R	Y' Gain	chr7	True	0.33	False		Y' Gain	chr7R	True	0.33	False	single_y_prime_change	False	True	False	0.0
SRR33298416.448334	chr3R	Y' Gain	chr7	True	0.33	False		Y' Gain	chr7R	True	0.33	False	single_y_prime_change	False	True	False	0.0
SRR33298416.805371	chr3R	Y' Gain	chr14	True	0.33	False		Y' Gain	chr14R	True	0.33	False	single_y_prime_change	False	True	False	0.0
SRR33298416.519906	chr3R	Y' Gain	chr14	True	0.33	False		Y' Gain	chr14R	True	0.33	False	single_y_prime_change	False	True	False	0.0
SRR33298416.170848	chr3R	Y' Gain	chr7	True	0.33	False		Y' Gain	chr7R	True	0.33	False	single_y_prime_change	False	True	False	0.0
SRR33298416.1214953	chr3R	Y' Gain	chr14	True	0.33	False		Y' Gain	chr14R	True	0.33	False	single_y_prime_change	False	True	False	0.0
SRR33298416.13926	chr3R	Y' Gain	chr7	True	0.33	False		Y' Gain	chr7R	True	0.33	False	single_y_prime_change	False	True	False	0.0
SRR33298416.766614	chr3R	Y' Gain	chr7	True	0.0051	False		Y' Gain	chr7R	True	0.0051	False	subtelomere_switch	False	True	False	0.0
SRR33298416.597024	chr3R	Y' Gain	chr14	True	0.33	False		Y' Gain	chr14R	True	0.33	False	single_y_prime_change	False	True	False	0.0
SRR33298416.588728	chr3R	Y' Gain	chr7	True	0.33	False		Y' Gain	chr7R	True	0.33	False	single_y_prime_change	False	True	False	0.0
SRR33298416.650581	chr3R	Y' Gain	chr14	True	0.33	False		Y' Gain	chr14R	True	0.33	False	single_y_prime_change	False	True	False	0.0
SRR33298416.1206030	chr3R	Y' Gain	chr14	True	-0.0068	False		Y' Gain	chr14R	True	-0.0068	False	subtelomere_switch	False	True	False	0.0
SRR33298416.75673	chr3R	Y' Gain	chr7	True	-0.0012	False		Y' Gain	chr7R	True	-0.0012	False	subtelomere_switch	False	True	False	0.0
SRR33298416.659632	chr3R	Y' Gain	chr7	True	0.33	False		Y' Gain	chr7R	True	0.33	False	single_y_prime_change	False	True	False	0.0
SRR33298416.796239	chr3R	Y' Gain	chr14	True	0.33	False		Y' Gain	chr14R	True	0.33	False	single_y_prime_change	False	True	False	0.0
SRR33298416.318762	chr3R	Y' Gain	chr14	True	0.0091	False		Y' Gain	chr14R	True	0.0091	False	subtelomere_switch	False	True	False	0.0
SRR33298416.256162	chr4L	Y' Gain	chr4	True	0.3	False		Y' Gain	chr14L	True	0.66	False	donor_transfer	False	True	False	0.36
SRR33298416.737649	chr4L	Y' Gain	chr4	True	0.33	False		Y' Gain	chr14L	True	0.44	False	donor_transfer	False	True	False	0.11
SRR33298416.1261592	chr4L	Y' Gain	chr4	True	0.33	False		Y' Gain	chr14L	True	0.66	False	donor_transfer	False	True	False	0.33
SRR33298416.789686	chr4L	Y' Gain	chr4	True	0.33	False		Y' Gain	chr14L	True	0.66	False	donor_transfer	False	True	False	0.33
SRR33298416.799990	chr4L	Y' Gain	chr4	True	0.33	False		Y' Gain	ambiguous	True	0.3	False	unmatched_array	False	True	False	-0.03
SRR33298416.773760	chr4L	Y' Gain	chr4	True	0.33	False		Y' Gain	chr14L	True	0.66	False	donor_transfer	False	True	False	0.33
SRR33298416.220547	chr4L	Y' Gain	chr4	True	0.33	False		Y' Gain	ambiguous	True	0.3	False	unmatched_array	False	True	False	-0.03
SRR33298416.1198819	chr4L	Y' Gain	chr4	True	0.33	False		Y' Gain	chr12R	True	0.33	False	donor_transfer_candidates:2	False	True	False	0.0
SRR33298416.645307	chr4L	Y' Gain	chr4	True	0.33	False		Y' Gain	chr12R	True	0.33	False	donor_transfer_candidates:2	False	True	False	0.0
SRR33298416.365939	chr4L	Y' Gain	chr4	True	0.3	False		Y' Gain	chr14L	True	0.66	False	donor_transfer	False	True	False	0.36
SRR33298416.986867	chr4L	Y' Gain	chr4	True	0.33	False		Y' Gain	chr12R	True	0.33	False	donor_transfer_candidates:2	False	True	False	0.0
SRR33298416.61279	chr4L	Y' Gain	ambiguous	True	0.3	False		Y' Gain	chr12R	True	0.33	False	donor_transfer_candidates:3	False	True	False	0.03
SRR33298416.179761	chr4L	Y' Gain	chr14	True	0.33	False		Y' Gain	chr12R	True	0.33	False	donor_transfer_candidates:3	False	True	False	0.0
SRR33298416.295141	chr4L	Y' Gain	chr14	True	0.33	False		Y' Gain	chr12R	True	0.33	False	donor_transfer_candidates:3	False	True	False	0.0
SRR33298416.448770	chr4L	Y' Gain	ambiguous	True	0.3	False		Y' Gain	chr12R	True	0.33	False	donor_transfer_candidates:3	False	True	False	0.03
SRR33298416.750643	chr4L	Y' Gain	chr14	True	0.33	False		Y' Gain	chr12R	True	0.33	False	donor_transfer_candidates:3	False	True	False	0.0
SRR33298416.368320	chr4L	Y' Gain	chr14	True	0.33	False		Y' Gain	chr14L	True	0.66	False	donor_transfer	False	True	False	0.33
SRR33298416.1106966	chr4L	Y' Gain	chr14	True	0.33	False		Y' Gain	chr14L	True	0.66	False	donor_transfer	False	True	False	0.33
SRR33298416.454067	chr4L	Y' Gain	chr14	True	0.33	False		Y' Gain	chr14L	True	0.33	False	unmatched_array	False	True	False	0.0
SRR33298416.764258	chr4L	Y' Gain	chr14	True	0.33	False		Y' Gain	chr14L	True	0.33	False	unmatched_array	False	True	False	0.0
SRR33298416.750239	chr4L	Y' Gain	chr14	True	0.33	False		Y' Gain	chr14L	True	0.33	False	unmatched_array	False	True	False	0.0
SRR33298416.1126434	chr4L	Y' Gain	chr14	True	0.33	False		Y' Gain	chr14L	True	0.44	False	donor_transfer	False	True	False	0.11
SRR33298416.515405	chr4L	Y' Gain	chr14	True	0.33	False		Y' Gain	chr14L	True	0.33	False	donor_transfer_candidates:4	False	True	False	0.0
SRR33298416.521657	chr4L	Y' Gain	chr14	True	0.33	False		Y' Gain	chr14L	True	0.33	False	donor_transfer_candidates:4	False	True	False	0.0
SRR33298416.1081883	chr4L	Y' Gain	chr14	True	0.3	False		Y' Gain	chr14L	True	0.44	False	donor_transfer	False	True	False	0.14
SRR33298416.720605	chr4L	Y' Gain	chr14	True	0.3	False		Y' Gain	chr14L	True	0.44	False	donor_transfer	False	True	False	0.14
SRR33298416.451005	chr4L	Y' Gain	chr14	True	0.3	False		Y' Gain	chr14L	True	0.44	False	donor_transfer	False	True	False	0.14
SRR33298416.119264	chr4L	Y' Gain	chr14	True	-0.0019	False		Y' Gain	chr14L	True	-0.0021	False	subtelomere_switch	False	True	False	-0.0
SRR33298416.299441	chr4L	Y' Gain	chr14	True	0.3	False		Y' Gain	chr14L	True	0.44	False	donor_transfer	False	True	False	0.14
SRR33298416.91187	chr4L	Y' Gain	chr14	True	0.3	False		Y' Gain	chr14L	True	0.44	False	donor_transfer	False	True	False	0.14
SRR33298416.239331	chr4L	Y' Gain	chr14	True	0.3	False		Y' Gain	chr14L	True	0.44	False	donor_transfer	False	True	False	0.14
SRR33298416.424326	chr4L	Y' Gain	chr14	True	0.33	False		Y' Gain	chr14L	True	0.33	False	single_y_prime_change	False	True	False	0.0
SRR33298416.891648	chr4L	Y' Gain	chr14	True	0.33	False		Y' Gain	chr14L	True	0.33	False	single_y_prime_change	False	True	False	0.0
SRR33298416.171941	chr4L	Y' Gain	chr7	True	-0.0037	False		Y' Gain	chr7R	True	-0.0037	False	subtelomere_switch	False	True	False	0.0
SRR33298416.1193501	chr4L	Y' Gain	chr14	True	0.33	False		Y' Gain	chr14L	True	0.33	False	single_y_prime_change	False	True	False	0.0
SRR33298416.168192	chr4L	Y' Gain	chr14	True	0.33	False		Y' Gain	chr14L	True	0.33	False	single_y_prime_change	False	True	False	0.0
SRR33298416.1237156	chr4L	Y' Gain	chr14	True	0.33	False		Y' Gain	chr14L	True	0.33	False	single_y_prime_change	False	True	False	0.0
SRR33298416.1102873	chr4L	Y' Gain	chr14	True	0.33	False		Y' Gain	chr14L	True	0.33	False	single_y_prime_change	False	True	False	0.0
SRR33298416.555110	chr4L	Y' Gain	chr14	True	0.33	False		Y' Gain	chr14L	True	0.33	False	single_y_prime_change	False	True	False	0.0
SRR33298416.1072772	chr4L	Y' Gain	chr14	True	0.0047	False		Y' Gain	chr14L	True	0.0047	False	subtelomere_switch	False	True	False	0.0
SRR33298416.669603	chr4L	Y' Gain	chr13	True	0.33	False		Y' Gain	chr13L	True	0.33	False	single_y_prime_change	False	True	False	0.0
SRR33298416.179744	chr4L	Y' Gain	chr13	True	0.33	False		Y' Gain	chr13L	True	0.33	False	single_y_prime_change	False	True	False	0.0
SRR33298416.557244	chr4L	Y' Gain	chr13	True	0.33	False		Y' Gain	chr13L	True	0.33	False	single_y_prime_change	False	True	False	0.0
SRR33298416.66903	chr4L	Y' Gain	chr13	True	0.33	False		Y' Gain	chr13L	True	0.33	False	single_y_prime_change	False	True	False	0.0
SRR33298416.168151	chr4R	Y' Gain	chr4	True	0.33	False		Y' Gain	chr4R	True	0.33	False	tandem_amplification_same_end	False	True	False	0.0
SRR33298416.1014681	chr4R	Y' Gain	ambiguous	True	0.3	False		Y' Gain	chr4R	True	0.33	False	tandem_amplification_same_end	False	True	False	0.03
SRR33298416.295846	chr4R	Y' Gain	chr12	True	0.3	False		Y' Gain	chr4R	True	0.33	False	tandem_amplification_same_end	False	True	False	0.03
SRR33298416.462299	chr4R	Y' Gain	chr14	True	0.33	False		Y' Gain	chr14L	True	0.66	False	donor_transfer	False	True	False	0.33
SRR33298416.374453	chr4R	Y' Gain	chr4	True	0.33	False		Y' Gain	chr4R	True	0.33	False	tandem_amplification_same_end	False	True	False	0.0
SRR33298416.212724	chr4R	Y' Gain	chr12	True	0.3	False		Y' Gain	chr4R	True	0.33	False	tandem_amplification_same_end	False	True	False	0.03
SRR33298416.1167072	chr4R	Y' Gain	chr12	True	0.3	False		Y' Gain	chr4R	True	0.33	False	tandem_amplification_same_end	False	True	False	0.03
SRR33298416.219980	chr4R	Y' Gain	ambiguous	True	0.3	False		Y' Gain	chr4R	True	0.33	False	tandem_amplification_same_end	False	True	False	0.03
SRR33298416.294457	chr4R	Y' Gain	chr12	True	0.3	False		Y' Gain	chr4R	True	0.33	False	tandem_amplification_same_end	False	True	False	0.03
SRR33298416.1215474	chr4R	Y' Gain	chr14	True	0.33	False		Y' Gain	chr14L	True	0.33	False	unmatched_array	False	True	False	0.0
SRR33298416.1102519	chr4R	Y' Gain	chr12	True	0.3	False		Y' Gain	chr4R	True	0.33	False	tandem_amplification_same_end	False	True	False	0.03
SRR33298416.544948	chr4R	Y' Gain	ambiguous	True	0.3	False		Y' Gain	chr4R	True	0.33	False	tandem_amplification_same_end	False	True	False	0.03
SRR33298416.550642	chr4R	Y' Gain	ambiguous	True	0.3	False		Y' Gain	chr4R	True	0.33	False	tandem_amplification_same_end	False	True	False	0.03
SRR33298416.356096	chr4R	Y' Gain	chr14	True	0.33	False		Y' Gain	chr14L	True	0.33	False	single_y_prime_change	False	True	False	0.0
SRR33298416.543418	chr4R	Y' Gain	chr14	True	0.33	False		Y' Gain	chr14L	True	0.33	False	single_y_prime_change	False	True	False	0.0
SRR33298416.893245	chr4R	Y' Gain	chr14	True	0.33	False		Y' Gain	chr14L	True	0.33	False	single_y_prime_change	False	True	False	0.0
SRR33298416.1004632	chr4R	Y' Gain	chr16	True	0.33	False		Y' Gain	chr16L	True	0.33	False	single_y_prime_change	False	True	False	0.0
SRR33298416.785334	chr4R	Y' Loss	chr15	True	0.33	False		Y' Loss	chr15R	True	0.33	False	array_contraction	False	True	False	0.0
SRR33298416.480511	chr5L	Y' Gain	chr5	True	0.33	False		Y' Gain	ambiguous	True	0.3	False	donor_transfer_candidates:4	False	True	False	-0.03
SRR33298416.356940	chr5L	1st Y' Change	chr4	True	0.3	False		1st Y' Change	chr12R	True	0.66	False	donor_transfer	False	True	False	0.36
SRR33298416.1158549	chr5L	Y' Gain	chr5	True	0.33	False		Y' Gain	ambiguous	True	0.3	False	unmatched_array	False	True	False	-0.03
SRR33298416.232868	chr5L	Y' Gain	chr5	True	0.33	False		Y' Gain	ambiguous	True	0.3	False	unmatched_array	False	True	False	-0.03
SRR33298416.1051162	chr5L	Y' Gain	chr5	True	0.33	False		Y' Gain	ambiguous	True	0.3	False	donor_transfer_candidates:4	False	True	False	-0.03
SRR33298416.214873	chr5L	Y' Gain	chr5	True	0.33	False		Y' Gain	chr12R	True	0.33	False	donor_transfer_candidates:3	False	True	False	0.0
SRR33298416.582290	chr5L	Y' Gain	chr5	True	0.33	False		Y' Gain	chr12R	True	0.33	False	donor_transfer_candidates:3	False	True	False	0.0
SRR33298416.748002	chr5L	1st Y' Change	chr4	True	0.3	False		1st Y' Change	chr12R	True	0.66	False	donor_transfer	False	True	False	0.36
SRR33298416.713919	chr5L	1st Y' Change	chr4	True	0.3	False		1st Y' Change	chr12R	True	0.66	False	donor_transfer	False	True	False	0.36
SRR33298416.1020736	chr5L	Y' Gain	chr5	True	0.33	False		Y' Gain	ambiguous	True	0.3	False	donor_transfer_candidates:4	False	True	False	-0.03
SRR33298416.95057	chr5L	Y' Gain	chr5	True	0.33	False		Y' Gain	chr14L	True	0.66	False	donor_transfer	False	True	False	0.33
SRR33298416.1131213	chr5L	Y' Gain	chr5	True	0.33	False		Y' Gain	ambiguous	True	0.3	False	unmatched_array	False	True	False	-0.03
SRR33298416.329244	chr5L	Y' Gain	chr5	True	0.33	False		Y' Gain	chr12R	True	0.33	False	donor_transfer_candidates:2	False	True	False	0.0
SRR33298416.197025	chr5L	Y' Gain	chr5	True	0.33	False		Y' Gain	chr12R	True	0.33	False	donor_transfer_candidates:2	False	True	False	0.0
SRR33298416.756973	chr5L	1st Y' Change	chr5	True	0.3	False		1st Y' Change	chr12R	True	0.66	False	donor_transfer	False	True	False	0.36
SRR33298416.212457	chr5L	Y' Gain	chr5	True	0.33	False		Y' Gain	ambiguous	True	0.3	False	donor_transfer_candidates:4	False	True	False	-0.03
SRR33298416.212458	chr5L	Y' Gain	chr5	True	0.33	False		Y' Gain	ambiguous	True	0.3	False	donor_transfer_candidates:4	False	True	False	-0.03
SRR33298416.1167018	chr5L	Y' Gain	chr5	True	0.33	False		Y' Gain	chr14L	True	0.66	False	donor_transfer	False	True	False	0.33
SRR33298416.830383	chr5L	Y' Gain	chr5	True	0.33	False		Y' Gain	chr12R	True	0.33	False	donor_transfer_candidates:2	False	True	False	0.0
SRR33298416.416056	chr5L	Y' Gain	chr5	True	0.33	False		Y' Gain	chr12R	True	0.33	False	donor_transfer_candidates:2	False	True	False	0.0
SRR33298416.1077010	chr5L	Y' Gain	chr5	True	0.33	False		Y' Gain	ambiguous	True	0.3	False	unmatched_array	False	True	False	-0.03
SRR33298416.481943	chr5L	Y' Gain	chr5	True	0.33	False		Y' Gain	chr12R	True	0.33	False	donor_transfer_candidates:2	False	True	False	0.0
SRR33298416.448527	chr5L	Y' Gain	chr5	True	0.33	False		Y' Gain	chr12R	True	0.33	False	donor_transfer_candidates:2	False	True	False	0.0
SRR33298416.582283	chr5L	Y' Gain	chr5	True	0.33	False		Y' Gain	ambiguous	True	0.3	False	donor_transfer_candidates:4	False	True	False	-0.03
SRR33298416.449729	chr5L	1st Y' Change	chr5	True	0.3	False		1st Y' Change	chr14L	True	0.66	False	donor_transfer	False	True	False	0.36
SRR33298416.1158508	chr5L	Y' Gain	chr5	True	0.33	False		Y' Gain	ambiguous	True	0.3	False	donor_transfer_candidates:4	False	True	False	-0.03
SRR33298416.180914	chr5L	1st Y' Change	chr5	True	0.3	False		1st Y' Change	chr12R	True	0.66	False	donor_transfer	False	True	False	0.36
SRR33298416.758528	chr5L	Y' Gain	chr5	True	0.33	False		Y' Gain	chr14L	True	0.44	False	donor_transfer	False	True	False	0.11
SRR33298416.48532	chr5L	1st Y' Change	chr5	True	0.3	False		1st Y' Change	ambiguous	True	0.3	False	unmatched_array	False	True	False	0.0
SRR33298416.259301	chr5L	Y' Gain	chr5	True	0.33	False		Y' Gain	ambiguous	True	0.3	False	unmatched_array	False	True	False	-0.03
SRR33298416.1154644	chr5L	1st Y' Change	chr5	True	0.3	False		1st Y' Change	ambiguous	True	0.3	False	unmatched_array	False	True	False	0.0
SRR33298416.108176	chr5L	Y' Gain	chr5	True	0.33	False		Y' Gain	chr12R	True	0.33	False	donor_transfer_candidates:2	False	True	False	0.0
SRR33298416.774313	chr5L	Y' Gain	chr5	True	0.33	False		Y' Gain	chr12R	True	0.33	False	donor_transfer_candidates:2	False	True	False	0.0
SRR33298416.1173771	chr5L	1st Y' Change	chr5	True	0.3	False		1st Y' Change	chr12R	True	0.66	False	donor_transfer	False	True	False	0.36
SRR33298416.559858	chr5L	1st Y' Change	chr5	True	0.3	False		1st Y' Change	chr12R	True	0.66	False	donor_transfer	False	True	False	0.36
SRR33298416.768114	chr5L	Y' Gain	chr5	True	0.33	False		Y' Gain	ambiguous	True	0.3	False	donor_transfer_candidates:4	False	True	False	-0.03
SRR33298416.469291	chr5L	1st Y' Change	chr5	True	0.3	False		1st Y' Change	chr12R	True	0.66	False	donor_transfer	False	True	False	0.36
SRR33298416.1148900	chr5L	Y' Gain	chr5	True	0.33	False		Y' Gain	chr14L	True	0.44	False	donor_transfer	False	True	False	0.11
SRR33298416.269058	chr5L	Y' Gain	chr5	True	0.33	False		Y' Gain	ambiguous	True	0.3	False	unmatched_array	False	True	False	-0.03
SRR33298416.1102783	chr5L	Y' Gain	chr5	True	0.33	False		Y' Gain	ambiguous	True	0.3	False	donor_transfer_candidates:4	False	True	False	-0.03
SRR33298416.780446	chr5L	Y' Gain	chr5	True	0.33	False		Y' Gain	chr12R	True	0.33	False	donor_transfer_candidates:2	False	True	False	0.0
SRR33298416.1215860	chr5L	Y' Gain	chr5	True	0.33	False		Y' Gain	chr12R	True	0.33	False	donor_transfer_candidates:2	False	True	False	0.0
SRR33298416.897865	chr5L	Y' Gain	chr5	True	0.33	False		Y' Gain	chr12R	True	0.33	False	donor_transfer_candidates:2	False	True	False	0.0
SRR33298416.1241059	chr5L	Y' Gain	chr5	True	0.33	False		Y' Gain	chr12R	True	0.33	False	donor_transfer_candidates:2	False	True	False	0.0
SRR33298416.70423	chr5L	Y' Gain	chr5	True	0.33	False		Y' Gain	chr12R	True	0.33	False	donor_transfer_candidates:2	False	True	False	0.0
SRR33298416.267376	chr5L	1st Y' Change	chr5	True	0.3	False		1st Y' Change	chr12R	True	0.66	False	donor_transfer	False	True	False	0.36
SRR33298416.388941	chr5L	1st Y' Change	chr5	True	0.3	False		1st Y' Change	chr12R	True	0.66	False	donor_transfer	False	True	False	0.36
SRR33298416.572093	chr5L	Y' Gain	chr5	True	0.33	False		Y' Gain	chr12R	True	0.33	False	donor_transfer_candidates:3	False	True	False	0.0
SRR33298416.365866	chr5L	Y' Gain	chr5	True	0.33	False		Y' Gain	ambiguous	True	0.3	False	donor_transfer_candidates:4	False	True	False	-0.03
SRR33298416.1129742	chr5L	Y' Gain	chr5	True	0.33	False		Y' Gain	ambiguous	True	0.3	False	donor_transfer_candidates:4	False	True	False	-0.03
SRR33298416.1170334	chr5L	Y' Gain	chr5	True	0.33	False		Y' Gain	ambiguous	True	0.3	False	unmatched_array	False	True	False	-0.03
SRR33298416.182604	chr5L	Y' Gain	chr5	True	0.33	False		Y' Gain	chr14L	True	0.66	False	donor_transfer	False	True	False	0.33
SRR33298416.1109804	chr5L	Y' Gain	chr5	True	0.33	False		Y' Gain	ambiguous	True	0.3	False	donor_transfer_candidates:4	False	True	False	-0.03
SRR33298416.1041747	chr5L	Y' Gain	chr5	True	0.33	False		Y' Gain	ambiguous	True	0.3	False	unmatched_array	False	True	False	-0.03
SRR33298416.276894	chr5L	Y' Gain	chr5	True	0.33	False		Y' Gain	ambiguous	True	0.3	False	unmatched_array	False	True	False	-0.03
SRR33298416.821715	chr5L	Y' Gain	chr5	True	0.33	False		Y' Gain	chr12R	True	0.33	False	donor_transfer_candidates:3	False	True	False	0.0
SRR33298416.574953	chr5L	Y' Gain	chr5	True	0.33	False		Y' Gain	ambiguous	True	0.3	False	unmatched_array	False	True	False	-0.03
SRR33298416.456342	chr5L	Y' Gain	chr5	True	0.33	False		Y' Gain	chr12R	True	0.33	False	donor_transfer_candidates:3	False	True	False	0.0
SRR33298416.401253	chr5L	Y' Gain	chr5	True	0.33	False		Y' Gain	chr12R	True	0.33	False	donor_transfer_candidates:3	False	True	False	0.0
SRR33298416.1278654	chr5L	Y' Gain	chr5	True	0.33	False		Y' Gain	chr12R	True	0.33	False	donor_transfer_candidates:3	False	True	False	0.0
SRR33298416.924709	chr5L	Y' Gain	chr5	True	0.33	False		Y' Gain	chr12R	True	0.33	False	donor_transfer_candidates:3	False	True	False	0.0
SRR33298416.208298	chr5L	Y' Gain	chr5	True	0.33	False		Y' Gain	chr12R	True	0.33	False	donor_transfer_candidates:3	False	True	False	0.0
SRR33298416.271329	chr5L	Y' Gain	chr5	True	0.33	False		Y' Gain	chr12R	True	0.33	False	donor_transfer_candidates:3	False	True	False	0.0
SRR33298416.1295096	chr5L	Y' Gain	chr5	True	0.33	False		Y' Gain	chr12R	True	0.33	False	donor_transfer_candidates:3	False	True	False	0.0
SRR33298416.1177014	chr5L	Y' Gain	chr5	True	0.33	False		Y' Gain	chr12R	True	0.33	False	donor_transfer_candidates:3	False	True	False	0.0
SRR33298416.140553	chr5L	Y' Gain	chr5	True	0.33	False		Y' Gain	chr12R	True	0.33	False	donor_transfer_candidates:3	False	True	False	0.0
SRR33298416.541633	chr5L	Y' Gain	chr5	True	0.33	False		Y' Gain	chr12R	True	0.33	False	donor_transfer_candidates:3	False	True	False	0.0
SRR33298416.895047	chr5L	Y' Gain	chr5	True	0.33	False		Y' Gain	chr12R	True	0.33	False	donor_transfer_candidates:3	False	True	False	0.0
SRR33298416.508392	chr5L	Y' Gain	chr5	True	0.33	False		Y' Gain	ambiguous	True	0.3	False	unmatched_array	False	True	False	-0.03
SRR33298416.7247	chr5L	Y' Gain	chr5	True	0.33	False		Y' Gain	ambiguous	True	0.3	False	donor_transfer_candidates:4	False	True	False	-0.03
SRR33298416.501419	chr5L	Y' Gain	chr5	True	0.33	False		Y' Gain	ambiguous	True	0.3	False	donor_transfer_candidates:4	False	True	False	-0.03
SRR33298416.1218863	chr5L	Y' Gain	chr5	True	0.33	False		Y' Gain	ambiguous	True	0.3	False	unmatched_array	False	True	False	-0.03
SRR33298416.486842	chr5L	Y' Gain	chr5	True	0.33	False		Y' Gain	ambiguous	True	0.3	False	unmatched_array	False	True	False	-0.03
SRR33298416.107669	chr5L	Y' Gain	chr5	True	0.33	False		Y' Gain	ambiguous	True	0.3	False	unmatched_array	False	True	False	-0.03
SRR33298416.365779	chr5L	Y' Gain	chr5	True	0.33	False		Y' Gain	ambiguous	True	0.3	False	unmatched_array	False	True	False	-0.03
SRR33298416.768110	chr5L	Y' Gain	chr5	True	0.33	False		Y' Gain	ambiguous	True	0.3	False	unmatched_array	False	True	False	-0.03
SRR33298416.1239735	chr5L	1st Y' Change	chr5	True	0.3	False		1st Y' Change	ambiguous	True	0.3	False	unmatched_array	False	True	False	0.0
SRR33298416.514163	chr5L	1st Y' Change	chr5	True	0.3	False		1st Y' Change	ambiguous	True	0.3	False	unmatched_array	False	True	False	0.0
SRR33298416.1064864	chr5L	Y' Gain	chr5	True	0.33	False		Y' Gain	ambiguous	True	0.3	False	unmatched_array	False	True	False	-0.03
SRR33298416.1128138	chr5L	Y' Gain	chr5	True	0.33	False		Y' Gain	ambiguous	True	0.3	False	unmatched_array	False	True	False	-0.03
SRR33298416.486439	chr5L	Y' Gain	chr5	True	0.33	False		Y' Gain	ambiguous	True	0.3	False	donor_transfer_candidates:4	False	True	False	-0.03
SRR33298416.208123	chr5L	Y' Gain	chr5	True	0.33	False		Y' Gain	ambiguous	True	0.3	False	donor_transfer_candidates:4	False	True	False	-0.03
SRR33298416.841245	chr5L	Y' Gain	chr5	True	0.33	False		Y' Gain	ambiguous	True	0.3	False	donor_transfer_candidates:4	False	True	False	-0.03
SRR33298416.1116217	chr5L	Y' Gain	chr5	True	0.33	False		Y' Gain	ambiguous	True	0.3	False	donor_transfer_candidates:4	False	True	False	-0.03
SRR33298416.1202713	chr5L	Y' Gain	chr5	True	0.33	False		Y' Gain	ambiguous	True	0.3	False	donor_transfer_candidates:4	False	True	False	-0.03
SRR33298416.441075	chr5L	Y' Gain	chr5	True	0.33	False		Y' Gain	ambiguous	True	0.3	False	donor_transfer_candidates:4	False	True	False	-0.03
SRR33298416.23690	chr5L	Y' Gain	chr5	True	0.33	False		Y' Gain	ambiguous	True	0.3	False	donor_transfer_candidates:4	False	True	False	-0.03
SRR33298416.1284414	chr5L	Y' Gain	chr5	True	0.33	False		Y' Gain	ambiguous	True	0.3	False	donor_transfer_candidates:4	False	True	False	-0.03
SRR33298416.712331	chr5L	Y' Gain	chr5	True	0.33	False		Y' Gain	ambiguous	True	0.3	False	donor_transfer_candidates:4	False	True	False	-0.03
SRR33298416.337785	chr5L	Y' Gain	chr5	True	0.33	False		Y' Gain	ambiguous	True	0.3	False	donor_transfer_candidates:4	False	True	False	-0.03
SRR33298416.363810	chr5L	Y' Gain	chr5	True	0.33	False		Y' Gain	ambiguous	True	0.3	False	donor_transfer_candidates:4	False	True	False	-0.03
SRR33298416.28050	chr5L	Y' Gain	chr5	True	0.33	False		Y' Gain	ambiguous	True	0.3	False	donor_transfer_candidates:4	False	True	False	-0.03
SRR33298416.1148780	chr5L	Y' Gain	chr5	True	0.33	False		Y' Gain	ambiguous	True	0.3	False	donor_transfer_candidates:4	False	True	False	-0.03
SRR33298416.957689	chr5L	1st Y' Change	chr5	True	0.3	False		1st Y' Change	chr12R	True	0.66	False	donor_transfer	False	True	False	0.36
SRR33298416.661242	chr5L	1st Y' Change	chr5	True	0.3	False		1st Y' Change	chr12R	True	0.66	False	donor_transfer	False	True	False	0.36
SRR33298416.1191542	chr5L	1st Y' Change	chr5	True	0.3	False		1st Y' Change	chr12R	True	0.66	False	donor_transfer	False	True	False	0.36
SRR33298416.1150398	chr5L	Y' Gain	chr5	True	0.33	False		Y' Gain	ambiguous	True	0.3	False	unmatched_array	False	True	False	-0.03
SRR33298416.1284095	chr5L	1st Y' Change	chr5	True	0.3	False		1st Y' Change	chr12R	True	0.66	False	donor_transfer	False	True	False	0.36
SRR33298416.1219921	chr5L	1st Y' Change	chr5	True	0.3	False		1st Y' Change	chr12R	True	0.66	False	donor_transfer	False	True	False	0.36
SRR33298416.820474	chr5L	Y' Gain	chr5	True	0.33	False		Y' Gain	ambiguous	True	0.3	False	unmatched_array	False	True	False	-0.03
SRR33298416.248028	chr5L	Y' Gain	chr5	True	0.33	False		Y' Gain	ambiguous	True	0.3	False	unmatched_array	False	True	False	-0.03
SRR33298416.95121	chr5L	Y' Gain	chr5	True	0.33	False		Y' Gain	ambiguous	True	0.3	False	unmatched_array	False	True	False	-0.03
SRR33298416.568340	chr5L	Y' Gain	chr5	True	0.33	False		Y' Gain	ambiguous	True	0.3	False	unmatched_array	False	True	False	-0.03
SRR33298416.1056475	chr5L	Y' Gain	chr5	True	0.33	False		Y' Gain	ambiguous	True	0.3	False	unmatched_array	False	True	False	-0.03
SRR33298416.855133	chr5L	Y' Gain	chr5	True	0.33	False		Y' Gain	ambiguous	True	0.3	False	unmatched_array	False	True	False	-0.03
SRR33298416.1294134	chr5L	Y' Gain	chr5	True	0.33	False		Y' Gain	ambiguous	True	0.3	False	unmatched_array	False	True	False	-0.03
SRR33298416.863269	chr5L	1st Y' Change	chr5	True	0.33	False		1st Y' Change	ambiguous	True	0.3	False	donor_transfer_candidates:4	False	True	False	-0.03
SRR33298416.1217618	chr5L	1st Y' Change	chr5	True	0.3	False		1st Y' Change	ambiguous	True	0.3	False	unmatched_array	False	True	False	0.0
SRR33298416.111344	chr5L	1st Y' Change	chr5	True	0.3	False		1st Y' Change	chr12R	True	0.44	False	donor_transfer	False	True	False	0.14
SRR33298416.911503	chr5L	Y' Gain	chr5	True	0.33	False		Y' Gain	chr14L	True	0.44	False	donor_transfer	False	True	False	0.11
SRR33298416.745287	chr5L	Y' Gain	chr5	True	0.33	False		Y' Gain	chr14L	True	0.44	False	donor_transfer	False	True	False	0.11
SRR33298416.979139	chr5L	Y' Gain	chr5	True	0.33	False		Y' Gain	ambiguous	True	0.3	False	unmatched_array	False	True	False	-0.03
SRR33298416.1226952	chr5L	Y' Gain	chr5	True	0.33	False		Y' Gain	chr14L	True	0.44	False	donor_transfer	False	True	False	0.11
SRR33298416.579349	chr5L	Y' Gain	chr5	True	0.33	False		Y' Gain	chr14L	True	0.44	False	donor_transfer	False	True	False	0.11
SRR33298416.743413	chr5L	Y' Gain	chr5	True	0.33	False		Y' Gain	chr14L	True	0.44	False	donor_transfer	False	True	False	0.11
SRR33298416.176121	chr5L	1st Y' Change	chr5	True	0.3	False		1st Y' Change	chr12R	True	0.44	False	donor_transfer	False	True	False	0.14
SRR33298416.256099	chr5L	1st Y' Change	chr5	True	0.3	False		1st Y' Change	ambiguous	True	0.3	False	unmatched_array	False	True	False	0.0
SRR33298416.654175	chr5L	Y' Gain	chr5	True	0.33	False		Y' Gain	ambiguous	True	0.3	False	unmatched_array	False	True	False	-0.03
SRR33298416.261234	chr5L	Y' Gain	chr5	True	0.33	False		Y' Gain	ambiguous	True	0.3	False	unmatched_array	False	True	False	-0.03
SRR33298416.695606	chr5L	Y' Gain	chr5	True	0.33	False		Y' Gain	ambiguous	True	0.3	False	unmatched_array	False	True	False	-0.03
SRR33298416.365528	chr5L	1st Y' Change	chr5	True	0.3	False		1st Y' Change	ambiguous	True	0.3	False	unmatched_array	False	True	False	0.0
SRR33298416.1137757	chr5L	Y' Gain	chr5	True	0.33	False		Y' Gain	ambiguous	True	0.3	False	unmatched_array	False	True	False	-0.03
SRR33298416.1118005	chr5L	Y' Gain	chr5	True	0.33	False		Y' Gain	ambiguous	True	0.3	False	unmatched_array	False	True	False	-0.03
SRR33298416.102497	chr5L	Y' Gain	chr5	True	0.33	False		Y' Gain	ambiguous	True	0.3	False	single_y_prime_change	False	True	False	-0.03
SRR33298416.385267	chr5L	1st Y' Change	chr5	True	0.3	False		1st Y' Change	ambiguous	True	0.3	False	unmatched_array	False	True	False	0.0
SRR33298416.151845	chr5L	1st Y' Change	chr5	True	0.3	False		1st Y' Change	ambiguous	True	0.3	False	unmatched_array	False	True	False	0.0
SRR33298416.782833	chr5L	Y' Gain	chr5	True	0.33	False		Y' Gain	ambiguous	True	0.3	False	single_y_prime_change	False	True	False	-0.03
SRR33298416.699740	chr5L	Y' Gain	chr5	True	0.33	False		Y' Gain	ambiguous	True	0.3	False	single_y_prime_change	False	True	False	-0.03
SRR33298416.905600	chr5L	Y' Gain	chr5	True	0.33	False		Y' Gain	ambiguous	True	0.3	False	single_y_prime_change	False	True	False	-0.03
SRR33298416.201476	chr5L	Y' Gain	chr5	True	0.33	False		Y' Gain	ambiguous	True	0.3	False	single_y_prime_change	False	True	False	-0.03
SRR33298416.533485	chr5L	Y' Gain	chr5	True	0.33	False		Y' Gain	ambiguous	True	0.3	False	single_y_prime_change	False	True	False	-0.03
SRR33298416.949075	chr5L	Y' Gain	chr5	True	0.33	False		Y' Gain	ambiguous	True	0.3	False	single_y_prime_change	False	True	False	-0.03
SRR33298416.786822	chr5L	Y' Gain	chr5	True	0.33	False		Y' Gain	ambiguous	True	0.3	False	single_y_prime_change	False	True	False	-0.03
SRR33298416.385608	chr5L	Y' Gain	chr5	True	0.33	False		Y' Gain	ambiguous	True	0.3	False	single_y_prime_change	False	True	False	-0.03
SRR33298416.472802	chr5L	Y' Gain	chr5	True	0.33	False		Y' Gain	ambiguous	True	0.3	False	single_y_prime_change	False	True	False	-0.03
SRR33298416.1005669	chr5L	Y' Gain	chr5	True	0.33	False		Y' Gain	ambiguous	True	0.3	False	single_y_prime_change	False	True	False	-0.03
SRR33298416.344664	chr5L	Y' Gain	chr5	True	0.33	False		Y' Gain	ambiguous	True	0.3	False	single_y_prime_change	False	True	False	-0.03
SRR33298416.246926	chr5L	Y' Gain	chr5	True	0.33	False		Y' Gain	ambiguous	True	0.3	False	single_y_prime_change	False	True	False	-0.03
SRR33298416.486324	chr5L	Y' Gain	chr5	True	0.33	False		Y' Gain	ambiguous	True	0.3	False	single_y_prime_change	False	True	False	-0.03
SRR33298416.966920	chr5L	Y' Gain	chr5	True	0.33	False		Y' Gain	ambiguous	True	0.3	False	single_y_prime_change	False	True	False	-0.03
SRR33298416.932752	chr5L	Y' Gain	chr5	True	0.33	False		Y' Gain	ambiguous	True	0.3	False	single_y_prime_change	False	True	False	-0.03
SRR33298416.468646	chr5L	Y' Gain	chr5	True	0.33	False		Y' Gain	ambiguous	True	0.3	False	single_y_prime_change	False	True	False	-0.03
SRR33298416.257009	chr5L	Y' Gain	chr5	True	0.33	False		Y' Gain	ambiguous	True	0.3	False	single_y_prime_change	False	True	False	-0.03
SRR33298416.56566	chr5L	Y' Gain	chr5	True	0.33	False		Y' Gain	ambiguous	True	0.3	False	single_y_prime_change	False	True	False	-0.03
SRR33298416.133346	chr5L	Y' Gain	chr5	True	0.33	False		Y' Gain	ambiguous	True	0.3	False	single_y_prime_change	False	True	False	-0.03
SRR33298416.412009	chr5L	Y' Gain	chr5	True	0.33	False		Y' Gain	ambiguous	True	0.3	False	single_y_prime_change	False	True	False	-0.03
SRR33298416.621704	chr5L	Y' Gain	chr5	True	0.33	False		Y' Gain	ambiguous	True	0.3	False	single_y_prime_change	False	True	False	-0.03
SRR33298416.638958	chr5L	Y' Gain	chr5	True	0.33	False		Y' Gain	ambiguous	True	0.3	False	single_y_prime_change	False	True	False	-0.03
SRR33298416.602192	chr5L	Y' Gain	chr5	True	0.33	False		Y' Gain	ambiguous	True	0.3	False	single_y_prime_change	False	True	False	-0.03
SRR33298416.726888	chr5L	Y' Gain	chr5	True	0.33	False		Y' Gain	ambiguous	True	0.3	False	single_y_prime_change	False	True	False	-0.03
SRR33298416.42117	chr5L	Y' Gain	chr5	True	0.33	False		Y' Gain	ambiguous	True	0.3	False	single_y_prime_change	False	True	False	-0.03
SRR33298416.328673	chr5L	Y' Gain	chr5	True	0.33	False		Y' Gain	ambiguous	True	0.3	False	single_y_prime_change	False	True	False	-0.03
SRR33298416.75670	chr5L	Y' Gain	chr5	True	0.33	False		Y' Gain	ambiguous	True	0.3	False	single_y_prime_change	False	True	False	-0.03
SRR33298416.427959	chr5L	Y' Gain	chr5	True	0.33	False		Y' Gain	ambiguous	True	0.3	False	single_y_prime_change	False	True	False	-0.03
SRR33298416.925714	chr5L	Y' Gain	chr5	True	0.33	False		Y' Gain	ambiguous	True	0.3	False	single_y_prime_change	False	True	False	-0.03
SRR33298416.1033460	chr5L	Y' Gain	chr5	True	0.33	False		Y' Gain	ambiguous	True	0.3	False	single_y_prime_change	False	True	False	-0.03
SRR33298416.114812	chr5L	Y' Gain	chr5	True	0.33	False		Y' Gain	ambiguous	True	0.3	False	single_y_prime_change	False	True	False	-0.03
SRR33298416.208621	chr5L	1st Y' Change	chr5	True	0.3	False		1st Y' Change	chr12R	True	0.44	False	donor_transfer	False	True	False	0.14
SRR33298416.179843	chr5L	1st Y' Change	chr5	True	0.3	False		1st Y' Change	chr12R	True	0.44	False	donor_transfer	False	True	False	0.14
SRR33298416.956946	chr5L	1st Y' Change	chr5	True	0.3	False		1st Y' Change	chr12R	True	0.44	False	donor_transfer	False	True	False	0.14
SRR33298416.967868	chr5L	1st Y' Change	chr5	True	0.3	False		1st Y' Change	chr12R	True	0.44	False	donor_transfer	False	True	False	0.14
SRR33298416.340227	chr5L	1st Y' Change	chr5	True	0.3	False		1st Y' Change	chr12R	True	0.44	False	donor_transfer	False	True	False	0.14
SRR33298416.635414	chr5L	1st Y' Change	chr5	True	0.33	False		1st Y' Change	ambiguous	True	0.3	False	unmatched_array	False	True	False	-0.03
SRR33298416.575009	chr5L	1st Y' Change	chr14	True	0.33	False		1st Y' Change	chr14L	True	0.44	False	donor_transfer	False	True	False	0.11
SRR33298416.1159532	chr5L	1st Y' Change	chr12	True	0.33	False		1st Y' Change	chr12R	True	0.33	False	unmatched_array	False	True	False	0.0
SRR33298416.563742	chr5R	Y' Gain	chr5	True	0.33	False		Y' Gain	ambiguous	True	0.3	False	donor_transfer_candidates:4	False	True	False	-0.03
SRR33298416.288008	chr5R	Y' Gain	chr4	True	0.33	False		Y' Gain	chr14L	True	0.66	False	donor_transfer	False	True	False	0.33
SRR33298416.443707	chr5R	Y' Gain	chr5	True	0.33	False		Y' Gain	ambiguous	True	0.3	False	donor_transfer_candidates:4	False	True	False	-0.03
SRR33298416.195133	chr5R	Y' Gain	chr5	True	0.33	False		Y' Gain	ambiguous	True	0.3	False	donor_transfer_candidates:4	False	True	False	-0.03
SRR33298416.1203893	chr5R	Y' Gain	chr5	True	0.33	False		Y' Gain	ambiguous	True	0.3	False	donor_transfer_candidates:4	False	True	False	-0.03
SRR33298416.774538	chr5R	Y' Gain	chr5	True	0.33	False		Y' Gain	chr12R	True	0.33	False	donor_transfer_candidates:2	False	True	False	0.0
SRR33298416.481117	chr5R	Y' Gain	chr5	True	0.33	False		Y' Gain	ambiguous	True	0.3	False	unmatched_array	False	True	False	-0.03
SRR33298416.1160580	chr5R	Y' Gain	chr5	True	0.33	False		Y' Gain	chr12R	True	0.33	False	donor_transfer_candidates:2	False	True	False	0.0
SRR33298416.1144109	chr5R	Y' Gain	chr5	True	0.33	False		Y' Gain	ambiguous	True	0.3	False	unmatched_array	False	True	False	-0.03
SRR33298416.533917	chr5R	Y' Gain	chr5	True	0.33	False		Y' Gain	chr14L	True	0.66	False	donor_transfer	False	True	False	0.33
SRR33298416.311093	chr5R	Y' Gain	chr5	True	0.33	False		Y' Gain	chr14L	True	0.66	False	donor_transfer	False	True	False	0.33
SRR33298416.1021932	chr5R	Y' Gain	chr5	True	0.33	False		Y' Gain	chr12R	True	0.33	False	donor_transfer_candidates:2	False	True	False	0.0
SRR33298416.822980	chr5R	Y' Gain	chr5	True	0.33	False		Y' Gain	chr12R	True	0.33	False	donor_transfer_candidates:2	False	True	False	0.0
SRR33298416.44686	chr5R	Y' Gain	chr5	True	0.33	False		Y' Gain	chr14L	True	0.66	False	donor_transfer	False	True	False	0.33
SRR33298416.32962	chr5R	Y' Gain	chr5	True	0.33	False		Y' Gain	chr12R	True	0.33	False	donor_transfer_candidates:3	False	True	False	0.0
SRR33298416.860799	chr5R	Y' Gain	chr5	True	0.33	False		Y' Gain	chr14L	True	0.44	False	donor_transfer	False	True	False	0.11
SRR33298416.1005819	chr5R	Y' Gain	chr5	True	0.33	False		Y' Gain	chr12R	True	0.33	False	donor_transfer_candidates:2	False	True	False	0.0
SRR33298416.137736	chr5R	Y' Gain	chr5	True	0.33	False		Y' Gain	chr12R	True	0.33	False	donor_transfer_candidates:2	False	True	False	0.0
SRR33298416.1010431	chr5R	Y' Gain	chr5	True	0.33	False		Y' Gain	chr12R	True	0.33	False	donor_transfer_candidates:2	False	True	False	0.0
SRR33298416.450000	chr5R	Y' Gain	chr5	True	0.33	False		Y' Gain	chr12R	True	0.33	False	donor_transfer_candidates:2	False	True	False	0.0
SRR33298416.961919	chr5R	Y' Gain	chr5	True	0.33	False		Y' Gain	chr14L	True	0.44	False	donor_transfer	False	True	False	0.11
SRR33298416.1084478	chr5R	Y' Gain	ambiguous	True	0.3	False		Y' Gain	chr14L	True	0.44	False	donor_transfer	False	True	False	0.14
SRR33298416.919484	chr5R	Y' Gain	chr5	True	0.33	False		Y' Gain	ambiguous	True	0.3	False	unmatched_array	False	True	False	-0.03
SRR33298416.318509	chr5R	Y' Gain	chr5	True	0.33	False		Y' Gain	ambiguous	True	0.3	False	unmatched_array	False	True	False	-0.03
SRR33298416.868494	chr5R	1st Y' Change	chr5	True	0.3	False		1st Y' Change	ambiguous	True	0.3	False	unmatched_array	False	True	False	0.0
SRR33298416.439899	chr5R	Y' Gain	chr5	True	0.33	False		Y' Gain	chr12R	True	0.33	False	donor_transfer_candidates:2	False	True	False	0.0
SRR33298416.54189	chr5R	Y' Gain	chr5	True	0.33	False		Y' Gain	chr12R	True	0.33	False	donor_transfer_candidates:2	False	True	False	0.0
SRR33298416.1180766	chr5R	Y' Gain	chr5	True	0.33	False		Y' Gain	chr12R	True	0.33	False	donor_transfer_candidates:2	False	True	False	0.0
SRR33298416.733549	chr5R	Y' Gain	chr5	True	0.33	False		Y' Gain	chr12R	True	0.33	False	donor_transfer_candidates:2	False	True	False	0.0
SRR33298416.264592	chr5R	Y' Gain	chr5	True	0.33	False		Y' Gain	chr12R	True	0.33	False	donor_transfer_candidates:2	False	True	False	0.0
SRR33298416.199389	chr5R	Y' Gain	chr5	True	0.33	False		Y' Gain	chr12R	True	0.33	False	donor_transfer_candidates:2	False	True	False	0.0
SRR33298416.643668	chr5R	Y' Gain	chr5	True	0.33	False		Y' Gain	chr12R	True	0.33	False	donor_transfer_candidates:2	False	True	False	0.0
SRR33298416.541712	chr5R	Y' Gain	chr5	True	0.33	False		Y' Gain	chr12R	True	0.33	False	donor_transfer_candidates:2	False	True	False	0.0
SRR33298416.266692	chr5R	Y' Gain	chr5	True	0.33	False		Y' Gain	chr12R	True	0.33	False	donor_transfer_candidates:2	False	True	False	0.0
SRR33298416.492251	chr5R	Y' Gain	chr5	True	0.33	False		Y' Gain	chr12R	True	0.33	False	donor_transfer_candidates:2	False	True	False	0.0
SRR33298416.289732	chr5R	Y' Gain	chr5	True	0.33	False		Y' Gain	ambiguous	True	0.3	False	donor_transfer_candidates:4	False	True	False	-0.03
SRR33298416.366389	chr5R	Y' Gain	chr5	True	0.33	False		Y' Gain	ambiguous	True	0.3	False	unmatched_array	False	True	False	-0.03
SRR33298416.1064045	chr5R	Y' Gain	chr5	True	0.33	False		Y' Gain	ambiguous	True	0.3	False	unmatched_array	False	True	False	-0.03
SRR33298416.396636	chr5R	Y' Gain	chr5	True	0.33	False		Y' Gain	chr12R	True	0.33	False	donor_transfer_candidates:3	False	True	False	0.0
SRR33298416.35601	chr5R	Y' Gain	chr5	True	0.33	False		Y' Gain	chr12R	True	0.33	False	donor_transfer_candidates:3	False	True	False	0.0
SRR33298416.951786	chr5R	Y' Gain	chr5	True	0.33	False		Y' Gain	ambiguous	True	0.3	False	unmatched_array	False	True	False	-0.03
SRR33298416.475601	chr5R	Y' Gain	chr5	True	0.33	False		Y' Gain	chr12R	True	0.33	False	donor_transfer_candidates:3	False	True	False	0.0
SRR33298416.65134	chr5R	Y' Gain	chr5	True	0.33	False		Y' Gain	chr12R	True	0.33	False	donor_transfer_candidates:3	False	True	False	0.0
SRR33298416.369120	chr5R	Y' Gain	chr5	True	0.33	False		Y' Gain	chr12R	True	0.33	False	donor_transfer_candidates:3	False	True	False	0.0
SRR33298416.579635	chr5R	Y' Gain	chr5	True	0.33	False		Y' Gain	chr12R	True	0.33	False	donor_transfer_candidates:3	False	True	False	0.0
SRR33298416.389673	chr5R	Y' Gain	chr5	True	0.33	False		Y' Gain	chr12R	True	0.33	False	donor_transfer_candidates:3	False	True	False	0.0
SRR33298416.106420	chr5R	Y' Gain	chr5	True	0.33	False		Y' Gain	chr12R	True	0.33	False	donor_transfer_candidates:3	False	True	False	0.0
SRR33298416.582359	chr5R	Y' Gain	chr5	True	0.33	False		Y' Gain	chr12R	True	0.33	False	donor_transfer_candidates:3	False	True	False	0.0
SRR33298416.1070570	chr5R	Y' Gain	chr5	True	0.33	False		Y' Gain	chr12R	True	0.33	False	donor_transfer_candidates:3	False	True	False	0.0
SRR33298416.782330	chr5R	Y' Gain	chr5	True	0.33	False		Y' Gain	chr12R	True	0.33	False	donor_transfer_candidates:3	False	True	False	0.0
SRR33298416.250280	chr5R	Y' Gain	chr5	True	0.33	False		Y' Gain	chr12R	True	0.33	False	donor_transfer_candidates:3	False	True	False	0.0
SRR33298416.67711	chr5R	Y' Gain	chr5	True	0.33	False		Y' Gain	chr12R	True	0.33	False	donor_transfer_candidates:3	False	True	False	0.0
SRR33298416.821181	chr5R	Y' Gain	chr5	True	0.33	False		Y' Gain	ambiguous	True	0.3	False	unmatched_array	False	True	False	-0.03
SRR33298416.1266944	chr5R	Y' Gain	chr5	True	0.33	False		Y' Gain	chr14L	True	0.66	False	donor_transfer	False	True	False	0.33
SRR33298416.42493	chr5R	Y' Gain	chr5	True	0.33	False		Y' Gain	ambiguous	True	0.3	False	unmatched_array	False	True	False	-0.03
SRR33298416.1095134	chr5R	Y' Gain	chr5	True	0.33	False		Y' Gain	ambiguous	True	0.3	False	unmatched_array	False	True	False	-0.03
SRR33298416.258173	chr5R	Y' Gain	chr5	True	0.33	False		Y' Gain	ambiguous	True	0.3	False	unmatched_array	False	True	False	-0.03
SRR33298416.445246	chr5R	Y' Gain	chr5	True	0.33	False		Y' Gain	chr14L	True	0.44	False	donor_transfer	False	True	False	0.11
SRR33298416.555056	chr5R	Y' Gain	chr5	True	0.33	False		Y' Gain	ambiguous	True	0.3	False	unmatched_array	False	True	False	-0.03
SRR33298416.88853	chr5R	Y' Gain	chr5	True	0.33	False		Y' Gain	chr14L	True	0.44	False	donor_transfer	False	True	False	0.11
SRR33298416.568876	chr5R	Y' Gain	chr5	True	0.33	False		Y' Gain	ambiguous	True	0.3	False	unmatched_array	False	True	False	-0.03
SRR33298416.1085212	chr5R	Y' Gain	chr5	True	0.33	False		Y' Gain	ambiguous	True	0.3	False	unmatched_array	False	True	False	-0.03
SRR33298416.1284960	chr5R	Y' Gain	chr5	True	0.33	False		Y' Gain	ambiguous	True	0.3	False	unmatched_array	False	True	False	-0.03
SRR33298416.67067	chr5R	Y' Gain	chr5	True	0.33	False		Y' Gain	ambiguous	True	0.3	False	unmatched_array	False	True	False	-0.03
SRR33298416.389033	chr5R	Y' Gain	chr5	True	0.33	False		Y' Gain	ambiguous	True	0.3	False	unmatched_array	False	True	False	-0.03
SRR33298416.1209334	chr5R	Y' Gain	chr5	True	0.33	False		Y' Gain	ambiguous	True	0.3	False	unmatched_array	False	True	False	-0.03
SRR33298416.322618	chr5R	1st Y' Change	chr5	True	0.3	False		1st Y' Change	ambiguous	True	0.3	False	unmatched_array	False	True	False	0.0
SRR33298416.371524	chr5R	1st Y' Change	chr5	True	0.3	False		1st Y' Change	ambiguous	True	0.3	False	unmatched_array	False	True	False	0.0
SRR33298416.755814	chr5R	Y' Gain	chr5	True	0.33	False		Y' Gain	ambiguous	True	0.3	False	unmatched_array	False	True	False	-0.03
SRR33298416.564488	chr5R	Y' Gain	chr5	True	0.33	False		Y' Gain	ambiguous	True	0.3	False	unmatched_array	False	True	False	-0.03
SRR33298416.890335	chr5R	Y' Gain	chr5	True	0.33	False		Y' Gain	ambiguous	True	0.3	False	donor_transfer_candidates:4	False	True	False	-0.03
SRR33298416.1068318	chr5R	Y' Gain	chr5	True	0.33	False		Y' Gain	ambiguous	True	0.3	False	donor_transfer_candidates:4	False	True	False	-0.03
SRR33298416.699800	chr5R	Y' Gain	chr5	True	0.33	False		Y' Gain	ambiguous	True	0.3	False	donor_transfer_candidates:4	False	True	False	-0.03
SRR33298416.1088376	chr5R	Y' Gain	chr5	True	0.33	False		Y' Gain	ambiguous	True	0.3	False	donor_transfer_candidates:4	False	True	False	-0.03
SRR33298416.1101463	chr5R	Y' Gain	chr5	True	0.33	False		Y' Gain	ambiguous	True	0.3	False	donor_transfer_candidates:4	False	True	False	-0.03
SRR33298416.281794	chr5R	Y' Gain	chr5	True	0.33	False		Y' Gain	ambiguous	True	0.3	False	donor_transfer_candidates:4	False	True	False	-0.03
SRR33298416.1182118	chr5R	Y' Gain	chr5	True	0.33	False		Y' Gain	ambiguous	True	0.3	False	donor_transfer_candidates:4	False	True	False	-0.03
SRR33298416.775636	chr5R	Y' Gain	chr5	True	0.33	False		Y' Gain	ambiguous	True	0.3	False	donor_transfer_candidates:4	False	True	False	-0.03
SRR33298416.213467	chr5R	Y' Gain	chr5	True	0.33	False		Y' Gain	ambiguous	True	0.3	False	donor_transfer_candidates:4	False	True	False	-0.03
SRR33298416.758252	chr5R	Y' Gain	chr5	True	0.33	False		Y' Gain	ambiguous	True	0.3	False	donor_transfer_candidates:4	False	True	False	-0.03
SRR33298416.1243351	chr5R	Y' Gain	chr5	True	0.33	False		Y' Gain	ambiguous	True	0.3	False	donor_transfer_candidates:4	False	True	False	-0.03
SRR33298416.685674	chr5R	Y' Gain	chr5	True	0.33	False		Y' Gain	ambiguous	True	0.3	False	donor_transfer_candidates:4	False	True	False	-0.03
SRR33298416.688109	chr5R	Y' Gain	chr5	True	0.33	False		Y' Gain	ambiguous	True	0.3	False	donor_transfer_candidates:4	False	True	False	-0.03
SRR33298416.571178	chr5R	Y' Gain	chr5	True	0.33	False		Y' Gain	ambiguous	True	0.3	False	donor_transfer_candidates:4	False	True	False	-0.03
SRR33298416.791617	chr5R	Y' Gain	chr5	True	0.33	False		Y' Gain	ambiguous	True	0.3	False	donor_transfer_candidates:4	False	True	False	-0.03
SRR33298416.607072	chr5R	Y' Gain	chr5	True	0.33	False		Y' Gain	ambiguous	True	0.3	False	donor_transfer_candidates:4	False	True	False	-0.03
SRR33298416.956065	chr5R	Y' Gain	chr5	True	0.33	False		Y' Gain	ambiguous	True	0.3	False	donor_transfer_candidates:4	False	True	False	-0.03
SRR33298416.555175	chr5R	Y' Gain	chr5	True	0.33	False		Y' Gain	ambiguous	True	0.3	False	donor_transfer_candidates:4	False	True	False	-0.03
SRR33298416.486769	chr5R	Y' Gain	chr5	True	0.33	False		Y' Gain	ambiguous	True	0.3	False	donor_transfer_candidates:4	False	True	False	-0.03
SRR33298416.31016	chr5R	Y' Gain	chr5	True	0.33	False		Y' Gain	ambiguous	True	0.3	False	donor_transfer_candidates:4	False	True	False	-0.03
SRR33298416.83324	chr5R	Y' Gain	chr5	True	0.33	False		Y' Gain	ambiguous	True	0.3	False	unmatched_array	False	True	False	-0.03
SRR33298416.1159766	chr5R	Y' Gain	chr5	True	0.33	False		Y' Gain	ambiguous	True	0.3	False	donor_transfer_candidates:4	False	True	False	-0.03
SRR33298416.446968	chr5R	Y' Gain	chr5	True	0.33	False		Y' Gain	ambiguous	True	0.3	False	unmatched_array	False	True	False	-0.03
SRR33298416.863119	chr5R	Y' Gain	chr5	True	0.33	False		Y' Gain	ambiguous	True	0.3	False	unmatched_array	False	True	False	-0.03
SRR33298416.671951	chr5R	Y' Gain	chr5	True	0.33	False		Y' Gain	ambiguous	True	0.3	False	unmatched_array	False	True	False	-0.03
SRR33298416.631272	chr5R	Y' Gain	chr5	True	0.33	False		Y' Gain	ambiguous	True	0.3	False	unmatched_array	False	True	False	-0.03
SRR33298416.1018483	chr5R	Y' Gain	chr5	True	0.33	False		Y' Gain	ambiguous	True	0.3	False	unmatched_array	False	True	False	-0.03
SRR33298416.97632	chr5R	1st Y' Change	chr5	True	0.3	False		1st Y' Change	ambiguous	True	0.3	False	unmatched_array	False	True	False	0.0
SRR33298416.68618	chr5R	1st Y' Change	chr5	True	0.3	False		1st Y' Change	ambiguous	True	0.3	False	unmatched_array	False	True	False	0.0
SRR33298416.145176	chr5R	Y' Gain	chr5	True	0.33	False		Y' Gain	chr14L	True	0.44	False	donor_transfer	False	True	False	0.11
SRR33298416.1154467	chr5R	Y' Gain	chr5	True	0.33	False		Y' Gain	chr14L	True	0.44	False	donor_transfer	False	True	False	0.11
SRR33298416.44860	chr5R	Y' Gain	chr5	True	0.33	False		Y' Gain	chr14L	True	0.44	False	donor_transfer	False	True	False	0.11
SRR33298416.162582	chr5R	Y' Gain	chr5	True	0.33	False		Y' Gain	chr14L	True	0.44	False	donor_transfer	False	True	False	0.11
SRR33298416.1179093	chr5R	Y' Gain	chr5	True	0.33	False		Y' Gain	ambiguous	True	0.3	False	unmatched_array	False	True	False	-0.03
SRR33298416.738391	chr5R	Y' Gain	chr5	True	0.33	False		Y' Gain	ambiguous	True	0.3	False	unmatched_array	False	True	False	-0.03
SRR33298416.1197009	chr5R	Y' Gain	chr5	True	0.33	False		Y' Gain	ambiguous	True	0.3	False	unmatched_array	False	True	False	-0.03
SRR33298416.1089366	chr5R	Y' Gain	chr5	True	0.33	False		Y' Gain	ambiguous	True	0.3	False	unmatched_array	False	True	False	-0.03
SRR33298416.1233740	chr5R	Y' Gain	chr5	True	0.33	False		Y' Gain	ambiguous	True	0.3	False	unmatched_array	False	True	False	-0.03
SRR33298416.551534	chr5R	Y' Gain	chr5	True	0.33	False		Y' Gain	ambiguous	True	0.3	False	unmatched_array	False	True	False	-0.03
SRR33298416.1295904	chr5R	Y' Gain	chr5	True	0.33	False		Y' Gain	ambiguous	True	0.3	False	unmatched_array	False	True	False	-0.03
SRR33298416.261639	chr5R	1st Y' Change	chr5	True	0.3	False		1st Y' Change	ambiguous	True	0.3	False	unmatched_array	False	True	False	0.0
SRR33298416.72707	chr5R	Y' Gain	chr5	True	0.33	False		Y' Gain	ambiguous	True	0.3	False	unmatched_array	False	True	False	-0.03
SRR33298416.207938	chr5R	Y' Gain	chr5	True	0.33	False		Y' Gain	ambiguous	True	0.3	False	unmatched_array	False	True	False	-0.03
SRR33298416.120506	chr5R	Y' Gain	chr5	True	0.33	False		Y' Gain	ambiguous	True	0.3	False	unmatched_array	False	True	False	-0.03
SRR33298416.1191028	chr5R	Y' Gain	chr5	True	0.33	False		Y' Gain	ambiguous	True	0.3	False	unmatched_array	False	True	False	-0.03
SRR33298416.892440	chr5R	Y' Gain	chr5	True	0.33	False		Y' Gain	ambiguous	True	0.3	False	unmatched_array	False	True	False	-0.03
SRR33298416.874058	chr5R	Y' Gain	chr5	True	0.33	False		Y' Gain	ambiguous	True	0.3	False	unmatched_array	False	True	False	-0.03
SRR33298416.170105	chr5R	Y' Gain	chr5	True	0.33	False		Y' Gain	ambiguous	True	0.3	False	unmatched_array	False	True	False	-0.03
SRR33298416.392814	chr5R	Y' Gain	chr5	True	0.33	False		Y' Gain	ambiguous	True	0.3	False	single_y_prime_change	False	True	False	-0.03
SRR33298416.443338	chr5R	Y' Gain	chr14	True	0.33	False		Y' Gain	chr14L	True	0.33	False	single_y_prime_change	False	True	False	0.0
SRR33298416.486049	chr5R	Y' Gain	chr14	True	0.33	False		Y' Gain	chr14L	True	0.33	False	single_y_prime_change	False	True	False	0.0
SRR33298416.501650	chr5R	Y' Gain	chr14	True	0.33	False		Y' Gain	chr14L	True	0.33	False	single_y_prime_change	False	True	False	0.0
SRR33298416.371730	chr5R	Y' Gain	chr14	True	0.33	False		Y' Gain	chr14L	True	0.33	False	single_y_prime_change	False	True	False	0.0
SRR33298416.1024086	chr5R	Y' Gain	chr14	True	0.33	False		Y' Gain	chr14L	True	0.33	False	single_y_prime_change	False	True	False	0.0
SRR33298416.738462	chr5R	Y' Gain	chr5	True	0.33	False		Y' Gain	ambiguous	True	0.3	False	single_y_prime_change	False	True	False	-0.03
SRR33298416.1186121	chr5R	Y' Gain	chr14	True	0.33	False		Y' Gain	chr14L	True	0.33	False	single_y_prime_change	False	True	False	0.0
SRR33298416.1122137	chr5R	Y' Gain	chr14	True	0.33	False		Y' Gain	chr14L	True	0.33	False	single_y_prime_change	False	True	False	0.0
SRR33298416.713785	chr5R	Y' Gain	chr14	True	0.33	False		Y' Gain	chr14L	True	0.33	False	single_y_prime_change	False	True	False	0.0
SRR33298416.255821	chr5R	Y' Gain	chr14	True	0.33	False		Y' Gain	chr14L	True	0.33	False	single_y_prime_change	False	True	False	0.0
SRR33298416.263880	chr5R	Y' Gain	chr5	True	0.33	False		Y' Gain	ambiguous	True	0.3	False	single_y_prime_change	False	True	False	-0.03
SRR33298416.105031	chr5R	Y' Gain	chr5	True	0.33	False		Y' Gain	ambiguous	True	0.3	False	single_y_prime_change	False	True	False	-0.03
SRR33298416.838952	chr5R	Y' Gain	chr5	True	0.33	False		Y' Gain	ambiguous	True	0.3	False	single_y_prime_change	False	True	False	-0.03
SRR33298416.378746	chr5R	Y' Gain	chr14	True	0.33	False		Y' Gain	chr14L	True	0.33	False	single_y_prime_change	False	True	False	0.0
SRR33298416.868596	chr5R	Y' Gain	chr14	True	0.33	False		Y' Gain	chr14L	True	0.33	False	single_y_prime_change	False	True	False	0.0
SRR33298416.640413	chr5R	Y' Gain	chr14	True	0.33	False		Y' Gain	chr14L	True	0.33	False	single_y_prime_change	False	True	False	0.0
SRR33298416.1122831	chr5R	Y' Gain	chr14	True	0.33	False		Y' Gain	chr14L	True	0.33	False	single_y_prime_change	False	True	False	0.0
SRR33298416.500816	chr5R	Y' Gain	chr14	True	0.33	False		Y' Gain	chr14L	True	0.33	False	single_y_prime_change	False	True	False	0.0
SRR33298416.830739	chr5R	Y' Gain	chr16	True	0.33	False		Y' Gain	chr16L	True	0.33	False	single_y_prime_change	False	True	False	0.0
SRR33298416.1135203	chr5R	Y' Gain	chr14	True	0.33	False		Y' Gain	chr14L	True	0.33	False	single_y_prime_change	False	True	False	0.0
SRR33298416.198200	chr5R	Y' Gain	chr16	True	0.33	False		Y' Gain	chr16L	True	0.33	False	single_y_prime_change	False	True	False	0.0
SRR33298416.922150	chr5R	Y' Gain	chr14	True	0.33	False		Y' Gain	chr14L	True	0.33	False	single_y_prime_change	False	True	False	0.0
SRR33298416.854833	chr5R	Y' Gain	chr14	True	0.33	False		Y' Gain	chr14L	True	0.33	False	single_y_prime_change	False	True	False	0.0
SRR33298416.74461	chr5R	Y' Gain	chr16	True	0.33	False		Y' Gain	chr16L	True	0.33	False	single_y_prime_change	False	True	False	0.0
SRR33298416.427534	chr5R	Y' Gain	chr14	True	0.33	False		Y' Gain	chr14L	True	0.33	False	single_y_prime_change	False	True	False	0.0
SRR33298416.483605	chr5R	Y' Gain	chr14	True	0.33	False		Y' Gain	chr14L	True	0.33	False	single_y_prime_change	False	True	False	0.0
SRR33298416.1069457	chr5R	Y' Gain	chr14	True	0.33	False		Y' Gain	chr14L	True	0.33	False	single_y_prime_change	False	True	False	0.0
SRR33298416.354875	chr5R	Y' Gain	chr14	True	0.33	False		Y' Gain	chr14L	True	0.33	False	single_y_prime_change	False	True	False	0.0
SRR33298416.819624	chr5R	Y' Gain	chr5	True	0.33	False		Y' Gain	ambiguous	True	0.3	False	single_y_prime_change	False	True	False	-0.03
SRR33298416.643294	chr5R	Y' Gain	chr14	True	0.33	False		Y' Gain	chr14L	True	0.33	False	single_y_prime_change	False	True	False	0.0
SRR33298416.1240740	chr5R	Y' Gain	chr16	True	0.33	False		Y' Gain	chr16L	True	0.33	False	single_y_prime_change	False	True	False	0.0
SRR33298416.585983	chr5R	Y' Gain	chr14	True	0.33	False		Y' Gain	chr14L	True	0.33	False	single_y_prime_change	False	True	False	0.0
SRR33298416.1246825	chr5R	Y' Gain	chr14	True	0.33	False		Y' Gain	chr14L	True	0.33	False	single_y_prime_change	False	True	False	0.0
SRR33298416.1201312	chr5R	Y' Gain	chr14	True	0.33	False		Y' Gain	chr14L	True	0.33	False	single_y_prime_change	False	True	False	0.0
SRR33298416.914770	chr5R	Y' Gain	chr14	True	0.33	False		Y' Gain	chr14L	True	0.33	False	single_y_prime_change	False	True	False	0.0
SRR33298416.1161841	chr5R	Y' Gain	chr14	True	0.33	False		Y' Gain	chr14L	True	0.33	False	single_y_prime_change	False	True	False	0.0
SRR33298416.1181667	chr5R	Y' Gain	chr14	True	0.33	False		Y' Gain	chr14L	True	0.33	False	single_y_prime_change	False	True	False	0.0
SRR33298416.1268977	chr5R	Y' Gain	chr14	True	0.33	False		Y' Gain	chr14L	True	0.33	False	single_y_prime_change	False	True	False	0.0
SRR33298416.1166138	chr5R	Y' Gain	chr16	True	0.33	False		Y' Gain	chr16L	True	0.33	False	single_y_prime_change	False	True	False	0.0
SRR33298416.64629	chr5R	Y' Gain	chr14	True	0.33	False		Y' Gain	chr14L	True	0.33	False	single_y_prime_change	False	True	False	0.0
SRR33298416.284076	chr5R	Y' Gain	chr14	True	0.33	False		Y' Gain	chr14L	True	0.33	False	single_y_prime_change	False	True	False	0.0
SRR33298416.198337	chr5R	Y' Gain	chr5	True	0.33	False		Y' Gain	ambiguous	True	0.3	False	single_y_prime_change	False	True	False	-0.03
SRR33298416.113936	chr5R	Y' Gain	chr14	True	0.33	False		Y' Gain	chr14L	True	0.33	False	single_y_prime_change	False	True	False	0.0
SRR33298416.433374	chr5R	Y' Gain	chr14	True	0.33	False		Y' Gain	chr14L	True	0.33	False	single_y_prime_change	False	True	False	0.0
SRR33298416.461378	chr5R	Y' Gain	chr16	True	0.33	False		Y' Gain	chr16L	True	0.33	False	single_y_prime_change	False	True	False	0.0
SRR33298416.424498	chr5R	Y' Gain	chr14	True	0.33	False		Y' Gain	chr14L	True	0.33	False	single_y_prime_change	False	True	False	0.0
SRR33298416.1278762	chr5R	Y' Gain	chr16	True	0.33	False		Y' Gain	chr16L	True	0.33	False	single_y_prime_change	False	True	False	0.0
SRR33298416.894037	chr5R	Y' Gain	chr16	True	0.33	False		Y' Gain	chr16L	True	0.33	False	single_y_prime_change	False	True	False	0.0
SRR33298416.694743	chr5R	Y' Gain	chr14	True	0.33	False		Y' Gain	chr14L	True	0.33	False	single_y_prime_change	False	True	False	0.0
SRR33298416.1169508	chr5R	Y' Gain	chr16	True	0.33	False		Y' Gain	chr16L	True	0.33	False	single_y_prime_change	False	True	False	0.0
SRR33298416.377405	chr5R	Y' Gain	chr14	True	0.33	False		Y' Gain	chr14L	True	0.33	False	single_y_prime_change	False	True	False	0.0
SRR33298416.556050	chr5R	Y' Gain	chr14	True	0.33	False		Y' Gain	chr14L	True	0.33	False	single_y_prime_change	False	True	False	0.0
SRR33298416.171829	chr5R	Y' Gain	chr14	True	0.33	False		Y' Gain	chr14L	True	0.33	False	single_y_prime_change	False	True	False	0.0
SRR33298416.1092356	chr5R	Y' Gain	chr16	True	0.33	False		Y' Gain	chr16L	True	0.33	False	single_y_prime_change	False	True	False	0.0
SRR33298416.75890	chr6L	1st Y' Change	chr6	True	0.3	False		1st Y' Change	chr12R	True	0.33	False	donor_transfer_candidates:2	False	True	False	0.03
SRR33298416.1087085	chr6R	Y' Gain	chr4R	True	-0.0003	True		Y' Gain	chr14L	True	-0.0003	True	subtelomere_switch	False	True	False	0.0
SRR33298416.279778	chr6R	Y' Gain	chr4R	True	0.0018	True		Y' Gain	chr14L	True	0.0018	True	subtelomere_switch	False	True	False	0.0
SRR33298416.208212	chr6R	Y' Gain	chr12R	True	0.0	True		Y' Gain	chr14L	True	0.0	True	subtelomere_switch	False	True	False	0.0
SRR33298416.218253	chr6R	Y' Gain	chr4R	True	-0.003	True		Y' Gain	chr14L	True	-0.003	True	subtelomere_switch	False	True	False	0.0
SRR33298416.317203	chr6R	Y' Gain	chr12R	True	-0.0017	True		Y' Gain	chr14L	True	-0.0017	True	subtelomere_switch	False	True	False	0.0
SRR33298416.526267	chr6R	Y' Gain	chr6	True	0.3	False		Y' Gain	chr12R	True	0.33	False	donor_transfer_candidates:2	False	True	False	0.03
SRR33298416.925200	chr6R	Y' Gain	chr12R	True	-0.0048	True		Y' Gain	chr14L	True	-0.0048	True	subtelomere_switch	False	True	False	0.0
SRR33298416.525072	chr6R	Y' Gain	chr6	True	0.3	False		Y' Gain	ambiguous	True	0.3	False	unmatched_array	False	True	False	0.0
SRR33298416.1162696	chr6R	Y' Gain	chr6	True	0.3	False		Y' Gain	chr12R	True	0.33	False	donor_transfer_candidates:3	False	True	False	0.03
SRR33298416.218414	chr6R	Y' Gain	chr6	True	0.3	False		Y' Gain	chr14L	True	0.44	False	donor_transfer	False	True	False	0.14
SRR33298416.1179647	chr6R	Y' Gain	chr6	True	0.3	False		Y' Gain	ambiguous	True	0.3	False	unmatched_array	False	True	False	0.0
SRR33298416.278180	chr6R	Y' Gain	chr6	True	0.3	False		Y' Gain	ambiguous	True	0.3	False	unmatched_array	False	True	False	0.0
SRR33298416.549275	chr6R	Y' Gain	chr6	True	0.3	False		Y' Gain	ambiguous	True	0.3	False	donor_transfer_candidates:4	False	True	False	0.0
SRR33298416.438120	chr6R	Y' Gain	chr6	True	0.3	False		Y' Gain	chr12R	True	0.33	False	donor_transfer_candidates:3	False	True	False	0.03
SRR33298416.827543	chr6R	Y' Gain	chr6	True	0.3	False		Y' Gain	chr12R	True	0.33	False	donor_transfer_candidates:3	False	True	False	0.03
SRR33298416.644958	chr6R	Y' Gain	chr6	True	0.3	False		Y' Gain	ambiguous	True	0.3	False	unmatched_array	False	True	False	0.0
SRR33298416.910577	chr6R	Y' Gain	chr6	True	0.3	False		Y' Gain	chr14L	True	0.44	False	donor_transfer	False	True	False	0.14
SRR33298416.346730	chr6R	Y' Gain	chr6	True	0.3	False		Y' Gain	ambiguous	True	0.3	False	donor_transfer_candidates:4	False	True	False	0.0
SRR33298416.31095	chr6R	Y' Gain	chr6	True	0.3	False		Y' Gain	ambiguous	True	0.3	False	donor_transfer_candidates:4	False	True	False	0.0
SRR33298416.1162798	chr6R	Y' Gain	chr6	True	0.0056	False		Y' Gain	ambiguous	True	0.0056	False	subtelomere_switch	False	True	False	0.0
SRR33298416.256081	chr6R	Y' Gain	chr6	True	0.3	False		Y' Gain	ambiguous	True	0.3	False	donor_transfer_candidates:4	False	True	False	0.0
SRR33298416.956724	chr6R	Y' Gain	chr6	True	0.3	False		Y' Gain	ambiguous	True	0.3	False	donor_transfer_candidates:4	False	True	False	0.0
SRR33298416.530197	chr6R	Y' Gain	chr6	True	0.3	False		Y' Gain	ambiguous	True	0.3	False	donor_transfer_candidates:4	False	True	False	0.0
SRR33298416.929665	chr6R	Y' Gain	chr6	True	0.3	False		Y' Gain	ambiguous	True	0.3	False	donor_transfer_candidates:4	False	True	False	0.0
SRR33298416.785058	chr6R	Y' Gain	chr6	True	0.001	False		Y' Gain	ambiguous	True	0.001	False	subtelomere_switch	False	True	False	0.0
SRR33298416.936340	chr6R	Y' Gain	chr6	True	0.3	False		Y' Gain	ambiguous	True	0.3	False	donor_transfer_candidates:4	False	True	False	0.0
SRR33298416.1086934	chr6R	Y' Gain	chr6	True	0.3	False		Y' Gain	ambiguous	True	0.3	False	unmatched_array	False	True	False	0.0
SRR33298416.796275	chr6R	Y' Gain	chr6	True	0.3	False		Y' Gain	ambiguous	True	0.3	False	donor_transfer_candidates:4	False	True	False	0.0
SRR33298416.1251866	chr6R	Y' Gain	chr6	True	0.3	False		Y' Gain	ambiguous	True	0.3	False	unmatched_array	False	True	False	0.0
SRR33298416.564754	chr6R	Y' Gain	chr6	True	0.3	False		Y' Gain	chr14L	True	0.44	False	donor_transfer	False	True	False	0.14
SRR33298416.239713	chr6R	Y' Gain	chr6	True	-0.0025	False		Y' Gain	ambiguous	True	-0.0025	False	subtelomere_switch	False	True	False	0.0
SRR33298416.1004214	chr6R	Y' Gain	chr6	True	0.3	False		Y' Gain	chr14L	True	0.44	False	donor_transfer	False	True	False	0.14
SRR33298416.467555	chr6R	Y' Gain	chr6	True	0.33	False		Y' Gain	ambiguous	True	0.3	False	unmatched_array	False	True	False	-0.03
SRR33298416.1006564	chr6R	Y' Gain	chr6	True	0.33	False		Y' Gain	ambiguous	True	0.3	False	unmatched_array	False	True	False	-0.03
SRR33298416.666991	chr6R	Y' Gain	chr6	True	0.3	False		Y' Gain	ambiguous	True	0.3	False	unmatched_array	False	True	False	0.0
SRR33298416.201777	chr6R	Y' Gain	chr14	True	0.0134	False		Y' Gain	chr14L	True	0.0134	False	subtelomere_switch	False	True	False	0.0
SRR33298416.1249125	chr6R	Y' Gain	chr14	True	0.33	False		Y' Gain	chr14L	True	0.33	False	single_y_prime_change	False	True	False	0.0
SRR33298416.514394	chr6R	Y' Gain	chr16	True	0.33	False		Y' Gain	chr16L	True	0.33	False	single_y_prime_change	False	True	False	0.0
SRR33298416.789883	chr6R	Y' Gain	chr5	True	0.33	False		Y' Gain	chr5R	True	0.33	False	single_y_prime_change	False	True	False	0.0
SRR33298416.505515	chr6R	Y' Gain	chr5	True	0.33	False		Y' Gain	chr5R	True	0.33	False	single_y_prime_change	False	True	False	0.0
SRR33298416.436731	chr6R	Y' Gain	chr5	True	0.33	False		Y' Gain	chr5R	True	0.33	False	single_y_prime_change	False	True	False	0.0
SRR33298416.505486	chr6R	Y' Gain	chr5	True	0.33	False		Y' Gain	chr5R	True	0.33	False	single_y_prime_change	False	True	False	0.0
SRR33298416.278498	chr6R	Y' Gain	chr5	True	0.33	False		Y' Gain	chr5R	True	0.33	False	single_y_prime_change	False	True	False	0.0
SRR33298416.398414	chr6R	Y' Gain	chr5	True	0.0023	False		Y' Gain	chr5R	True	0.0023	False	subtelomere_switch	False	True	False	0.0
SRR33298416.90749	chr6R	Y' Gain	chr14	True	0.33	False		Y' Gain	chr14L	True	0.33	False	single_y_prime_change	False	True	False	0.0
SRR33298416.781082	chr6R	Y' Gain	chr14	True	-0.005	False		Y' Gain	chr14L	True	-0.005	False	subtelomere_switch	False	True	False	0.0
SRR33298416.871324	chr6R	Y' Gain	chr14	True	0.33	False		Y' Gain	chr14R	True	0.33	False	single_y_prime_change	False	True	False	0.0
SRR33298416.815799	chr6R	Y' Gain	chr14	True	0.021	False		Y' Gain	chr14R	True	0.021	False	subtelomere_switch	False	True	False	0.0
SRR33298416.1107073	chr6R	Y' Gain	chr12	True	0.33	False		Y' Gain	chr12R	True	0.33	False	single_y_prime_change	False	True	False	0.0
SRR33298416.1117175	chr6R	Y' Gain	chr2	True	0.33	False		Y' Gain	chr2L	True	0.33	False	single_y_prime_change	False	True	False	0.0
SRR33298416.986282	chr6R	Y' Gain	chr4	True	0.33	False		Y' Gain	chr4R	True	0.33	False	single_y_prime_change	False	True	False	0.0
SRR33298416.449836	chr6R	Y' Gain	chr16	True	0.33	False		Y' Gain	chr16R	True	0.33	False	single_y_prime_change	False	True	False	0.0
SRR33298416.44079	chr6R	Y' Gain	chr12	True	0.33	False		Y' Gain	chr12L	True	0.33	False	single_y_prime_change	False	True	False	0.0
SRR33298416.702185	chr7L	Y' Gain	chr12R	True	0.001	True		Y' Gain	chr14L	True	0.001	True	subtelomere_switch	False	True	False	0.0
SRR33298416.75892	chr7L	Y' Gain	chr12R	True	0.0014	True		Y' Gain	chr14L	True	0.0014	True	subtelomere_switch	False	True	False	0.0
SRR33298416.862121	chr7L	Y' Gain	chr4R	True	0.0011	True		Y' Gain	chr14L	True	0.0011	True	subtelomere_switch	False	True	False	0.0
SRR33298416.414991	chr7L	Y' Gain	chr7	True	0.3	False		Y' Gain	ambiguous	True	0.3	False	unmatched_array	False	True	False	0.0
SRR33298416.580609	chr7L	Y' Gain	chr12R	True	0.2639	True		Y' Gain	chr3L	True	0.6159	True	subtelomere_switch	False	True	False	0.352
SRR33298416.1216903	chr7L	Y' Gain	chr7	True	0.3	False		Y' Gain	chr14L	True	0.66	False	donor_transfer	False	True	False	0.36
SRR33298416.124791	chr7L	Y' Gain	chr16L	True	-0.0006	True		Y' Gain	chr14L	True	-0.0006	True	subtelomere_switch	False	True	False	0.0
SRR33298416.867895	chr7L	Y' Gain	chr12R	True	-0.0006	True		Y' Gain	chr14L	True	-0.0006	True	subtelomere_switch	False	True	False	0.0
SRR33298416.370560	chr7L	Y' Gain	chr12R	True	-0.001	True		Y' Gain	chr14L	True	-0.001	True	subtelomere_switch	False	True	False	0.0
SRR33298416.365973	chr7L	Y' Gain	chr12R	True	0.1341	True		Y' Gain	chr10L	True	0.313	True	subtelomere_switch	False	True	False	0.179
SRR33298416.1270605	chr7L	Y' Gain	chr12R	True	0.2135	True		Y' Gain	chr3L	True	0.2135	True	subtelomere_switch	False	True	False	0.0
SRR33298416.39209	chr7L	Y' Gain	chr7	True	0.33	False		Y' Gain	ambiguous	True	0.3	False	donor_transfer_candidates:4	False	True	False	-0.03
SRR33298416.419084	chr7L	Y' Gain	chr12R	True	0.173	True		Y' Gain	chr9R	True	0.4038	True	subtelomere_switch	False	True	False	0.231
SRR33298416.1231996	chr7L	Y' Gain	chr12R	True	-0.002	True		Y' Gain	chr14L	True	-0.002	True	subtelomere_switch	False	True	False	0.0
SRR33298416.872688	chr7L	Y' Gain	chr12R	True	0.0	True		Y' Gain	chr14L	True	0.0	True	subtelomere_switch	False	True	False	0.0
SRR33298416.528445	chr7L	Y' Gain	chr12R	True	0.0012	True		Y' Gain	chr14L	True	0.0012	True	subtelomere_switch	False	True	False	0.0
SRR33298416.488965	chr7L	Y' Gain	chr12R	True	0.0027	True		Y' Gain	chr14L	True	0.0027	True	subtelomere_switch	False	True	False	0.0
SRR33298416.229043	chr7L	Y' Gain	chr7	True	0.33	False		Y' Gain	ambiguous	True	0.3	False	donor_transfer_candidates:4	False	True	False	-0.03
SRR33298416.32472	chr7L	Y' Gain	chr7	True	0.33	False		Y' Gain	chr12R	True	0.33	False	donor_transfer_candidates:2	False	True	False	0.0
SRR33298416.207494	chr7L	Y' Gain	chr14L	True	0.0001	True		Y' Gain	chr12R	True	0.0001	False	subtelomere_switch	False	True	False	0.0
SRR33298416.73460	chr7L	Y' Gain	chr12R	True	0.1909	True		Y' Gain	chr10L	True	0.4454	True	subtelomere_switch	False	True	False	0.255
SRR33298416.609671	chr7L	Y' Gain	chr7	True	0.33	False		Y' Gain	ambiguous	True	0.3	False	donor_transfer_candidates:4	False	True	False	-0.03
SRR33298416.846637	chr7L	Y' Gain	chr7	True	0.33	False		Y' Gain	ambiguous	True	0.3	False	donor_transfer_candidates:4	False	True	False	-0.03
SRR33298416.681419	chr7L	Y' Gain	chr4R	True	0.0006	True		Y' Gain	chr14L	True	0.0006	True	subtelomere_switch	False	True	False	0.0
SRR33298416.1069218	chr7L	Y' Gain	chr4R	True	0.0004	True		Y' Gain	chr14L	True	0.0004	True	subtelomere_switch	False	True	False	0.0
SRR33298416.1190617	chr7L	Y' Gain	chr7	True	0.3	False		Y' Gain	ambiguous	True	0.3	False	unmatched_array	False	True	False	0.0
SRR33298416.478694	chr7L	Y' Gain	chr4R	True	0.1434	True		Y' Gain	chr10L	True	0.3346	True	subtelomere_switch	False	True	False	0.191
SRR33298416.567880	chr7L	Y' Gain	chr7	True	0.33	False		Y' Gain	chr12R	True	0.33	False	donor_transfer_candidates:3	False	True	False	0.0
SRR33298416.665925	chr7L	Y' Gain	chr12R	True	0.2646	True		Y' Gain	chr3L	True	0.6175	True	subtelomere_switch	False	True	False	0.353
SRR33298416.487056	chr7L	Y' Gain	chr7	True	0.33	False		Y' Gain	chr12R	True	0.33	False	donor_transfer_candidates:3	False	True	False	0.0
SRR33298416.695203	chr7L	Y' Gain	chr16L	True	0.1733	True		Y' Gain	chr9R	True	0.4044	True	subtelomere_switch	False	True	False	0.231
SRR33298416.847719	chr7L	Y' Gain	chr14L	True	0.1813	True		Y' Gain	chr9R	True	0.423	True	subtelomere_switch	False	True	False	0.242
SRR33298416.420310	chr7L	Y' Gain	chr7	True	0.33	False		Y' Gain	ambiguous	True	0.3	False	donor_transfer_candidates:4	False	True	False	-0.03
SRR33298416.686816	chr7L	Y' Gain	chr7	True	0.33	False		Y' Gain	ambiguous	True	0.3	False	donor_transfer_candidates:4	False	True	False	-0.03
SRR33298416.389916	chr7L	Y' Gain	chr7	True	0.33	False		Y' Gain	ambiguous	True	0.3	False	donor_transfer_candidates:4	False	True	False	-0.03
SRR33298416.157787	chr7L	Y' Gain	chr7	True	0.33	False		Y' Gain	ambiguous	True	0.3	False	donor_transfer_candidates:4	False	True	False	-0.03
SRR33298416.565606	chr7L	Y' Gain	chr7	True	0.3	False		Y' Gain	ambiguous	True	0.3	False	donor_transfer_candidates:4	False	True	False	0.0
SRR33298416.316719	chr7L	Y' Gain	chr4R	True	0.2582	True		Y' Gain	chr3L	True	0.6024	True	subtelomere_switch	False	True	False	0.344
SRR33298416.1154454	chr7L	Y' Gain	chr7	True	0.3	False		Y' Gain	ambiguous	True	0.3	False	unmatched_array	False	True	False	0.0
SRR33298416.764272	chr7L	Y' Gain	chr7	True	0.3	False		Y' Gain	ambiguous	True	0.3	False	unmatched_array	False	True	False	0.0
SRR33298416.3845	chr7L	Y' Gain	chr7	True	0.3	False		Y' Gain	ambiguous	True	0.3	False	unmatched_array	False	True	False	0.0
SRR33298416.563105	chr7L	Y' Gain	chr7	True	0.3	False		Y' Gain	ambiguous	True	0.3	False	unmatched_array	False	True	False	0.0
SRR33298416.130670	chr7L	Y' Gain	chr12R	True	0.1736	True		Y' Gain	chr9R	True	0.1736	True	subtelomere_switch	False	True	False	0.0
SRR33298416.83902	chr7L	Y' Gain	chr4R	True	0.1736	True		Y' Gain	chr9R	True	0.1736	True	subtelomere_switch	False	True	False	0.0
SRR33298416.77179	chr7L	Y' Gain	chr12R	True	0.1781	True		Y' Gain	chr9R	True	0.1781	True	subtelomere_switch	False	True	False	0.0
SRR33298416.1246614	chr7L	Y' Gain	chr12R	True	0.2253	True		Y' Gain	chr15R	True	0.2253	True	subtelomere_switch	False	True	False	0.0
SRR33298416.900436	chr7L	Y' Gain	chr12R	True	0.2177	True		Y' Gain	chr15R	True	0.2177	True	subtelomere_switch	False	True	False	0.0
SRR33298416.855845	chr7L	Y' Gain	chr12R	True	0.0025	True		Y' Gain	chr14L	True	0.0025	True	subtelomere_switch	False	True	False	0.0
SRR33298416.1116212	chr7L	Y' Gain	chr7	True	0.33	False		Y' Gain	ambiguous	True	0.3	False	donor_transfer_candidates:4	False	True	False	-0.03
SRR33298416.782148	chr7L	Y' Gain	chr7	True	0.33	False		Y' Gain	ambiguous	True	0.3	False	donor_transfer_candidates:4	False	True	False	-0.03
SRR33298416.1107332	chr7L	Y' Gain	chr7	True	0.33	False		Y' Gain	ambiguous	True	0.3	False	donor_transfer_candidates:4	False	True	False	-0.03
SRR33298416.654185	chr7L	Y' Gain	chr7	True	0.33	False		Y' Gain	ambiguous	True	0.3	False	donor_transfer_candidates:4	False	True	False	-0.03
SRR33298416.585255	chr7L	Y' Gain	chr7	True	0.33	False		Y' Gain	ambiguous	True	0.3	False	donor_transfer_candidates:4	False	True	False	-0.03
SRR33298416.680507	chr7L	Y' Gain	chr7	True	0.33	False		Y' Gain	ambiguous	True	0.3	False	donor_transfer_candidates:4	False	True	False	-0.03
SRR33298416.66737	chr7L	Y' Gain	chr7	True	0.3	False		Y' Gain	ambiguous	True	0.3	False	unmatched_array	False	True	False	0.0
SRR33298416.230420	chr7L	Y' Gain	chr7	True	0.33	False		Y' Gain	ambiguous	True	0.3	False	donor_transfer_candidates:4	False	True	False	-0.03
SRR33298416.1198910	chr7L	Y' Gain	chr7	True	0.3	False		Y' Gain	ambiguous	True	0.3	False	unmatched_array	False	True	False	0.0
SRR33298416.621031	chr7L	Y' Gain	chr7	True	0.33	False		Y' Gain	ambiguous	True	0.3	False	donor_transfer_candidates:4	False	True	False	-0.03
SRR33298416.218299	chr7L	Y' Gain	chr7	True	0.3	False		Y' Gain	ambiguous	True	0.3	False	unmatched_array	False	True	False	0.0
SRR33298416.629844	chr7L	Y' Gain	chr7	True	0.33	False		Y' Gain	ambiguous	True	0.3	False	donor_transfer_candidates:4	False	True	False	-0.03
SRR33298416.996251	chr7L	Y' Gain	chr7	True	0.33	False		Y' Gain	ambiguous	True	0.3	False	donor_transfer_candidates:4	False	True	False	-0.03
SRR33298416.736075	chr7L	Y' Gain	chr7	True	0.3	False		Y' Gain	ambiguous	True	0.3	False	unmatched_array	False	True	False	0.0
SRR33298416.974625	chr7L	Y' Gain	chr7	True	0.3	False		Y' Gain	ambiguous	True	0.3	False	unmatched_array	False	True	False	0.0
SRR33298416.86982	chr7L	Y' Gain	chr12R	True	0.1928	True		Y' Gain	chr10L	True	0.4498	True	subtelomere_switch	False	True	False	0.257
SRR33298416.1142326	chr7L	Y' Gain	chr4R	True	0.1935	True		Y' Gain	chr10L	True	0.4516	True	subtelomere_switch	False	True	False	0.258
SRR33298416.1275741	chr7L	Y' Gain	chr7	True	0.3	False		Y' Gain	ambiguous	True	0.3	False	unmatched_array	False	True	False	0.0
SRR33298416.331310	chr7L	Y' Gain	chr7	True	0.3	False		Y' Gain	ambiguous	True	0.3	False	unmatched_array	False	True	False	0.0
SRR33298416.886135	chr7L	Y' Gain	chr12R	True	0.1928	True		Y' Gain	chr10L	True	0.4498	True	subtelomere_switch	False	True	False	0.257
SRR33298416.1266166	chr7L	Y' Gain	chr4R	True	0.1459	True		Y' Gain	chr10L	True	0.3404	True	subtelomere_switch	False	True	False	0.194
SRR33298416.983788	chr7L	Y' Gain	chr7	True	0.3	False		Y' Gain	ambiguous	True	0.3	False	unmatched_array	False	True	False	0.0
SRR33298416.962376	chr7L	Y' Gain	chr7	True	0.3	False		Y' Gain	ambiguous	True	0.3	False	unmatched_array	False	True	False	0.0
SRR33298416.895033	chr7L	Y' Gain	chr7	True	0.3	False		Y' Gain	ambiguous	True	0.3	False	unmatched_array	False	True	False	0.0
SRR33298416.613935	chr7L	Y' Gain	chr7	True	0.3	False		Y' Gain	ambiguous	True	0.3	False	unmatched_array	False	True	False	0.0
SRR33298416.1137866	chr7L	Y' Gain	chr7	True	0.3	False		Y' Gain	ambiguous	True	0.3	False	unmatched_array	False	True	False	0.0
SRR33298416.272682	chr7L	Y' Gain	chr7	True	0.3	False		Y' Gain	ambiguous	True	0.3	False	unmatched_array	False	True	False	0.0
SRR33298416.9773	chr7L	Y' Gain	chr7	True	0.3	False		Y' Gain	ambiguous	True	0.3	False	unmatched_array	False	True	False	0.0
SRR33298416.289177	chr7L	Y' Gain	chr7	True	0.3	False		Y' Gain	ambiguous	True	0.3	False	unmatched_array	False	True	False	0.0
SRR33298416.254665	chr7L	Y' Gain	chr7	True	0.3	False		Y' Gain	ambiguous	True	0.3	False	unmatched_array	False	True	False	0.0
SRR33298416.822631	chr7L	Y' Gain	chr7	True	0.3	False		Y' Gain	ambiguous	True	0.3	False	unmatched_array	False	True	False	0.0
SRR33298416.414629	chr7L	Y' Gain	chr7	True	0.33	False		Y' Gain	ambiguous	True	0.3	False	unmatched_array	False	True	False	-0.03
SRR33298416.1062699	chr7L	Y' Gain	chr7	True	0.3	False		Y' Gain	chr14L	True	0.44	False	donor_transfer	False	True	False	0.14
SRR33298416.244727	chr7L	Y' Gain	chr7	True	0.3	False		Y' Gain	ambiguous	True	0.3	False	unmatched_array	False	True	False	0.0
SRR33298416.456217	chr7L	Y' Gain	chr12R	True	0.0043	True		Y' Gain	chr14L	True	0.0043	True	subtelomere_switch	False	True	False	0.0
SRR33298416.356093	chr7L	Y' Gain	chr7	True	0.33	False		Y' Gain	chr14L	True	0.44	False	donor_transfer	False	True	False	0.11
SRR33298416.257611	chr7L	Y' Gain	chr7	True	0.3	False		Y' Gain	ambiguous	True	0.3	False	unmatched_array	False	True	False	0.0
SRR33298416.644016	chr7L	Y' Gain	chr7	True	0.3	False		Y' Gain	ambiguous	True	0.3	False	unmatched_array	False	True	False	0.0
SRR33298416.299835	chr7L	Y' Gain	chr7	True	0.33	False		Y' Gain	ambiguous	True	0.3	False	single_y_prime_change	False	True	False	-0.03
SRR33298416.337075	chr7L	Y' Gain	chr7	True	0.0091	False		Y' Gain	ambiguous	True	0.0083	False	subtelomere_switch	False	True	False	-0.001
SRR33298416.440658	chr7L	Y' Gain	chr7	True	0.3	False		Y' Gain	ambiguous	True	0.3	False	single_y_prime_change	False	True	False	0.0
SRR33298416.428262	chr7L	Y' Gain	chr7	True	0.0091	False		Y' Gain	ambiguous	True	0.0091	False	subtelomere_switch	False	True	False	0.0
SRR33298416.1095851	chr7L	Y' Gain	chr7	True	0.33	False		Y' Gain	ambiguous	True	0.3	False	single_y_prime_change	False	True	False	-0.03
SRR33298416.842660	chr7L	Y' Gain	chr7	True	0.33	False		Y' Gain	ambiguous	True	0.3	False	single_y_prime_change	False	True	False	-0.03
SRR33298416.573770	chr7L	Y' Gain	chr7	True	0.33	False		Y' Gain	ambiguous	True	0.3	False	single_y_prime_change	False	True	False	-0.03
SRR33298416.900846	chr7L	Y' Gain	chr7	True	0.33	False		Y' Gain	ambiguous	True	0.3	False	single_y_prime_change	False	True	False	-0.03
SRR33298416.1053663	chr7L	Y' Gain	chr7	True	0.33	False		Y' Gain	ambiguous	True	0.3	False	single_y_prime_change	False	True	False	-0.03
SRR33298416.831702	chr7L	Y' Gain	chr12R	True	0.2636	True		Y' Gain	chr3L	True	0.6152	True	subtelomere_switch	False	True	False	0.352
SRR33298416.852400	chr7L	Y' Gain	chr7	True	0.3	False		Y' Gain	ambiguous	True	0.3	False	single_y_prime_change	False	True	False	0.0
SRR33298416.180548	chr7L	Y' Gain	chr7	True	0.3	False		Y' Gain	ambiguous	True	0.3	False	single_y_prime_change	False	True	False	0.0
SRR33298416.1175454	chr7L	Y' Gain	chr7	True	0.3	False		Y' Gain	ambiguous	True	0.3	False	single_y_prime_change	False	True	False	0.0
SRR33298416.1228595	chr7L	Y' Gain	chr7	True	0.3	False		Y' Gain	ambiguous	True	0.3	False	single_y_prime_change	False	True	False	0.0
SRR33298416.323060	chr7L	Y' Gain	chr7	True	0.0069	False		Y' Gain	ambiguous	True	0.0063	False	subtelomere_switch	False	True	False	-0.001
SRR33298416.834409	chr7L	Y' Gain	chr7	True	-0.007	False		Y' Gain	ambiguous	True	-0.007	False	subtelomere_switch	False	True	False	0.0
SRR33298416.659130	chr7L	Y' Gain	chr7	True	0.3	False		Y' Gain	ambiguous	True	0.3	False	single_y_prime_change	False	True	False	0.0
SRR33298416.1137946	chr7L	Y' Gain	chr7	True	0.33	False		Y' Gain	ambiguous	True	0.3	False	single_y_prime_change	False	True	False	-0.03
SRR33298416.390924	chr7L	Y' Gain	chr7	True	0.0029	False		Y' Gain	ambiguous	True	0.0026	False	subtelomere_switch	False	True	False	-0.0
SRR33298416.76741	chr7L	Y' Gain	chr2	True	0.33	False		Y' Gain	chr2L	True	0.33	False	single_y_prime_change	False	True	False	0.0
SRR33298416.117379	chr7L	Y' Gain	chr2	True	0.33	False		Y' Gain	chr2L	True	0.33	False	single_y_prime_change	False	True	False	0.0
SRR33298416.411763	chr7L	Y' Gain	chr2	True	0.33	False		Y' Gain	chr2L	True	0.33	False	single_y_prime_change	False	True	False	0.0
SRR33298416.94966	chr7L	Y' Gain	chr2	True	0.33	False		Y' Gain	chr2L	True	0.33	False	single_y_prime_change	False	True	False	0.0
SRR33298416.806178	chr7L	Y' Gain	chr13	True	0.33	False		Y' Gain	chr13L	True	0.33	False	single_y_prime_change	False	True	False	0.0
SRR33298416.546931	chr7L	Y' Gain	chr13	True	0.33	False		Y' Gain	chr13L	True	0.33	False	single_y_prime_change	False	True	False	0.0
SRR33298416.101592	chr7L	Y' Gain	chr13	True	0.33	False		Y' Gain	chr13L	True	0.33	False	single_y_prime_change	False	True	False	0.0
SRR33298416.908713	chr7L	Y' Gain	chr13	True	0.33	False		Y' Gain	chr13L	True	0.33	False	single_y_prime_change	False	True	False	0.0
SRR33298416.1031766	chr7R	Y' Gain	chr4	True	0.33	False		Y' Gain	chr14L	True	0.66	False	donor_transfer	False	True	False	0.33
SRR33298416.515527	chr7R	Y' Gain	chr7	True	0.33	False		Y' Gain	ambiguous	True	0.3	False	unmatched_array	False	True	False	-0.03
SRR33298416.51258	chr7R	Y' Gain	chr7	True	0.33	False		Y' Gain	chr14L	True	0.66	False	donor_transfer	False	True	False	0.33
SRR33298416.159483	chr7R	Y' Gain	chr7	True	0.33	False		Y' Gain	chr12R	True	0.33	False	donor_transfer_candidates:2	False	True	False	0.0
SRR33298416.533602	chr7R	Y' Gain	chr7	True	0.33	False		Y' Gain	chr12R	True	0.33	False	donor_transfer_candidates:2	False	True	False	0.0
SRR33298416.142212	chr7R	1st Y' Change	chr7	True	0.3	False		1st Y' Change	ambiguous	True	0.3	False	unmatched_array	False	True	False	0.0
SRR33298416.234292	chr7R	Y' Gain	chr7	True	0.33	False		Y' Gain	ambiguous	True	0.3	False	unmatched_array	False	True	False	-0.03
SRR33298416.218241	chr7R	Y' Gain	chr7	True	0.33	False		Y' Gain	chr12R	True	0.33	False	donor_transfer_candidates:2	False	True	False	0.0
SRR33298416.1124362	chr7R	Y' Gain	chr7	True	0.33	False		Y' Gain	chr12R	True	0.33	False	donor_transfer_candidates:2	False	True	False	0.0
SRR33298416.580727	chr7R	Y' Gain	chr7	True	0.33	False		Y' Gain	ambiguous	True	0.3	False	unmatched_array	False	True	False	-0.03
SRR33298416.597811	chr7R	Y' Gain	chr7	True	0.33	False		Y' Gain	chr14L	True	0.66	False	donor_transfer	False	True	False	0.33
SRR33298416.632710	chr7R	Y' Gain	chr7	True	0.33	False		Y' Gain	chr14L	True	0.66	False	donor_transfer	False	True	False	0.33
SRR33298416.1142312	chr7R	Y' Gain	chr7	True	0.33	False		Y' Gain	chr12R	True	0.33	False	donor_transfer_candidates:3	False	True	False	0.0
SRR33298416.761902	chr7R	Y' Gain	chr7	True	0.33	False		Y' Gain	ambiguous	True	0.3	False	unmatched_array	False	True	False	-0.03
SRR33298416.668992	chr7R	Y' Gain	chr7	True	0.33	False		Y' Gain	chr14L	True	0.44	False	donor_transfer	False	True	False	0.11
SRR33298416.144233	chr7R	Y' Gain	chr7	True	0.33	False		Y' Gain	chr14L	True	0.66	False	donor_transfer	False	True	False	0.33
SRR33298416.1227573	chr7R	Y' Gain	chr7	True	0.33	False		Y' Gain	ambiguous	True	0.3	False	unmatched_array	False	True	False	-0.03
SRR33298416.1209629	chr7R	Y' Gain	chr7	True	0.33	False		Y' Gain	chr14L	True	0.66	False	donor_transfer	False	True	False	0.33
SRR33298416.592655	chr7R	Y' Gain	chr7	True	0.33	False		Y' Gain	ambiguous	True	0.3	False	unmatched_array	False	True	False	-0.03
SRR33298416.240872	chr7R	1st Y' Change	chr7	True	0.3	False		1st Y' Change	ambiguous	True	0.3	False	unmatched_array	False	True	False	0.0
SRR33298416.1166857	chr7R	Y' Gain	chr7	True	0.33	False		Y' Gain	chr12R	True	0.33	False	donor_transfer_candidates:2	False	True	False	0.0
SRR33298416.262280	chr7R	Y' Gain	chr7	True	0.33	False		Y' Gain	chr12R	True	0.33	False	donor_transfer_candidates:2	False	True	False	0.0
SRR33298416.220106	chr7R	Y' Gain	chr7	True	0.33	False		Y' Gain	chr14L	True	0.66	False	donor_transfer	False	True	False	0.33
SRR33298416.180902	chr7R	Y' Gain	chr7	True	0.33	False		Y' Gain	ambiguous	True	0.3	False	unmatched_array	False	True	False	-0.03
SRR33298416.366096	chr7R	Y' Gain	chr7	True	0.33	False		Y' Gain	ambiguous	True	0.3	False	unmatched_array	False	True	False	-0.03
SRR33298416.1187066	chr7R	Y' Gain	chr7	True	0.33	False		Y' Gain	ambiguous	True	0.3	False	unmatched_array	False	True	False	-0.03
SRR33298416.1160564	chr7R	Y' Gain	chr7	True	0.33	False		Y' Gain	chr12R	True	0.33	False	donor_transfer_candidates:3	False	True	False	0.0
SRR33298416.549821	chr7R	Y' Gain	chr7	True	0.33	False		Y' Gain	chr12R	True	0.33	False	donor_transfer_candidates:3	False	True	False	0.0
SRR33298416.809216	chr7R	Y' Gain	chr7	True	0.33	False		Y' Gain	chr12R	True	0.33	False	donor_transfer_candidates:3	False	True	False	0.0
SRR33298416.371410	chr7R	Y' Gain	chr7	True	0.33	False		Y' Gain	ambiguous	True	0.3	False	unmatched_array	False	True	False	-0.03
SRR33298416.915988	chr7R	1st Y' Change	chr7	True	0.3	False		1st Y' Change	chr14L	True	0.66	False	donor_transfer	False	True	False	0.36
SRR33298416.276106	chr7R	Y' Gain	chr7	True	0.33	False		Y' Gain	chr14L	True	0.66	False	donor_transfer	False	True	False	0.33
SRR33298416.299703	chr7R	Y' Gain	chr7	True	0.33	False		Y' Gain	ambiguous	True	0.3	False	unmatched_array	False	True	False	-0.03
SRR33298416.998142	chr7R	Y' Gain	chr7	True	0.33	False		Y' Gain	chr14L	True	0.44	False	donor_transfer	False	True	False	0.11
SRR33298416.782050	chr7R	Y' Gain	chr7	True	0.33	False		Y' Gain	chr14L	True	0.44	False	donor_transfer	False	True	False	0.11
SRR33298416.733713	chr7R	Y' Gain	chr7	True	0.33	False		Y' Gain	chr14L	True	0.44	False	donor_transfer	False	True	False	0.11
SRR33298416.1143588	chr7R	1st Y' Change	chr7	True	0.3	False		1st Y' Change	ambiguous	True	0.3	False	unmatched_array	False	True	False	0.0
SRR33298416.307085	chr7R	Y' Gain	chr7	True	0.33	False		Y' Gain	ambiguous	True	0.3	False	unmatched_array	False	True	False	-0.03
SRR33298416.194980	chr7R	Y' Gain	chr7	True	0.33	False		Y' Gain	ambiguous	True	0.3	False	unmatched_array	False	True	False	-0.03
SRR33298416.950410	chr7R	Y' Gain	chr7	True	0.33	False		Y' Gain	ambiguous	True	0.3	False	unmatched_array	False	True	False	-0.03
SRR33298416.771360	chr7R	1st Y' Change	chr7	True	0.3	False		1st Y' Change	ambiguous	True	0.3	False	unmatched_array	False	True	False	0.0
SRR33298416.1252670	chr7R	Y' Gain	chr7	True	0.33	False		Y' Gain	ambiguous	True	0.3	False	unmatched_array	False	True	False	-0.03
SRR33298416.958788	chr7R	Y' Gain	chr7	True	0.33	False		Y' Gain	ambiguous	True	0.3	False	unmatched_array	False	True	False	-0.03
SRR33298416.235522	chr7R	Y' Gain	chr7	True	0.33	False		Y' Gain	ambiguous	True	0.3	False	donor_transfer_candidates:4	False	True	False	-0.03
SRR33298416.274237	chr7R	Y' Gain	chr7	True	0.33	False		Y' Gain	ambiguous	True	0.3	False	donor_transfer_candidates:4	False	True	False	-0.03
SRR33298416.317563	chr7R	Y' Gain	chr7	True	0.33	False		Y' Gain	ambiguous	True	0.3	False	donor_transfer_candidates:4	False	True	False	-0.03
SRR33298416.1146267	chr7R	Y' Gain	chr7	True	0.33	False		Y' Gain	ambiguous	True	0.3	False	donor_transfer_candidates:4	False	True	False	-0.03
SRR33298416.889139	chr7R	Y' Gain	chr7	True	0.33	False		Y' Gain	ambiguous	True	0.3	False	donor_transfer_candidates:4	False	True	False	-0.03
SRR33298416.250489	chr7R	Y' Gain	chr7	True	0.33	False		Y' Gain	ambiguous	True	0.3	False	donor_transfer_candidates:4	False	True	False	-0.03
SRR33298416.842088	chr7R	Y' Gain	chr7	True	0.33	False		Y' Gain	ambiguous	True	0.3	False	donor_transfer_candidates:4	False	True	False	-0.03
SRR33298416.1121049	chr7R	Y' Gain	chr7	True	0.33	False		Y' Gain	ambiguous	True	0.3	False	donor_transfer_candidates:4	False	True	False	-0.03
SRR33298416.295856	chr7R	Y' Gain	chr7	True	0.33	False		Y' Gain	ambiguous	True	0.3	False	donor_transfer_candidates:4	False	True	False	-0.03
SRR33298416.730138	chr7R	Y' Gain	chr7	True	0.33	False		Y' Gain	ambiguous	True	0.3	False	donor_transfer_candidates:4	False	True	False	-0.03
SRR33298416.1080832	chr7R	Y' Gain	chr7	True	0.33	False		Y' Gain	ambiguous	True	0.3	False	donor_transfer_candidates:4	False	True	False	-0.03
SRR33298416.711961	chr7R	Y' Gain	chr7	True	0.33	False		Y' Gain	ambiguous	True	0.3	False	donor_transfer_candidates:4	False	True	False	-0.03
SRR33298416.634601	chr7R	Y' Gain	chr14	True	0.33	False		Y' Gain	chr14L	True	0.33	False	donor_transfer_candidates:4	False	True	False	0.0
SRR33298416.738759	chr7R	Y' Gain	chr7	True	0.33	False		Y' Gain	ambiguous	True	0.3	False	donor_transfer_candidates:4	False	True	False	-0.03
SRR33298416.370891	chr7R	Y' Gain	chr7	True	0.33	False		Y' Gain	ambiguous	True	0.3	False	donor_transfer_candidates:4	False	True	False	-0.03
SRR33298416.885297	chr7R	Y' Gain	chr7	True	0.33	False		Y' Gain	ambiguous	True	0.3	False	donor_transfer_candidates:4	False	True	False	-0.03
SRR33298416.1137947	chr7R	Y' Gain	chr7	True	0.33	False		Y' Gain	ambiguous	True	0.3	False	unmatched_array	False	True	False	-0.03
SRR33298416.1212168	chr7R	Y' Gain	chr14	True	0.33	False		Y' Gain	chr14L	True	0.33	False	unmatched_array	False	True	False	0.0
SRR33298416.204434	chr7R	Y' Gain	chr7	True	0.33	False		Y' Gain	chr14L	True	0.44	False	donor_transfer	False	True	False	0.11
SRR33298416.840518	chr7R	Y' Gain	chr14	True	0.33	False		Y' Gain	chr14L	True	0.44	False	donor_transfer	False	True	False	0.11
SRR33298416.737183	chr7R	Y' Gain	chr14	True	0.33	False		Y' Gain	chr14L	True	0.33	False	unmatched_array	False	True	False	0.0
SRR33298416.386928	chr7R	Y' Gain	chr14	True	0.33	False		Y' Gain	chr14L	True	0.33	False	unmatched_array	False	True	False	0.0
SRR33298416.46659	chr7R	Y' Gain	chr14	True	0.33	False		Y' Gain	chr14L	True	0.33	False	unmatched_array	False	True	False	0.0
SRR33298416.609714	chr7R	Y' Gain	chr14	True	0.33	False		Y' Gain	chr14L	True	0.33	False	unmatched_array	False	True	False	0.0
SRR33298416.685282	chr7R	Y' Gain	chr14	True	0.33	False		Y' Gain	chr14L	True	0.33	False	unmatched_array	False	True	False	0.0
SRR33298416.554943	chr7R	Y' Gain	chr14	True	0.33	False		Y' Gain	chr14L	True	0.33	False	unmatched_array	False	True	False	0.0
SRR33298416.510331	chr7R	Y' Gain	chr7	True	0.33	False		Y' Gain	ambiguous	True	0.3	False	unmatched_array	False	True	False	-0.03
SRR33298416.137543	chr7R	Y' Gain	chr7	True	0.33	False		Y' Gain	ambiguous	True	0.3	False	unmatched_array	False	True	False	-0.03
SRR33298416.380351	chr7R	Y' Gain	chr14	True	0.33	False		Y' Gain	chr14L	True	0.33	False	unmatched_array	False	True	False	0.0
SRR33298416.1210011	chr7R	Y' Gain	chr14	True	0.33	False		Y' Gain	chr14L	True	0.33	False	unmatched_array	False	True	False	0.0
SRR33298416.1017307	chr7R	Y' Gain	chr14	True	0.33	False		Y' Gain	chr14L	True	0.33	False	unmatched_array	False	True	False	0.0
SRR33298416.224783	chr7R	Y' Gain	chr14	True	0.33	False		Y' Gain	chr14L	True	0.33	False	unmatched_array	False	True	False	0.0
SRR33298416.520248	chr7R	Y' Gain	chr14	True	0.33	False		Y' Gain	chr14L	True	0.33	False	single_y_prime_change	False	True	False	0.0
SRR33298416.1176592	chr7R	Y' Gain	chr14	True	0.33	False		Y' Gain	chr14L	True	0.33	False	single_y_prime_change	False	True	False	0.0
SRR33298416.729106	chr7R	Y' Gain	chr14	True	0.33	False		Y' Gain	chr14L	True	0.33	False	single_y_prime_change	False	True	False	0.0
SRR33298416.943654	chr7R	Y' Gain	chr14	True	0.33	False		Y' Gain	chr14L	True	0.33	False	single_y_prime_change	False	True	False	0.0
SRR33298416.527605	chr7R	Y' Gain	chr14	True	0.33	False		Y' Gain	chr14L	True	0.33	False	single_y_prime_change	False	True	False	0.0
SRR33298416.409227	chr7R	Y' Gain	chr14	True	0.33	False		Y' Gain	chr14L	True	0.33	False	single_y_prime_change	False	True	False	0.0
SRR33298416.1235206	chr7R	Y' Gain	chr14	True	0.33	False		Y' Gain	chr14L	True	0.33	False	single_y_prime_change	False	True	False	0.0
SRR33298416.465604	chr7R	Y' Gain	chr14	True	0.33	False		Y' Gain	chr14L	True	0.33	False	single_y_prime_change	False	True	False	0.0
SRR33298416.473495	chr7R	Y' Gain	chr14	True	0.33	False		Y' Gain	chr14L	True	0.33	False	single_y_prime_change	False	True	False	0.0
SRR33298416.425224	chr7R	Y' Gain	chr14	True	0.33	False		Y' Gain	chr14L	True	0.33	False	single_y_prime_change	False	True	False	0.0
SRR33298416.1051248	chr7R	Y' Gain	chr14	True	0.33	False		Y' Gain	chr14L	True	0.33	False	single_y_prime_change	False	True	False	0.0
SRR33298416.896803	chr7R	Y' Gain	chr14	True	0.33	False		Y' Gain	chr14L	True	0.33	False	single_y_prime_change	False	True	False	0.0
SRR33298416.228820	chr7R	Y' Gain	chr14	True	0.33	False		Y' Gain	chr14L	True	0.33	False	single_y_prime_change	False	True	False	0.0
SRR33298416.1217311	chr7R	Y' Gain	chr14	True	0.33	False		Y' Gain	chr14L	True	0.33	False	single_y_prime_change	False	True	False	0.0
SRR33298416.281902	chr7R	Y' Gain	chr14	True	0.33	False		Y' Gain	chr14L	True	0.33	False	single_y_prime_change	False	True	False	0.0
SRR33298416.808289	chr7R	Y' Gain	chr14	True	0.33	False		Y' Gain	chr14L	True	0.33	False	single_y_prime_change	False	True	False	0.0
SRR33298416.172547	chr7R	Y' Gain	chr14	True	0.33	False		Y' Gain	chr14L	True	0.33	False	single_y_prime_change	False	True	False	0.0
SRR33298416.639057	chr7R	Y' Gain	chr14	True	0.33	False		Y' Gain	chr14L	True	0.33	False	single_y_prime_change	False	True	False	0.0
SRR33298416.262889	chr7R	Y' Gain	chr14	True	0.33	False		Y' Gain	chr14L	True	0.33	False	single_y_prime_change	False	True	False	0.0
SRR33298416.568518	chr7R	Y' Gain	chr14	True	0.33	False		Y' Gain	chr14L	True	0.33	False	single_y_prime_change	False	True	False	0.0
SRR33298416.433370	chr7R	Y' Gain	chr14	True	0.33	False		Y' Gain	chr14L	True	0.33	False	single_y_prime_change	False	True	False	0.0
SRR33298416.197111	chr7R	Y' Gain	chr14	True	0.33	False		Y' Gain	chr14L	True	0.33	False	single_y_prime_change	False	True	False	0.0
SRR33298416.10827	chr7R	Y' Gain	chr14	True	0.33	False		Y' Gain	chr14L	True	0.33	False	single_y_prime_change	False	True	False	0.0
SRR33298416.406994	chr7R	Y' Gain	chr14	True	0.33	False		Y' Gain	chr14L	True	0.33	False	single_y_prime_change	False	True	False	0.0
SRR33298416.261105	chr7R	Y' Gain	chr14	True	0.33	False		Y' Gain	chr14L	True	0.33	False	single_y_prime_change	False	True	False	0.0
SRR33298416.702331	chr7R	Y' Gain	chr14	True	0.33	False		Y' Gain	chr14L	True	0.33	False	single_y_prime_change	False	True	False	0.0
SRR33298416.1037249	chr7R	Y' Gain	chr14	True	0.33	False		Y' Gain	chr14L	True	0.33	False	single_y_prime_change	False	True	False	0.0
SRR33298416.614179	chr7R	Y' Gain	chr14	True	0.33	False		Y' Gain	chr14L	True	0.33	False	single_y_prime_change	False	True	False	0.0
SRR33298416.1154456	chr7R	Y' Gain	chr14	True	0.33	False		Y' Gain	chr14L	True	0.33	False	single_y_prime_change	False	True	False	0.0
SRR33298416.531453	chr7R	Y' Gain	chr14	True	0.33	False		Y' Gain	chr14L	True	0.33	False	single_y_prime_change	False	True	False	0.0
SRR33298416.1050393	chr7R	Y' Gain	chr14	True	0.33	False		Y' Gain	chr14L	True	0.33	False	single_y_prime_change	False	True	False	0.0
SRR33298416.562926	chr7R	Y' Gain	chr14	True	0.33	False		Y' Gain	chr14L	True	0.33	False	single_y_prime_change	False	True	False	0.0
SRR33298416.331587	chr7R	Y' Gain	chr14	True	0.33	False		Y' Gain	chr14L	True	0.33	False	single_y_prime_change	False	True	False	0.0
SRR33298416.523947	chr7R	Y' Gain	chr14	True	0.33	False		Y' Gain	chr14L	True	0.33	False	single_y_prime_change	False	True	False	0.0
SRR33298416.475963	chr7R	Y' Gain	chr14	True	0.33	False		Y' Gain	chr14L	True	0.33	False	single_y_prime_change	False	True	False	0.0
SRR33298416.983516	chr7R	Y' Gain	chr14	True	0.33	False		Y' Gain	chr14L	True	0.33	False	single_y_prime_change	False	True	False	0.0
SRR33298416.1169406	chr7R	Y' Gain	chr14	True	0.33	False		Y' Gain	chr14L	True	0.33	False	single_y_prime_change	False	True	False	0.0
SRR33298416.298480	chr7R	Y' Gain	chr14	True	0.33	False		Y' Gain	chr14L	True	0.33	False	single_y_prime_change	False	True	False	0.0
SRR33298416.688975	chr7R	Y' Gain	chr14	True	0.33	False		Y' Gain	chr14L	True	0.33	False	single_y_prime_change	False	True	False	0.0
SRR33298416.196895	chr7R	Y' Gain	chr14	True	0.33	False		Y' Gain	chr14L	True	0.33	False	single_y_prime_change	False	True	False	0.0
SRR33298416.628550	chr7R	Y' Gain	chr14	True	0.33	False		Y' Gain	chr14L	True	0.33	False	single_y_prime_change	False	True	False	0.0
SRR33298416.442976	chr7R	Y' Gain	chr14	True	0.33	False		Y' Gain	chr14L	True	0.33	False	single_y_prime_change	False	True	False	0.0
SRR33298416.1019187	chr7R	Y' Gain	chr14	True	0.33	False		Y' Gain	chr14L	True	0.33	False	single_y_prime_change	False	True	False	0.0
SRR33298416.1239383	chr7R	Y' Gain	chr14	True	0.33	False		Y' Gain	chr14L	True	0.33	False	single_y_prime_change	False	True	False	0.0
SRR33298416.183500	chr7R	Y' Gain	chr14	True	0.33	False		Y' Gain	chr14L	True	0.33	False	single_y_prime_change	False	True	False	0.0
SRR33298416.431213	chr7R	Y' Gain	chr14	True	0.33	False		Y' Gain	chr14L	True	0.33	False	single_y_prime_change	False	True	False	0.0
SRR33298416.300577	chr7R	Y' Gain	chr14	True	0.33	False		Y' Gain	chr14L	True	0.33	False	single_y_prime_change	False	True	False	0.0
SRR33298416.498638	chr7R	Y' Gain	chr14	True	0.33	False		Y' Gain	chr14L	True	0.33	False	single_y_prime_change	False	True	False	0.0
SRR33298416.1126459	chr7R	Y' Gain	chr14	True	0.33	False		Y' Gain	chr14L	True	0.33	False	single_y_prime_change	False	True	False	0.0
SRR33298416.146998	chr7R	Y' Gain	chr14	True	0.33	False		Y' Gain	chr14L	True	0.33	False	single_y_prime_change	False	True	False	0.0
SRR33298416.202566	chr7R	Y' Gain	chr14	True	0.33	False		Y' Gain	chr14L	True	0.33	False	single_y_prime_change	False	True	False	0.0
SRR33298416.217780	chr8L	1st Y' Change	chr14	True	0.33	False		1st Y' Change	chr12R	True	0.33	False	donor_transfer_candidates:2	False	True	False	0.0
SRR33298416.212855	chr8L	Y' Gain	chr4	True	0.3	False		Y' Gain	chr4R	True	0.33	False	donor_transfer_candidates:3	False	True	False	0.03
SRR33298416.882155	chr8L	Y' Gain	chr5	True	0.3	False		Y' Gain	chr14L	True	0.44	False	donor_transfer	False	True	False	0.14
SRR33298416.282133	chr8L	1st Y' Change	chr8	True	0.3	False		1st Y' Change	chr12R	True	0.33	False	donor_transfer_candidates:2	False	True	False	0.03
SRR33298416.872611	chr8L	1st Y' Change	chr8	True	0.3	False		1st Y' Change	chr12R	True	0.33	False	donor_transfer_candidates:2	False	True	False	0.03
SRR33298416.77927	chr8L	Y' Gain	chr8	True	0.33	False		Y' Gain	chr12R	True	0.33	False	donor_transfer_candidates:2	False	True	False	0.0
SRR33298416.557294	chr8L	Y' Gain	chr8	True	0.33	False		Y' Gain	chr12R	True	0.33	False	donor_transfer_candidates:2	False	True	False	0.0
SRR33298416.1119779	chr8L	Y' Gain	chr8	True	0.33	False		Y' Gain	ambiguous	True	0.3	False	donor_transfer_candidates:4	False	True	False	-0.03
SRR33298416.1036806	chr8L	Y' Gain	chr8	True	0.33	False		Y' Gain	chr14L	True	0.66	False	donor_transfer	False	True	False	0.33
SRR33298416.1168050	chr8L	1st Y' Change	chr8	True	0.3	False		1st Y' Change	chr12R	True	0.33	False	donor_transfer_candidates:2	False	True	False	0.03
SRR33298416.1036191	chr8L	Y' Gain	chr8	True	0.33	False		Y' Gain	chr12R	True	0.33	False	donor_transfer_candidates:3	False	True	False	0.0
SRR33298416.234273	chr8L	Y' Gain	chr8	True	0.33	False		Y' Gain	chr12R	True	0.33	False	donor_transfer_candidates:2	False	True	False	0.0
SRR33298416.348984	chr8L	Y' Gain	chr8	True	0.33	False		Y' Gain	chr12R	True	0.33	False	donor_transfer_candidates:2	False	True	False	0.0
SRR33298416.963461	chr8L	Y' Gain	chr8	True	0.33	False		Y' Gain	chr12R	True	0.33	False	donor_transfer_candidates:2	False	True	False	0.0
SRR33298416.1128157	chr8L	Y' Gain	chr8	True	0.33	False		Y' Gain	chr12R	True	0.33	False	donor_transfer_candidates:2	False	True	False	0.0
SRR33298416.818151	chr8L	Y' Gain	chr8	True	0.33	False		Y' Gain	chr12R	True	0.33	False	donor_transfer_candidates:3	False	True	False	0.0
SRR33298416.1173603	chr8L	Y' Gain	chr8	True	0.33	False		Y' Gain	ambiguous	True	0.3	False	unmatched_array	False	True	False	-0.03
SRR33298416.873153	chr8L	Y' Gain	chr8	True	0.33	False		Y' Gain	ambiguous	True	0.3	False	unmatched_array	False	True	False	-0.03
SRR33298416.323471	chr8L	Y' Gain	ambiguous	True	0.3	False		Y' Gain	chr14L	True	0.44	False	donor_transfer	False	True	False	0.14
SRR33298416.1052646	chr8L	1st Y' Change	chr8	True	0.3	False		1st Y' Change	chr12R	True	0.33	False	donor_transfer_candidates:2	False	True	False	0.03
SRR33298416.23804	chr8L	1st Y' Change	chr8	True	0.3	False		1st Y' Change	chr12R	True	0.33	False	donor_transfer_candidates:2	False	True	False	0.03
SRR33298416.78462	chr8L	1st Y' Change	chr8	True	0.3	False		1st Y' Change	chr12R	True	0.33	False	donor_transfer_candidates:2	False	True	False	0.03
SRR33298416.454932	chr8L	1st Y' Change	chr8	True	0.3	False		1st Y' Change	chr12R	True	0.33	False	donor_transfer_candidates:2	False	True	False	0.03
SRR33298416.348990	chr8L	Y' Gain	chr8	True	0.33	False		Y' Gain	chr12R	True	0.33	False	donor_transfer_candidates:2	False	True	False	0.0
SRR33298416.1216012	chr8L	Y' Gain	chr8	True	0.33	False		Y' Gain	chr12R	True	0.33	False	donor_transfer_candidates:2	False	True	False	0.0
SRR33298416.548935	chr8L	Y' Gain	chr8	True	0.33	False		Y' Gain	ambiguous	True	0.3	False	unmatched_array	False	True	False	-0.03
SRR33298416.647041	chr8L	Y' Gain	chr8	True	0.33	False		Y' Gain	ambiguous	True	0.3	False	unmatched_array	False	True	False	-0.03
SRR33298416.1082334	chr8L	Y' Gain	chr8	True	0.33	False		Y' Gain	ambiguous	True	0.3	False	unmatched_array	False	True	False	-0.03
SRR33298416.45585	chr8L	Y' Gain	chr8	True	0.33	False		Y' Gain	chr14L	True	0.44	False	donor_transfer	False	True	False	0.11
SRR33298416.156812	chr8L	Y' Gain	chr8	True	0.33	False		Y' Gain	chr14L	True	0.44	False	donor_transfer	False	True	False	0.11
SRR33298416.238621	chr8L	Y' Gain	chr8	True	0.33	False		Y' Gain	ambiguous	True	0.3	False	unmatched_array	False	True	False	-0.03
SRR33298416.846992	chr8L	1st Y' Change	chr8	True	0.3	False		1st Y' Change	chr12R	True	0.33	False	donor_transfer_candidates:2	False	True	False	0.03
SRR33298416.363001	chr8L	1st Y' Change	chr8	True	0.3	False		1st Y' Change	chr12R	True	0.33	False	donor_transfer_candidates:2	False	True	False	0.03
SRR33298416.152913	chr8L	1st Y' Change	chr8	True	0.3	False		1st Y' Change	chr12R	True	0.33	False	donor_transfer_candidates:3	False	True	False	0.03
SRR33298416.575140	chr8L	1st Y' Change	chr8	True	0.3	False		1st Y' Change	chr14L	True	0.66	False	donor_transfer	False	True	False	0.36
SRR33298416.506489	chr8L	Y' Gain	chr8	True	0.33	False		Y' Gain	chr12R	True	0.33	False	donor_transfer_candidates:3	False	True	False	0.0
SRR33298416.583135	chr8L	1st Y' Change	chr8	True	0.3	False		1st Y' Change	chr14L	True	0.66	False	donor_transfer	False	True	False	0.36
SRR33298416.764742	chr8L	1st Y' Change	chr8	True	0.3	False		1st Y' Change	ambiguous	True	0.3	False	unmatched_array	False	True	False	0.0
SRR33298416.853004	chr8L	Y' Gain	chr8	True	0.33	False		Y' Gain	chr12R	True	0.33	False	donor_transfer_candidates:3	False	True	False	0.0
SRR33298416.751986	chr8L	1st Y' Change	chr8	True	0.3	False		1st Y' Change	chr14L	True	0.44	False	donor_transfer	False	True	False	0.14
SRR33298416.534084	chr8L	Y' Gain	chr8	True	0.33	False		Y' Gain	chr14L	True	0.66	False	donor_transfer	False	True	False	0.33
SRR33298416.961133	chr8L	Y' Gain	chr8	True	0.33	False		Y' Gain	chr14L	True	0.66	False	donor_transfer	False	True	False	0.33
SRR33298416.1281112	chr8L	1st Y' Change	chr8	True	0.3	False		1st Y' Change	ambiguous	True	0.3	False	unmatched_array	False	True	False	0.0
SRR33298416.1177725	chr8L	Y' Gain	chr8	True	0.33	False		Y' Gain	ambiguous	True	0.3	False	unmatched_array	False	True	False	-0.03
SRR33298416.506538	chr8L	Y' Gain	chr8	True	0.33	False		Y' Gain	ambiguous	True	0.3	False	unmatched_array	False	True	False	-0.03
SRR33298416.1024147	chr8L	1st Y' Change	chr8	True	0.3	False		1st Y' Change	ambiguous	True	0.3	False	donor_transfer_candidates:4	False	True	False	0.0
SRR33298416.504251	chr8L	1st Y' Change	chr8	True	0.3	False		1st Y' Change	chr12R	True	0.33	False	donor_transfer_candidates:3	False	True	False	0.03
SRR33298416.1144329	chr8L	1st Y' Change	chr8	True	0.3	False		1st Y' Change	ambiguous	True	0.3	False	donor_transfer_candidates:4	False	True	False	0.0
SRR33298416.371375	chr8L	1st Y' Change	chr8	True	0.3	False		1st Y' Change	ambiguous	True	0.3	False	donor_transfer_candidates:4	False	True	False	0.0
SRR33298416.456024	chr8L	1st Y' Change	chr8	True	0.3	False		1st Y' Change	ambiguous	True	0.3	False	donor_transfer_candidates:4	False	True	False	0.0
SRR33298416.1025043	chr8L	1st Y' Change	chr8	True	0.3	False		1st Y' Change	ambiguous	True	0.3	False	donor_transfer_candidates:4	False	True	False	0.0
SRR33298416.448782	chr8L	Y' Gain	chr8	True	0.33	False		Y' Gain	ambiguous	True	0.3	False	donor_transfer_candidates:4	False	True	False	-0.03
SRR33298416.940633	chr8L	Y' Gain	chr8	True	0.33	False		Y' Gain	ambiguous	True	0.3	False	donor_transfer_candidates:4	False	True	False	-0.03
SRR33298416.447070	chr8L	Y' Gain	chr8	True	0.33	False		Y' Gain	ambiguous	True	0.3	False	donor_transfer_candidates:4	False	True	False	-0.03
SRR33298416.895751	chr8L	1st Y' Change	chr5	True	0.33	False		1st Y' Change	chr14L	True	0.66	False	donor_transfer	False	True	False	0.33
SRR33298416.294672	chr8L	Y' Gain	chr8	True	0.33	False		Y' Gain	ambiguous	True	0.3	False	donor_transfer_candidates:4	False	True	False	-0.03
SRR33298416.521770	chr8L	Y' Gain	chr8	True	0.33	False		Y' Gain	ambiguous	True	0.3	False	donor_transfer_candidates:4	False	True	False	-0.03
SRR33298416.477776	chr8L	Y' Gain	chr8	True	0.33	False		Y' Gain	ambiguous	True	0.3	False	donor_transfer_candidates:4	False	True	False	-0.03
SRR33298416.34280	chr8L	Y' Gain	chr8	True	0.33	False		Y' Gain	ambiguous	True	0.3	False	donor_transfer_candidates:4	False	True	False	-0.03
SRR33298416.835305	chr8L	Y' Gain	chr3	True	0.3	False		Y' Gain	chr14L	True	0.44	False	donor_transfer	False	True	False	0.14
SRR33298416.50996	chr8L	1st Y' Change	chr5	True	0.33	False		1st Y' Change	chr5R	True	0.33	False	donor_transfer_candidates:4	False	True	False	0.0
SRR33298416.709574	chr8L	1st Y' Change	chr5	True	0.33	False		1st Y' Change	chr5R	True	0.33	False	donor_transfer_candidates:4	False	True	False	0.0
SRR33298416.230807	chr8L	1st Y' Change	chr5	True	0.33	False		1st Y' Change	chr5R	True	0.33	False	donor_transfer_candidates:4	False	True	False	0.0
SRR33298416.1146666	chr8L	1st Y' Change	chr5	True	0.33	False		1st Y' Change	chr5R	True	0.33	False	donor_transfer_candidates:4	False	True	False	0.0
SRR33298416.183721	chr8L	1st Y' Change	chr5	True	0.33	False		1st Y' Change	chr5R	True	0.33	False	donor_transfer_candidates:4	False	True	False	0.0
SRR33298416.932640	chr8L	1st Y' Change	chr5	True	0.33	False		1st Y' Change	chr5R	True	0.33	False	donor_transfer_candidates:4	False	True	False	0.0
SRR33298416.174622	chr8L	1st Y' Change	chr5	True	0.33	False		1st Y' Change	chr5R	True	0.33	False	donor_transfer_candidates:4	False	True	False	0.0
SRR33298416.769129	chr8L	1st Y' Change	chr5	True	0.33	False		1st Y' Change	chr5R	True	0.33	False	donor_transfer_candidates:4	False	True	False	0.0
SRR33298416.547830	chr8L	1st Y' Change	chr5	True	0.33	False		1st Y' Change	chr5R	True	0.33	False	donor_transfer_candidates:4	False	True	False	0.0
SRR33298416.296069	chr8L	1st Y' Change	chr5	True	0.33	False		1st Y' Change	chr5R	True	0.33	False	donor_transfer_candidates:4	False	True	False	0.0
SRR33298416.440838	chr8L	1st Y' Change	chr5	True	0.33	False		1st Y' Change	chr5R	True	0.33	False	donor_transfer_candidates:4	False	True	False	0.0
SRR33298416.388769	chr8L	Y' Gain	chr8	True	0.33	False		Y' Gain	ambiguous	True	0.3	False	single_y_prime_change	False	True	False	-0.03
SRR33298416.602171	chr8L	Y' Gain	chr8	True	0.33	False		Y' Gain	ambiguous	True	0.3	False	single_y_prime_change	False	True	False	-0.03
SRR33298416.697196	chr8L	1st Y' Change	chr8	True	0.3	False		1st Y' Change	ambiguous	True	0.3	False	unmatched_array	False	True	False	0.0
SRR33298416.1054315	chr8L	Y' Gain	chr8	True	0.33	False		Y' Gain	ambiguous	True	0.3	False	single_y_prime_change	False	True	False	-0.03
SRR33298416.389263	chr8L	Y' Gain	chr8	True	0.33	False		Y' Gain	ambiguous	True	0.3	False	single_y_prime_change	False	True	False	-0.03
SRR33298416.155741	chr8L	Y' Gain	chr8	True	0.33	False		Y' Gain	ambiguous	True	0.3	False	single_y_prime_change	False	True	False	-0.03
SRR33298416.805081	chr8L	Y' Gain	chr8	True	0.33	False		Y' Gain	ambiguous	True	0.3	False	single_y_prime_change	False	True	False	-0.03
SRR33298416.963131	chr8L	Y' Gain	chr8	True	0.33	False		Y' Gain	ambiguous	True	0.3	False	single_y_prime_change	False	True	False	-0.03
SRR33298416.1173541	chr8L	1st Y' Change	ambiguous	True	0.3	False		1st Y' Change	chr14L	True	0.44	False	donor_transfer	False	True	False	0.14
SRR33298416.577427	chr8L	Y' Gain	chr8	True	0.33	False		Y' Gain	ambiguous	True	0.3	False	single_y_prime_change	False	True	False	-0.03
SRR33298416.1071148	chr8L	Y' Gain	chr8	True	0.33	False		Y' Gain	ambiguous	True	0.3	False	single_y_prime_change	False	True	False	-0.03
SRR33298416.218399	chr8L	Y' Gain	chr8	True	0.33	False		Y' Gain	ambiguous	True	0.3	False	single_y_prime_change	False	True	False	-0.03
SRR33298416.617470	chr8L	Y' Gain	chr8	True	0.33	False		Y' Gain	ambiguous	True	0.3	False	single_y_prime_change	False	True	False	-0.03
SRR33298416.588676	chr8L	Y' Gain	chr8	True	0.33	False		Y' Gain	ambiguous	True	0.3	False	single_y_prime_change	False	True	False	-0.03
SRR33298416.481038	chr8L	Y' Gain	chr8	True	0.33	False		Y' Gain	ambiguous	True	0.3	False	single_y_prime_change	False	True	False	-0.03
SRR33298416.700372	chr8L	Y' Gain	chr8	True	0.33	False		Y' Gain	ambiguous	True	0.3	False	single_y_prime_change	False	True	False	-0.03
SRR33298416.378449	chr8L	Y' Gain	chr8	True	0.33	False		Y' Gain	ambiguous	True	0.3	False	single_y_prime_change	False	True	False	-0.03
SRR33298416.74217	chr8L	Y' Gain	chr8	True	0.33	False		Y' Gain	ambiguous	True	0.3	False	single_y_prime_change	False	True	False	-0.03
SRR33298416.1067495	chr8L	Y' Gain	chr8	True	0.33	False		Y' Gain	ambiguous	True	0.3	False	single_y_prime_change	False	True	False	-0.03
SRR33298416.1150541	chr8L	Y' Gain	chr8	True	0.33	False		Y' Gain	ambiguous	True	0.3	False	single_y_prime_change	False	True	False	-0.03
SRR33298416.1059095	chr8L	1st Y' Change	chr8	True	0.3	False		1st Y' Change	ambiguous	True	0.3	False	unmatched_array	False	True	False	0.0
SRR33298416.961529	chr8L	Y' Gain	chr8	True	0.33	False		Y' Gain	ambiguous	True	0.3	False	single_y_prime_change	False	True	False	-0.03
SRR33298416.381876	chr8R	Y' Gain	chr8	True	0.33	False		Y' Gain	ambiguous	True	0.3	False	donor_transfer_candidates:4	False	True	False	-0.03
SRR33298416.1261469	chr8R	Y' Gain	chr8	True	0.33	False		Y' Gain	chr12R	True	0.33	False	donor_transfer_candidates:2	False	True	False	0.0
SRR33298416.1135141	chr8R	Y' Gain	chr12	True	0.33	False		Y' Gain	chr12L	True	0.33	False	unmatched_array	False	True	False	0.0
SRR33298416.823536	chr8R	Y' Gain	chr12	True	0.33	False		Y' Gain	chr12L	True	0.33	False	unmatched_array	False	True	False	0.0
SRR33298416.1259738	chr8R	Y' Gain	chr12	True	0.33	False		Y' Gain	chr12R	True	0.33	False	donor_transfer_candidates:2	False	True	False	0.0
SRR33298416.1152712	chr8R	Y' Gain	chr12	True	0.33	False		Y' Gain	chr12R	True	0.33	False	donor_transfer_candidates:2	False	True	False	0.0
SRR33298416.769771	chr8R	Y' Gain	chr4	True	0.3	False		Y' Gain	chr4R	True	0.33	False	donor_transfer_candidates:2	False	True	False	0.03
SRR33298416.964998	chr8R	1st Y' Change	chr4	True	0.33	False		1st Y' Change	chr4R	True	0.33	False	donor_transfer_candidates:2	False	True	False	0.0
SRR33298416.1231999	chr8R	Y' Gain	chr12	True	0.33	False		Y' Gain	chr12R	True	0.33	False	donor_transfer_candidates:3	False	True	False	0.0
SRR33298416.774648	chr8R	Y' Gain	chr12	True	0.33	False		Y' Gain	chr12R	True	0.33	False	donor_transfer_candidates:3	False	True	False	0.0
SRR33298416.1012238	chr8R	Y' Gain	chr12	True	0.33	False		Y' Gain	chr12R	True	0.33	False	donor_transfer_candidates:3	False	True	False	0.0
SRR33298416.76678	chr8R	Y' Gain	chr12	True	0.33	False		Y' Gain	chr14L	True	0.66	False	donor_transfer	False	True	False	0.33
SRR33298416.193795	chr8R	Y' Gain	chr12	True	0.33	False		Y' Gain	chr14L	True	0.66	False	donor_transfer	False	True	False	0.33
SRR33298416.1179617	chr8R	Y' Gain	chr12	True	0.33	False		Y' Gain	chr12L	True	0.33	False	unmatched_array	False	True	False	0.0
SRR33298416.1082742	chr8R	Y' Gain	chr12	True	0.33	False		Y' Gain	chr12L	True	0.33	False	unmatched_array	False	True	False	0.0
SRR33298416.13100	chr8R	1st Y' Change	chr16	True	0.33	False		1st Y' Change	chr16L	True	0.33	False	donor_transfer_candidates:3	False	True	False	0.0
SRR33298416.610001	chr8R	1st Y' Change	chr4	True	0.33	False		1st Y' Change	chr4R	True	0.33	False	donor_transfer_candidates:3	False	True	False	0.0
SRR33298416.1269185	chr8R	1st Y' Change	chr16	True	0.33	False		1st Y' Change	chr16L	True	0.33	False	donor_transfer_candidates:3	False	True	False	0.0
SRR33298416.412271	chr8R	1st Y' Change	chr14	True	0.33	False		1st Y' Change	chr14L	True	0.66	False	donor_transfer	False	True	False	0.33
SRR33298416.393852	chr8R	Y' Gain	chr12	True	0.33	False		Y' Gain	chr12L	True	0.33	False	donor_transfer_candidates:4	False	True	False	0.0
SRR33298416.1244495	chr8R	Y' Gain	chr12	True	0.33	False		Y' Gain	chr12L	True	0.33	False	donor_transfer_candidates:4	False	True	False	0.0
SRR33298416.379000	chr8R	1st Y' Change	chr14	True	0.33	False		1st Y' Change	chr14L	True	0.33	False	donor_transfer_candidates:4	False	True	False	0.0
SRR33298416.1157746	chr8R	1st Y' Change	chr14	True	0.33	False		1st Y' Change	chr14L	True	0.33	False	donor_transfer_candidates:4	False	True	False	0.0
SRR33298416.223545	chr8R	1st Y' Change	chr14	True	0.33	False		1st Y' Change	chr14R	True	0.33	False	unmatched_array	False	True	False	0.0
SRR33298416.15599	chr9L	1st Y' Change	chr9	True	0.3	False		1st Y' Change	chr14L	True	0.66	False	donor_transfer	False	True	False	0.36
SRR33298416.349771	chr9L	1st Y' Change	chr9	True	0.3	False		1st Y' Change	ambiguous	True	0.3	False	donor_transfer_candidates:4	False	True	False	0.0
SRR33298416.1175283	chr9L	Y' Gain	chr9	True	0.33	False		Y' Gain	ambiguous	True	0.3	False	unmatched_array	False	True	False	-0.03
SRR33298416.544671	chr9L	Y' Gain	chr9	True	0.33	False		Y' Gain	chr12R	True	0.33	False	donor_transfer_candidates:2	False	True	False	0.0
SRR33298416.1167849	chr9L	Y' Gain	chr9	True	0.33	False		Y' Gain	chr12R	True	0.33	False	donor_transfer_candidates:3	False	True	False	0.0
SRR33298416.917893	chr9L	1st Y' Change	chr9	True	0.3	False		1st Y' Change	ambiguous	True	0.3	False	donor_transfer_candidates:4	False	True	False	0.0
SRR33298416.710906	chr9L	Y' Gain	chr9	True	0.33	False		Y' Gain	chr12R	True	0.33	False	donor_transfer_candidates:2	False	True	False	0.0
SRR33298416.554135	chr9L	Y' Gain	chr9	True	0.33	False		Y' Gain	chr14L	True	0.66	False	donor_transfer	False	True	False	0.33
SRR33298416.151798	chr9L	1st Y' Change	chr9	True	0.3	False		1st Y' Change	chr14L	True	0.66	False	donor_transfer	False	True	False	0.36
SRR33298416.667040	chr9L	Y' Gain	chr9	True	0.33	False		Y' Gain	ambiguous	True	0.3	False	donor_transfer_candidates:4	False	True	False	-0.03
SRR33298416.401834	chr9L	Y' Gain	chr9	True	0.33	False		Y' Gain	chr12R	True	0.33	False	donor_transfer_candidates:2	False	True	False	0.0
SRR33298416.956106	chr9L	Y' Gain	chr9	True	0.33	False		Y' Gain	chr12R	True	0.33	False	donor_transfer_candidates:2	False	True	False	0.0
SRR33298416.1167103	chr9L	Y' Gain	chr9	True	0.33	False		Y' Gain	chr12R	True	0.33	False	donor_transfer_candidates:3	False	True	False	0.0
SRR33298416.101464	chr9L	Y' Gain	chr9	True	0.33	False		Y' Gain	chr12R	True	0.33	False	donor_transfer_candidates:2	False	True	False	0.0
SRR33298416.386727	chr9L	Y' Gain	chr9	True	0.33	False		Y' Gain	chr12R	True	0.33	False	donor_transfer_candidates:2	False	True	False	0.0
SRR33298416.605139	chr9L	Y' Gain	chr9	True	0.33	False		Y' Gain	chr12R	True	0.33	False	donor_transfer_candidates:2	False	True	False	0.0
SRR33298416.674857	chr9L	Y' Gain	chr9	True	0.33	False		Y' Gain	ambiguous	True	0.3	False	unmatched_array	False	True	False	-0.03
SRR33298416.878037	chr9L	Y' Gain	chr9	True	0.33	False		Y' Gain	ambiguous	True	0.3	False	unmatched_array	False	True	False	-0.03
SRR33298416.1118706	chr9L	1st Y' Change	chr9	True	0.3	False		1st Y' Change	chr14L	True	0.66	False	donor_transfer	False	True	False	0.36
SRR33298416.652643	chr9L	Y' Gain	chr9	True	0.33	False		Y' Gain	ambiguous	True	0.3	False	unmatched_array	False	True	False	-0.03
SRR33298416.689528	chr9L	Y' Gain	chr9	True	0.33	False		Y' Gain	ambiguous	True	0.3	False	unmatched_array	False	True	False	-0.03
SRR33298416.1128140	chr9L	Y' Gain	chr9	True	0.33	False		Y' Gain	ambiguous	True	0.3	False	unmatched_array	False	True	False	-0.03
SRR33298416.1154818	chr9L	Y' Gain	chr9	True	0.33	False		Y' Gain	ambiguous	True	0.3	False	unmatched_array	False	True	False	-0.03
SRR33298416.517621	chr9L	Y' Gain	chr9	True	0.33	False		Y' Gain	chr12R	True	0.33	False	donor_transfer_candidates:2	False	True	False	0.0
SRR33298416.872655	chr9L	Y' Gain	chr9	True	0.33	False		Y' Gain	chr12R	True	0.33	False	donor_transfer_candidates:2	False	True	False	0.0
SRR33298416.1009350	chr9L	1st Y' Change	chr9	True	0.3	False		1st Y' Change	chr12R	True	0.33	False	donor_transfer_candidates:2	False	True	False	0.03
SRR33298416.838165	chr9L	Y' Gain	chr9	True	0.33	False		Y' Gain	chr12R	True	0.33	False	donor_transfer_candidates:2	False	True	False	0.0
SRR33298416.719322	chr9L	Y' Gain	chr9	True	0.33	False		Y' Gain	chr14L	True	0.44	False	donor_transfer	False	True	False	0.11
SRR33298416.1214599	chr9L	Y' Gain	chr12	True	0.3	False		Y' Gain	chr12R	True	0.33	False	donor_transfer_candidates:3	False	True	False	0.03
SRR33298416.100209	chr9L	Y' Gain	chr12	True	0.3	False		Y' Gain	chr12R	True	0.33	False	donor_transfer_candidates:3	False	True	False	0.03
SRR33298416.546222	chr9L	Y' Gain	chr12	True	0.3	False		Y' Gain	chr12R	True	0.33	False	donor_transfer_candidates:3	False	True	False	0.03
SRR33298416.317945	chr9L	1st Y' Change	chr9	True	0.3	False		1st Y' Change	chr12R	True	0.33	False	donor_transfer_candidates:2	False	True	False	0.03
SRR33298416.1160768	chr9L	1st Y' Change	chr12	True	0.3	False		1st Y' Change	chr12R	True	0.33	False	donor_transfer_candidates:2	False	True	False	0.03
SRR33298416.723400	chr9L	1st Y' Change	chr9	True	0.3	False		1st Y' Change	chr12R	True	0.33	False	donor_transfer_candidates:2	False	True	False	0.03
SRR33298416.187832	chr9L	1st Y' Change	chr12	True	0.3	False		1st Y' Change	chr12R	True	0.33	False	donor_transfer_candidates:2	False	True	False	0.03
SRR33298416.75967	chr9L	Y' Gain	chr12	True	0.3	False		Y' Gain	chr14L	True	0.44	False	donor_transfer	False	True	False	0.14
SRR33298416.1268473	chr9L	1st Y' Change	chr12	True	0.3	False		1st Y' Change	chr12R	True	0.33	False	donor_transfer_candidates:3	False	True	False	0.03
SRR33298416.349642	chr9L	1st Y' Change	chr12	True	0.3	False		1st Y' Change	chr12R	True	0.33	False	donor_transfer_candidates:3	False	True	False	0.03
SRR33298416.985927	chr9L	1st Y' Change	chr12	True	0.3	False		1st Y' Change	chr12R	True	0.33	False	donor_transfer_candidates:3	False	True	False	0.03
SRR33298416.1053865	chr9L	Y' Gain	chr12	True	0.3	False		Y' Gain	chr14L	True	0.44	False	donor_transfer	False	True	False	0.14
SRR33298416.771453	chr9L	Y' Gain	chr12	True	0.3	False		Y' Gain	chr14L	True	0.44	False	donor_transfer	False	True	False	0.14
SRR33298416.444716	chr9L	1st Y' Change	chr12	True	0.3	False		1st Y' Change	chr14L	True	0.44	False	donor_transfer	False	True	False	0.14
SRR33298416.92852	chr9L	1st Y' Change	chr12	True	0.3	False		1st Y' Change	chr14L	True	0.44	False	donor_transfer	False	True	False	0.14
SRR33298416.722902	chr9L	1st Y' Change	chr12	True	0.3	False		1st Y' Change	chr14L	True	0.44	False	donor_transfer	False	True	False	0.14
SRR33298416.584408	chr9L	1st Y' Change	chr4	True	0.33	False		1st Y' Change	chr14L	True	0.44	False	donor_transfer	False	True	False	0.11
SRR33298416.661944	chr9R	Y' Gain	chr12R	True	0.1374	True		Y' Gain	chr3L	True	0.1374	True	subtelomere_switch	False	True	False	0.0
SRR33298416.192837	chr9R	Y' Gain	chr4R	True	0.0014	True		Y' Gain	chr14L	True	0.0014	True	subtelomere_switch	False	True	False	0.0
SRR33298416.1188761	chr9R	Y' Gain	chr12R	True	0.2011	True		Y' Gain	chr3L	True	0.4693	True	subtelomere_switch	False	True	False	0.268
SRR33298416.152190	chr9R	Y' Gain	chr12R	True	0.0029	True		Y' Gain	chr14L	True	0.0029	True	subtelomere_switch	False	True	False	0.0
SRR33298416.387611	chr9R	Y' Gain	chr9	True	0.3	False		Y' Gain	chr12R	True	0.33	False	donor_transfer_candidates:2	False	True	False	0.03
SRR33298416.1272467	chr9R	Y' Gain	chr9	True	0.33	False		Y' Gain	ambiguous	True	0.3	False	donor_transfer_candidates:4	False	True	False	-0.03
SRR33298416.1027205	chr9R	Y' Gain	chr4R	True	0.1994	True		Y' Gain	chr4L	True	0.1994	True	subtelomere_switch	False	True	False	0.0
SRR33298416.645022	chr9R	Y' Gain	chr12R	True	-0.0033	True		Y' Gain	chr14L	True	-0.0033	True	subtelomere_switch	False	True	False	0.0
SRR33298416.1154724	chr9R	Y' Gain	chr9	True	0.3	False		Y' Gain	ambiguous	True	0.3	False	donor_transfer_candidates:4	False	True	False	0.0
SRR33298416.626375	chr9R	Y' Gain	chr12R	True	-0.0033	True		Y' Gain	chr14L	True	-0.0033	True	subtelomere_switch	False	True	False	0.0
SRR33298416.1266216	chr9R	Y' Gain	chr12R	True	0.2341	True		Y' Gain	chr8L	True	0.5463	True	subtelomere_switch	False	True	False	0.312
SRR33298416.1062242	chr9R	Y' Gain	chr12R	True	-0.0006	True		Y' Gain	chr14L	True	-0.0006	True	subtelomere_switch	False	True	False	0.0
SRR33298416.234358	chr9R	Y' Gain	chr9	True	0.3	False		Y' Gain	chr14L	True	0.44	False	donor_transfer	False	True	False	0.14
SRR33298416.1042028	chr9R	Y' Gain	chr9	True	0.3	False		Y' Gain	chr14L	True	0.44	False	donor_transfer	False	True	False	0.14
SRR33298416.277700	chr9R	Y' Gain	chr9	True	0.3	False		Y' Gain	chr12R	True	0.33	False	donor_transfer_candidates:2	False	True	False	0.03
SRR33298416.1173657	chr9R	Y' Gain	chr9	True	0.3	False		Y' Gain	chr12R	True	0.33	False	donor_transfer_candidates:2	False	True	False	0.03
SRR33298416.673275	chr9R	Y' Gain	chr9	True	0.3	False		Y' Gain	chr12R	True	0.33	False	donor_transfer_candidates:2	False	True	False	0.03
SRR33298416.89539	chr9R	Y' Gain	chr9	True	0.33	False		Y' Gain	ambiguous	True	0.3	False	unmatched_array	False	True	False	-0.03
SRR33298416.1259943	chr9R	Y' Gain	chr12R	True	0.1583	True		Y' Gain	chr3L	True	0.3695	True	subtelomere_switch	False	True	False	0.211
SRR33298416.80879	chr9R	Y' Gain	chr9	True	0.3	False		Y' Gain	chr14L	True	0.66	False	donor_transfer	False	True	False	0.36
SRR33298416.543296	chr9R	Y' Gain	chr9	True	0.3	False		Y' Gain	chr14L	True	0.66	False	donor_transfer	False	True	False	0.36
SRR33298416.1045289	chr9R	Y' Gain	chr12R	True	0.0023	True		Y' Gain	chr14L	True	0.0023	True	subtelomere_switch	False	True	False	0.0
SRR33298416.548735	chr9R	Y' Gain	chr9	True	0.3	False		Y' Gain	chr14L	True	0.44	False	donor_transfer	False	True	False	0.14
SRR33298416.255881	chr9R	Y' Gain	chr9	True	0.3	False		Y' Gain	chr14L	True	0.66	False	donor_transfer	False	True	False	0.36
SRR33298416.708389	chr9R	Y' Gain	chr9	True	0.3	False		Y' Gain	ambiguous	True	0.3	False	unmatched_array	False	True	False	0.0
SRR33298416.1140078	chr9R	Y' Gain	chr9	True	0.3	False		Y' Gain	ambiguous	True	0.3	False	unmatched_array	False	True	False	0.0
SRR33298416.894931	chr9R	Y' Gain	chr9	True	0.33	False		Y' Gain	chr12R	True	0.33	False	donor_transfer_candidates:3	False	True	False	0.0
SRR33298416.1040135	chr9R	Y' Gain	chr12R	True	0.3	True		Y' Gain	chr3R	True	0.7	True	subtelomere_switch	False	True	False	0.4
SRR33298416.1071248	chr9R	Y' Gain	chr9	True	0.3	False		Y' Gain	chr12R	True	0.33	False	donor_transfer_candidates:2	False	True	False	0.03
SRR33298416.317164	chr9R	Y' Gain	chr9	True	0.3	False		Y' Gain	chr14L	True	0.66	False	donor_transfer	False	True	False	0.36
SRR33298416.1167854	chr9R	Y' Gain	chr9	True	0.33	False		Y' Gain	ambiguous	True	0.3	False	unmatched_array	False	True	False	-0.03
SRR33298416.224870	chr9R	Y' Gain	chr9	True	0.3	False		Y' Gain	ambiguous	True	0.3	False	unmatched_array	False	True	False	0.0
SRR33298416.638823	chr9R	Y' Gain	chr9	True	0.3	False		Y' Gain	chr14L	True	0.44	False	donor_transfer	False	True	False	0.14
SRR33298416.1029853	chr9R	Y' Gain	chr9	True	0.3	False		Y' Gain	ambiguous	True	0.3	False	unmatched_array	False	True	False	0.0
SRR33298416.443066	chr9R	Y' Gain	chr9	True	0.3	False		Y' Gain	ambiguous	True	0.3	False	unmatched_array	False	True	False	0.0
SRR33298416.798407	chr9R	Y' Gain	chr9	True	0.33	False		Y' Gain	ambiguous	True	0.3	False	donor_transfer_candidates:4	False	True	False	-0.03
SRR33298416.995584	chr9R	Y' Gain	chr9	True	0.3	False		Y' Gain	chr12R	True	0.33	False	donor_transfer_candidates:3	False	True	False	0.03
SRR33298416.169353	chr9R	Y' Gain	chr9	True	0.3	False		Y' Gain	chr12R	True	0.33	False	donor_transfer_candidates:3	False	True	False	0.03
SRR33298416.65767	chr9R	Y' Gain	chr9	True	0.3	False		Y' Gain	ambiguous	True	0.3	False	donor_transfer_candidates:4	False	True	False	0.0
SRR33298416.320819	chr9R	Y' Gain	chr9	True	0.3	False		Y' Gain	chr12R	True	0.33	False	donor_transfer_candidates:3	False	True	False	0.03
SRR33298416.878258	chr9R	Y' Gain	chr9	True	0.3	False		Y' Gain	ambiguous	True	0.3	False	unmatched_array	False	True	False	0.0
SRR33298416.218400	chr9R	Y' Gain	chr9	True	0.3	False		Y' Gain	ambiguous	True	0.3	False	donor_transfer_candidates:4	False	True	False	0.0
SRR33298416.748685	chr9R	Y' Gain	chr9	True	0.3	False		Y' Gain	ambiguous	True	0.3	False	donor_transfer_candidates:4	False	True	False	0.0
SRR33298416.903058	chr9R	Y' Gain	chr9	True	0.3	False		Y' Gain	ambiguous	True	0.3	False	donor_transfer_candidates:4	False	True	False	0.0
SRR33298416.640851	chr9R	Y' Gain	chr9	True	0.3	False		Y' Gain	ambiguous	True	0.3	False	donor_transfer_candidates:4	False	True	False	0.0
SRR33298416.357356	chr9R	Y' Gain	chr9	True	0.3	False		Y' Gain	chr14L	True	0.66	False	donor_transfer	False	True	False	0.36
SRR33298416.854288	chr9R	Y' Gain	chr9	True	0.3	False		Y' Gain	chr14L	True	0.66	False	donor_transfer	False	True	False	0.36
SRR33298416.12515	chr9R	Y' Gain	chr9	True	0.3	False		Y' Gain	ambiguous	True	0.3	False	unmatched_array	False	True	False	0.0
SRR33298416.541988	chr9R	Y' Gain	chr9	True	0.3	False		Y' Gain	ambiguous	True	0.3	False	unmatched_array	False	True	False	0.0
SRR33298416.492344	chr9R	Y' Gain	chr9	True	0.3	False		Y' Gain	chr14L	True	0.44	False	donor_transfer	False	True	False	0.14
SRR33298416.945706	chr9R	Y' Gain	chr9	True	0.3	False		Y' Gain	ambiguous	True	0.3	False	unmatched_array	False	True	False	0.0
SRR33298416.566453	chr9R	Y' Gain	chr9	True	0.3	False		Y' Gain	ambiguous	True	0.3	False	unmatched_array	False	True	False	0.0
SRR33298416.265543	chr9R	Y' Gain	chr9	True	0.3	False		Y' Gain	ambiguous	True	0.3	False	unmatched_array	False	True	False	0.0
SRR33298416.329215	chr9R	Y' Gain	chr9	True	0.3	False		Y' Gain	ambiguous	True	0.3	False	unmatched_array	False	True	False	0.0
SRR33298416.1173478	chr9R	Y' Gain	chr9	True	0.3	False		Y' Gain	ambiguous	True	0.3	False	unmatched_array	False	True	False	0.0
SRR33298416.408270	chr9R	Y' Gain	chr14	True	0.33	False		Y' Gain	chr14L	True	0.33	False	unmatched_array	False	True	False	0.0
SRR33298416.719262	chr9R	Y' Gain	chr14	True	0.0001	False		Y' Gain	chr14L	True	0.0001	False	subtelomere_switch	False	True	False	0.0
SRR33298416.115060	chr9R	Y' Gain	chr14	True	0.33	False		Y' Gain	chr14L	True	0.33	False	donor_transfer_candidates:4	False	True	False	0.0
SRR33298416.256023	chr9R	Y' Gain	chr14	True	0.33	False		Y' Gain	chr14L	True	0.33	False	donor_transfer_candidates:4	False	True	False	0.0
SRR33298416.235487	chr9R	Y' Gain	chr14	True	0.33	False		Y' Gain	chr14L	True	0.33	False	donor_transfer_candidates:4	False	True	False	0.0
SRR33298416.461465	chr9R	Y' Gain	chr14	True	0.33	False		Y' Gain	chr14L	True	0.33	False	donor_transfer_candidates:4	False	True	False	0.0
SRR33298416.832428	chr9R	Y' Gain	chr14	True	0.3	False		Y' Gain	chr14L	True	0.44	False	donor_transfer	False	True	False	0.14
SRR33298416.252412	chr9R	Y' Gain	chr14	True	0.33	False		Y' Gain	chr14L	True	0.33	False	donor_transfer_candidates:4	False	True	False	0.0
SRR33298416.811941	chr9R	Y' Gain	chr14	True	0.3	False		Y' Gain	chr14L	True	0.44	False	donor_transfer	False	True	False	0.14
SRR33298416.1135406	chr9R	Y' Gain	chr14	True	0.3	False		Y' Gain	chr14L	True	0.44	False	donor_transfer	False	True	False	0.14
SRR33298416.1063100	chr9R	Y' Gain	chr14	True	0.3	False		Y' Gain	chr14L	True	0.44	False	donor_transfer	False	True	False	0.14
SRR33298416.212612	chr9R	Y' Gain	chr14	True	0.3	False		Y' Gain	chr14L	True	0.44	False	donor_transfer	False	True	False	0.14
SRR33298416.688718	chr9R	Y' Gain	chr14	True	0.0057	False		Y' Gain	chr14L	True	0.0057	False	subtelomere_switch	False	True	False	0.0
SRR33298416.423416	chr9R	Y' Gain	chr14	True	0.33	False		Y' Gain	chr14L	True	0.33	False	single_y_prime_change	False	True	False	0.0
SRR33298416.1221361	chr9R	Y' Gain	chr14	True	0.33	False		Y' Gain	chr14L	True	0.33	False	single_y_prime_change	False	True	False	0.0
SRR33298416.250462	chr9R	Y' Gain	chr14	True	0.33	False		Y' Gain	chr14L	True	0.33	False	single_y_prime_change	False	True	False	0.0
SRR33298416.1017804	chr9R	Y' Gain	chr14	True	-0.0021	False		Y' Gain	chr14L	True	-0.0021	False	subtelomere_switch	False	True	False	0.0
SRR33298416.916230	chr9R	Y' Gain	chr14	True	0.33	False		Y' Gain	chr14L	True	0.33	False	single_y_prime_change	False	True	False	0.0
SRR33298416.1181780	chr9R	Y' Gain	chr14	True	0.33	False		Y' Gain	chr14L	True	0.33	False	single_y_prime_change	False	True	False	0.0
SRR33298416.943665	chr9R	Y' Gain	chr14	True	0.33	False		Y' Gain	chr14L	True	0.33	False	single_y_prime_change	False	True	False	0.0
SRR33298416.1020067	chr9R	Y' Gain	chr14	True	0.0037	False		Y' Gain	chr14L	True	0.0037	False	subtelomere_switch	False	True	False	0.0
SRR33298416.943666	chr9R	Y' Gain	chr14	True	0.33	False		Y' Gain	chr14L	True	0.33	False	single_y_prime_change	False	True	False	0.0
SRR33298416.348472	chr9R	Y' Gain	chr14	True	0.33	False		Y' Gain	chr14L	True	0.33	False	single_y_prime_change	False	True	False	0.0
SRR33298416.610107	chr9R	Y' Gain	chr14	True	0.33	False		Y' Gain	chr14L	True	0.33	False	single_y_prime_change	False	True	False	0.0
SRR33298416.634201	chr9R	Y' Gain	chr14	True	0.33	False		Y' Gain	chr14L	True	0.33	False	single_y_prime_change	False	True	False	0.0
SRR33298416.400187	chr9R	Y' Gain	chr14	True	0.0041	False		Y' Gain	chr14L	True	0.0041	False	subtelomere_switch	False	True	False	0.0
SRR33298416.293045	chr9R	Y' Gain	chr14	True	0.33	False		Y' Gain	chr14R	True	0.33	False	single_y_prime_change	False	True	False	0.0
SRR33298416.400611	chr9R	Y' Gain	chr14	True	0.33	False		Y' Gain	chr14R	True	0.33	False	single_y_prime_change	False	True	False	0.0
SRR33298416.313833	chr9R	Y' Gain	chr14	True	0.33	False		Y' Gain	chr14L	True	0.33	False	single_y_prime_change	False	True	False	0.0
SRR33298416.1259310	chr9R	Y' Gain	chr14	True	0.33	False		Y' Gain	chr14R	True	0.33	False	single_y_prime_change	False	True	False	0.0
SRR33298416.1259051	chr9R	Y' Gain	chr14	True	0.33	False		Y' Gain	chr14R	True	0.33	False	single_y_prime_change	False	True	False	0.0
SRR33298416.353725	chr9R	Y' Gain	chr14	True	0.002	False		Y' Gain	chr14L	True	0.002	False	subtelomere_switch	False	True	False	0.0
SRR33298416.1184731	chr9R	Y' Gain	chr6	True	0.33	False		Y' Gain	chr6L	True	0.33	False	single_y_prime_change	False	True	False	0.0
SRR33298416.991531	chr9R	Y' Gain	chr6	True	0.33	False		Y' Gain	chr6L	True	0.33	False	single_y_prime_change	False	True	False	0.0
SRR33298416.687434	chr9R	Y' Gain	chr6	True	0.33	False		Y' Gain	chr6L	True	0.33	False	single_y_prime_change	False	True	False	0.0
SRR33298416.314991	chr9R	Y' Gain	chr6	True	0.33	False		Y' Gain	chr6L	True	0.33	False	single_y_prime_change	False	True	False	0.0
SRR33298416.36506	chr9R	Y' Gain	chr6	True	0.33	False		Y' Gain	chr6L	True	0.33	False	single_y_prime_change	False	True	False	0.0
SRR33298416.1073753	chr9R	Y' Gain	chr6	True	0.33	False		Y' Gain	chr6L	True	0.33	False	single_y_prime_change	False	True	False	0.0
SRR33298416.274	chr9R	Y' Gain	chr6	True	0.33	False		Y' Gain	chr6L	True	0.33	False	single_y_prime_change	False	True	False	0.0
SRR33298416.864076	chr9R	Y' Gain	chr6	True	-0.0041	False		Y' Gain	chr6L	True	-0.0041	False	subtelomere_switch	False	True	False	0.0
SRR33298416.480425	chr9R	Y' Gain	chr6	True	0.33	False		Y' Gain	chr6L	True	0.33	False	single_y_prime_change	False	True	False	0.0
SRR33298416.1012418	chr9R	Y' Gain	chr6	True	0.33	False		Y' Gain	chr6L	True	0.33	False	single_y_prime_change	False	True	False	0.0
SRR33298416.480426	chr9R	Y' Gain	chr6	True	0.33	False		Y' Gain	chr6L	True	0.33	False	single_y_prime_change	False	True	False	0.0
SRR33298416.1299095	chr9R	Y' Gain	chr6	True	0.33	False		Y' Gain	chr6L	True	0.33	False	single_y_prime_change	False	True	False	0.0
SRR33298416.758206	chr9R	Y' Gain	chr6	True	0.33	False		Y' Gain	chr6L	True	0.33	False	single_y_prime_change	False	True	False	0.0
SRR33298416.573888	chr9R	Y' Gain	chr6	True	0.33	False		Y' Gain	chr6L	True	0.33	False	single_y_prime_change	False	True	False	0.0
SRR33298416.534331	chr9R	Y' Gain	chr6	True	0.33	False		Y' Gain	chr6L	True	0.33	False	single_y_prime_change	False	True	False	0.0
SRR33298416.993154	chr9R	Y' Gain	chr6	True	0.33	False		Y' Gain	chr6L	True	0.33	False	single_y_prime_change	False	True	False	0.0
SRR33298416.60056	chr9R	Y' Gain	chr13	True	0.33	False		Y' Gain	chr13L	True	0.33	False	single_y_prime_change	False	True	False	0.0
SRR33298416.975525	chr9R	Y' Gain	chr13	True	0.33	False		Y' Gain	chr13L	True	0.33	False	single_y_prime_change	False	True	False	0.0
SRR33298416.969020	chr9R	Y' Gain	chr13	True	0.33	False		Y' Gain	chr13L	True	0.33	False	single_y_prime_change	False	True	False	0.0
SRR33298416.863216	chr9R	Y' Gain	chr13	True	0.33	False		Y' Gain	chr13L	True	0.33	False	single_y_prime_change	False	True	False	0.0
SRR33298416.78707	chr9R	Y' Gain	chr13	True	0.33	False		Y' Gain	chr13L	True	0.33	False	single_y_prime_change	False	True	False	0.0
SRR33298416.439030	chr9R	Y' Gain	chr13	True	0.33	False		Y' Gain	chr13L	True	0.33	False	single_y_prime_change	False	True	False	0.0
SRR33298416.517534	chr9R	Y' Gain	chr13	True	0.33	False		Y' Gain	chr13L	True	0.33	False	single_y_prime_change	False	True	False	0.0
SRR33298416.308695	chr9R	Y' Gain	chr13	True	0.33	False		Y' Gain	chr13L	True	0.33	False	single_y_prime_change	False	True	False	0.0
SRR33298416.721338	chr9R	Y' Gain	chr13	True	0.33	False		Y' Gain	chr13L	True	0.33	False	single_y_prime_change	False	True	False	0.0
SRR33298416.1211798	chr9R	Y' Gain	chr13	True	0.33	False		Y' Gain	chr13L	True	0.33	False	single_y_prime_change	False	True	False	0.0
SRR33298416.1122398	chr9R	Y' Gain	chr13	True	0.33	False		Y' Gain	chr13L	True	0.33	False	single_y_prime_change	False	True	False	0.0
SRR33298416.358167	chr9R	Y' Gain	chr13	True	0.33	False		Y' Gain	chr13L	True	0.33	False	single_y_prime_change	False	True	False	0.0
SRR33298416.228828	chr9R	Y' Gain	chr13	True	0.33	False		Y' Gain	chr13L	True	0.33	False	single_y_prime_change	False	True	False	0.0
SRR33298416.676271	chr9R	Y' Gain	chr13	True	0.33	False		Y' Gain	chr13L	True	0.33	False	single_y_prime_change	False	True	False	0.0
SRR33298416.863679	chr9R	Y' Gain	chr13	True	0.33	False		Y' Gain	chr13L	True	0.33	False	single_y_prime_change	False	True	False	0.0
SRR33298416.329356	chr9R	Y' Gain	chr13	True	0.33	False		Y' Gain	chr13L	True	0.33	False	single_y_prime_change	False	True	False	0.0
