read_id	chr_end	y_prime_recombination_status_a	recombination_source_a	recombination_detected_a	overall_confidence_a	is_complex_event_a	recombination_mechanism_a	y_prime_recombination_status_b	recombination_source_b	recombination_detected_b	overall_confidence_b	is_complex_event_b	recombination_mechanism_b	status_changed	source_changed	detected_changed	dconf
SRR33298417.699950	chr10L	1st Y' Change	chr10	True	0.3	False		1st Y' Change	ambiguous	True	0.3	False	donor_transfer_candidates:4	False	True	False	0.0
SRR33298417.98500	chr10L	1st Y' Change	chr10	True	0.3	False		1st Y' Change	ambiguous	True	0.3	False	donor_transfer_candidates:4	False	True	False	0.0
SRR33298417.521228	chr10L	Y' Gain	chr10	True	0.33	False		Y' Gain	ambiguous	True	0.3	False	donor_transfer_candidates:4	False	True	False	-0.03
SRR33298417.467729	chr10L	Y' Gain	chr10	True	0.33	False		Y' Gain	chr12R	True	0.33	False	donor_transfer_candidates:2	False	True	False	0.0
SRR33298417.714566	chr10L	Y' Gain	chr10	True	0.33	False		Y' Gain	chr12R	True	0.33	False	donor_transfer_candidates:2	False	True	False	0.0
SRR33298417.175103	chr10L	Y' Gain	chr10	True	0.33	False		Y' Gain	ambiguous	True	0.3	False	unmatched_array	False	True	False	-0.03
SRR33298417.330851	chr10L	Y' Gain	chr10	True	0.33	False		Y' Gain	chr14L	True	0.66	False	donor_transfer	False	True	False	0.33
SRR33298417.309873	chr10L	Y' Gain	chr10	True	0.33	False		Y' Gain	chr14L	True	0.44	False	donor_transfer	False	True	False	0.11
SRR33298417.229991	chr10L	1st Y' Change	chr10	True	0.3	False		1st Y' Change	chr12R	True	0.33	False	donor_transfer_candidates:2	False	True	False	0.03
SRR33298417.742674	chr10L	1st Y' Change	chr10	True	0.3	False		1st Y' Change	chr12R	True	0.33	False	donor_transfer_candidates:2	False	True	False	0.03
SRR33298417.526112	chr10L	1st Y' Change	chr10	True	0.3	False		1st Y' Change	chr12R	True	0.33	False	donor_transfer_candidates:2	False	True	False	0.03
SRR33298417.123727	chr10L	1st Y' Change	chr10	True	0.3	False		1st Y' Change	ambiguous	True	0.3	False	unmatched_array	False	True	False	0.0
SRR33298417.713933	chr10L	Y' Gain	chr10	True	0.33	False		Y' Gain	chr12R	True	0.33	False	donor_transfer_candidates:3	False	True	False	0.0
SRR33298417.175475	chr10L	Y' Gain	chr10	True	0.33	False		Y' Gain	chr12R	True	0.33	False	donor_transfer_candidates:3	False	True	False	0.0
SRR33298417.171691	chr10L	Y' Gain	chr10	True	0.33	False		Y' Gain	chr12R	True	0.33	False	donor_transfer_candidates:3	False	True	False	0.0
SRR33298417.512722	chr10L	Y' Gain	chr10	True	0.33	False		Y' Gain	chr12R	True	0.33	False	donor_transfer_candidates:3	False	True	False	0.0
SRR33298417.181274	chr10L	Y' Gain	chr10	True	0.33	False		Y' Gain	chr12R	True	0.33	False	donor_transfer_candidates:3	False	True	False	0.0
SRR33298417.559901	chr10L	Y' Gain	chr10	True	0.33	False		Y' Gain	chr12R	True	0.33	False	donor_transfer_candidates:3	False	True	False	0.0
SRR33298417.402744	chr10L	Y' Gain	chr10	True	0.33	False		Y' Gain	chr12R	True	0.33	False	donor_transfer_candidates:3	False	True	False	0.0
SRR33298417.255767	chr10L	1st Y' Change	chr10	True	0.3	False		1st Y' Change	chr12R	True	0.33	False	donor_transfer_candidates:2	False	True	False	0.03
SRR33298417.298670	chr10L	1st Y' Change	chr16	True	0.33	False		1st Y' Change	chr16L	True	0.33	False	unmatched_array	False	True	False	0.0
SRR33298417.217981	chr10L	1st Y' Change	chr12	True	0.3	False		1st Y' Change	chr14L	True	0.66	False	donor_transfer	False	True	False	0.36
SRR33298417.186003	chr10L	1st Y' Change	chr12	True	0.33	False		1st Y' Change	chr14L	True	0.66	False	donor_transfer	False	True	False	0.33
SRR33298417.185166	chr10L	1st Y' Change	chr12	True	0.33	False		1st Y' Change	chr14L	True	0.66	False	donor_transfer	False	True	False	0.33
SRR33298417.542026	chr10L	1st Y' Change	chr12	True	0.3	False		1st Y' Change	chr14L	True	0.66	False	donor_transfer	False	True	False	0.36
SRR33298417.666867	chr10L	1st Y' Change	chr12	True	0.3	False		1st Y' Change	chr14L	True	0.44	False	donor_transfer	False	True	False	0.14
SRR33298417.334846	chr10L	1st Y' Change	chr12	True	0.3	False		1st Y' Change	chr14L	True	0.44	False	donor_transfer	False	True	False	0.14
SRR33298417.390706	chr10R	Y' Gain	chr4R	True	0.0032	True		Y' Gain	chr14L	True	0.0032	True	subtelomere_switch	False	True	False	0.0
SRR33298417.145277	chr10R	Y' Gain	chr10	True	0.3	False		Y' Gain	chr14L	True	0.44	False	donor_transfer	False	True	False	0.14
SRR33298417.611455	chr10R	Y' Gain	chr10	True	0.3	False		Y' Gain	chr14L	True	0.66	False	donor_transfer	False	True	False	0.36
SRR33298417.349596	chr10R	Y' Gain	chr12R	True	0.2082	True		Y' Gain	chr5R	True	0.2082	True	subtelomere_switch	False	True	False	0.0
SRR33298417.741880	chr10R	Y' Gain	chr10	True	0.3	False		Y' Gain	ambiguous	True	0.3	False	donor_transfer_candidates:4	False	True	False	0.0
SRR33298417.681383	chr10R	Y' Gain	chr10	True	0.3	False		Y' Gain	chr12R	True	0.33	False	donor_transfer_candidates:2	False	True	False	0.03
SRR33298417.488670	chr10R	Y' Gain	chr10	True	0.3	False		Y' Gain	chr14L	True	0.44	False	donor_transfer	False	True	False	0.14
SRR33298417.15104	chr10R	Y' Gain	chr10	True	0.3	False		Y' Gain	chr14L	True	0.44	False	donor_transfer	False	True	False	0.14
SRR33298417.246017	chr10R	Y' Gain	chr10	True	0.3	False		Y' Gain	ambiguous	True	0.3	False	donor_transfer_candidates:4	False	True	False	0.0
SRR33298417.189388	chr10R	Y' Gain	chr12R	True	0.2222	True		Y' Gain	chr5R	True	0.5184	True	subtelomere_switch	False	True	False	0.296
SRR33298417.686641	chr10R	Y' Gain	chr10	True	0.3	False		Y' Gain	ambiguous	True	0.3	False	unmatched_array	False	True	False	0.0
SRR33298417.123151	chr10R	Y' Gain	chr10	True	0.3	False		Y' Gain	ambiguous	True	0.3	False	unmatched_array	False	True	False	0.0
SRR33298417.483478	chr10R	Y' Gain	chr10	True	0.3	False		Y' Gain	ambiguous	True	0.3	False	unmatched_array	False	True	False	0.0
SRR33298417.591678	chr10R	Y' Gain	chr10	True	0.003	False		Y' Gain	ambiguous	True	0.003	False	subtelomere_switch	False	True	False	0.0
SRR33298417.242490	chr10R	Y' Gain	chr10	True	0.3	False		Y' Gain	chr12R	True	0.33	False	donor_transfer_candidates:3	False	True	False	0.03
SRR33298417.300378	chr10R	Y' Gain	chr14	True	0.33	False		Y' Gain	chr14L	True	0.33	False	donor_transfer_candidates:4	False	True	False	0.0
SRR33298417.184956	chr10R	Y' Gain	chr14	True	0.33	False		Y' Gain	chr14L	True	0.33	False	donor_transfer_candidates:4	False	True	False	0.0
SRR33298417.245707	chr10R	Y' Gain	chr14	True	0.33	False		Y' Gain	chr14L	True	0.33	False	donor_transfer_candidates:4	False	True	False	0.0
SRR33298417.413388	chr10R	Y' Gain	chr16	True	0.33	False		Y' Gain	chr16L	True	0.33	False	unmatched_array	False	True	False	0.0
SRR33298417.236256	chr10R	Y' Gain	chr14	True	0.33	False		Y' Gain	chr14L	True	0.33	False	unmatched_array	False	True	False	0.0
SRR33298417.189968	chr10R	Y' Gain	chr14	True	0.33	False		Y' Gain	chr14L	True	0.33	False	unmatched_array	False	True	False	0.0
SRR33298417.136808	chr10R	Y' Gain	chr14	True	0.33	False		Y' Gain	chr14L	True	0.33	False	unmatched_array	False	True	False	0.0
SRR33298417.786380	chr10R	Y' Gain	chr7	True	0.33	False		Y' Gain	chr7R	True	0.33	False	single_y_prime_change	False	True	False	0.0
SRR33298417.125343	chr10R	Y' Gain	chr7	True	0.33	False		Y' Gain	chr7R	True	0.33	False	single_y_prime_change	False	True	False	0.0
SRR33298417.152996	chr10R	Y' Gain	chr7	True	0.33	False		Y' Gain	chr7R	True	0.33	False	single_y_prime_change	False	True	False	0.0
SRR33298417.69688	chr10R	Y' Gain	chr7	True	0.33	False		Y' Gain	chr7R	True	0.33	False	single_y_prime_change	False	True	False	0.0
SRR33298417.345132	chr10R	Y' Gain	chr7	True	0.33	False		Y' Gain	chr7R	True	0.33	False	single_y_prime_change	False	True	False	0.0
SRR33298417.283687	chr10R	Y' Gain	chr7	True	0.33	False		Y' Gain	chr7R	True	0.33	False	single_y_prime_change	False	True	False	0.0
SRR33298417.777105	chr10R	Y' Gain	chr7	True	0.0025	False		Y' Gain	chr7R	True	0.0025	False	subtelomere_switch	False	True	False	0.0
SRR33298417.146146	chr10R	Y' Gain	chr7	True	0.0003	False		Y' Gain	chr7R	True	0.0003	False	subtelomere_switch	False	True	False	0.0
SRR33298417.428864	chr10R	Y' Gain	chr7	True	0.33	False		Y' Gain	chr7R	True	0.33	False	single_y_prime_change	False	True	False	0.0
SRR33298417.92051	chr10R	Y' Gain	chr7	True	0.33	False		Y' Gain	chr7R	True	0.33	False	single_y_prime_change	False	True	False	0.0
SRR33298417.629450	chr10R	Y' Gain	chr7	True	0.0083	False		Y' Gain	chr7R	True	0.0083	False	subtelomere_switch	False	True	False	0.0
SRR33298417.720265	chr10R	Y' Gain	chr13	True	0.33	False		Y' Gain	chr13L	True	0.33	False	single_y_prime_change	False	True	False	0.0
SRR33298417.718091	chr10R	Y' Gain	chr13	True	0.33	False		Y' Gain	chr13L	True	0.33	False	single_y_prime_change	False	True	False	0.0
SRR33298417.501347	chr10R	Y' Gain	chr13	True	0.33	False		Y' Gain	chr13L	True	0.33	False	single_y_prime_change	False	True	False	0.0
SRR33298417.555707	chr10R	Y' Gain	chr13	True	0.33	False		Y' Gain	chr13L	True	0.33	False	single_y_prime_change	False	True	False	0.0
SRR33298417.557183	chr10R	Y' Gain	chr13	True	0.0048	False		Y' Gain	chr13L	True	0.0048	False	subtelomere_switch	False	True	False	0.0
SRR33298417.232982	chr10R	Y' Gain	chr13	True	0.33	False		Y' Gain	chr13L	True	0.33	False	single_y_prime_change	False	True	False	0.0
SRR33298417.728122	chr10R	Y' Gain	chr13	True	0.33	False		Y' Gain	chr13L	True	0.33	False	single_y_prime_change	False	True	False	0.0
SRR33298417.168940	chr11L	Y' Gain	chr12R	True	0.0017	True		Y' Gain	chr14L	True	0.0017	True	subtelomere_switch	False	True	False	0.0
SRR33298417.283165	chr11L	Y' Gain	chr12R	True	0.2732	True		Y' Gain	chr7R	True	0.6374	True	subtelomere_switch	False	True	False	0.364
SRR33298417.348684	chr11L	Y' Gain	chr12R	True	0.0064	True		Y' Gain	chr14L	True	0.0064	True	subtelomere_switch	False	True	False	0.0
SRR33298417.168962	chr11L	Y' Gain	chr12R	True	0.0043	True		Y' Gain	chr14L	True	0.0043	True	subtelomere_switch	False	True	False	0.0
SRR33298417.721567	chr11L	Y' Gain	chr12R	True	0.0015	True		Y' Gain	chr14L	True	0.0015	True	subtelomere_switch	False	True	False	0.0
SRR33298417.737619	chr11L	Y' Gain	chr12R	True	-0.0004	True		Y' Gain	chr14L	True	-0.0004	True	subtelomere_switch	False	True	False	0.0
SRR33298417.745560	chr11L	Y' Gain	chr11	True	0.3	False		Y' Gain	chr14L	True	0.66	False	donor_transfer	False	True	False	0.36
SRR33298417.686444	chr11L	Y' Gain	chr12R	True	-0.0043	True		Y' Gain	chr14L	True	-0.0043	True	subtelomere_switch	False	True	False	0.0
SRR33298417.591784	chr11L	Y' Gain	chr12R	True	0.008	True		Y' Gain	chr14L	True	0.008	True	subtelomere_switch	False	True	False	0.0
SRR33298417.282290	chr11L	Y' Gain	chr4R	True	0.008	True		Y' Gain	chr14L	True	0.008	True	subtelomere_switch	False	True	False	0.0
SRR33298417.444994	chr11L	Y' Gain	chr4R	True	-0.0017	True		Y' Gain	chr14L	True	-0.0017	True	subtelomere_switch	False	True	False	0.0
SRR33298417.10705	chr11L	Y' Gain	chr11	True	0.3	False		Y' Gain	chr14L	True	0.66	False	donor_transfer	False	True	False	0.36
SRR33298417.20524	chr11L	Y' Gain	chr11	True	0.3	False		Y' Gain	chr14L	True	0.66	False	donor_transfer	False	True	False	0.36
SRR33298417.312402	chr11L	Y' Gain	chr12R	True	0.0023	True		Y' Gain	chr14L	True	0.0023	True	subtelomere_switch	False	True	False	0.0
SRR33298417.226315	chr11L	Y' Gain	chr12R	True	0.0052	True		Y' Gain	chr14L	True	0.0052	True	subtelomere_switch	False	True	False	0.0
SRR33298417.288388	chr11L	Y' Gain	chr11	True	0.3	False		Y' Gain	ambiguous	True	0.3	False	unmatched_array	False	True	False	0.0
SRR33298417.535847	chr11L	Y' Gain	chr12R	True	0.0038	True		Y' Gain	chr14L	True	0.0038	True	subtelomere_switch	False	True	False	0.0
SRR33298417.300497	chr11L	Y' Gain	chr11	True	0.3	False		Y' Gain	ambiguous	True	0.3	False	unmatched_array	False	True	False	0.0
SRR33298417.139520	chr11L	Y' Gain	chr11	True	0.3	False		Y' Gain	chr14L	True	0.66	False	donor_transfer	False	True	False	0.36
SRR33298417.509611	chr11L	Y' Gain	chr11	True	0.3	False		Y' Gain	ambiguous	True	0.3	False	unmatched_array	False	True	False	0.0
SRR33298417.56760	chr11L	Y' Gain	chr11	True	0.3	False		Y' Gain	chr14L	True	0.66	False	donor_transfer	False	True	False	0.36
SRR33298417.682968	chr11L	Y' Gain	chr11	True	0.3	False		Y' Gain	ambiguous	True	0.3	False	unmatched_array	False	True	False	0.0
SRR33298417.556513	chr11L	Y' Gain	chr11	True	0.3	False		Y' Gain	ambiguous	True	0.3	False	unmatched_array	False	True	False	0.0
SRR33298417.715919	chr11L	Y' Gain	chr11	True	0.3	False		Y' Gain	ambiguous	True	0.3	False	unmatched_array	False	True	False	0.0
SRR33298417.630481	chr11L	Y' Gain	chr11	True	0.3	False		Y' Gain	ambiguous	True	0.3	False	unmatched_array	False	True	False	0.0
SRR33298417.188551	chr11L	Y' Gain	chr11	True	0.3	False		Y' Gain	chr12R	True	0.33	False	donor_transfer_candidates:3	False	True	False	0.03
SRR33298417.211150	chr11L	Y' Gain	chr11	True	-0.0026	False		Y' Gain	chr12R	True	-0.0029	False	subtelomere_switch	False	True	False	-0.0
SRR33298417.766027	chr11L	Y' Gain	chr11	True	0.3	False		Y' Gain	chr12R	True	0.33	False	donor_transfer_candidates:3	False	True	False	0.03
SRR33298417.410358	chr11L	Y' Gain	chr11	True	0.3	False		Y' Gain	chr12R	True	0.33	False	donor_transfer_candidates:3	False	True	False	0.03
SRR33298417.100256	chr11L	Y' Gain	chr11	True	0.3	False		Y' Gain	ambiguous	True	0.3	False	donor_transfer_candidates:4	False	True	False	0.0
SRR33298417.22715	chr11L	Y' Gain	chr11	True	0.3	False		Y' Gain	ambiguous	True	0.3	False	donor_transfer_candidates:4	False	True	False	0.0
SRR33298417.154396	chr11L	Y' Gain	chr11	True	0.3	False		Y' Gain	chr14L	True	0.66	False	donor_transfer	False	True	False	0.36
SRR33298417.717737	chr11L	Y' Gain	chr11	True	0.3	False		Y' Gain	chr14L	True	0.66	False	donor_transfer	False	True	False	0.36
SRR33298417.684741	chr11L	Y' Gain	chr11	True	0.3	False		Y' Gain	chr14L	True	0.66	False	donor_transfer	False	True	False	0.36
SRR33298417.701228	chr11L	Y' Gain	chr11	True	0.3	False		Y' Gain	ambiguous	True	0.3	False	unmatched_array	False	True	False	0.0
SRR33298417.225652	chr11L	Y' Gain	chr11	True	0.3	False		Y' Gain	chr14L	True	0.44	False	donor_transfer	False	True	False	0.14
SRR33298417.257784	chr11L	Y' Gain	chr11	True	0.3	False		Y' Gain	ambiguous	True	0.3	False	unmatched_array	False	True	False	0.0
SRR33298417.465590	chr11L	Y' Gain	chr11	True	0.3	False		Y' Gain	ambiguous	True	0.3	False	donor_transfer_candidates:4	False	True	False	0.0
SRR33298417.790275	chr11L	Y' Gain	chr11	True	0.3	False		Y' Gain	ambiguous	True	0.3	False	unmatched_array	False	True	False	0.0
SRR33298417.101816	chr11L	Y' Gain	chr11	True	0.3	False		Y' Gain	ambiguous	True	0.3	False	unmatched_array	False	True	False	0.0
SRR33298417.702018	chr11L	Y' Gain	chr11	True	0.3	False		Y' Gain	chr14L	True	0.44	False	donor_transfer	False	True	False	0.14
SRR33298417.268673	chr11L	Y' Gain	chr11	True	0.3	False		Y' Gain	chr14L	True	0.44	False	donor_transfer	False	True	False	0.14
SRR33298417.184682	chr11L	Y' Gain	chr11	True	0.3	False		Y' Gain	chr14L	True	0.44	False	donor_transfer	False	True	False	0.14
SRR33298417.4653	chr11L	Y' Gain	chr11	True	0.3	False		Y' Gain	chr14L	True	0.44	False	donor_transfer	False	True	False	0.14
SRR33298417.325918	chr11L	Y' Gain	chr11	True	0.3	False		Y' Gain	chr14L	True	0.44	False	donor_transfer	False	True	False	0.14
SRR33298417.683610	chr11L	Y' Gain	chr11	True	0.3	False		Y' Gain	chr14L	True	0.44	False	donor_transfer	False	True	False	0.14
SRR33298417.1673	chr11L	Y' Gain	chr11	True	0.3	False		Y' Gain	chr14L	True	0.44	False	donor_transfer	False	True	False	0.14
SRR33298417.684764	chr11L	Y' Gain	chr11	True	0.3	False		Y' Gain	chr14L	True	0.44	False	donor_transfer	False	True	False	0.14
SRR33298417.745861	chr11L	Y' Gain	chr11	True	0.3	False		Y' Gain	chr14L	True	0.44	False	donor_transfer	False	True	False	0.14
SRR33298417.746160	chr11L	Y' Gain	chr11	True	0.3	False		Y' Gain	chr14L	True	0.44	False	donor_transfer	False	True	False	0.14
SRR33298417.684264	chr11L	Y' Gain	chr11	True	-0.005	False		Y' Gain	ambiguous	True	-0.005	False	subtelomere_switch	False	True	False	0.0
SRR33298417.101516	chr11L	Y' Gain	chr11	True	0.3	False		Y' Gain	ambiguous	True	0.3	False	unmatched_array	False	True	False	0.0
SRR33298417.331487	chr11L	Y' Gain	chr11	True	0.3	False		Y' Gain	ambiguous	True	0.3	False	unmatched_array	False	True	False	0.0
SRR33298417.569458	chr11L	Y' Gain	chr11	True	0.3	False		Y' Gain	ambiguous	True	0.3	False	unmatched_array	False	True	False	0.0
SRR33298417.406705	chr11L	Y' Gain	chr11	True	-0.0087	False		Y' Gain	ambiguous	True	-0.0087	False	subtelomere_switch	False	True	False	0.0
SRR33298417.358029	chr11L	Y' Gain	chr11	True	0.3	False		Y' Gain	ambiguous	True	0.3	False	unmatched_array	False	True	False	0.0
SRR33298417.215615	chr11L	Y' Gain	chr14	True	0.33	False		Y' Gain	chr14R	True	0.33	False	single_y_prime_change	False	True	False	0.0
SRR33298417.392578	chr11L	Y' Gain	chr2	True	0.33	False		Y' Gain	chr2L	True	0.33	False	single_y_prime_change	False	True	False	0.0
SRR33298417.148829	chr11L	Y' Gain	chr12	True	0.33	False		Y' Gain	chr12L	True	0.33	False	single_y_prime_change	False	True	False	0.0
SRR33298417.527308	chr11L	Y' Gain	chr12	True	0.33	False		Y' Gain	chr12L	True	0.33	False	single_y_prime_change	False	True	False	0.0
SRR33298417.20367	chr11L	Y' Gain	chr12	True	0.33	False		Y' Gain	chr12L	True	0.33	False	single_y_prime_change	False	True	False	0.0
SRR33298417.122748	chr11L	Y' Gain	chr12	True	0.33	False		Y' Gain	chr12L	True	0.33	False	single_y_prime_change	False	True	False	0.0
SRR33298417.610388	chr11L	Y' Gain	chr12	True	0.33	False		Y' Gain	chr12L	True	0.33	False	single_y_prime_change	False	True	False	0.0
SRR33298417.482489	chr11L	Y' Gain	chr12	True	0.33	False		Y' Gain	chr12L	True	0.33	False	single_y_prime_change	False	True	False	0.0
SRR33298417.567781	chr11L	Y' Gain	chr12	True	0.33	False		Y' Gain	chr12L	True	0.33	False	single_y_prime_change	False	True	False	0.0
SRR33298417.530516	chr11L	Y' Gain	chr12	True	-0.0158	False		Y' Gain	chr12L	True	-0.0158	False	subtelomere_switch	False	True	False	0.0
SRR33298417.98533	chr11L	Y' Gain	chr12	True	0.33	False		Y' Gain	chr12L	True	0.33	False	single_y_prime_change	False	True	False	0.0
SRR33298417.714564	chr11L	Y' Gain	chr12	True	0.33	False		Y' Gain	chr12L	True	0.33	False	single_y_prime_change	False	True	False	0.0
SRR33298417.275286	chr11L	Y' Gain	chr12	True	-0.0072	False		Y' Gain	chr12L	True	-0.0072	False	subtelomere_switch	False	True	False	0.0
SRR33298417.670800	chr11L	Y' Gain	chr12	True	0.33	False		Y' Gain	chr12L	True	0.33	False	single_y_prime_change	False	True	False	0.0
SRR33298417.516707	chr11L	Y' Gain	chr12	True	0.33	False		Y' Gain	chr12L	True	0.33	False	single_y_prime_change	False	True	False	0.0
SRR33298417.707547	chr11L	Y' Gain	chr12	True	0.33	False		Y' Gain	chr12L	True	0.33	False	single_y_prime_change	False	True	False	0.0
SRR33298417.557079	chr11L	Y' Gain	chr12	True	-0.0103	False		Y' Gain	chr12L	True	-0.0103	False	subtelomere_switch	False	True	False	0.0
SRR33298417.421681	chr11L	Y' Gain	chr12	True	0.33	False		Y' Gain	chr12L	True	0.33	False	single_y_prime_change	False	True	False	0.0
SRR33298417.280471	chr11L	Y' Gain	chr12	True	0.33	False		Y' Gain	chr12L	True	0.33	False	single_y_prime_change	False	True	False	0.0
SRR33298417.712315	chr11L	Y' Gain	chr12	True	0.33	False		Y' Gain	chr12L	True	0.33	False	single_y_prime_change	False	True	False	0.0
SRR33298417.168718	chr11L	Y' Gain	chr12	True	0.33	False		Y' Gain	chr12L	True	0.33	False	single_y_prime_change	False	True	False	0.0
SRR33298417.237688	chr11L	Y' Gain	chr12	True	0.33	False		Y' Gain	chr12L	True	0.33	False	single_y_prime_change	False	True	False	0.0
SRR33298417.706167	chr11L	Y' Gain	chr12	True	0.33	False		Y' Gain	chr12L	True	0.33	False	single_y_prime_change	False	True	False	0.0
SRR33298417.627110	chr11L	Y' Gain	chr12	True	0.33	False		Y' Gain	chr12L	True	0.33	False	single_y_prime_change	False	True	False	0.0
SRR33298417.419282	chr11L	Y' Gain	chr12	True	0.33	False		Y' Gain	chr12L	True	0.33	False	single_y_prime_change	False	True	False	0.0
SRR33298417.153629	chr11L	Y' Gain	chr12	True	0.33	False		Y' Gain	chr12L	True	0.33	False	single_y_prime_change	False	True	False	0.0
SRR33298417.19174	chr11L	Y' Gain	chr12	True	-0.0011	False		Y' Gain	chr12L	True	-0.0011	False	subtelomere_switch	False	True	False	0.0
SRR33298417.245196	chr11L	Y' Gain	chr12	True	0.33	False		Y' Gain	chr12L	True	0.33	False	single_y_prime_change	False	True	False	0.0
SRR33298417.82684	chr11L	Y' Gain	chr12	True	0.33	False		Y' Gain	chr12L	True	0.33	False	single_y_prime_change	False	True	False	0.0
SRR33298417.725119	chr11L	Y' Gain	chr12	True	0.33	False		Y' Gain	chr12L	True	0.33	False	single_y_prime_change	False	True	False	0.0
SRR33298417.412249	chr11L	Y' Gain	chr12	True	0.33	False		Y' Gain	chr12L	True	0.33	False	single_y_prime_change	False	True	False	0.0
SRR33298417.749770	chr11L	Y' Gain	chr12	True	0.33	False		Y' Gain	chr12L	True	0.33	False	single_y_prime_change	False	True	False	0.0
SRR33298417.87098	chr11L	Y' Gain	chr12	True	0.33	False		Y' Gain	chr12L	True	0.33	False	single_y_prime_change	False	True	False	0.0
SRR33298417.87597	chr11L	Y' Gain	chr12	True	0.33	False		Y' Gain	chr12L	True	0.33	False	single_y_prime_change	False	True	False	0.0
SRR33298417.664564	chr11L	Y' Gain	chr12	True	-0.0076	False		Y' Gain	chr12L	True	-0.0076	False	subtelomere_switch	False	True	False	0.0
SRR33298417.707546	chr11L	Y' Gain	chr12	True	-0.0052	False		Y' Gain	chr12L	True	-0.0052	False	subtelomere_switch	False	True	False	0.0
SRR33298417.138346	chr11L	Y' Gain	chr12	True	-0.0089	False		Y' Gain	chr12L	True	-0.0089	False	subtelomere_switch	False	True	False	0.0
SRR33298417.719596	chr11L	Y' Gain	chr12	True	0.33	False		Y' Gain	chr12L	True	0.33	False	single_y_prime_change	False	True	False	0.0
SRR33298417.374137	chr11L	Y' Gain	chr12	True	-0.0039	False		Y' Gain	chr12L	True	-0.0039	False	subtelomere_switch	False	True	False	0.0
SRR33298417.290105	chr11L	Y' Gain	chr12	True	0.33	False		Y' Gain	chr12L	True	0.33	False	single_y_prime_change	False	True	False	0.0
SRR33298417.29848	chr11L	Y' Gain	chr12	True	0.33	False		Y' Gain	chr12L	True	0.33	False	single_y_prime_change	False	True	False	0.0
SRR33298417.211445	chr11L	Y' Gain	chr12	True	0.33	False		Y' Gain	chr12L	True	0.33	False	single_y_prime_change	False	True	False	0.0
SRR33298417.406424	chr11L	Y' Gain	chr12	True	0.33	False		Y' Gain	chr12L	True	0.33	False	single_y_prime_change	False	True	False	0.0
SRR33298417.243822	chr11L	Y' Gain	chr12	True	0.33	False		Y' Gain	chr12L	True	0.33	False	single_y_prime_change	False	True	False	0.0
SRR33298417.356329	chr11L	Y' Gain	chr12	True	0.33	False		Y' Gain	chr12L	True	0.33	False	single_y_prime_change	False	True	False	0.0
SRR33298417.621434	chr11L	Y' Gain	chr12	True	0.33	False		Y' Gain	chr12L	True	0.33	False	single_y_prime_change	False	True	False	0.0
SRR33298417.777235	chr11L	Y' Gain	chr12	True	0.33	False		Y' Gain	chr12L	True	0.33	False	single_y_prime_change	False	True	False	0.0
SRR33298417.274418	chr11L	Y' Gain	chr12	True	0.33	False		Y' Gain	chr12L	True	0.33	False	single_y_prime_change	False	True	False	0.0
SRR33298417.146104	chr11L	Y' Gain	chr12	True	0.33	False		Y' Gain	chr12L	True	0.33	False	single_y_prime_change	False	True	False	0.0
SRR33298417.381554	chr11L	Y' Gain	chr12	True	0.33	False		Y' Gain	chr12L	True	0.33	False	single_y_prime_change	False	True	False	0.0
SRR33298417.511692	chr11L	Y' Gain	chr12	True	0.33	False		Y' Gain	chr12L	True	0.33	False	single_y_prime_change	False	True	False	0.0
SRR33298417.428322	chr11L	Y' Gain	chr12	True	0.33	False		Y' Gain	chr12L	True	0.33	False	single_y_prime_change	False	True	False	0.0
SRR33298417.600935	chr11L	Y' Gain	chr12	True	0.33	False		Y' Gain	chr12L	True	0.33	False	single_y_prime_change	False	True	False	0.0
SRR33298417.465192	chr11L	Y' Gain	chr12	True	-0.0068	False		Y' Gain	chr12L	True	-0.0068	False	subtelomere_switch	False	True	False	0.0
SRR33298417.409445	chr11L	Y' Gain	chr12	True	-0.0029	False		Y' Gain	chr12L	True	-0.0029	False	subtelomere_switch	False	True	False	0.0
SRR33298417.507201	chr11L	Y' Gain	chr12	True	-0.0127	False		Y' Gain	chr12L	True	-0.0127	False	subtelomere_switch	False	True	False	0.0
SRR33298417.474307	chr11L	Y' Gain	chr12	True	0.33	False		Y' Gain	chr12L	True	0.33	False	single_y_prime_change	False	True	False	0.0
SRR33298417.170898	chr11L	Y' Gain	chr12	True	0.33	False		Y' Gain	chr12L	True	0.33	False	single_y_prime_change	False	True	False	0.0
SRR33298417.645180	chr11L	Y' Gain	chr12	True	0.33	False		Y' Gain	chr12L	True	0.33	False	single_y_prime_change	False	True	False	0.0
SRR33298417.665292	chr11L	Y' Gain	chr12	True	0.33	False		Y' Gain	chr12L	True	0.33	False	single_y_prime_change	False	True	False	0.0
SRR33298417.701776	chr11L	Y' Gain	chr12	True	0.33	False		Y' Gain	chr12L	True	0.33	False	single_y_prime_change	False	True	False	0.0
SRR33298417.325854	chr11L	Y' Gain	chr12	True	-0.0052	False		Y' Gain	chr12L	True	-0.0052	False	subtelomere_switch	False	True	False	0.0
SRR33298417.149127	chr11L	Y' Gain	chr12	True	0.33	False		Y' Gain	chr12L	True	0.33	False	single_y_prime_change	False	True	False	0.0
SRR33298417.56967	chr11L	Y' Gain	chr12	True	0.33	False		Y' Gain	chr12L	True	0.33	False	single_y_prime_change	False	True	False	0.0
SRR33298417.446007	chr11L	Y' Gain	chr12	True	-0.0007	False		Y' Gain	chr12L	True	-0.0007	False	subtelomere_switch	False	True	False	0.0
SRR33298417.623135	chr11L	Y' Gain	chr12	True	-0.0123	False		Y' Gain	chr12L	True	-0.0123	False	subtelomere_switch	False	True	False	0.0
SRR33298417.730811	chr11L	Y' Gain	chr12	True	0.33	False		Y' Gain	chr12L	True	0.33	False	single_y_prime_change	False	True	False	0.0
SRR33298417.466059	chr11L	Y' Gain	chr12	True	0.33	False		Y' Gain	chr12L	True	0.33	False	single_y_prime_change	False	True	False	0.0
SRR33298417.156176	chr11L	Y' Gain	chr12	True	0.33	False		Y' Gain	chr12L	True	0.33	False	single_y_prime_change	False	True	False	0.0
SRR33298417.780034	chr11L	Y' Gain	chr12	True	0.33	False		Y' Gain	chr12L	True	0.33	False	single_y_prime_change	False	True	False	0.0
SRR33298417.603979	chr11L	Y' Gain	chr12	True	0.33	False		Y' Gain	chr12L	True	0.33	False	single_y_prime_change	False	True	False	0.0
SRR33298417.226823	chr11L	Y' Gain	chr12	True	0.33	False		Y' Gain	chr12L	True	0.33	False	single_y_prime_change	False	True	False	0.0
SRR33298417.240772	chr11L	Y' Gain	chr12	True	-0.0102	False		Y' Gain	chr12L	True	-0.0102	False	subtelomere_switch	False	True	False	0.0
SRR33298417.390757	chr11L	Y' Gain	chr12	True	0.33	False		Y' Gain	chr12L	True	0.33	False	single_y_prime_change	False	True	False	0.0
SRR33298417.585120	chr11L	Y' Gain	chr12	True	0.33	False		Y' Gain	chr12L	True	0.33	False	single_y_prime_change	False	True	False	0.0
SRR33298417.719771	chr11R	Y' Gain	chr11	True	0.3	False		Y' Gain	ambiguous	True	0.3	False	unmatched_array	False	True	False	0.0
SRR33298417.611740	chr11R	Y' Gain	chr12R	True	-0.0034	True		Y' Gain	chr14L	True	-0.0034	True	subtelomere_switch	False	True	False	0.0
SRR33298417.26537	chr11R	Y' Gain	chr11	True	0.3	False		Y' Gain	chr14L	True	0.66	False	donor_transfer	False	True	False	0.36
SRR33298417.155828	chr11R	Y' Gain	chr11	True	0.3	False		Y' Gain	chr14L	True	0.66	False	donor_transfer	False	True	False	0.36
SRR33298417.699312	chr11R	Y' Gain	chr11	True	0.3	False		Y' Gain	ambiguous	True	0.3	False	unmatched_array	False	True	False	0.0
SRR33298417.236188	chr11R	Y' Gain	chr11	True	0.3	False		Y' Gain	ambiguous	True	0.3	False	unmatched_array	False	True	False	0.0
SRR33298417.752536	chr11R	Y' Gain	chr12R	True	0.2407	True		Y' Gain	chr3L	True	0.2407	True	subtelomere_switch	False	True	False	0.0
SRR33298417.685206	chr11R	Y' Gain	chr11	True	0.3	False		Y' Gain	chr12R	True	0.33	False	donor_transfer_candidates:2	False	True	False	0.03
SRR33298417.401544	chr11R	Y' Gain	chr11	True	0.3	False		Y' Gain	chr14L	True	0.66	False	donor_transfer	False	True	False	0.36
SRR33298417.38182	chr11R	Y' Gain	chr11	True	0.3	False		Y' Gain	ambiguous	True	0.3	False	unmatched_array	False	True	False	0.0
SRR33298417.383911	chr11R	Y' Gain	chr11	True	0.3	False		Y' Gain	chr14L	True	0.44	False	donor_transfer	False	True	False	0.14
SRR33298417.7547	chr11R	Y' Gain	chr12R	True	0.0005	True		Y' Gain	chr14L	True	0.0005	True	subtelomere_switch	False	True	False	0.0
SRR33298417.775533	chr11R	Y' Gain	chr11	True	0.3	False		Y' Gain	chr14L	True	0.44	False	donor_transfer	False	True	False	0.14
SRR33298417.559227	chr11R	Y' Gain	chr11	True	0.3	False		Y' Gain	ambiguous	True	0.3	False	unmatched_array	False	True	False	0.0
SRR33298417.398037	chr11R	Y' Gain	chr11	True	0.3	False		Y' Gain	ambiguous	True	0.3	False	unmatched_array	False	True	False	0.0
SRR33298417.581937	chr11R	Y' Gain	chr11	True	0.3	False		Y' Gain	chr14L	True	0.66	False	donor_transfer	False	True	False	0.36
SRR33298417.377815	chr11R	Y' Gain	chr11	True	0.3	False		Y' Gain	chr14L	True	0.66	False	donor_transfer	False	True	False	0.36
SRR33298417.562133	chr11R	Y' Gain	chr11	True	0.3	False		Y' Gain	ambiguous	True	0.3	False	donor_transfer_candidates:4	False	True	False	0.0
SRR33298417.546413	chr11R	Y' Gain	chr11	True	0.3	False		Y' Gain	ambiguous	True	0.3	False	unmatched_array	False	True	False	0.0
SRR33298417.330965	chr11R	Y' Gain	chr11	True	0.3	False		Y' Gain	ambiguous	True	0.3	False	unmatched_array	False	True	False	0.0
SRR33298417.672001	chr11R	Y' Gain	chr11	True	0.3	False		Y' Gain	chr14L	True	0.66	False	donor_transfer	False	True	False	0.36
SRR33298417.406440	chr11R	Y' Gain	chr11	True	0.3	False		Y' Gain	ambiguous	True	0.3	False	unmatched_array	False	True	False	0.0
SRR33298417.775145	chr11R	Y' Gain	chr11	True	0.3	False		Y' Gain	ambiguous	True	0.3	False	unmatched_array	False	True	False	0.0
SRR33298417.745489	chr11R	Y' Gain	chr11	True	0.3	False		Y' Gain	ambiguous	True	0.3	False	unmatched_array	False	True	False	0.0
SRR33298417.15547	chr11R	Y' Gain	chr11	True	0.3	False		Y' Gain	ambiguous	True	0.3	False	donor_transfer_candidates:4	False	True	False	0.0
SRR33298417.737801	chr11R	Y' Gain	chr11	True	0.3	False		Y' Gain	ambiguous	True	0.3	False	donor_transfer_candidates:4	False	True	False	0.0
SRR33298417.580490	chr11R	Y' Gain	chr11	True	0.3	False		Y' Gain	chr14L	True	0.66	False	donor_transfer	False	True	False	0.36
SRR33298417.578254	chr11R	Y' Gain	chr11	True	0.3	False		Y' Gain	chr14L	True	0.66	False	donor_transfer	False	True	False	0.36
SRR33298417.562103	chr11R	Y' Gain	chr11	True	0.3	False		Y' Gain	ambiguous	True	0.3	False	unmatched_array	False	True	False	0.0
SRR33298417.446515	chr11R	Y' Gain	chr11	True	0.3	False		Y' Gain	chr14L	True	0.44	False	donor_transfer	False	True	False	0.14
SRR33298417.692180	chr11R	Y' Gain	chr11	True	0.3	False		Y' Gain	chr14L	True	0.44	False	donor_transfer	False	True	False	0.14
SRR33298417.289103	chr11R	Y' Gain	chr11	True	0.3	False		Y' Gain	ambiguous	True	0.3	False	unmatched_array	False	True	False	0.0
SRR33298417.576150	chr11R	Y' Gain	chr14	True	0.33	False		Y' Gain	chr14L	True	0.33	False	donor_transfer_candidates:4	False	True	False	0.0
SRR33298417.349984	chr11R	Y' Gain	chr4	True	0.33	False		Y' Gain	chr4R	True	0.33	False	donor_transfer_candidates:4	False	True	False	0.0
SRR33298417.175464	chr11R	Y' Gain	chr14	True	0.33	False		Y' Gain	chr14L	True	0.33	False	donor_transfer_candidates:4	False	True	False	0.0
SRR33298417.183261	chr11R	Y' Gain	chr14	True	0.33	False		Y' Gain	chr14R	True	0.33	False	unmatched_array	False	True	False	0.0
SRR33298417.178005	chr11R	Y' Gain	chr14	True	0.33	False		Y' Gain	chr14R	True	0.33	False	unmatched_array	False	True	False	0.0
SRR33298417.176631	chr11R	Y' Gain	chr14	True	0.33	False		Y' Gain	chr14L	True	0.33	False	donor_transfer_candidates:4	False	True	False	0.0
SRR33298417.378732	chr11R	Y' Gain	chr4	True	0.33	False		Y' Gain	chr4R	True	0.33	False	unmatched_array	False	True	False	0.0
SRR33298417.152236	chr11R	Y' Gain	chr4	True	0.33	False		Y' Gain	chr4R	True	0.33	False	unmatched_array	False	True	False	0.0
SRR33298417.274334	chr11R	Y' Gain	chr14	True	0.33	False		Y' Gain	chr14L	True	0.33	False	unmatched_array	False	True	False	0.0
SRR33298417.94064	chr11R	Y' Gain	chr14	True	0.3	False		Y' Gain	chr14L	True	0.44	False	donor_transfer	False	True	False	0.14
SRR33298417.143442	chr11R	Y' Gain	chr14	True	0.3	False		Y' Gain	chr14L	True	0.44	False	donor_transfer	False	True	False	0.14
SRR33298417.306612	chr11R	Y' Gain	chr14	True	0.33	False		Y' Gain	chr14L	True	0.44	False	donor_transfer	False	True	False	0.11
SRR33298417.345241	chr11R	Y' Gain	chr14	True	0.3	False		Y' Gain	chr14L	True	0.44	False	donor_transfer	False	True	False	0.14
SRR33298417.643941	chr11R	Y' Gain	chr14	True	0.3	False		Y' Gain	chr14L	True	0.44	False	donor_transfer	False	True	False	0.14
SRR33298417.736579	chr11R	Y' Gain	chr4	True	0.3	False		Y' Gain	chr14L	True	0.44	False	donor_transfer	False	True	False	0.14
SRR33298417.489350	chr11R	Y' Gain	chr14	True	0.3	False		Y' Gain	chr14L	True	0.44	False	donor_transfer	False	True	False	0.14
SRR33298417.701548	chr11R	Y' Gain	chr4	True	0.3	False		Y' Gain	chr14L	True	0.44	False	donor_transfer	False	True	False	0.14
SRR33298417.604360	chr11R	Y' Gain	chr4	True	0.3	False		Y' Gain	chr14L	True	0.44	False	donor_transfer	False	True	False	0.14
SRR33298417.665754	chr11R	Y' Gain	chr10	True	0.33	False		Y' Gain	chr10L	True	0.33	False	single_y_prime_change	False	True	False	0.0
SRR33298417.486833	chr11R	Y' Gain	chr10	True	0.33	False		Y' Gain	chr10L	True	0.33	False	single_y_prime_change	False	True	False	0.0
SRR33298417.528561	chr11R	Y' Gain	chr14	True	0.33	False		Y' Gain	chr14L	True	0.33	False	single_y_prime_change	False	True	False	0.0
SRR33298417.319829	chr11R	Y' Gain	chr10	True	0.33	False		Y' Gain	chr10L	True	0.33	False	single_y_prime_change	False	True	False	0.0
SRR33298417.6569	chr11R	Y' Gain	chr14	True	0.33	False		Y' Gain	chr14L	True	0.33	False	single_y_prime_change	False	True	False	0.0
SRR33298417.399950	chr11R	Y' Gain	chr4	True	0.33	False		Y' Gain	chr4R	True	0.33	False	single_y_prime_change	False	True	False	0.0
SRR33298417.92955	chr11R	Y' Gain	chr5	True	0.33	False		Y' Gain	chr5R	True	0.33	False	single_y_prime_change	False	True	False	0.0
SRR33298417.159892	chr11R	Y' Gain	chr4	True	-0.0041	False		Y' Gain	chr4R	True	-0.0041	False	subtelomere_switch	False	True	False	0.0
SRR33298417.299055	chr11R	Y' Gain	chr4	True	0.33	False		Y' Gain	chr4R	True	0.33	False	single_y_prime_change	False	True	False	0.0
SRR33298417.785520	chr11R	Y' Gain	chr14	True	0.33	False		Y' Gain	chr14R	True	0.33	False	single_y_prime_change	False	True	False	0.0
SRR33298417.79793	chr11R	Y' Gain	chr14	True	0.33	False		Y' Gain	chr14R	True	0.33	False	single_y_prime_change	False	True	False	0.0
SRR33298417.79017	chr11R	Y' Gain	chr14	True	0.33	False		Y' Gain	chr14R	True	0.33	False	single_y_prime_change	False	True	False	0.0
SRR33298417.26392	chr11R	Y' Gain	chr12	True	0.33	False		Y' Gain	chr12R	True	0.33	False	single_y_prime_change	False	True	False	0.0
SRR33298417.590445	chr11R	Y' Gain	chr4	True	-0.0006	False		Y' Gain	chr4R	True	-0.0006	False	subtelomere_switch	False	True	False	0.0
SRR33298417.582073	chr11R	Y' Gain	chr2	True	0.33	False		Y' Gain	chr2L	True	0.33	False	single_y_prime_change	False	True	False	0.0
SRR33298417.665920	chr11R	Y' Gain	chr2	True	0.33	False		Y' Gain	chr2L	True	0.33	False	single_y_prime_change	False	True	False	0.0
SRR33298417.65955	chr11R	Y' Gain	chr2	True	0.33	False		Y' Gain	chr2L	True	0.33	False	single_y_prime_change	False	True	False	0.0
SRR33298417.719835	chr11R	Y' Gain	chr13	True	0.33	False		Y' Gain	chr13L	True	0.33	False	single_y_prime_change	False	True	False	0.0
SRR33298417.517994	chr12L	Y' Gain	chr13	True	0.33	False		Y' Gain	chr14L	True	0.66	False	donor_transfer	False	True	False	0.33
SRR33298417.569596	chr12L	Y' Gain	ambiguous	True	0.3	False		Y' Gain	chr12R	True	0.33	False	donor_transfer_candidates:2	False	True	False	0.03
SRR33298417.109443	chr12L	Y' Gain	ambiguous	True	0.3	False		Y' Gain	chr12R	True	0.33	False	donor_transfer_candidates:2	False	True	False	0.03
SRR33298417.460328	chr12L	Y' Gain	ambiguous	True	0.3	False		Y' Gain	chr12R	True	0.33	False	donor_transfer_candidates:2	False	True	False	0.03
SRR33298417.530251	chr12L	Y' Gain	ambiguous	True	0.3	False		Y' Gain	chr14L	True	0.66	False	donor_transfer	False	True	False	0.36
SRR33298417.611927	chr12L	Y' Gain	ambiguous	True	0.3	False		Y' Gain	chr12R	True	0.33	False	donor_transfer_candidates:2	False	True	False	0.03
SRR33298417.347206	chr12L	Y' Gain	ambiguous	True	0.3	False		Y' Gain	chr12R	True	0.33	False	donor_transfer_candidates:2	False	True	False	0.03
SRR33298417.158655	chr12L	Y' Gain	ambiguous	True	0.3	False		Y' Gain	chr12R	True	0.33	False	donor_transfer_candidates:2	False	True	False	0.03
SRR33298417.711681	chr12L	Y' Gain	ambiguous	True	0.3	False		Y' Gain	chr14L	True	0.66	False	donor_transfer	False	True	False	0.36
SRR33298417.506432	chr12L	Y' Gain	ambiguous	True	0.3	False		Y' Gain	chr12R	True	0.33	False	donor_transfer_candidates:3	False	True	False	0.03
SRR33298417.390599	chr12L	Y' Gain	ambiguous	True	0.3	False		Y' Gain	chr12R	True	0.33	False	donor_transfer_candidates:3	False	True	False	0.03
SRR33298417.276280	chr12L	Y' Gain	ambiguous	True	0.3	False		Y' Gain	chr12R	True	0.33	False	donor_transfer_candidates:3	False	True	False	0.03
SRR33298417.519927	chr12L	Y' Gain	ambiguous	True	0.3	False		Y' Gain	chr12R	True	0.33	False	donor_transfer_candidates:3	False	True	False	0.03
SRR33298417.646077	chr12L	Y' Gain	ambiguous	True	0.3	False		Y' Gain	chr14L	True	0.66	False	donor_transfer	False	True	False	0.36
SRR33298417.85370	chr12L	Y' Gain	ambiguous	True	0.3	False		Y' Gain	chr14L	True	0.66	False	donor_transfer	False	True	False	0.36
SRR33298417.449866	chr12L	Y' Gain	ambiguous	True	0.3	False		Y' Gain	chr14L	True	0.66	False	donor_transfer	False	True	False	0.36
SRR33298417.113940	chr12L	Y' Gain	chr12	True	0.33	False		Y' Gain	ambiguous	True	0.3	False	single_y_prime_change	False	True	False	-0.03
SRR33298417.591452	chr12R	Y' Gain	chr4	True	0.3	False		Y' Gain	chr12R	True	0.33	False	tandem_amplification_same_end	False	True	False	0.03
SRR33298417.778214	chr12R	Y' Gain	chr4	True	0.3	False		Y' Gain	chr12R	True	0.33	False	tandem_amplification_same_end	False	True	False	0.03
SRR33298417.234159	chr12R	Y' Gain	chr4	True	0.3	False		Y' Gain	chr12R	True	0.33	False	tandem_amplification_same_end	False	True	False	0.03
SRR33298417.751992	chr13L	Y' Gain	chr13	True	0.33	False		Y' Gain	ambiguous	True	0.3	False	unmatched_array	False	True	False	-0.03
SRR33298417.315235	chr13L	Y' Gain	chr13	True	0.33	False		Y' Gain	ambiguous	True	0.3	False	donor_transfer_candidates:4	False	True	False	-0.03
SRR33298417.407737	chr13L	Y' Gain	chr13	True	0.33	False		Y' Gain	chr14L	True	0.66	False	donor_transfer	False	True	False	0.33
SRR33298417.232815	chr13L	Y' Gain	chr13	True	0.33	False		Y' Gain	chr14L	True	0.44	False	donor_transfer	False	True	False	0.11
SRR33298417.559792	chr13L	Y' Gain	chr13	True	0.33	False		Y' Gain	ambiguous	True	0.3	False	donor_transfer_candidates:4	False	True	False	-0.03
SRR33298417.643054	chr13L	Y' Gain	chr13	True	0.33	False		Y' Gain	ambiguous	True	0.3	False	donor_transfer_candidates:4	False	True	False	-0.03
SRR33298417.467791	chr13L	1st Y' Change	chr13	True	0.3	False		1st Y' Change	chr12R	True	0.33	False	donor_transfer_candidates:2	False	True	False	0.03
SRR33298417.79339	chr13L	Y' Gain	chr13	True	0.33	False		Y' Gain	chr14L	True	0.66	False	donor_transfer	False	True	False	0.33
SRR33298417.20642	chr13L	Y' Gain	chr13	True	0.33	False		Y' Gain	chr12R	True	0.33	False	donor_transfer_candidates:2	False	True	False	0.0
SRR33298417.612384	chr13L	Y' Gain	chr13	True	0.33	False		Y' Gain	chr12R	True	0.33	False	donor_transfer_candidates:2	False	True	False	0.0
SRR33298417.169024	chr13L	Y' Gain	chr13	True	0.33	False		Y' Gain	chr14L	True	0.66	False	donor_transfer	False	True	False	0.33
SRR33298417.559798	chr13L	Y' Gain	chr13	True	0.33	False		Y' Gain	ambiguous	True	0.3	False	unmatched_array	False	True	False	-0.03
SRR33298417.610511	chr13L	Y' Gain	chr13	True	0.33	False		Y' Gain	chr12R	True	0.33	False	donor_transfer_candidates:2	False	True	False	0.0
SRR33298417.760645	chr13L	Y' Gain	chr13	True	0.33	False		Y' Gain	chr12R	True	0.33	False	donor_transfer_candidates:2	False	True	False	0.0
SRR33298417.336277	chr13L	Y' Gain	chr13	True	0.33	False		Y' Gain	ambiguous	True	0.3	False	unmatched_array	False	True	False	-0.03
SRR33298417.236311	chr13L	Y' Gain	chr13	True	0.33	False		Y' Gain	chr12R	True	0.33	False	donor_transfer_candidates:2	False	True	False	0.0
SRR33298417.390121	chr13L	Y' Gain	chr13	True	0.33	False		Y' Gain	chr12R	True	0.33	False	donor_transfer_candidates:2	False	True	False	0.0
SRR33298417.485245	chr13L	Y' Gain	chr13	True	0.33	False		Y' Gain	chr12R	True	0.33	False	donor_transfer_candidates:2	False	True	False	0.0
SRR33298417.371810	chr13L	Y' Gain	chr13	True	0.33	False		Y' Gain	chr12R	True	0.33	False	donor_transfer_candidates:2	False	True	False	0.0
SRR33298417.280593	chr13L	Y' Gain	chr13	True	0.33	False		Y' Gain	chr12R	True	0.33	False	donor_transfer_candidates:2	False	True	False	0.0
SRR33298417.384706	chr13L	Y' Gain	chr13	True	0.33	False		Y' Gain	chr12R	True	0.33	False	donor_transfer_candidates:2	False	True	False	0.0
SRR33298417.686412	chr13L	Y' Gain	chr13	True	0.33	False		Y' Gain	chr12R	True	0.33	False	donor_transfer_candidates:2	False	True	False	0.0
SRR33298417.336457	chr13L	Y' Gain	chr13	True	0.33	False		Y' Gain	chr12R	True	0.33	False	donor_transfer_candidates:2	False	True	False	0.0
SRR33298417.163031	chr13L	Y' Gain	chr13	True	0.33	False		Y' Gain	chr14L	True	0.66	False	donor_transfer	False	True	False	0.33
SRR33298417.581721	chr13L	Y' Gain	chr13	True	0.33	False		Y' Gain	ambiguous	True	0.3	False	unmatched_array	False	True	False	-0.03
SRR33298417.581722	chr13L	Y' Gain	chr13	True	0.33	False		Y' Gain	ambiguous	True	0.3	False	unmatched_array	False	True	False	-0.03
SRR33298417.770912	chr13L	Y' Gain	chr13	True	0.33	False		Y' Gain	chr12R	True	0.33	False	donor_transfer_candidates:3	False	True	False	0.0
SRR33298417.311419	chr13L	Y' Gain	chr13	True	0.33	False		Y' Gain	chr12R	True	0.33	False	donor_transfer_candidates:3	False	True	False	0.0
SRR33298417.496943	chr13L	Y' Gain	chr13	True	0.33	False		Y' Gain	chr12R	True	0.33	False	donor_transfer_candidates:3	False	True	False	0.0
SRR33298417.736943	chr13L	Y' Gain	chr13	True	0.33	False		Y' Gain	chr12R	True	0.33	False	donor_transfer_candidates:3	False	True	False	0.0
SRR33298417.449173	chr13L	Y' Gain	chr13	True	0.33	False		Y' Gain	chr12R	True	0.33	False	donor_transfer_candidates:3	False	True	False	0.0
SRR33298417.64366	chr13L	Y' Gain	chr13	True	0.33	False		Y' Gain	ambiguous	True	0.3	False	donor_transfer_candidates:4	False	True	False	-0.03
SRR33298417.452768	chr13L	1st Y' Change	chr13	True	0.3	False		1st Y' Change	ambiguous	True	0.3	False	unmatched_array	False	True	False	0.0
SRR33298417.319791	chr13L	Y' Gain	chr13	True	0.33	False		Y' Gain	ambiguous	True	0.3	False	unmatched_array	False	True	False	-0.03
SRR33298417.61819	chr13L	Y' Gain	chr13	True	0.33	False		Y' Gain	ambiguous	True	0.3	False	unmatched_array	False	True	False	-0.03
SRR33298417.94015	chr13L	Y' Gain	chr13	True	0.33	False		Y' Gain	ambiguous	True	0.3	False	unmatched_array	False	True	False	-0.03
SRR33298417.199962	chr13L	Y' Gain	chr13	True	0.33	False		Y' Gain	ambiguous	True	0.3	False	unmatched_array	False	True	False	-0.03
SRR33298417.159914	chr13L	Y' Gain	chr13	True	0.33	False		Y' Gain	ambiguous	True	0.3	False	unmatched_array	False	True	False	-0.03
SRR33298417.521455	chr13L	Y' Gain	chr13	True	0.33	False		Y' Gain	ambiguous	True	0.3	False	donor_transfer_candidates:4	False	True	False	-0.03
SRR33298417.156447	chr13L	Y' Gain	chr13	True	0.33	False		Y' Gain	ambiguous	True	0.3	False	unmatched_array	False	True	False	-0.03
SRR33298417.312139	chr13L	Y' Gain	chr13	True	0.33	False		Y' Gain	ambiguous	True	0.3	False	donor_transfer_candidates:4	False	True	False	-0.03
SRR33298417.777437	chr13L	Y' Gain	chr13	True	0.33	False		Y' Gain	ambiguous	True	0.3	False	donor_transfer_candidates:4	False	True	False	-0.03
SRR33298417.342536	chr13L	Y' Gain	chr13	True	0.33	False		Y' Gain	ambiguous	True	0.3	False	donor_transfer_candidates:4	False	True	False	-0.03
SRR33298417.92958	chr13L	Y' Gain	chr13	True	0.33	False		Y' Gain	ambiguous	True	0.3	False	donor_transfer_candidates:4	False	True	False	-0.03
SRR33298417.25850	chr13L	Y' Gain	chr13	True	0.33	False		Y' Gain	ambiguous	True	0.3	False	donor_transfer_candidates:4	False	True	False	-0.03
SRR33298417.643244	chr13L	Y' Gain	chr13	True	0.0067	False		Y' Gain	ambiguous	True	0.0061	False	subtelomere_switch	False	True	False	-0.001
SRR33298417.49086	chr13L	Y' Gain	chr13	True	0.33	False		Y' Gain	chr14L	True	0.44	False	donor_transfer	False	True	False	0.11
SRR33298417.388428	chr13L	Y' Gain	chr13	True	0.33	False		Y' Gain	ambiguous	True	0.3	False	unmatched_array	False	True	False	-0.03
SRR33298417.616439	chr13L	Y' Gain	chr13	True	0.33	False		Y' Gain	ambiguous	True	0.3	False	unmatched_array	False	True	False	-0.03
SRR33298417.698268	chr13L	Y' Gain	chr13	True	0.33	False		Y' Gain	ambiguous	True	0.3	False	unmatched_array	False	True	False	-0.03
SRR33298417.469496	chr13L	Y' Gain	chr13	True	0.33	False		Y' Gain	ambiguous	True	0.3	False	single_y_prime_change	False	True	False	-0.03
SRR33298417.407173	chr13L	Y' Gain	chr13	True	0.33	False		Y' Gain	ambiguous	True	0.3	False	single_y_prime_change	False	True	False	-0.03
SRR33298417.752906	chr13R	Y' Gain	chr12R	True	0.1418	True		Y' Gain	chr10L	True	0.1418	True	subtelomere_switch	False	True	False	0.0
SRR33298417.689919	chr13R	Y' Gain	chr12R	True	-0.0003	True		Y' Gain	chr14L	True	-0.0003	True	subtelomere_switch	False	True	False	0.0
SRR33298417.648830	chr13R	Y' Gain	chr4R	True	0.2837	True		Y' Gain	chr15R	True	0.6619	True	subtelomere_switch	False	True	False	0.378
SRR33298417.168885	chr13R	Y' Gain	chr12R	True	0.2854	True		Y' Gain	chr15R	True	0.666	True	subtelomere_switch	False	True	False	0.381
SRR33298417.771180	chr13R	Y' Gain	chr14L	True	0.2854	True		Y' Gain	chr15R	True	0.666	True	subtelomere_switch	False	True	False	0.381
SRR33298417.106175	chr13R	Y' Gain	chr13	True	0.3	False		Y' Gain	chr12R	True	0.33	False	donor_transfer_candidates:3	False	True	False	0.03
SRR33298417.789233	chr13R	Y' Gain	chr12R	True	0.2845	True		Y' Gain	chr15R	True	0.6639	True	subtelomere_switch	False	True	False	0.379
SRR33298417.517686	chr13R	Y' Gain	chr12R	True	0.2778	True		Y' Gain	chr15R	True	0.6481	True	subtelomere_switch	False	True	False	0.37
SRR33298417.106102	chr13R	Y' Gain	chr4R	True	0.283	True		Y' Gain	chr15R	True	0.6603	True	subtelomere_switch	False	True	False	0.377
SRR33298417.489211	chr13R	Y' Gain	chr16L	True	0.285	True		Y' Gain	chr15R	True	0.6649	True	subtelomere_switch	False	True	False	0.38
SRR33298417.431293	chr13R	Y' Gain	chr12R	True	0.2854	True		Y' Gain	chr15R	True	0.666	True	subtelomere_switch	False	True	False	0.381
SRR33298417.243639	chr13R	Y' Gain	chr4R	True	0.2854	True		Y' Gain	chr15R	True	0.666	True	subtelomere_switch	False	True	False	0.381
SRR33298417.129455	chr13R	Y' Gain	chr14L	True	0.283	True		Y' Gain	chr15R	True	0.6603	True	subtelomere_switch	False	True	False	0.377
SRR33298417.454861	chr13R	Y' Gain	chr12R	True	0.2764	True		Y' Gain	chr15R	True	0.645	True	subtelomere_switch	False	True	False	0.369
SRR33298417.589212	chr13R	Y' Gain	chr4R	True	0.2849	True		Y' Gain	chr15R	True	0.6649	True	subtelomere_switch	False	True	False	0.38
SRR33298417.679907	chr13R	Y' Gain	chr16L	True	0.2845	True		Y' Gain	chr15R	True	0.6639	True	subtelomere_switch	False	True	False	0.379
SRR33298417.543225	chr13R	Y' Gain	chr14L	True	0.2653	True		Y' Gain	chr15R	True	0.6191	True	subtelomere_switch	False	True	False	0.354
SRR33298417.300110	chr13R	Y' Gain	chr16L	True	0.2733	True		Y' Gain	chr15R	True	0.6378	True	subtelomere_switch	False	True	False	0.365
SRR33298417.664976	chr13R	Y' Gain	chr16	True	0.33	False		Y' Gain	chr16L	True	0.33	False	donor_transfer_candidates:4	False	True	False	0.0
SRR33298417.663702	chr13R	Y' Gain	chr16	True	0.33	False		Y' Gain	chr16L	True	0.33	False	donor_transfer_candidates:4	False	True	False	0.0
SRR33298417.505320	chr13R	Y' Gain	chr12R	True	0.1415	True		Y' Gain	chr10L	True	0.1415	True	subtelomere_switch	False	True	False	0.0
SRR33298417.422401	chr13R	Y' Gain	chr12R	True	0.2507	True		Y' Gain	chr15R	True	0.5849	True	subtelomere_switch	False	True	False	0.334
SRR33298417.175450	chr13R	Y' Gain	chr13	True	0.3	False		Y' Gain	ambiguous	True	0.3	False	unmatched_array	False	True	False	0.0
SRR33298417.246447	chr13R	Y' Gain	chr13	True	0.3	False		Y' Gain	chr12R	True	0.33	False	donor_transfer_candidates:3	False	True	False	0.03
SRR33298417.125252	chr13R	Y' Gain	chr13	True	0.3	False		Y' Gain	ambiguous	True	0.3	False	donor_transfer_candidates:4	False	True	False	0.0
SRR33298417.461040	chr13R	Y' Gain	chr13	True	0.3	False		Y' Gain	ambiguous	True	0.3	False	unmatched_array	False	True	False	0.0
SRR33298417.486893	chr13R	Y' Gain	chr13	True	0.3	False		Y' Gain	chr14L	True	0.44	False	donor_transfer	False	True	False	0.14
SRR33298417.606271	chr13R	Y' Gain	chr13	True	0.3	False		Y' Gain	ambiguous	True	0.3	False	donor_transfer_candidates:4	False	True	False	0.0
SRR33298417.609551	chr13R	Y' Gain	chr13	True	0.3	False		Y' Gain	ambiguous	True	0.3	False	donor_transfer_candidates:4	False	True	False	0.0
SRR33298417.656692	chr13R	Y' Gain	chr13	True	0.3	False		Y' Gain	ambiguous	True	0.3	False	donor_transfer_candidates:4	False	True	False	0.0
SRR33298417.168656	chr13R	Y' Gain	chr13	True	0.3	False		Y' Gain	ambiguous	True	0.3	False	unmatched_array	False	True	False	0.0
SRR33298417.151862	chr13R	Y' Gain	chr13	True	0.3	False		Y' Gain	ambiguous	True	0.3	False	unmatched_array	False	True	False	0.0
SRR33298417.489547	chr13R	Y' Gain	chr13	True	0.3	False		Y' Gain	ambiguous	True	0.3	False	unmatched_array	False	True	False	0.0
SRR33298417.186649	chr13R	Y' Gain	chr13	True	0.3	False		Y' Gain	ambiguous	True	0.3	False	unmatched_array	False	True	False	0.0
SRR33298417.611177	chr13R	Y' Gain	chr13	True	0.0032	False		Y' Gain	ambiguous	True	0.0032	False	subtelomere_switch	False	True	False	0.0
SRR33298417.654369	chr13R	Y' Gain	chr13	True	0.3	False		Y' Gain	ambiguous	True	0.3	False	unmatched_array	False	True	False	0.0
SRR33298417.353344	chr13R	Y' Gain	chr13	True	0.3	False		Y' Gain	ambiguous	True	0.3	False	unmatched_array	False	True	False	0.0
SRR33298417.243618	chr13R	Y' Gain	chr13	True	0.3	False		Y' Gain	ambiguous	True	0.3	False	unmatched_array	False	True	False	0.0
SRR33298417.198713	chr13R	Y' Gain	chr13	True	-0.0003	False		Y' Gain	ambiguous	True	-0.0003	False	subtelomere_switch	False	True	False	0.0
SRR33298417.756011	chr13R	Y' Gain	chr13	True	0.3	False		Y' Gain	ambiguous	True	0.3	False	unmatched_array	False	True	False	0.0
SRR33298417.634980	chr13R	Y' Gain	chr13	True	0.3	False		Y' Gain	ambiguous	True	0.3	False	unmatched_array	False	True	False	0.0
SRR33298417.615000	chr13R	Y' Gain	chr13	True	-0.0025	False		Y' Gain	ambiguous	True	-0.0025	False	subtelomere_switch	False	True	False	0.0
SRR33298417.342610	chr13R	Y' Gain	chr13	True	0.3	False		Y' Gain	ambiguous	True	0.3	False	unmatched_array	False	True	False	0.0
SRR33298417.570767	chr13R	Y' Gain	chr13	True	0.3	False		Y' Gain	ambiguous	True	0.3	False	unmatched_array	False	True	False	0.0
SRR33298417.80792	chr13R	Y' Gain	chr13	True	0.33	False		Y' Gain	ambiguous	True	0.3	False	unmatched_array	False	True	False	-0.03
SRR33298417.25621	chr13R	Y' Gain	chr13	True	0.33	False		Y' Gain	ambiguous	True	0.3	False	unmatched_array	False	True	False	-0.03
SRR33298417.173662	chr13R	Y' Gain	chr13	True	0.3	False		Y' Gain	ambiguous	True	0.3	False	single_y_prime_change	False	True	False	0.0
SRR33298417.665136	chr13R	Y' Gain	chr13	True	0.3	False		Y' Gain	ambiguous	True	0.3	False	single_y_prime_change	False	True	False	0.0
SRR33298417.457086	chr13R	Y' Gain	chr13	True	0.3	False		Y' Gain	ambiguous	True	0.3	False	single_y_prime_change	False	True	False	0.0
SRR33298417.738032	chr13R	Y' Gain	chr13	True	0.3	False		Y' Gain	ambiguous	True	0.3	False	single_y_prime_change	False	True	False	0.0
SRR33298417.290971	chr13R	Y' Gain	chr13	True	-0.002	False		Y' Gain	ambiguous	True	-0.002	False	subtelomere_switch	False	True	False	0.0
SRR33298417.582620	chr13R	Y' Gain	chr13	True	0.3	False		Y' Gain	ambiguous	True	0.3	False	single_y_prime_change	False	True	False	0.0
SRR33298417.333520	chr13R	Y' Gain	chr13	True	0.3	False		Y' Gain	ambiguous	True	0.3	False	single_y_prime_change	False	True	False	0.0
SRR33298417.341469	chr13R	Y' Gain	chr13	True	-0.0023	False		Y' Gain	ambiguous	True	-0.0023	False	subtelomere_switch	False	True	False	0.0
SRR33298417.236535	chr13R	Y' Gain	chr13	True	0.3	False		Y' Gain	ambiguous	True	0.3	False	single_y_prime_change	False	True	False	0.0
SRR33298417.282993	chr13R	Y' Gain	chr13	True	-0.0036	False		Y' Gain	ambiguous	True	-0.0036	False	subtelomere_switch	False	True	False	0.0
SRR33298417.202353	chr13R	Y' Gain	chr13	True	0.3	False		Y' Gain	ambiguous	True	0.3	False	single_y_prime_change	False	True	False	0.0
SRR33298417.633819	chr13R	Y' Gain	chr13	True	0.0006	False		Y' Gain	ambiguous	True	0.0006	False	subtelomere_switch	False	True	False	0.0
SRR33298417.201328	chr13R	Y' Gain	chr13	True	-0.0034	False		Y' Gain	ambiguous	True	-0.0034	False	subtelomere_switch	False	True	False	0.0
SRR33298417.357055	chr13R	Y' Gain	chr13	True	0.3	False		Y' Gain	ambiguous	True	0.3	False	single_y_prime_change	False	True	False	0.0
SRR33298417.154495	chr13R	Y' Gain	chr13	True	-0.0012	False		Y' Gain	ambiguous	True	-0.0012	False	subtelomere_switch	False	True	False	0.0
SRR33298417.745647	chr13R	Y' Gain	chr13	True	0.33	False		Y' Gain	ambiguous	True	0.3	False	single_y_prime_change	False	True	False	-0.03
SRR33298417.689170	chr13R	Y' Gain	chr13	True	0.33	False		Y' Gain	ambiguous	True	0.3	False	single_y_prime_change	False	True	False	-0.03
SRR33298417.659830	chr13R	Y' Gain	chr13	True	0.0088	False		Y' Gain	ambiguous	True	0.008	False	subtelomere_switch	False	True	False	-0.001
SRR33298417.422596	chr13R	Y' Gain	chr13	True	0.0087	False		Y' Gain	ambiguous	True	0.0079	False	subtelomere_switch	False	True	False	-0.001
SRR33298417.692334	chr13R	Y' Gain	chr13	True	0.33	False		Y' Gain	ambiguous	True	0.3	False	single_y_prime_change	False	True	False	-0.03
SRR33298417.172397	chr14L	Y' Recombination	chr14	True	0.33	False		Y' Recombination	chr14L	True	0.33	False	tandem_amplification_same_end	False	True	False	0.0
SRR33298417.750559	chr14L	Y' Recombination	chr14	True	0.33	False		Y' Recombination	chr12R	True	0.33	False	donor_transfer_candidates:2	False	True	False	0.0
SRR33298417.588542	chr14L	Y' Recombination	chr14	True	0.33	False		Y' Recombination	ambiguous	True	0.3	False	unmatched_array	False	True	False	-0.03
SRR33298417.648463	chr14L	Y' Recombination	chr14	True	0.33	False		Y' Recombination	ambiguous	True	0.3	False	unmatched_array	False	True	False	-0.03
SRR33298417.311174	chr14L	Y' Recombination	chr14	True	0.33	False		Y' Recombination	ambiguous	True	0.3	False	unmatched_array	False	True	False	-0.03
SRR33298417.636358	chr14L	Y' Recombination	chr14	True	0.33	False		Y' Recombination	chr12R	True	0.33	False	donor_transfer_candidates:2	False	True	False	0.0
SRR33298417.447541	chr14L	Y' Recombination	chr14	True	0.33	False		Y' Recombination	chr14L	True	0.33	False	tandem_amplification_same_end	False	True	False	0.0
SRR33298417.451003	chr14L	Y' Recombination	chr14	True	0.33	False		Y' Recombination	chr14L	True	0.33	False	tandem_amplification_same_end	False	True	False	0.0
SRR33298417.49772	chr14L	Y' Recombination	chr14	True	0.33	False		Y' Recombination	chr12R	True	0.33	False	donor_transfer_candidates:2	False	True	False	0.0
SRR33298417.234672	chr14L	Y' Recombination	chr14	True	0.33	False		Y' Recombination	ambiguous	True	0.3	False	unmatched_array	False	True	False	-0.03
SRR33298417.1536	chr14L	Y' Recombination	chr14	True	0.33	False		Y' Recombination	ambiguous	True	0.3	False	unmatched_array	False	True	False	-0.03
SRR33298417.749064	chr14L	Y' Recombination	chr14	True	0.33	False		Y' Recombination	ambiguous	True	0.3	False	unmatched_array	False	True	False	-0.03
SRR33298417.701589	chr14L	Y' Recombination	chr14	True	0.33	False		Y' Recombination	ambiguous	True	0.3	False	unmatched_array	False	True	False	-0.03
SRR33298417.96800	chr14L	Y' Recombination	chr14	True	0.33	False		Y' Recombination	ambiguous	True	0.3	False	unmatched_array	False	True	False	-0.03
SRR33298417.233925	chr14L	Y' Recombination	chr4	True	0.33	False		Y' Recombination	chr4R	True	0.33	False	unmatched_array	False	True	False	0.0
SRR33298417.21584	chr14L	Y' Recombination	chr4	True	0.33	False		Y' Recombination	chr4R	True	0.33	False	unmatched_array	False	True	False	0.0
SRR33298417.594039	chr14L	Y' Recombination	chr4	True	0.33	False		Y' Recombination	chr4R	True	0.33	False	unmatched_array	False	True	False	0.0
SRR33298417.725594	chr14L	Y' Recombination	chr4	True	0.33	False		Y' Recombination	chr14L	True	0.33	False	tandem_amplification_same_end	False	True	False	0.0
SRR33298417.611135	chr14L	Y' Recombination	chr4	True	0.33	False		Y' Recombination	chr14L	True	0.33	False	tandem_amplification_same_end	False	True	False	0.0
SRR33298417.751840	chr14L	Y' Recombination	chr4	True	0.33	False		Y' Recombination	chr14L	True	0.33	False	tandem_amplification_same_end	False	True	False	0.0
SRR33298417.298401	chr14L	Y' Recombination	chr4	True	0.33	False		Y' Recombination	chr14L	True	0.33	False	tandem_amplification_same_end	False	True	False	0.0
SRR33298417.684881	chr14L	Y' Recombination	chr16	True	0.33	False		Y' Recombination	chr16L	True	0.33	False	unmatched_array	False	True	False	0.0
SRR33298417.692907	chr14L	Y' Recombination	ambiguous	True	0.3	False		Y' Recombination	chr14L	True	0.33	False	tandem_amplification_same_end	False	True	False	0.03
SRR33298417.357929	chr14R	Y' Gain	ambiguous	True	0.3	False		Y' Gain	chr14L	True	0.66	False	donor_transfer	False	True	False	0.36
SRR33298417.182065	chr14R	1st Y' Change	chr14	True	0.33	False		1st Y' Change	ambiguous	True	0.3	False	donor_transfer_candidates:4	False	True	False	-0.03
SRR33298417.444934	chr14R	Y' Gain	ambiguous	True	0.3	False		Y' Gain	chr14L	True	0.66	False	donor_transfer	False	True	False	0.36
SRR33298417.695298	chr14R	Y' Gain	ambiguous	True	0.3	False		Y' Gain	chr14L	True	0.66	False	donor_transfer	False	True	False	0.36
SRR33298417.96852	chr14R	Y' Gain	ambiguous	True	0.3	False		Y' Gain	chr14L	True	0.66	False	donor_transfer	False	True	False	0.36
SRR33298417.236770	chr14R	Y' Gain	chr14	True	0.33	False		Y' Gain	chr14L	True	0.66	False	donor_transfer	False	True	False	0.33
SRR33298417.562124	chr14R	1st Y' Change	ambiguous	True	0.3	False		1st Y' Change	chr12R	True	0.33	False	donor_transfer_candidates:2	False	True	False	0.03
SRR33298417.144399	chr14R	Y' Gain	ambiguous	True	0.3	False		Y' Gain	chr12R	True	0.33	False	donor_transfer_candidates:2	False	True	False	0.03
SRR33298417.165027	chr14R	Y' Gain	ambiguous	True	0.3	False		Y' Gain	chr14L	True	0.66	False	donor_transfer	False	True	False	0.36
SRR33298417.460009	chr14R	Y' Gain	ambiguous	True	0.3	False		Y' Gain	chr14L	True	0.66	False	donor_transfer	False	True	False	0.36
SRR33298417.752861	chr14R	Y' Gain	ambiguous	True	0.3	False		Y' Gain	chr14L	True	0.66	False	donor_transfer	False	True	False	0.36
SRR33298417.463445	chr14R	Y' Gain	ambiguous	True	0.3	False		Y' Gain	chr14L	True	0.66	False	donor_transfer	False	True	False	0.36
SRR33298417.413839	chr14R	Y' Gain	ambiguous	True	0.3	False		Y' Gain	chr14L	True	0.66	False	donor_transfer	False	True	False	0.36
SRR33298417.401483	chr14R	Y' Gain	ambiguous	True	0.3	False		Y' Gain	chr14L	True	0.66	False	donor_transfer	False	True	False	0.36
SRR33298417.719930	chr14R	Y' Gain	chr14	True	0.33	False		Y' Gain	chr14L	True	0.66	False	donor_transfer	False	True	False	0.33
SRR33298417.776341	chr14R	Y' Gain	ambiguous	True	0.3	False		Y' Gain	chr14L	True	0.66	False	donor_transfer	False	True	False	0.36
SRR33298417.298499	chr14R	Y' Gain	chr14	True	0.33	False		Y' Gain	chr14L	True	0.66	False	donor_transfer	False	True	False	0.33
SRR33298417.562605	chr14R	1st Y' Change	chr14	True	0.33	False		1st Y' Change	chr12R	True	0.33	False	donor_transfer_candidates:2	False	True	False	0.0
SRR33298417.745586	chr14R	Y' Gain	chr14	True	0.33	False		Y' Gain	chr14L	True	0.66	False	donor_transfer	False	True	False	0.33
SRR33298417.234783	chr14R	Y' Gain	chr14	True	0.33	False		Y' Gain	chr14L	True	0.66	False	donor_transfer	False	True	False	0.33
SRR33298417.495513	chr14R	Y' Gain	chr14	True	0.33	False		Y' Gain	chr14L	True	0.66	False	donor_transfer	False	True	False	0.33
SRR33298417.91908	chr14R	Y' Gain	chr14	True	0.33	False		Y' Gain	chr12R	True	0.33	False	donor_transfer_candidates:2	False	True	False	0.0
SRR33298417.556992	chr14R	Y' Gain	chr14	True	0.33	False		Y' Gain	chr12R	True	0.33	False	donor_transfer_candidates:2	False	True	False	0.0
SRR33298417.388203	chr14R	1st Y' Change	chr14	True	0.33	False		1st Y' Change	chr14L	True	0.66	False	donor_transfer	False	True	False	0.33
SRR33298417.64710	chr14R	Y' Gain	chr14	True	0.33	False		Y' Gain	chr14L	True	0.66	False	donor_transfer	False	True	False	0.33
SRR33298417.464172	chr14R	Y' Gain	chr14	True	0.33	False		Y' Gain	chr14L	True	0.66	False	donor_transfer	False	True	False	0.33
SRR33298417.695627	chr14R	1st Y' Change	chr14	True	0.33	False		1st Y' Change	chr12R	True	0.33	False	donor_transfer_candidates:2	False	True	False	0.0
SRR33298417.374206	chr14R	1st Y' Change	chr14	True	0.33	False		1st Y' Change	chr14L	True	0.66	False	donor_transfer	False	True	False	0.33
SRR33298417.454028	chr14R	Y' Gain	chr14	True	0.33	False		Y' Gain	chr14L	True	0.66	False	donor_transfer	False	True	False	0.33
SRR33298417.462283	chr14R	Y' Gain	chr14	True	0.33	False		Y' Gain	chr14L	True	0.66	False	donor_transfer	False	True	False	0.33
SRR33298417.49137	chr14R	Y' Gain	chr14	True	0.33	False		Y' Gain	chr14L	True	0.66	False	donor_transfer	False	True	False	0.33
SRR33298417.93990	chr14R	Y' Gain	chr14	True	0.33	False		Y' Gain	chr14L	True	0.66	False	donor_transfer	False	True	False	0.33
SRR33298417.647642	chr14R	Y' Gain	chr14	True	0.33	False		Y' Gain	chr14L	True	0.66	False	donor_transfer	False	True	False	0.33
SRR33298417.362750	chr14R	Y' Gain	chr14	True	0.33	False		Y' Gain	chr14L	True	0.66	False	donor_transfer	False	True	False	0.33
SRR33298417.181469	chr14R	Y' Gain	ambiguous	True	0.3	False		Y' Gain	chr14L	True	0.66	False	donor_transfer	False	True	False	0.36
SRR33298417.620283	chr14R	Y' Gain	chr14	True	0.33	False		Y' Gain	chr14L	True	0.66	False	donor_transfer	False	True	False	0.33
SRR33298417.7766	chr14R	Y' Gain	chr14	True	0.33	False		Y' Gain	chr12R	True	0.33	False	donor_transfer_candidates:3	False	True	False	0.0
SRR33298417.574734	chr14R	Y' Gain	chr14	True	0.33	False		Y' Gain	chr14L	True	0.66	False	donor_transfer	False	True	False	0.33
SRR33298417.688144	chr14R	Y' Gain	chr14	True	0.33	False		Y' Gain	chr14L	True	0.66	False	donor_transfer	False	True	False	0.33
SRR33298417.443695	chr14R	Y' Gain	chr14	True	0.33	False		Y' Gain	chr14L	True	0.66	False	donor_transfer	False	True	False	0.33
SRR33298417.214101	chr14R	Y' Gain	chr14	True	0.33	False		Y' Gain	chr14L	True	0.66	False	donor_transfer	False	True	False	0.33
SRR33298417.78719	chr14R	Y' Gain	chr14	True	0.33	False		Y' Gain	chr14L	True	0.66	False	donor_transfer	False	True	False	0.33
SRR33298417.72056	chr14R	Y' Gain	chr14	True	0.33	False		Y' Gain	chr14L	True	0.44	False	donor_transfer	False	True	False	0.11
SRR33298417.8645	chr14R	Y' Gain	chr14	True	0.33	False		Y' Gain	ambiguous	True	0.3	False	donor_transfer_candidates:4	False	True	False	-0.03
SRR33298417.668401	chr14R	Y' Gain	chr14	True	0.33	False		Y' Gain	ambiguous	True	0.3	False	donor_transfer_candidates:4	False	True	False	-0.03
SRR33298417.668360	chr14R	Y' Gain	chr14	True	0.33	False		Y' Gain	ambiguous	True	0.3	False	donor_transfer_candidates:4	False	True	False	-0.03
SRR33298417.125662	chr14R	Y' Gain	chr14	True	0.33	False		Y' Gain	chr14L	True	0.44	False	donor_transfer	False	True	False	0.11
SRR33298417.541210	chr14R	Y' Gain	chr14	True	0.33	False		Y' Gain	chr14L	True	0.44	False	donor_transfer	False	True	False	0.11
SRR33298417.542067	chr14R	Y' Gain	chr14	True	0.33	False		Y' Gain	chr14L	True	0.44	False	donor_transfer	False	True	False	0.11
SRR33298417.327775	chr14R	Y' Gain	chr14	True	0.33	False		Y' Gain	chr14L	True	0.44	False	donor_transfer	False	True	False	0.11
SRR33298417.447804	chr14R	Y' Gain	chr14	True	0.33	False		Y' Gain	chr14L	True	0.44	False	donor_transfer	False	True	False	0.11
SRR33298417.98448	chr14R	Y' Gain	chr14	True	0.33	False		Y' Gain	chr14L	True	0.44	False	donor_transfer	False	True	False	0.11
SRR33298417.727088	chr14R	Y' Gain	chr14	True	0.33	False		Y' Gain	chr14L	True	0.44	False	donor_transfer	False	True	False	0.11
SRR33298417.460395	chr14R	Y' Gain	chr14	True	0.33	False		Y' Gain	chr14L	True	0.44	False	donor_transfer	False	True	False	0.11
SRR33298417.543406	chr14R	Y' Gain	chr14	True	0.33	False		Y' Gain	ambiguous	True	0.3	False	unmatched_array	False	True	False	-0.03
SRR33298417.107902	chr14R	Y' Gain	chr14	True	0.33	False		Y' Gain	chr14L	True	0.44	False	donor_transfer	False	True	False	0.11
SRR33298417.591792	chr14R	Y' Gain	chr14	True	0.33	False		Y' Gain	chr14L	True	0.44	False	donor_transfer	False	True	False	0.11
SRR33298417.232415	chr14R	1st Y' Change	chr14	True	0.33	False		1st Y' Change	chr14L	True	0.44	False	donor_transfer	False	True	False	0.11
SRR33298417.471921	chr14R	Y' Gain	chr14	True	0.33	False		Y' Gain	ambiguous	True	0.3	False	unmatched_array	False	True	False	-0.03
SRR33298417.352427	chr15L	Y' Gain	chr4R	True	0.1444	True		Y' Gain	chr10L	True	0.337	True	subtelomere_switch	False	True	False	0.193
SRR33298417.540513	chr15L	Y' Gain	chr12R	True	0.1423	True		Y' Gain	chr14L	True	0.3321	True	subtelomere_switch	False	True	False	0.19
SRR33298417.169982	chr15L	Y' Gain	chr12R	True	0.1442	True		Y' Gain	chr10L	True	0.3366	True	subtelomere_switch	False	True	False	0.192
SRR33298417.145147	chr15L	Y' Gain	chr14L	True	0.1917	True		Y' Gain	chr8L	True	0.4474	True	subtelomere_switch	False	True	False	0.256
SRR33298417.693650	chr15L	Y' Gain	chr12R	True	0.1423	True		Y' Gain	chr14L	True	0.3321	True	subtelomere_switch	False	True	False	0.19
SRR33298417.255292	chr15L	Y' Gain	chr14L	True	0.1903	True		Y' Gain	chr8L	True	0.444	True	subtelomere_switch	False	True	False	0.254
SRR33298417.361648	chr15L	Y' Gain	chr12R	True	0.1917	True		Y' Gain	chr8L	True	0.1917	True	subtelomere_switch	False	True	False	0.0
SRR33298417.374868	chr15L	Y' Gain	chr12R	True	0.1882	True		Y' Gain	chr8L	True	0.4391	True	subtelomere_switch	False	True	False	0.251
SRR33298417.686462	chr15L	Y' Gain	chr12R	True	0.1897	True		Y' Gain	chr8L	True	0.1897	True	subtelomere_switch	False	True	False	0.0
SRR33298417.307864	chr15L	Y' Gain	chr4R	True	0.2739	True		Y' Gain	chr12R	True	0.6391	True	subtelomere_switch	False	True	False	0.365
SRR33298417.446669	chr15L	Y' Gain	chr15	True	0.33	False		Y' Gain	ambiguous	True	0.3	False	unmatched_array	False	True	False	-0.03
SRR33298417.671598	chr15L	Y' Gain	chr15	True	0.33	False		Y' Gain	ambiguous	True	0.3	False	single_y_prime_change	False	True	False	-0.03
SRR33298417.693686	chr15L	Y' Gain	chr2	True	0.33	False		Y' Gain	chr2L	True	0.33	False	single_y_prime_change	False	True	False	0.0
SRR33298417.7642	chr15L	Y' Gain	chr12	True	0.0045	False		Y' Gain	chr12L	True	0.0045	False	subtelomere_switch	False	True	False	0.0
SRR33298417.368103	chr15L	Y' Gain	chr12	True	0.33	False		Y' Gain	chr12L	True	0.33	False	single_y_prime_change	False	True	False	0.0
SRR33298417.188817	chr15R	Y' Gain	chr16	True	0.33	False		Y' Gain	chr16L	True	0.33	False	donor_transfer_candidates:4	False	True	False	0.0
SRR33298417.295950	chr15R	Y' Gain	chr16	True	0.33	False		Y' Gain	chr16L	True	0.33	False	donor_transfer_candidates:4	False	True	False	0.0
SRR33298417.80075	chr15R	Y' Gain	chr15	True	0.33	False		Y' Gain	ambiguous	True	0.3	False	donor_transfer_candidates:4	False	True	False	-0.03
SRR33298417.178702	chr15R	Y' Gain	chr16	True	0.33	False		Y' Gain	chr12R	True	0.33	False	donor_transfer_candidates:2	False	True	False	0.0
SRR33298417.298396	chr15R	Y' Gain	chr16	True	0.33	False		Y' Gain	chr16L	True	0.33	False	unmatched_array	False	True	False	0.0
SRR33298417.645895	chr15R	Y' Gain	chr16	True	0.33	False		Y' Gain	chr12R	True	0.33	False	donor_transfer_candidates:2	False	True	False	0.0
SRR33298417.90646	chr15R	Y' Gain	chr16	True	0.33	False		Y' Gain	chr12R	True	0.33	False	donor_transfer_candidates:2	False	True	False	0.0
SRR33298417.101070	chr15R	Y' Gain	chr16	True	0.33	False		Y' Gain	chr12R	True	0.33	False	donor_transfer_candidates:2	False	True	False	0.0
SRR33298417.168866	chr15R	Y' Gain	chr16	True	0.33	False		Y' Gain	chr12R	True	0.33	False	donor_transfer_candidates:2	False	True	False	0.0
SRR33298417.565470	chr15R	Y' Gain	chr16	True	0.33	False		Y' Gain	chr12R	True	0.33	False	donor_transfer_candidates:2	False	True	False	0.0
SRR33298417.103454	chr15R	Y' Gain	chr16	True	0.33	False		Y' Gain	chr12R	True	0.33	False	donor_transfer_candidates:2	False	True	False	0.0
SRR33298417.787619	chr15R	Y' Gain	chr16	True	0.33	False		Y' Gain	chr12R	True	0.33	False	donor_transfer_candidates:2	False	True	False	0.0
SRR33298417.18012	chr15R	Y' Gain	chr4	True	0.33	False		Y' Gain	chr4R	True	0.33	False	donor_transfer_candidates:3	False	True	False	0.0
SRR33298417.195321	chr15R	Y' Gain	chr4	True	0.33	False		Y' Gain	chr4R	True	0.33	False	donor_transfer_candidates:3	False	True	False	0.0
SRR33298417.91868	chr15R	Y' Gain	chr4	True	0.33	False		Y' Gain	chr4R	True	0.33	False	donor_transfer_candidates:3	False	True	False	0.0
SRR33298417.509968	chr15R	Y' Gain	chr7	True	0.33	False		Y' Gain	chr7R	True	0.33	False	unmatched_array	False	True	False	0.0
SRR33298417.680454	chr15R	Y' Gain	chr7	True	0.33	False		Y' Gain	chr7R	True	0.33	False	unmatched_array	False	True	False	0.0
SRR33298417.643651	chr15R	Y' Gain	chr7	True	0.33	False		Y' Gain	chr14L	True	0.66	False	donor_transfer	False	True	False	0.33
SRR33298417.124938	chr15R	Y' Gain	chr14	True	0.33	False		Y' Gain	chr14L	True	0.33	False	unmatched_array	False	True	False	0.0
SRR33298417.557272	chr15R	Y' Gain	chr7	True	0.33	False		Y' Gain	chr7R	True	0.33	False	donor_transfer_candidates:4	False	True	False	0.0
SRR33298417.171615	chr15R	Y' Gain	chr7	True	0.33	False		Y' Gain	chr7R	True	0.33	False	donor_transfer_candidates:4	False	True	False	0.0
SRR33298417.62619	chr15R	Y' Gain	chr7	True	0.33	False		Y' Gain	chr7R	True	0.33	False	donor_transfer_candidates:4	False	True	False	0.0
SRR33298417.452287	chr15R	Y' Gain	chr7	True	0.33	False		Y' Gain	chr7R	True	0.33	False	donor_transfer_candidates:4	False	True	False	0.0
SRR33298417.431022	chr15R	Y' Gain	chr7	True	0.33	False		Y' Gain	chr7R	True	0.33	False	donor_transfer_candidates:4	False	True	False	0.0
SRR33298417.38410	chr15R	Y' Gain	chr7	True	0.33	False		Y' Gain	chr7R	True	0.33	False	donor_transfer_candidates:4	False	True	False	0.0
SRR33298417.444275	chr15R	Y' Gain	chr7	True	0.33	False		Y' Gain	chr7R	True	0.33	False	donor_transfer_candidates:4	False	True	False	0.0
SRR33298417.10562	chr15R	Y' Gain	chr7	True	0.33	False		Y' Gain	chr7R	True	0.33	False	donor_transfer_candidates:4	False	True	False	0.0
SRR33298417.65950	chr15R	Y' Gain	chr7	True	0.33	False		Y' Gain	chr7R	True	0.33	False	unmatched_array	False	True	False	0.0
SRR33298417.70189	chr15R	Y' Gain	chr7	True	0.33	False		Y' Gain	chr7R	True	0.33	False	unmatched_array	False	True	False	0.0
SRR33298417.682886	chr15R	Y' Gain	chr7	True	0.33	False		Y' Gain	chr7R	True	0.33	False	unmatched_array	False	True	False	0.0
SRR33298417.240746	chr15R	1st Y' Change	chr7	True	0.3	False		1st Y' Change	chr14L	True	0.44	False	donor_transfer	False	True	False	0.14
SRR33298417.168769	chr15R	Y' Gain	chr7	True	0.33	False		Y' Gain	chr7R	True	0.33	False	unmatched_array	False	True	False	0.0
SRR33298417.621169	chr15R	Y' Gain	chr14	True	0.33	False		Y' Gain	chr14L	True	0.33	False	single_y_prime_change	False	True	False	0.0
SRR33298417.309201	chr15R	Y' Gain	chr4	True	0.33	False		Y' Gain	chr4R	True	0.33	False	single_y_prime_change	False	True	False	0.0
SRR33298417.302629	chr15R	Y' Gain	chr4	True	0.33	False		Y' Gain	chr4R	True	0.33	False	single_y_prime_change	False	True	False	0.0
SRR33298417.129127	chr15R	Y' Gain	chr4	True	0.33	False		Y' Gain	chr4R	True	0.33	False	single_y_prime_change	False	True	False	0.0
SRR33298417.230991	chr15R	Y' Gain	chr4	True	0.33	False		Y' Gain	chr4R	True	0.33	False	single_y_prime_change	False	True	False	0.0
SRR33298417.684570	chr15R	Y' Gain	chr4	True	0.33	False		Y' Gain	chr4R	True	0.33	False	single_y_prime_change	False	True	False	0.0
SRR33298417.729260	chr15R	Y' Gain	chr4	True	0.33	False		Y' Gain	chr4R	True	0.33	False	single_y_prime_change	False	True	False	0.0
SRR33298417.440552	chr15R	Y' Gain	chr4	True	0.33	False		Y' Gain	chr4R	True	0.33	False	single_y_prime_change	False	True	False	0.0
SRR33298417.413860	chr15R	Y' Gain	chr4	True	0.33	False		Y' Gain	chr4R	True	0.33	False	single_y_prime_change	False	True	False	0.0
SRR33298417.777805	chr15R	Y' Gain	chr4	True	0.33	False		Y' Gain	chr4R	True	0.33	False	single_y_prime_change	False	True	False	0.0
SRR33298417.299109	chr15R	Y' Gain	chr4	True	0.33	False		Y' Gain	chr4R	True	0.33	False	single_y_prime_change	False	True	False	0.0
SRR33298417.784544	chr15R	Y' Gain	chr4	True	0.33	False		Y' Gain	chr4R	True	0.33	False	single_y_prime_change	False	True	False	0.0
SRR33298417.680285	chr15R	Y' Gain	chr14	True	0.33	False		Y' Gain	chr14L	True	0.33	False	single_y_prime_change	False	True	False	0.0
SRR33298417.620780	chr15R	Y' Gain	chr14	True	0.33	False		Y' Gain	chr14L	True	0.33	False	single_y_prime_change	False	True	False	0.0
SRR33298417.609629	chr15R	Y' Gain	chr14	True	0.33	False		Y' Gain	chr14L	True	0.33	False	single_y_prime_change	False	True	False	0.0
SRR33298417.783840	chr15R	Y' Gain	chr14	True	0.33	False		Y' Gain	chr14L	True	0.33	False	single_y_prime_change	False	True	False	0.0
SRR33298417.788432	chr16L	Y' Gain	chr16	True	0.33	False		Y' Gain	chr12R	True	0.33	False	donor_transfer_candidates:3	False	True	False	0.0
SRR33298417.10221	chr16L	Y' Gain	chr16	True	0.33	False		Y' Gain	chr12R	True	0.33	False	donor_transfer_candidates:2	False	True	False	0.0
SRR33298417.696838	chr16L	Y' Recombination	chr16	True	0.33	False		Y' Recombination	ambiguous	True	0.3	False	unmatched_array	False	True	False	-0.03
SRR33298417.145350	chr16L	1st Y' Change	chr16	True	0.3	False		1st Y' Change	ambiguous	True	0.3	False	unmatched_array	False	True	False	0.0
SRR33298417.255386	chr16L	Y' Gain	chr16	True	0.33	False		Y' Gain	chr12R	True	0.33	False	donor_transfer_candidates:2	False	True	False	0.0
SRR33298417.332490	chr16L	Y' Recombination	chr16	True	0.33	False		Y' Recombination	chr14L	True	0.66	False	donor_transfer	False	True	False	0.33
SRR33298417.332489	chr16L	Y' Recombination	chr16	True	0.33	False		Y' Recombination	chr14L	True	0.66	False	donor_transfer	False	True	False	0.33
SRR33298417.736208	chr16L	Y' Gain	chr12	True	0.3	False		Y' Gain	chr16L	True	0.33	False	tandem_amplification_same_end	False	True	False	0.03
SRR33298417.506214	chr16L	Y' Gain	chr12	True	0.3	False		Y' Gain	chr16L	True	0.33	False	tandem_amplification_same_end	False	True	False	0.03
SRR33298417.736351	chr16L	1st Y' Change	chr12	True	0.33	False		1st Y' Change	chr12L	True	0.33	False	unmatched_array	False	True	False	0.0
SRR33298417.743981	chr16L	Y' Gain	chr4	True	0.33	False		Y' Gain	chr16L	True	0.33	False	tandem_amplification_same_end	False	True	False	0.0
SRR33298417.56293	chr16L	1st Y' Change	ambiguous	True	0.3	False		1st Y' Change	chr14L	True	0.66	False	donor_transfer	False	True	False	0.36
SRR33298417.149839	chr16L	Y' Recombination	chr14	True	0.33	False		Y' Recombination	chr14L	True	0.33	False	unmatched_array	False	True	False	0.0
SRR33298417.333673	chr16R	Y' Gain	chr16	True	0.33	False		Y' Gain	ambiguous	True	0.3	False	unmatched_array	False	True	False	-0.03
SRR33298417.416011	chr16R	Y' Gain	chr16	True	0.33	False		Y' Gain	ambiguous	True	0.3	False	unmatched_array	False	True	False	-0.03
SRR33298417.449789	chr16R	1st Y' Change	chr16	True	0.3	False		1st Y' Change	chr14L	True	0.66	False	donor_transfer	False	True	False	0.36
SRR33298417.445018	chr16R	Y' Gain	chr16	True	0.33	False		Y' Gain	ambiguous	True	0.3	False	unmatched_array	False	True	False	-0.03
SRR33298417.620683	chr16R	Y' Gain	chr16	True	0.33	False		Y' Gain	ambiguous	True	0.3	False	donor_transfer_candidates:4	False	True	False	-0.03
SRR33298417.555995	chr16R	Y' Gain	chr16	True	0.33	False		Y' Gain	chr14L	True	0.66	False	donor_transfer	False	True	False	0.33
SRR33298417.487082	chr16R	Y' Gain	chr16	True	0.33	False		Y' Gain	chr14L	True	0.66	False	donor_transfer	False	True	False	0.33
SRR33298417.706729	chr16R	1st Y' Change	chr16	True	0.33	False		1st Y' Change	chr12R	True	0.33	False	donor_transfer_candidates:2	False	True	False	0.0
SRR33298417.170907	chr16R	Y' Gain	chr16	True	0.33	False		Y' Gain	chr12R	True	0.33	False	donor_transfer_candidates:2	False	True	False	0.0
SRR33298417.461647	chr16R	Y' Gain	chr16	True	0.33	False		Y' Gain	chr12R	True	0.33	False	donor_transfer_candidates:2	False	True	False	0.0
SRR33298417.700059	chr16R	1st Y' Change	chr16	True	0.3	False		1st Y' Change	chr14L	True	0.66	False	donor_transfer	False	True	False	0.36
SRR33298417.464788	chr16R	Y' Gain	chr16	True	0.33	False		Y' Gain	chr14L	True	0.66	False	donor_transfer	False	True	False	0.33
SRR33298417.497314	chr16R	Y' Gain	chr16	True	0.33	False		Y' Gain	chr14L	True	0.66	False	donor_transfer	False	True	False	0.33
SRR33298417.216349	chr16R	Y' Gain	chr16	True	0.33	False		Y' Gain	chr14L	True	0.66	False	donor_transfer	False	True	False	0.33
SRR33298417.323830	chr16R	Y' Gain	chr16	True	0.33	False		Y' Gain	ambiguous	True	0.3	False	unmatched_array	False	True	False	-0.03
SRR33298417.173659	chr16R	1st Y' Change	chr16	True	0.3	False		1st Y' Change	chr12R	True	0.33	False	donor_transfer_candidates:2	False	True	False	0.03
SRR33298417.286903	chr16R	Y' Gain	chr16	True	0.33	False		Y' Gain	chr12R	True	0.33	False	donor_transfer_candidates:2	False	True	False	0.0
SRR33298417.554608	chr16R	Y' Gain	chr16	True	0.33	False		Y' Gain	chr12R	True	0.33	False	donor_transfer_candidates:2	False	True	False	0.0
SRR33298417.512007	chr16R	Y' Gain	chr16	True	0.33	False		Y' Gain	ambiguous	True	0.3	False	unmatched_array	False	True	False	-0.03
SRR33298417.509463	chr16R	Y' Gain	chr16	True	0.33	False		Y' Gain	ambiguous	True	0.3	False	unmatched_array	False	True	False	-0.03
SRR33298417.413516	chr16R	Y' Gain	chr16	True	0.33	False		Y' Gain	chr12R	True	0.33	False	donor_transfer_candidates:3	False	True	False	0.0
SRR33298417.171390	chr16R	Y' Gain	chr16	True	0.33	False		Y' Gain	chr12R	True	0.33	False	donor_transfer_candidates:3	False	True	False	0.0
SRR33298417.494378	chr16R	Y' Gain	chr16	True	0.33	False		Y' Gain	chr12R	True	0.33	False	donor_transfer_candidates:3	False	True	False	0.0
SRR33298417.146381	chr16R	Y' Gain	chr16	True	0.33	False		Y' Gain	chr12R	True	0.33	False	donor_transfer_candidates:3	False	True	False	0.0
SRR33298417.550287	chr16R	Y' Gain	chr16	True	0.33	False		Y' Gain	chr12R	True	0.33	False	donor_transfer_candidates:3	False	True	False	0.0
SRR33298417.661314	chr16R	Y' Gain	chr16	True	0.33	False		Y' Gain	chr12R	True	0.33	False	donor_transfer_candidates:3	False	True	False	0.0
SRR33298417.751779	chr16R	Y' Gain	chr16	True	0.33	False		Y' Gain	ambiguous	True	0.3	False	unmatched_array	False	True	False	-0.03
SRR33298417.269709	chr16R	1st Y' Change	chr16	True	0.3	False		1st Y' Change	chr14L	True	0.66	False	donor_transfer	False	True	False	0.36
SRR33298417.108196	chr16R	1st Y' Change	chr16	True	0.3	False		1st Y' Change	chr14L	True	0.66	False	donor_transfer	False	True	False	0.36
SRR33298417.1602	chr16R	Y' Gain	chr16	True	0.33	False		Y' Gain	chr14L	True	0.66	False	donor_transfer	False	True	False	0.33
SRR33298417.680235	chr16R	Y' Gain	chr16	True	0.33	False		Y' Gain	ambiguous	True	0.3	False	unmatched_array	False	True	False	-0.03
SRR33298417.402582	chr16R	Y' Gain	chr16	True	0.33	False		Y' Gain	ambiguous	True	0.3	False	unmatched_array	False	True	False	-0.03
SRR33298417.245682	chr16R	1st Y' Change	chr16	True	0.3	False		1st Y' Change	ambiguous	True	0.3	False	donor_transfer_candidates:4	False	True	False	0.0
SRR33298417.521301	chr16R	Y' Gain	chr16	True	0.33	False		Y' Gain	ambiguous	True	0.3	False	donor_transfer_candidates:4	False	True	False	-0.03
SRR33298417.408239	chr16R	Y' Gain	chr16	True	0.33	False		Y' Gain	ambiguous	True	0.3	False	donor_transfer_candidates:4	False	True	False	-0.03
SRR33298417.506482	chr16R	Y' Gain	chr16	True	0.33	False		Y' Gain	ambiguous	True	0.3	False	donor_transfer_candidates:4	False	True	False	-0.03
SRR33298417.215137	chr16R	Y' Gain	chr16	True	0.33	False		Y' Gain	ambiguous	True	0.3	False	donor_transfer_candidates:4	False	True	False	-0.03
SRR33298417.690081	chr16R	1st Y' Change	chr16	True	0.3	False		1st Y' Change	chr14L	True	0.66	False	donor_transfer	False	True	False	0.36
SRR33298417.497496	chr16R	1st Y' Change	chr16	True	0.3	False		1st Y' Change	chr14L	True	0.66	False	donor_transfer	False	True	False	0.36
SRR33298417.563481	chr16R	Y' Gain	chr16	True	0.33	False		Y' Gain	ambiguous	True	0.3	False	donor_transfer_candidates:4	False	True	False	-0.03
SRR33298417.188587	chr16R	1st Y' Change	chr16	True	0.3	False		1st Y' Change	chr14L	True	0.44	False	donor_transfer	False	True	False	0.14
SRR33298417.310255	chr16R	Y' Gain	chr16	True	0.33	False		Y' Gain	ambiguous	True	0.3	False	unmatched_array	False	True	False	-0.03
SRR33298417.501159	chr16R	Y' Gain	chr16	True	0.33	False		Y' Gain	ambiguous	True	0.3	False	unmatched_array	False	True	False	-0.03
SRR33298417.760142	chr16R	Y' Gain	chr16	True	0.33	False		Y' Gain	ambiguous	True	0.3	False	unmatched_array	False	True	False	-0.03
SRR33298417.622233	chr16R	Y' Gain	chr16	True	0.33	False		Y' Gain	ambiguous	True	0.3	False	unmatched_array	False	True	False	-0.03
SRR33298417.256260	chr16R	Y' Gain	chr16	True	0.33	False		Y' Gain	ambiguous	True	0.3	False	unmatched_array	False	True	False	-0.03
SRR33298417.215115	chr16R	Y' Gain	chr16	True	0.33	False		Y' Gain	ambiguous	True	0.3	False	unmatched_array	False	True	False	-0.03
SRR33298417.19089	chr16R	Y' Gain	chr16	True	0.33	False		Y' Gain	ambiguous	True	0.3	False	unmatched_array	False	True	False	-0.03
SRR33298417.495597	chr16R	Y' Gain	chr16	True	0.33	False		Y' Gain	ambiguous	True	0.3	False	unmatched_array	False	True	False	-0.03
SRR33298417.535715	chr16R	1st Y' Change	chr16	True	0.3	False		1st Y' Change	ambiguous	True	0.3	False	unmatched_array	False	True	False	0.0
SRR33298417.133890	chr16R	Y' Gain	chr16	True	0.33	False		Y' Gain	ambiguous	True	0.3	False	unmatched_array	False	True	False	-0.03
SRR33298417.506891	chr16R	Y' Gain	chr16	True	0.33	False		Y' Gain	ambiguous	True	0.3	False	unmatched_array	False	True	False	-0.03
SRR33298417.60498	chr16R	Y' Gain	chr16	True	0.33	False		Y' Gain	ambiguous	True	0.3	False	unmatched_array	False	True	False	-0.03
SRR33298417.156670	chr16R	1st Y' Change	chr16	True	0.3	False		1st Y' Change	ambiguous	True	0.3	False	unmatched_array	False	True	False	0.0
SRR33298417.644783	chr16R	Y' Gain	chr16	True	0.33	False		Y' Gain	ambiguous	True	0.3	False	single_y_prime_change	False	True	False	-0.03
SRR33298417.38755	chr16R	Y' Gain	chr16	True	0.33	False		Y' Gain	ambiguous	True	0.3	False	single_y_prime_change	False	True	False	-0.03
SRR33298417.71882	chr16R	Y' Gain	chr16	True	0.33	False		Y' Gain	ambiguous	True	0.3	False	single_y_prime_change	False	True	False	-0.03
SRR33298417.27850	chr16R	Y' Gain	chr16	True	0.33	False		Y' Gain	ambiguous	True	0.3	False	single_y_prime_change	False	True	False	-0.03
SRR33298417.488897	chr16R	Y' Gain	chr16	True	0.33	False		Y' Gain	ambiguous	True	0.3	False	single_y_prime_change	False	True	False	-0.03
SRR33298417.154798	chr16R	Y' Gain	chr16	True	0.33	False		Y' Gain	ambiguous	True	0.3	False	single_y_prime_change	False	True	False	-0.03
SRR33298417.485255	chr16R	Y' Gain	chr16	True	0.33	False		Y' Gain	ambiguous	True	0.3	False	single_y_prime_change	False	True	False	-0.03
SRR33298417.369062	chr16R	Y' Gain	chr16	True	0.33	False		Y' Gain	ambiguous	True	0.3	False	single_y_prime_change	False	True	False	-0.03
SRR33298417.530946	chr16R	Y' Gain	chr16	True	0.33	False		Y' Gain	ambiguous	True	0.3	False	single_y_prime_change	False	True	False	-0.03
SRR33298417.587601	chr16R	Y' Gain	chr16	True	0.33	False		Y' Gain	ambiguous	True	0.3	False	single_y_prime_change	False	True	False	-0.03
SRR33298417.4472	chr16R	Y' Gain	chr16	True	0.33	False		Y' Gain	ambiguous	True	0.3	False	single_y_prime_change	False	True	False	-0.03
SRR33298417.508028	chr16R	Y' Gain	chr16	True	0.33	False		Y' Gain	ambiguous	True	0.3	False	single_y_prime_change	False	True	False	-0.03
SRR33298417.684646	chr16R	Y' Gain	chr16	True	0.33	False		Y' Gain	ambiguous	True	0.3	False	single_y_prime_change	False	True	False	-0.03
SRR33298417.619194	chr16R	Y' Gain	chr16	True	0.33	False		Y' Gain	ambiguous	True	0.3	False	single_y_prime_change	False	True	False	-0.03
SRR33298417.594717	chr16R	Y' Gain	chr16	True	0.33	False		Y' Gain	ambiguous	True	0.3	False	single_y_prime_change	False	True	False	-0.03
SRR33298417.677794	chr16R	1st Y' Change	chr16	True	0.3	False		1st Y' Change	chr14L	True	0.44	False	donor_transfer	False	True	False	0.14
SRR33298417.677795	chr16R	1st Y' Change	chr16	True	0.3	False		1st Y' Change	chr14L	True	0.44	False	donor_transfer	False	True	False	0.14
SRR33298417.29952	chr1L	Y' Gain	chr4R	True	0.2877	True		Y' Gain	chr1R	True	0.6713	True	subtelomere_switch	False	True	False	0.384
SRR33298417.33281	chr1L	Y' Gain	chr12R	True	0.2828	True		Y' Gain	chr1R	True	0.66	True	subtelomere_switch	False	True	False	0.377
SRR33298417.539597	chr1L	Y' Gain	chr12R	True	0.2154	True		Y' Gain	chr1R	True	0.5025	True	subtelomere_switch	False	True	False	0.287
SRR33298417.557255	chr1L	Y' Gain	chr12R	True	0.2182	True		Y' Gain	chr3L	True	0.2182	True	subtelomere_switch	False	True	False	0.0
SRR33298417.188474	chr1L	Y' Gain	chr12R	True	0.2878	True		Y' Gain	chr1R	True	0.6715	True	subtelomere_switch	False	True	False	0.384
SRR33298417.141058	chr1L	Y' Gain	chr1	True	0.33	False		Y' Gain	chr14L	True	0.44	False	donor_transfer	False	True	False	0.11
SRR33298417.330474	chr1L	Y' Gain	chr1	True	0.33	False		Y' Gain	chr14L	True	0.66	False	donor_transfer	False	True	False	0.33
SRR33298417.786417	chr1L	Y' Gain	chr1	True	0.33	False		Y' Gain	chr14L	True	0.66	False	donor_transfer	False	True	False	0.33
SRR33298417.589482	chr1L	Y' Gain	chr1	True	0.33	False		Y' Gain	ambiguous	True	0.3	False	unmatched_array	False	True	False	-0.03
SRR33298417.356850	chr1L	Y' Gain	chr1	True	0.33	False		Y' Gain	ambiguous	True	0.3	False	unmatched_array	False	True	False	-0.03
SRR33298417.668072	chr1L	Y' Gain	chr8	True	0.33	False		Y' Gain	chr14L	True	0.44	False	donor_transfer	False	True	False	0.11
SRR33298417.176528	chr1L	Y' Gain	chr1	True	0.33	False		Y' Gain	chr12R	True	0.33	False	donor_transfer_candidates:3	False	True	False	0.0
SRR33298417.683734	chr1L	Y' Gain	chr1	True	0.33	False		Y' Gain	chr12R	True	0.33	False	donor_transfer_candidates:3	False	True	False	0.0
SRR33298417.234953	chr1L	Y' Gain	chr1	True	0.3	False		Y' Gain	ambiguous	True	0.3	False	donor_transfer_candidates:4	False	True	False	0.0
SRR33298417.376543	chr1L	Y' Gain	chr8	True	0.33	False		Y' Gain	chr14L	True	0.66	False	donor_transfer	False	True	False	0.33
SRR33298417.699451	chr1L	Y' Gain	chr1	True	0.33	False		Y' Gain	chr14L	True	0.66	False	donor_transfer	False	True	False	0.33
SRR33298417.83110	chr1L	Y' Gain	chr1	True	0.33	False		Y' Gain	chr14L	True	0.66	False	donor_transfer	False	True	False	0.33
SRR33298417.242588	chr1L	Y' Gain	chr1	True	0.33	False		Y' Gain	chr14L	True	0.66	False	donor_transfer	False	True	False	0.33
SRR33298417.47112	chr1L	Y' Gain	chr1	True	0.33	False		Y' Gain	chr14L	True	0.66	False	donor_transfer	False	True	False	0.33
SRR33298417.393853	chr1L	Y' Gain	chr8	True	0.33	False		Y' Gain	chr14L	True	0.66	False	donor_transfer	False	True	False	0.33
SRR33298417.649761	chr1L	Y' Gain	chr8	True	0.33	False		Y' Gain	chr14L	True	0.44	False	donor_transfer	False	True	False	0.11
SRR33298417.332553	chr1L	Y' Gain	chr1	True	0.33	False		Y' Gain	chr14L	True	0.44	False	donor_transfer	False	True	False	0.11
SRR33298417.384088	chr1L	Y' Gain	chr14	True	0.33	False		Y' Gain	chr14L	True	0.33	False	donor_transfer_candidates:4	False	True	False	0.0
SRR33298417.753467	chr1L	Y' Gain	chr14	True	0.33	False		Y' Gain	chr14L	True	0.33	False	donor_transfer_candidates:4	False	True	False	0.0
SRR33298417.256347	chr1L	Y' Gain	chr4	True	-0.0011	False		Y' Gain	chr4R	True	-0.0011	False	subtelomere_switch	False	True	False	0.0
SRR33298417.96622	chr1L	Y' Gain	chr14	True	0.0044	False		Y' Gain	chr14L	True	0.0044	False	subtelomere_switch	False	True	False	0.0
SRR33298417.1580	chr1L	Y' Gain	chr14	True	0.33	False		Y' Gain	chr14L	True	0.33	False	unmatched_array	False	True	False	0.0
SRR33298417.566017	chr1L	Y' Gain	chr14	True	0.33	False		Y' Gain	chr14L	True	0.33	False	unmatched_array	False	True	False	0.0
SRR33298417.407176	chr1L	Y' Gain	chr14	True	0.0057	False		Y' Gain	chr14L	True	0.0057	False	subtelomere_switch	False	True	False	0.0
SRR33298417.719084	chr1L	Y' Gain	chr14	True	0.0056	False		Y' Gain	chr14L	True	0.0056	False	subtelomere_switch	False	True	False	0.0
SRR33298417.256061	chr1L	Y' Gain	chr14	True	0.0066	False		Y' Gain	chr14L	True	0.0066	False	subtelomere_switch	False	True	False	0.0
SRR33298417.172449	chr1L	Y' Gain	chr14	True	0.33	False		Y' Gain	chr14R	True	0.33	False	unmatched_array	False	True	False	0.0
SRR33298417.262480	chr1L	Y' Gain	chr14	True	0.3	False		Y' Gain	chr14L	True	0.44	False	donor_transfer	False	True	False	0.14
SRR33298417.661428	chr1L	Y' Gain	chr14	True	0.3	False		Y' Gain	chr14L	True	0.44	False	donor_transfer	False	True	False	0.14
SRR33298417.400696	chr1L	Y' Gain	chr14	True	0.3	False		Y' Gain	chr14L	True	0.44	False	donor_transfer	False	True	False	0.14
SRR33298417.332605	chr1L	Y' Gain	chr14	True	0.3	False		Y' Gain	chr14L	True	0.44	False	donor_transfer	False	True	False	0.14
SRR33298417.578814	chr1L	Y' Gain	chr14	True	0.3	False		Y' Gain	chr14L	True	0.44	False	donor_transfer	False	True	False	0.14
SRR33298417.286219	chr1L	Y' Gain	chr14	True	0.3	False		Y' Gain	chr14L	True	0.44	False	donor_transfer	False	True	False	0.14
SRR33298417.580714	chr1L	Y' Gain	chr14	True	0.3	False		Y' Gain	chr14L	True	0.44	False	donor_transfer	False	True	False	0.14
SRR33298417.404377	chr1L	Y' Gain	chr14	True	0.33	False		Y' Gain	chr14R	True	0.33	False	unmatched_array	False	True	False	0.0
SRR33298417.144751	chr1L	Y' Gain	chr14	True	0.3	False		Y' Gain	chr14L	True	0.44	False	donor_transfer	False	True	False	0.14
SRR33298417.449971	chr1R	Y' Gain	chr12R	True	0.1862	True		Y' Gain	chr10L	True	0.4344	True	subtelomere_switch	False	True	False	0.248
SRR33298417.80522	chr1R	Y' Gain	chr12R	True	0.205	True		Y' Gain	chr1L	True	0.4782	True	subtelomere_switch	False	True	False	0.273
SRR33298417.39063	chr1R	Y' Gain	chr12R	True	0.2062	True		Y' Gain	chr1L	True	0.4812	True	subtelomere_switch	False	True	False	0.275
SRR33298417.790010	chr1R	Y' Gain	chr1	True	0.33	False		Y' Gain	chr14L	True	0.66	False	donor_transfer	False	True	False	0.33
SRR33298417.155745	chr1R	Y' Gain	chr4	True	0.33	False		Y' Gain	chr4R	True	0.33	False	donor_transfer_candidates:4	False	True	False	0.0
SRR33298417.310185	chr1R	Y' Gain	chr1	True	0.3	False		Y' Gain	ambiguous	True	0.3	False	unmatched_array	False	True	False	0.0
SRR33298417.215150	chr1R	Y' Gain	chr1	True	0.33	False		Y' Gain	ambiguous	True	0.3	False	donor_transfer_candidates:4	False	True	False	-0.03
SRR33298417.700058	chr1R	Y' Gain	chr1	True	0.33	False		Y' Gain	chr14L	True	0.66	False	donor_transfer	False	True	False	0.33
SRR33298417.611140	chr1R	Y' Gain	chr1	True	0.33	False		Y' Gain	ambiguous	True	0.3	False	unmatched_array	False	True	False	-0.03
SRR33298417.207928	chr1R	Y' Gain	chr1	True	0.33	False		Y' Gain	chr12R	True	0.33	False	donor_transfer_candidates:2	False	True	False	0.0
SRR33298417.638616	chr1R	Y' Gain	chr12	True	0.33	False		Y' Gain	chr12L	True	0.33	False	unmatched_array	False	True	False	0.0
SRR33298417.310073	chr1R	Y' Gain	chr12	True	0.3	False		Y' Gain	chr12R	True	0.33	False	donor_transfer_candidates:2	False	True	False	0.03
SRR33298417.600322	chr1R	Y' Gain	chr12	True	0.33	False		Y' Gain	chr14L	True	0.66	False	donor_transfer	False	True	False	0.33
SRR33298417.689840	chr1R	Y' Gain	chr4	True	0.3	False		Y' Gain	chr14L	True	0.66	False	donor_transfer	False	True	False	0.36
SRR33298417.648678	chr1R	Y' Gain	chr16	True	0.33	False		Y' Gain	chr16L	True	0.33	False	donor_transfer_candidates:3	False	True	False	0.0
SRR33298417.312859	chr1R	Y' Gain	chr16	True	0.33	False		Y' Gain	chr16L	True	0.33	False	donor_transfer_candidates:3	False	True	False	0.0
SRR33298417.66811	chr1R	Y' Gain	chr12	True	0.3	False		Y' Gain	chr12R	True	0.33	False	donor_transfer_candidates:3	False	True	False	0.03
SRR33298417.531247	chr1R	Y' Gain	chr12	True	0.33	False		Y' Gain	chr14L	True	0.66	False	donor_transfer	False	True	False	0.33
SRR33298417.466993	chr1R	Y' Gain	chr14	True	0.0051	False		Y' Gain	chr14L	True	0.0051	False	subtelomere_switch	False	True	False	0.0
SRR33298417.666072	chr1R	Y' Gain	chr14	True	0.33	False		Y' Gain	chr14L	True	0.33	False	unmatched_array	False	True	False	0.0
SRR33298417.665412	chr1R	Y' Gain	chr14	True	0.33	False		Y' Gain	chr14R	True	0.33	False	unmatched_array	False	True	False	0.0
SRR33298417.304365	chr1R	Y' Gain	chr14	True	0.33	False		Y' Gain	chr14L	True	0.33	False	unmatched_array	False	True	False	0.0
SRR33298417.731050	chr1R	Y' Gain	chr14	True	0.3	False		Y' Gain	chr14L	True	0.44	False	donor_transfer	False	True	False	0.14
SRR33298417.787272	chr1R	Y' Gain	chr14	True	0.3	False		Y' Gain	chr14L	True	0.44	False	donor_transfer	False	True	False	0.14
SRR33298417.636554	chr1R	Y' Gain	chr14	True	0.33	False		Y' Gain	chr14L	True	0.44	False	donor_transfer	False	True	False	0.11
SRR33298417.471055	chr1R	Y' Gain	chr14	True	0.3	False		Y' Gain	chr14L	True	0.44	False	donor_transfer	False	True	False	0.14
SRR33298417.90640	chr1R	Y' Gain	chr4	True	0.33	False		Y' Gain	chr4R	True	0.33	False	single_y_prime_change	False	True	False	0.0
SRR33298417.368370	chr1R	Y' Gain	chr14	True	0.33	False		Y' Gain	chr14R	True	0.33	False	single_y_prime_change	False	True	False	0.0
SRR33298417.533818	chr1R	Y' Gain	chr5	True	0.33	False		Y' Gain	chr5R	True	0.33	False	single_y_prime_change	False	True	False	0.0
SRR33298417.49732	chr1R	Y' Gain	chr14	True	0.33	False		Y' Gain	chr14L	True	0.33	False	single_y_prime_change	False	True	False	0.0
SRR33298417.414284	chr1R	Y' Gain	chr4	True	0.33	False		Y' Gain	chr4R	True	0.33	False	single_y_prime_change	False	True	False	0.0
SRR33298417.576395	chr1R	Y' Gain	chr14	True	0.33	False		Y' Gain	chr14R	True	0.33	False	single_y_prime_change	False	True	False	0.0
SRR33298417.689061	chr1R	Y' Gain	chr5	True	0.33	False		Y' Gain	chr5R	True	0.33	False	single_y_prime_change	False	True	False	0.0
SRR33298417.574348	chr1R	Y' Gain	chr14	True	-0.0044	False		Y' Gain	chr14R	True	-0.0044	False	subtelomere_switch	False	True	False	0.0
SRR33298417.214100	chr1R	Y' Gain	chr5	True	0.33	False		Y' Gain	chr5R	True	0.33	False	single_y_prime_change	False	True	False	0.0
SRR33298417.445944	chr1R	Y' Gain	chr5	True	0.33	False		Y' Gain	chr5R	True	0.33	False	single_y_prime_change	False	True	False	0.0
SRR33298417.310285	chr1R	Y' Gain	chr13	True	0.0092	False		Y' Gain	chr13L	True	0.0092	False	subtelomere_switch	False	True	False	0.0
SRR33298417.143509	chr1R	Y' Gain	chr13	True	0.33	False		Y' Gain	chr13L	True	0.33	False	single_y_prime_change	False	True	False	0.0
SRR33298417.18045	chr1R	Y' Gain	chr13	True	0.33	False		Y' Gain	chr13L	True	0.33	False	single_y_prime_change	False	True	False	0.0
SRR33298417.310332	chr1R	Y' Gain	chr13	True	0.33	False		Y' Gain	chr13L	True	0.33	False	single_y_prime_change	False	True	False	0.0
SRR33298417.162699	chr1R	Y' Gain	chr13	True	0.33	False		Y' Gain	chr13L	True	0.33	False	single_y_prime_change	False	True	False	0.0
SRR33298417.377743	chr1R	Y' Gain	chr13	True	-0.0021	False		Y' Gain	chr13L	True	-0.0021	False	subtelomere_switch	False	True	False	0.0
SRR33298417.330042	chr1R	Y' Gain	chr13	True	0.33	False		Y' Gain	chr13L	True	0.33	False	single_y_prime_change	False	True	False	0.0
SRR33298417.164154	chr1R	Y' Gain	chr13	True	0.33	False		Y' Gain	chr13L	True	0.33	False	single_y_prime_change	False	True	False	0.0
SRR33298417.450750	chr1R	Y' Gain	chr13	True	0.0002	False		Y' Gain	chr13L	True	0.0002	False	subtelomere_switch	False	True	False	0.0
SRR33298417.377164	chr1R	Y' Gain	chr13	True	0.33	False		Y' Gain	chr13L	True	0.33	False	single_y_prime_change	False	True	False	0.0
SRR33298417.565402	chr1R	Y' Gain	chr13	True	0.33	False		Y' Gain	chr13L	True	0.33	False	single_y_prime_change	False	True	False	0.0
SRR33298417.48080	chr1R	Y' Gain	chr13	True	0.33	False		Y' Gain	chr13L	True	0.33	False	single_y_prime_change	False	True	False	0.0
SRR33298417.168260	chr1R	Y' Gain	chr13	True	0.33	False		Y' Gain	chr13L	True	0.33	False	single_y_prime_change	False	True	False	0.0
SRR33298417.170809	chr1R	Y' Gain	chr13	True	0.33	False		Y' Gain	chr13L	True	0.33	False	single_y_prime_change	False	True	False	0.0
SRR33298417.466648	chr1R	Y' Gain	chr13	True	0.33	False		Y' Gain	chr13L	True	0.33	False	single_y_prime_change	False	True	False	0.0
SRR33298417.465549	chr1R	Y' Gain	chr13	True	0.33	False		Y' Gain	chr13L	True	0.33	False	single_y_prime_change	False	True	False	0.0
SRR33298417.331674	chr1R	Y' Gain	chr13	True	0.33	False		Y' Gain	chr13L	True	0.33	False	single_y_prime_change	False	True	False	0.0
SRR33298417.253517	chr2L	Y' Gain	chr14	True	0.3	False		Y' Gain	chr14L	True	0.66	False	donor_transfer	False	True	False	0.36
SRR33298417.301063	chr2L	Y' Gain	chr2	True	0.33	False		Y' Gain	ambiguous	True	0.3	False	unmatched_array	False	True	False	-0.03
SRR33298417.761800	chr2L	Y' Gain	chr2	True	0.33	False		Y' Gain	chr12R	True	0.33	False	donor_transfer_candidates:2	False	True	False	0.0
SRR33298417.296098	chr2L	Y' Gain	chr2	True	0.33	False		Y' Gain	chr12R	True	0.33	False	donor_transfer_candidates:2	False	True	False	0.0
SRR33298417.388946	chr2L	Y' Gain	chr2	True	0.33	False		Y' Gain	ambiguous	True	0.3	False	unmatched_array	False	True	False	-0.03
SRR33298417.450761	chr2L	Y' Gain	chr4	True	0.3	False		Y' Gain	chr14L	True	0.66	False	donor_transfer	False	True	False	0.36
SRR33298417.447735	chr2L	Y' Gain	chr4	True	0.3	False		Y' Gain	chr14L	True	0.66	False	donor_transfer	False	True	False	0.36
SRR33298417.690920	chr2L	1st Y' Change	chr2	True	0.3	False		1st Y' Change	chr14L	True	0.66	False	donor_transfer	False	True	False	0.36
SRR33298417.253327	chr2L	Y' Gain	chr2	True	0.33	False		Y' Gain	chr14L	True	0.66	False	donor_transfer	False	True	False	0.33
SRR33298417.178883	chr2L	1st Y' Change	chr2	True	0.3	False		1st Y' Change	chr14L	True	0.66	False	donor_transfer	False	True	False	0.36
SRR33298417.178550	chr2L	Y' Gain	chr2	True	0.33	False		Y' Gain	chr14L	True	0.66	False	donor_transfer	False	True	False	0.33
SRR33298417.48280	chr2L	Y' Gain	chr2	True	0.33	False		Y' Gain	ambiguous	True	0.3	False	unmatched_array	False	True	False	-0.03
SRR33298417.500887	chr2L	Y' Gain	chr2	True	0.33	False		Y' Gain	ambiguous	True	0.3	False	unmatched_array	False	True	False	-0.03
SRR33298417.514442	chr2L	1st Y' Change	chr2	True	0.3	False		1st Y' Change	chr12R	True	0.33	False	donor_transfer_candidates:2	False	True	False	0.03
SRR33298417.511530	chr2L	Y' Gain	chr2	True	0.33	False		Y' Gain	chr12R	True	0.33	False	donor_transfer_candidates:3	False	True	False	0.0
SRR33298417.643203	chr2L	Y' Gain	chr2	True	0.33	False		Y' Gain	chr12R	True	0.33	False	donor_transfer_candidates:2	False	True	False	0.0
SRR33298417.526345	chr2L	Y' Gain	chr2	True	0.33	False		Y' Gain	chr12R	True	0.33	False	donor_transfer_candidates:3	False	True	False	0.0
SRR33298417.670962	chr2L	Y' Gain	chr2	True	0.33	False		Y' Gain	ambiguous	True	0.3	False	unmatched_array	False	True	False	-0.03
SRR33298417.696082	chr2L	Y' Gain	chr2	True	0.33	False		Y' Gain	chr14L	True	0.66	False	donor_transfer	False	True	False	0.33
SRR33298417.92530	chr2L	Y' Gain	chr2	True	0.33	False		Y' Gain	ambiguous	True	0.3	False	unmatched_array	False	True	False	-0.03
SRR33298417.280531	chr2L	Y' Gain	chr2	True	0.33	False		Y' Gain	chr12R	True	0.33	False	donor_transfer_candidates:3	False	True	False	0.0
SRR33298417.690190	chr2L	Y' Gain	chr2	True	0.33	False		Y' Gain	chr12R	True	0.33	False	donor_transfer_candidates:3	False	True	False	0.0
SRR33298417.483577	chr2L	1st Y' Change	chr2	True	0.3	False		1st Y' Change	chr14L	True	0.66	False	donor_transfer	False	True	False	0.36
SRR33298417.639604	chr2L	1st Y' Change	chr2	True	0.3	False		1st Y' Change	chr14L	True	0.66	False	donor_transfer	False	True	False	0.36
SRR33298417.507867	chr2L	1st Y' Change	chr2	True	0.3	False		1st Y' Change	chr14L	True	0.66	False	donor_transfer	False	True	False	0.36
SRR33298417.489368	chr2L	Y' Gain	chr2	True	0.33	False		Y' Gain	ambiguous	True	0.3	False	donor_transfer_candidates:4	False	True	False	-0.03
SRR33298417.585843	chr2L	Y' Gain	chr2	True	0.33	False		Y' Gain	ambiguous	True	0.3	False	donor_transfer_candidates:4	False	True	False	-0.03
SRR33298417.313984	chr2L	Y' Gain	chr2	True	0.33	False		Y' Gain	ambiguous	True	0.3	False	donor_transfer_candidates:4	False	True	False	-0.03
SRR33298417.93197	chr2L	Y' Gain	chr2	True	0.33	False		Y' Gain	chr14L	True	0.66	False	donor_transfer	False	True	False	0.33
SRR33298417.741832	chr2L	Y' Gain	chr2	True	0.33	False		Y' Gain	chr14L	True	0.66	False	donor_transfer	False	True	False	0.33
SRR33298417.460434	chr2L	Y' Gain	chr2	True	0.33	False		Y' Gain	ambiguous	True	0.3	False	unmatched_array	False	True	False	-0.03
SRR33298417.215947	chr2L	1st Y' Change	chr2	True	0.3	False		1st Y' Change	chr14L	True	0.66	False	donor_transfer	False	True	False	0.36
SRR33298417.300711	chr2L	Y' Gain	chr2	True	0.33	False		Y' Gain	ambiguous	True	0.3	False	unmatched_array	False	True	False	-0.03
SRR33298417.689171	chr2L	Y' Gain	chr2	True	0.33	False		Y' Gain	ambiguous	True	0.3	False	unmatched_array	False	True	False	-0.03
SRR33298417.156236	chr2L	Y' Gain	chr2	True	0.33	False		Y' Gain	ambiguous	True	0.3	False	unmatched_array	False	True	False	-0.03
SRR33298417.80439	chr2L	Y' Gain	chr2	True	0.33	False		Y' Gain	ambiguous	True	0.3	False	donor_transfer_candidates:4	False	True	False	-0.03
SRR33298417.331535	chr2L	Y' Gain	chr2	True	0.33	False		Y' Gain	ambiguous	True	0.3	False	donor_transfer_candidates:4	False	True	False	-0.03
SRR33298417.418383	chr2L	Y' Gain	chr2	True	0.33	False		Y' Gain	ambiguous	True	0.3	False	donor_transfer_candidates:4	False	True	False	-0.03
SRR33298417.143815	chr2L	Y' Gain	chr2	True	0.33	False		Y' Gain	ambiguous	True	0.3	False	donor_transfer_candidates:4	False	True	False	-0.03
SRR33298417.283696	chr2L	1st Y' Change	chr2	True	0.3	False		1st Y' Change	chr14L	True	0.66	False	donor_transfer	False	True	False	0.36
SRR33298417.168200	chr2L	Y' Gain	chr2	True	0.33	False		Y' Gain	ambiguous	True	0.3	False	unmatched_array	False	True	False	-0.03
SRR33298417.34103	chr2L	Y' Gain	chr2	True	0.33	False		Y' Gain	ambiguous	True	0.3	False	unmatched_array	False	True	False	-0.03
SRR33298417.199899	chr2L	Y' Gain	chr2	True	0.33	False		Y' Gain	ambiguous	True	0.3	False	unmatched_array	False	True	False	-0.03
SRR33298417.524488	chr2L	Y' Gain	chr2	True	0.33	False		Y' Gain	ambiguous	True	0.3	False	unmatched_array	False	True	False	-0.03
SRR33298417.778248	chr2L	1st Y' Change	chr12	True	0.33	False		1st Y' Change	chr14L	True	0.44	False	donor_transfer	False	True	False	0.11
SRR33298417.310777	chr2L	1st Y' Change	chr12	True	0.33	False		1st Y' Change	chr14L	True	0.44	False	donor_transfer	False	True	False	0.11
SRR33298417.51121	chr2L	1st Y' Change	chr12	True	0.33	False		1st Y' Change	chr14L	True	0.44	False	donor_transfer	False	True	False	0.11
SRR33298417.9469	chr2L	1st Y' Change	chr12	True	0.33	False		1st Y' Change	chr14L	True	0.44	False	donor_transfer	False	True	False	0.11
SRR33298417.139740	chr2L	1st Y' Change	chr4	True	0.3	False		1st Y' Change	chr14L	True	0.44	False	donor_transfer	False	True	False	0.14
SRR33298417.6588	chr2L	1st Y' Change	chr12	True	0.33	False		1st Y' Change	chr14L	True	0.44	False	donor_transfer	False	True	False	0.11
SRR33298417.681304	chr2R	Y' Gain	chr2	True	0.3	False		Y' Gain	ambiguous	True	0.3	False	unmatched_array	False	True	False	0.0
SRR33298417.181190	chr2R	Y' Gain	chr2	True	0.3	False		Y' Gain	ambiguous	True	0.3	False	unmatched_array	False	True	False	0.0
SRR33298417.511808	chr2R	Y' Gain	chr2	True	0.3	False		Y' Gain	ambiguous	True	0.3	False	unmatched_array	False	True	False	0.0
SRR33298417.610577	chr2R	Y' Gain	chr12R	True	0.0	True		Y' Gain	chr14L	True	0.0	True	subtelomere_switch	False	True	False	0.0
SRR33298417.568338	chr2R	Y' Gain	chr2	True	0.3	False		Y' Gain	chr14L	True	0.66	False	donor_transfer	False	True	False	0.36
SRR33298417.792491	chr2R	Y' Gain	chr2	True	0.3	False		Y' Gain	chr14L	True	0.66	False	donor_transfer	False	True	False	0.36
SRR33298417.20455	chr2R	Y' Gain	chr2	True	0.3	False		Y' Gain	chr14L	True	0.66	False	donor_transfer	False	True	False	0.36
SRR33298417.505720	chr2R	Y' Gain	chr2	True	0.3	False		Y' Gain	chr14L	True	0.66	False	donor_transfer	False	True	False	0.36
SRR33298417.93237	chr2R	Y' Gain	chr12R	True	-0.0024	True		Y' Gain	chr14L	True	-0.0024	True	subtelomere_switch	False	True	False	0.0
SRR33298417.47957	chr2R	Y' Gain	chr2	True	0.3	False		Y' Gain	chr14L	True	0.66	False	donor_transfer	False	True	False	0.36
SRR33298417.335186	chr2R	Y' Gain	chr2	True	0.3	False		Y' Gain	chr14L	True	0.66	False	donor_transfer	False	True	False	0.36
SRR33298417.759737	chr2R	Y' Gain	chr2	True	0.3	False		Y' Gain	chr14L	True	0.66	False	donor_transfer	False	True	False	0.36
SRR33298417.97908	chr2R	Y' Gain	chr2	True	0.3	False		Y' Gain	chr14L	True	0.66	False	donor_transfer	False	True	False	0.36
SRR33298417.714486	chr2R	Y' Gain	chr2	True	0.3	False		Y' Gain	chr14L	True	0.66	False	donor_transfer	False	True	False	0.36
SRR33298417.228327	chr2R	Y' Gain	chr12R	True	0.0003	True		Y' Gain	chr14L	True	0.0003	True	subtelomere_switch	False	True	False	0.0
SRR33298417.689584	chr2R	Y' Gain	chr2	True	0.3	False		Y' Gain	chr12R	True	0.33	False	donor_transfer_candidates:2	False	True	False	0.03
SRR33298417.784550	chr2R	Y' Gain	chr2	True	0.3	False		Y' Gain	chr14L	True	0.44	False	donor_transfer	False	True	False	0.14
SRR33298417.609915	chr2R	Y' Gain	chr2	True	0.3	False		Y' Gain	chr14L	True	0.66	False	donor_transfer	False	True	False	0.36
SRR33298417.135464	chr2R	Y' Gain	chr2	True	0.3	False		Y' Gain	chr14L	True	0.66	False	donor_transfer	False	True	False	0.36
SRR33298417.212059	chr2R	Y' Gain	chr2	True	0.3	False		Y' Gain	chr14L	True	0.66	False	donor_transfer	False	True	False	0.36
SRR33298417.604762	chr2R	Y' Gain	chr2	True	0.33	False		Y' Gain	chr14L	True	0.66	False	donor_transfer	False	True	False	0.33
SRR33298417.299015	chr2R	Y' Gain	chr2	True	0.3	False		Y' Gain	ambiguous	True	0.3	False	donor_transfer_candidates:4	False	True	False	0.0
SRR33298417.97378	chr2R	Y' Gain	chr2	True	0.3	False		Y' Gain	chr14L	True	0.66	False	donor_transfer	False	True	False	0.36
SRR33298417.169098	chr2R	Y' Gain	chr2	True	0.3	False		Y' Gain	chr14L	True	0.66	False	donor_transfer	False	True	False	0.36
SRR33298417.561751	chr2R	Y' Gain	chr2	True	-0.0007	False		Y' Gain	chr14L	True	-0.0008	False	subtelomere_switch	False	True	False	-0.0
SRR33298417.578749	chr2R	Y' Gain	chr2	True	0.3	False		Y' Gain	chr14L	True	0.66	False	donor_transfer	False	True	False	0.36
SRR33298417.561900	chr2R	Y' Gain	chr2	True	0.3	False		Y' Gain	chr14L	True	0.66	False	donor_transfer	False	True	False	0.36
SRR33298417.639344	chr2R	Y' Gain	chr2	True	0.3	False		Y' Gain	chr14L	True	0.44	False	donor_transfer	False	True	False	0.14
SRR33298417.721332	chr2R	Y' Gain	chr2	True	0.3	False		Y' Gain	chr14L	True	0.44	False	donor_transfer	False	True	False	0.14
SRR33298417.62653	chr2R	Y' Gain	chr2	True	0.3	False		Y' Gain	ambiguous	True	0.3	False	unmatched_array	False	True	False	0.0
SRR33298417.557312	chr2R	Y' Gain	chr2	True	0.3	False		Y' Gain	ambiguous	True	0.3	False	unmatched_array	False	True	False	0.0
SRR33298417.320839	chr2R	Y' Gain	chr2	True	0.3	False		Y' Gain	ambiguous	True	0.3	False	unmatched_array	False	True	False	0.0
SRR33298417.170281	chr2R	Y' Gain	chr14	True	0.3	False		Y' Gain	chr14L	True	0.44	False	donor_transfer	False	True	False	0.14
SRR33298417.699583	chr2R	Y' Gain	chr14	True	0.3	False		Y' Gain	chr14L	True	0.44	False	donor_transfer	False	True	False	0.14
SRR33298417.182683	chr2R	Y' Gain	chr14	True	0.3	False		Y' Gain	chr14L	True	0.44	False	donor_transfer	False	True	False	0.14
SRR33298417.174258	chr2R	Y' Gain	chr14	True	0.3	False		Y' Gain	chr14L	True	0.44	False	donor_transfer	False	True	False	0.14
SRR33298417.447644	chr2R	Y' Gain	chr14	True	0.007	False		Y' Gain	chr14L	True	0.0077	False	subtelomere_switch	False	True	False	0.001
SRR33298417.400525	chr2R	Y' Gain	chr14	True	0.3	False		Y' Gain	chr14L	True	0.44	False	donor_transfer	False	True	False	0.14
SRR33298417.282622	chr2R	Y' Gain	chr14	True	0.3	False		Y' Gain	chr14L	True	0.44	False	donor_transfer	False	True	False	0.14
SRR33298417.325664	chr2R	Y' Gain	chr7	True	0.33	False		Y' Gain	chr7R	True	0.33	False	single_y_prime_change	False	True	False	0.0
SRR33298417.698228	chr2R	Y' Gain	chr7	True	0.33	False		Y' Gain	chr7R	True	0.33	False	single_y_prime_change	False	True	False	0.0
SRR33298417.485072	chr3L	Y' Gain	chr12R	True	0.2525	True		Y' Gain	chr3R	True	0.5892	True	subtelomere_switch	False	True	False	0.337
SRR33298417.170156	chr3L	Y' Gain	chr12R	True	-0.001	True		Y' Gain	chr14L	True	-0.001	True	subtelomere_switch	False	True	False	0.0
SRR33298417.175878	chr3L	Y' Gain	chr4R	True	0.2824	True		Y' Gain	chr11R	True	0.2824	True	subtelomere_switch	False	True	False	0.0
SRR33298417.698606	chr3L	Y' Gain	chr12R	True	0.2844	True		Y' Gain	chr11R	True	0.2844	True	subtelomere_switch	False	True	False	0.0
SRR33298417.310347	chr3L	Y' Gain	chr12R	True	0.0046	True		Y' Gain	chr14L	True	0.0046	True	subtelomere_switch	False	True	False	0.0
SRR33298417.71830	chr3L	Y' Gain	chr12R	True	0.247	True		Y' Gain	chr15R	True	0.5765	True	subtelomere_switch	False	True	False	0.33
SRR33298417.234507	chr3L	Y' Gain	chr12R	True	0.0021	True		Y' Gain	chr14L	True	0.0021	True	subtelomere_switch	False	True	False	0.0
SRR33298417.473499	chr3L	Y' Gain	chr12R	True	0.285	True		Y' Gain	chr11R	True	0.285	True	subtelomere_switch	False	True	False	0.0
SRR33298417.465945	chr3L	Y' Gain	chr3	True	0.3	False		Y' Gain	chr12R	True	0.33	False	donor_transfer_candidates:2	False	True	False	0.03
SRR33298417.638511	chr3L	Y' Gain	chr3	True	0.3	False		Y' Gain	chr14L	True	0.66	False	donor_transfer	False	True	False	0.36
SRR33298417.783278	chr3L	Y' Gain	chr3	True	0.3	False		Y' Gain	chr12R	True	0.33	False	donor_transfer_candidates:2	False	True	False	0.03
SRR33298417.399344	chr3L	Y' Gain	chr3	True	0.3	False		Y' Gain	ambiguous	True	0.3	False	unmatched_array	False	True	False	0.0
SRR33298417.2067	chr3L	Y' Gain	chr3	True	0.3	False		Y' Gain	chr14L	True	0.66	False	donor_transfer	False	True	False	0.36
SRR33298417.349250	chr3L	Y' Gain	chr12R	True	0.0051	True		Y' Gain	chr14L	True	0.0051	True	subtelomere_switch	False	True	False	0.0
SRR33298417.312713	chr3L	Y' Gain	chr12R	True	-0.0025	True		Y' Gain	chr14L	True	-0.0025	True	subtelomere_switch	False	True	False	0.0
SRR33298417.687835	chr3L	Y' Gain	chr3	True	0.3	False		Y' Gain	chr14L	True	0.66	False	donor_transfer	False	True	False	0.36
SRR33298417.1810	chr3L	Y' Gain	chr3	True	0.3	False		Y' Gain	chr14L	True	0.66	False	donor_transfer	False	True	False	0.36
SRR33298417.446661	chr3L	Y' Gain	chr3	True	0.3	False		Y' Gain	chr14L	True	0.66	False	donor_transfer	False	True	False	0.36
SRR33298417.171191	chr3L	Y' Gain	chr3	True	0.3	False		Y' Gain	chr12R	True	0.33	False	donor_transfer_candidates:3	False	True	False	0.03
SRR33298417.96386	chr3L	Y' Gain	chr3	True	0.3	False		Y' Gain	chr12R	True	0.33	False	donor_transfer_candidates:2	False	True	False	0.03
SRR33298417.566768	chr3L	Y' Gain	chr3	True	0.3	False		Y' Gain	chr12R	True	0.33	False	donor_transfer_candidates:3	False	True	False	0.03
SRR33298417.421210	chr3L	Y' Gain	chr3	True	0.3	False		Y' Gain	chr12R	True	0.33	False	donor_transfer_candidates:2	False	True	False	0.03
SRR33298417.137143	chr3L	Y' Gain	chr3	True	0.3	False		Y' Gain	chr12R	True	0.33	False	donor_transfer_candidates:2	False	True	False	0.03
SRR33298417.509901	chr3L	Y' Gain	chr3	True	0.3	False		Y' Gain	chr12R	True	0.33	False	donor_transfer_candidates:2	False	True	False	0.03
SRR33298417.701408	chr3L	Y' Gain	chr3	True	0.3	False		Y' Gain	chr12R	True	0.33	False	donor_transfer_candidates:2	False	True	False	0.03
SRR33298417.182541	chr3L	Y' Gain	chr3	True	0.3	False		Y' Gain	chr12R	True	0.33	False	donor_transfer_candidates:2	False	True	False	0.03
SRR33298417.555609	chr3L	Y' Gain	chr3	True	0.3	False		Y' Gain	chr14L	True	0.66	False	donor_transfer	False	True	False	0.36
SRR33298417.17942	chr3L	Y' Gain	chr3	True	0.3	False		Y' Gain	chr14L	True	0.66	False	donor_transfer	False	True	False	0.36
SRR33298417.17941	chr3L	Y' Gain	chr3	True	0.3	False		Y' Gain	chr14L	True	0.66	False	donor_transfer	False	True	False	0.36
SRR33298417.310150	chr3L	Y' Gain	chr3	True	0.3	False		Y' Gain	chr14L	True	0.44	False	donor_transfer	False	True	False	0.14
SRR33298417.232425	chr3L	Y' Gain	chr3	True	0.3	False		Y' Gain	chr14L	True	0.44	False	donor_transfer	False	True	False	0.14
SRR33298417.713193	chr3L	Y' Gain	chr3	True	0.3	False		Y' Gain	chr14L	True	0.66	False	donor_transfer	False	True	False	0.36
SRR33298417.17753	chr3L	Y' Gain	chr3	True	0.3	False		Y' Gain	chr12R	True	0.33	False	donor_transfer_candidates:3	False	True	False	0.03
SRR33298417.637062	chr3L	Y' Gain	chr3	True	0.3	False		Y' Gain	chr12R	True	0.33	False	donor_transfer_candidates:3	False	True	False	0.03
SRR33298417.476516	chr3L	Y' Gain	chr3	True	0.3	False		Y' Gain	chr12R	True	0.33	False	donor_transfer_candidates:3	False	True	False	0.03
SRR33298417.143669	chr3L	Y' Gain	chr3	True	0.3	False		Y' Gain	chr14L	True	0.44	False	donor_transfer	False	True	False	0.14
SRR33298417.169037	chr3L	Y' Gain	chr3	True	0.3	False		Y' Gain	chr14L	True	0.66	False	donor_transfer	False	True	False	0.36
SRR33298417.346040	chr3L	Y' Gain	chr3	True	0.3	False		Y' Gain	chr14L	True	0.66	False	donor_transfer	False	True	False	0.36
SRR33298417.768226	chr3L	Y' Gain	chr3	True	-0.0037	False		Y' Gain	chr14L	True	-0.0041	False	subtelomere_switch	False	True	False	-0.0
SRR33298417.385166	chr3L	Y' Gain	chr3	True	0.3	False		Y' Gain	chr14L	True	0.66	False	donor_transfer	False	True	False	0.36
SRR33298417.528933	chr3L	Y' Gain	chr3	True	0.3	False		Y' Gain	chr14L	True	0.66	False	donor_transfer	False	True	False	0.36
SRR33298417.546137	chr3L	Y' Gain	chr3	True	0.3	False		Y' Gain	ambiguous	True	0.3	False	unmatched_array	False	True	False	0.0
SRR33298417.282392	chr3L	Y' Gain	chr3	True	0.3	False		Y' Gain	chr14L	True	0.66	False	donor_transfer	False	True	False	0.36
SRR33298417.365695	chr3L	Y' Gain	chr3	True	0.3	False		Y' Gain	chr14L	True	0.66	False	donor_transfer	False	True	False	0.36
SRR33298417.20542	chr3L	Y' Gain	chr3	True	0.3	False		Y' Gain	chr14L	True	0.44	False	donor_transfer	False	True	False	0.14
SRR33298417.712971	chr3L	Y' Gain	chr3	True	0.3	False		Y' Gain	ambiguous	True	0.3	False	unmatched_array	False	True	False	0.0
SRR33298417.437058	chr3L	Y' Gain	chr3	True	0.3	False		Y' Gain	chr14L	True	0.44	False	donor_transfer	False	True	False	0.14
SRR33298417.486411	chr3L	Y' Gain	chr12R	True	0.2848	True		Y' Gain	chr11R	True	0.6646	True	subtelomere_switch	False	True	False	0.38
SRR33298417.412464	chr3L	Y' Gain	chr4	True	0.33	False		Y' Gain	chr4R	True	0.33	False	unmatched_array	False	True	False	0.0
SRR33298417.477618	chr3L	Y' Gain	chr16	True	0.33	False		Y' Gain	chr16L	True	0.33	False	donor_transfer_candidates:4	False	True	False	0.0
SRR33298417.729798	chr3L	Y' Gain	chr16	True	0.33	False		Y' Gain	chr16L	True	0.33	False	donor_transfer_candidates:4	False	True	False	0.0
SRR33298417.144275	chr3L	Y' Gain	chr4	True	0.33	False		Y' Gain	chr4R	True	0.33	False	unmatched_array	False	True	False	0.0
SRR33298417.678175	chr3L	Y' Gain	chr4	True	0.33	False		Y' Gain	chr4R	True	0.33	False	unmatched_array	False	True	False	0.0
SRR33298417.769061	chr3L	Y' Gain	chr4	True	0.33	False		Y' Gain	chr4R	True	0.33	False	unmatched_array	False	True	False	0.0
SRR33298417.9344	chr3L	Y' Gain	chr4	True	0.33	False		Y' Gain	chr4R	True	0.33	False	unmatched_array	False	True	False	0.0
SRR33298417.327960	chr3L	Y' Gain	chr4	True	0.33	False		Y' Gain	chr4R	True	0.33	False	unmatched_array	False	True	False	0.0
SRR33298417.677178	chr3L	Y' Gain	chr4	True	0.33	False		Y' Gain	chr4R	True	0.33	False	unmatched_array	False	True	False	0.0
SRR33298417.123453	chr3L	Y' Gain	chr4	True	0.33	False		Y' Gain	chr4R	True	0.33	False	unmatched_array	False	True	False	0.0
SRR33298417.282685	chr3L	Y' Gain	chr4	True	0.33	False		Y' Gain	chr4R	True	0.33	False	unmatched_array	False	True	False	0.0
SRR33298417.449455	chr3L	Y' Gain	chr4	True	0.33	False		Y' Gain	chr4R	True	0.33	False	unmatched_array	False	True	False	0.0
SRR33298417.34548	chr3L	Y' Gain	chr4	True	0.0078	False		Y' Gain	chr4R	True	0.0078	False	subtelomere_switch	False	True	False	0.0
SRR33298417.198025	chr3L	Y' Gain	chr4	True	0.33	False		Y' Gain	chr4R	True	0.33	False	unmatched_array	False	True	False	0.0
SRR33298417.154308	chr3L	Y' Gain	chr4	True	0.0076	False		Y' Gain	chr4R	True	0.0076	False	subtelomere_switch	False	True	False	0.0
SRR33298417.507926	chr3L	Y' Gain	chr4	True	0.33	False		Y' Gain	chr4R	True	0.33	False	unmatched_array	False	True	False	0.0
SRR33298417.38048	chr3L	Y' Gain	chr4	True	0.33	False		Y' Gain	chr4R	True	0.33	False	unmatched_array	False	True	False	0.0
SRR33298417.777391	chr3L	Y' Gain	chr4	True	0.33	False		Y' Gain	chr4R	True	0.33	False	unmatched_array	False	True	False	0.0
SRR33298417.495480	chr3L	Y' Gain	chr4	True	0.33	False		Y' Gain	chr4R	True	0.33	False	unmatched_array	False	True	False	0.0
SRR33298417.421169	chr3L	Y' Gain	chr4	True	0.33	False		Y' Gain	chr4R	True	0.33	False	unmatched_array	False	True	False	0.0
SRR33298417.217845	chr3L	Y' Gain	chr4	True	-0.0033	False		Y' Gain	chr4R	True	-0.0033	False	subtelomere_switch	False	True	False	0.0
SRR33298417.246537	chr3L	Y' Gain	chr4	True	0.33	False		Y' Gain	chr4R	True	0.33	False	unmatched_array	False	True	False	0.0
SRR33298417.541499	chr3L	Y' Gain	chr14	True	0.3	False		Y' Gain	chr14L	True	0.44	False	donor_transfer	False	True	False	0.14
SRR33298417.642005	chr3L	Y' Gain	chr14	True	0.3	False		Y' Gain	chr14L	True	0.44	False	donor_transfer	False	True	False	0.14
SRR33298417.428490	chr3L	Y' Gain	chr14	True	0.3	False		Y' Gain	chr14L	True	0.44	False	donor_transfer	False	True	False	0.14
SRR33298417.406956	chr3L	Y' Gain	chr14	True	0.3	False		Y' Gain	chr14L	True	0.44	False	donor_transfer	False	True	False	0.14
SRR33298417.141075	chr3L	Y' Gain	chr14	True	0.3	False		Y' Gain	chr14L	True	0.44	False	donor_transfer	False	True	False	0.14
SRR33298417.372540	chr3L	Y' Gain	chr14	True	0.3	False		Y' Gain	chr14L	True	0.44	False	donor_transfer	False	True	False	0.14
SRR33298417.151394	chr3L	Y' Gain	chr4	True	0.3	False		Y' Gain	chr14L	True	0.44	False	donor_transfer	False	True	False	0.14
SRR33298417.436252	chr3L	Y' Gain	chr4	True	0.33	False		Y' Gain	chr4R	True	0.33	False	single_y_prime_change	False	True	False	0.0
SRR33298417.333471	chr3L	Y' Gain	chr4	True	0.33	False		Y' Gain	chr4R	True	0.33	False	single_y_prime_change	False	True	False	0.0
SRR33298417.432583	chr3L	Y' Gain	chr4	True	0.33	False		Y' Gain	chr4R	True	0.33	False	single_y_prime_change	False	True	False	0.0
SRR33298417.406505	chr3L	Y' Gain	chr4	True	0.33	False		Y' Gain	chr4R	True	0.33	False	single_y_prime_change	False	True	False	0.0
SRR33298417.600853	chr3L	Y' Gain	chr5	True	0.33	False		Y' Gain	chr5R	True	0.33	False	single_y_prime_change	False	True	False	0.0
SRR33298417.517046	chr3L	Y' Gain	chr14	True	0.33	False		Y' Gain	chr14R	True	0.33	False	single_y_prime_change	False	True	False	0.0
SRR33298417.301669	chr3L	Y' Gain	chr14	True	0.33	False		Y' Gain	chr14R	True	0.33	False	single_y_prime_change	False	True	False	0.0
SRR33298417.157155	chr3L	Y' Gain	chr5	True	0.0031	False		Y' Gain	chr5R	True	0.0031	False	subtelomere_switch	False	True	False	0.0
SRR33298417.251939	chr3L	Y' Gain	chr2	True	0.33	False		Y' Gain	chr2L	True	0.33	False	single_y_prime_change	False	True	False	0.0
SRR33298417.472747	chr3L	Y' Gain	chr2	True	0.33	False		Y' Gain	chr2L	True	0.33	False	single_y_prime_change	False	True	False	0.0
SRR33298417.113662	chr3L	Y' Gain	chr13	True	0.33	False		Y' Gain	chr13L	True	0.33	False	single_y_prime_change	False	True	False	0.0
SRR33298417.391593	chr3L	Y' Gain	chr13	True	0.33	False		Y' Gain	chr13L	True	0.33	False	single_y_prime_change	False	True	False	0.0
SRR33298417.251339	chr3L	Y' Gain	chr13	True	-0.0044	False		Y' Gain	chr13L	True	-0.0044	False	subtelomere_switch	False	True	False	0.0
SRR33298417.273022	chr3L	Y' Gain	chr13	True	0.33	False		Y' Gain	chr13L	True	0.33	False	single_y_prime_change	False	True	False	0.0
SRR33298417.775620	chr3L	Y' Gain	chr13	True	0.33	False		Y' Gain	chr13L	True	0.33	False	single_y_prime_change	False	True	False	0.0
SRR33298417.730329	chr3L	Y' Gain	chr13	True	0.33	False		Y' Gain	chr13L	True	0.33	False	single_y_prime_change	False	True	False	0.0
SRR33298417.348933	chr3L	Y' Gain	chr13	True	0.33	False		Y' Gain	chr13L	True	0.33	False	single_y_prime_change	False	True	False	0.0
SRR33298417.629033	chr3L	Y' Gain	chr13	True	0.33	False		Y' Gain	chr13L	True	0.33	False	single_y_prime_change	False	True	False	0.0
SRR33298417.344690	chr3L	Y' Gain	chr13	True	0.33	False		Y' Gain	chr13L	True	0.33	False	single_y_prime_change	False	True	False	0.0
SRR33298417.346654	chr3L	Y' Gain	chr13	True	0.33	False		Y' Gain	chr13L	True	0.33	False	single_y_prime_change	False	True	False	0.0
SRR33298417.151939	chr3L	Y' Gain	chr13	True	0.33	False		Y' Gain	chr13L	True	0.33	False	single_y_prime_change	False	True	False	0.0
SRR33298417.723142	chr3L	Y' Gain	chr13	True	0.33	False		Y' Gain	chr13L	True	0.33	False	single_y_prime_change	False	True	False	0.0
SRR33298417.764604	chr3L	Y' Gain	chr13	True	0.33	False		Y' Gain	chr13L	True	0.33	False	single_y_prime_change	False	True	False	0.0
SRR33298417.145026	chr3L	Y' Gain	chr13	True	0.33	False		Y' Gain	chr13L	True	0.33	False	single_y_prime_change	False	True	False	0.0
SRR33298417.411507	chr3L	Y' Gain	chr13	True	0.33	False		Y' Gain	chr13L	True	0.33	False	single_y_prime_change	False	True	False	0.0
SRR33298417.689493	chr3L	Y' Gain	chr13	True	0.33	False		Y' Gain	chr13L	True	0.33	False	single_y_prime_change	False	True	False	0.0
SRR33298417.325318	chr3L	Y' Gain	chr13	True	0.33	False		Y' Gain	chr13L	True	0.33	False	single_y_prime_change	False	True	False	0.0
SRR33298417.437247	chr3L	Y' Gain	chr13	True	0.33	False		Y' Gain	chr13L	True	0.33	False	single_y_prime_change	False	True	False	0.0
SRR33298417.310768	chr3L	Y' Gain	chr13	True	0.33	False		Y' Gain	chr13L	True	0.33	False	single_y_prime_change	False	True	False	0.0
SRR33298417.492247	chr3L	Y' Gain	chr13	True	0.33	False		Y' Gain	chr13L	True	0.33	False	single_y_prime_change	False	True	False	0.0
SRR33298417.516759	chr3L	Y' Gain	chr13	True	0.33	False		Y' Gain	chr13L	True	0.33	False	single_y_prime_change	False	True	False	0.0
SRR33298417.330823	chr3L	Y' Gain	chr13	True	0.33	False		Y' Gain	chr13L	True	0.33	False	single_y_prime_change	False	True	False	0.0
SRR33298417.512804	chr3L	Y' Gain	chr13	True	0.0059	False		Y' Gain	chr13L	True	0.0059	False	subtelomere_switch	False	True	False	0.0
SRR33298417.180244	chr3L	Y' Gain	chr13	True	0.33	False		Y' Gain	chr13L	True	0.33	False	single_y_prime_change	False	True	False	0.0
SRR33298417.212892	chr3L	Y' Gain	chr13	True	0.33	False		Y' Gain	chr13L	True	0.33	False	single_y_prime_change	False	True	False	0.0
SRR33298417.555526	chr3L	Y' Gain	chr13	True	0.33	False		Y' Gain	chr13L	True	0.33	False	single_y_prime_change	False	True	False	0.0
SRR33298417.622990	chr3L	Y' Gain	chr13	True	0.33	False		Y' Gain	chr13L	True	0.33	False	single_y_prime_change	False	True	False	0.0
SRR33298417.674548	chr3L	Y' Gain	chr13	True	0.33	False		Y' Gain	chr13L	True	0.33	False	single_y_prime_change	False	True	False	0.0
SRR33298417.587073	chr3L	Y' Gain	chr13	True	0.33	False		Y' Gain	chr13L	True	0.33	False	single_y_prime_change	False	True	False	0.0
SRR33298417.98490	chr3L	Y' Gain	chr13	True	0.33	False		Y' Gain	chr13L	True	0.33	False	single_y_prime_change	False	True	False	0.0
SRR33298417.665226	chr3L	Y' Gain	chr13	True	0.33	False		Y' Gain	chr13L	True	0.33	False	single_y_prime_change	False	True	False	0.0
SRR33298417.375123	chr3L	Y' Gain	chr13	True	0.33	False		Y' Gain	chr13L	True	0.33	False	single_y_prime_change	False	True	False	0.0
SRR33298417.778577	chr3L	Y' Gain	chr13	True	0.33	False		Y' Gain	chr13L	True	0.33	False	single_y_prime_change	False	True	False	0.0
SRR33298417.414230	chr3L	Y' Gain	chr13	True	0.33	False		Y' Gain	chr13L	True	0.33	False	single_y_prime_change	False	True	False	0.0
SRR33298417.772374	chr3L	Y' Gain	chr13	True	0.33	False		Y' Gain	chr13L	True	0.33	False	single_y_prime_change	False	True	False	0.0
SRR33298417.296631	chr3L	Y' Gain	chr13	True	0.33	False		Y' Gain	chr13L	True	0.33	False	single_y_prime_change	False	True	False	0.0
SRR33298417.40960	chr3L	Y' Gain	chr13	True	0.33	False		Y' Gain	chr13L	True	0.33	False	single_y_prime_change	False	True	False	0.0
SRR33298417.604471	chr3L	Y' Gain	chr13	True	0.33	False		Y' Gain	chr13L	True	0.33	False	single_y_prime_change	False	True	False	0.0
SRR33298417.23523	chr3L	Y' Gain	chr13	True	0.33	False		Y' Gain	chr13L	True	0.33	False	single_y_prime_change	False	True	False	0.0
SRR33298417.374962	chr3L	Y' Gain	chr13	True	0.33	False		Y' Gain	chr13L	True	0.33	False	single_y_prime_change	False	True	False	0.0
SRR33298417.34562	chr3L	Y' Gain	chr13	True	0.33	False		Y' Gain	chr13L	True	0.33	False	single_y_prime_change	False	True	False	0.0
SRR33298417.374784	chr3L	Y' Gain	chr13	True	0.0011	False		Y' Gain	chr13L	True	0.0011	False	subtelomere_switch	False	True	False	0.0
SRR33298417.318993	chr3L	Y' Gain	chr13	True	0.33	False		Y' Gain	chr13L	True	0.33	False	single_y_prime_change	False	True	False	0.0
SRR33298417.192800	chr3L	Y' Gain	chr13	True	0.33	False		Y' Gain	chr13L	True	0.33	False	single_y_prime_change	False	True	False	0.0
SRR33298417.713459	chr3L	Y' Gain	chr13	True	0.33	False		Y' Gain	chr13L	True	0.33	False	single_y_prime_change	False	True	False	0.0
SRR33298417.459406	chr3L	Y' Gain	chr13	True	0.33	False		Y' Gain	chr13L	True	0.33	False	single_y_prime_change	False	True	False	0.0
SRR33298417.711525	chr3L	Y' Gain	chr13	True	0.33	False		Y' Gain	chr13L	True	0.33	False	single_y_prime_change	False	True	False	0.0
SRR33298417.240832	chr3L	Y' Gain	chr13	True	0.33	False		Y' Gain	chr13L	True	0.33	False	single_y_prime_change	False	True	False	0.0
SRR33298417.514310	chr3L	Y' Gain	chr13	True	0.33	False		Y' Gain	chr13L	True	0.33	False	single_y_prime_change	False	True	False	0.0
SRR33298417.64011	chr3L	Y' Gain	chr13	True	0.33	False		Y' Gain	chr13L	True	0.33	False	single_y_prime_change	False	True	False	0.0
SRR33298417.310713	chr3L	Y' Gain	chr13	True	0.33	False		Y' Gain	chr13L	True	0.33	False	single_y_prime_change	False	True	False	0.0
SRR33298417.569973	chr3L	Y' Gain	chr13	True	0.33	False		Y' Gain	chr13L	True	0.33	False	single_y_prime_change	False	True	False	0.0
SRR33298417.760356	chr3L	Y' Gain	chr13	True	0.33	False		Y' Gain	chr13L	True	0.33	False	single_y_prime_change	False	True	False	0.0
SRR33298417.629497	chr3L	Y' Gain	chr13	True	0.33	False		Y' Gain	chr13L	True	0.33	False	single_y_prime_change	False	True	False	0.0
SRR33298417.44491	chr3L	Y' Gain	chr13	True	0.33	False		Y' Gain	chr13L	True	0.33	False	single_y_prime_change	False	True	False	0.0
SRR33298417.646112	chr3L	Y' Gain	chr13	True	0.33	False		Y' Gain	chr13L	True	0.33	False	single_y_prime_change	False	True	False	0.0
SRR33298417.8953	chr3L	Y' Gain	chr13	True	0.33	False		Y' Gain	chr13L	True	0.33	False	single_y_prime_change	False	True	False	0.0
SRR33298417.605555	chr3L	Y' Gain	chr13	True	0.33	False		Y' Gain	chr13L	True	0.33	False	single_y_prime_change	False	True	False	0.0
SRR33298417.131152	chr3L	Y' Gain	chr13	True	0.33	False		Y' Gain	chr13L	True	0.33	False	single_y_prime_change	False	True	False	0.0
SRR33298417.387091	chr3L	Y' Gain	chr13	True	0.33	False		Y' Gain	chr13L	True	0.33	False	single_y_prime_change	False	True	False	0.0
SRR33298417.635598	chr3L	Y' Gain	chr13	True	0.33	False		Y' Gain	chr13L	True	0.33	False	single_y_prime_change	False	True	False	0.0
SRR33298417.407417	chr3L	Y' Gain	chr13	True	0.33	False		Y' Gain	chr13L	True	0.33	False	single_y_prime_change	False	True	False	0.0
SRR33298417.787340	chr3L	Y' Gain	chr13	True	0.33	False		Y' Gain	chr13L	True	0.33	False	single_y_prime_change	False	True	False	0.0
SRR33298417.296176	chr3R	Y' Gain	chr12R	True	0.1693	True		Y' Gain	chr10R	True	0.1693	True	subtelomere_switch	False	True	False	0.0
SRR33298417.714327	chr3R	Y' Gain	chr12R	True	0.299	True		Y' Gain	chr13L	True	0.299	True	subtelomere_switch	False	True	False	0.0
SRR33298417.202324	chr3R	Y' Gain	chr12R	True	0.2967	True		Y' Gain	chr13L	True	0.6922	True	subtelomere_switch	False	True	False	0.396
SRR33298417.600494	chr3R	Y' Gain	chr12R	True	0.0022	True		Y' Gain	chr14L	True	0.0022	True	subtelomere_switch	False	True	False	0.0
SRR33298417.560002	chr3R	Y' Gain	chr12R	True	0.295	True		Y' Gain	chr13L	True	0.6882	True	subtelomere_switch	False	True	False	0.393
SRR33298417.700217	chr3R	Y' Gain	chr14L	True	0.2711	True		Y' Gain	chr8L	True	0.6325	True	subtelomere_switch	False	True	False	0.361
SRR33298417.627919	chr3R	Y' Gain	chr4R	True	0.0007	True		Y' Gain	chr14L	True	0.0007	True	subtelomere_switch	False	True	False	0.0
SRR33298417.749391	chr3R	Y' Gain	chr12R	True	0.2719	True		Y' Gain	chr8L	True	0.2719	True	subtelomere_switch	False	True	False	0.0
SRR33298417.449682	chr3R	Y' Gain	chr3	True	0.3	False		Y' Gain	ambiguous	True	0.3	False	unmatched_array	False	True	False	0.0
SRR33298417.591435	chr3R	Y' Gain	chr3	True	0.3	False		Y' Gain	chr12R	True	0.33	False	donor_transfer_candidates:2	False	True	False	0.03
SRR33298417.717647	chr3R	Y' Gain	chr3	True	0.3	False		Y' Gain	chr12R	True	0.33	False	donor_transfer_candidates:2	False	True	False	0.03
SRR33298417.247121	chr3R	Y' Gain	chr3	True	0.3	False		Y' Gain	ambiguous	True	0.3	False	unmatched_array	False	True	False	0.0
SRR33298417.298942	chr3R	Y' Gain	chr3	True	0.3	False		Y' Gain	chr14L	True	0.66	False	donor_transfer	False	True	False	0.36
SRR33298417.567289	chr3R	Y' Gain	chr3	True	0.3	False		Y' Gain	chr14L	True	0.66	False	donor_transfer	False	True	False	0.36
SRR33298417.669560	chr3R	Y' Gain	chr3	True	0.3	False		Y' Gain	chr12R	True	0.33	False	donor_transfer_candidates:3	False	True	False	0.03
SRR33298417.761678	chr3R	Y' Gain	chr12R	True	0.3	True		Y' Gain	chr7R	True	0.7	True	subtelomere_switch	False	True	False	0.4
SRR33298417.734867	chr3R	Y' Gain	chr3	True	0.3	False		Y' Gain	chr12R	True	0.33	False	donor_transfer_candidates:3	False	True	False	0.03
SRR33298417.669200	chr3R	Y' Gain	chr3	True	0.3	False		Y' Gain	chr14L	True	0.66	False	donor_transfer	False	True	False	0.36
SRR33298417.424062	chr3R	Y' Gain	chr3	True	0.3	False		Y' Gain	ambiguous	True	0.3	False	unmatched_array	False	True	False	0.0
SRR33298417.236457	chr3R	Y' Gain	chr3	True	0.3	False		Y' Gain	ambiguous	True	0.3	False	unmatched_array	False	True	False	0.0
SRR33298417.744978	chr3R	Y' Gain	chr3	True	0.3	False		Y' Gain	ambiguous	True	0.3	False	donor_transfer_candidates:4	False	True	False	0.0
SRR33298417.488903	chr3R	Y' Gain	chr14	True	0.33	False		Y' Gain	chr14L	True	0.33	False	donor_transfer_candidates:4	False	True	False	0.0
SRR33298417.730493	chr3R	Y' Gain	chr14	True	0.33	False		Y' Gain	chr14L	True	0.33	False	unmatched_array	False	True	False	0.0
SRR33298417.573883	chr3R	Y' Gain	chr14	True	0.33	False		Y' Gain	chr14L	True	0.33	False	unmatched_array	False	True	False	0.0
SRR33298417.104137	chr3R	Y' Gain	chr14	True	0.33	False		Y' Gain	chr14L	True	0.33	False	unmatched_array	False	True	False	0.0
SRR33298417.205343	chr3R	Y' Gain	chr14	True	0.33	False		Y' Gain	chr14L	True	0.33	False	unmatched_array	False	True	False	0.0
SRR33298417.443630	chr3R	Y' Gain	chr14	True	0.33	False		Y' Gain	chr14L	True	0.33	False	unmatched_array	False	True	False	0.0
SRR33298417.315336	chr3R	Y' Gain	chr14	True	0.33	False		Y' Gain	chr14L	True	0.33	False	unmatched_array	False	True	False	0.0
SRR33298417.201331	chr3R	Y' Gain	chr14	True	0.33	False		Y' Gain	chr14L	True	0.33	False	unmatched_array	False	True	False	0.0
SRR33298417.212728	chr3R	Y' Gain	chr14	True	0.33	False		Y' Gain	chr14L	True	0.33	False	unmatched_array	False	True	False	0.0
SRR33298417.301236	chr3R	Y' Gain	chr14	True	0.33	False		Y' Gain	chr14L	True	0.33	False	unmatched_array	False	True	False	0.0
SRR33298417.469644	chr3R	Y' Gain	chr14	True	0.33	False		Y' Gain	chr14L	True	0.33	False	unmatched_array	False	True	False	0.0
SRR33298417.466531	chr3R	Y' Gain	chr14	True	0.33	False		Y' Gain	chr14L	True	0.33	False	unmatched_array	False	True	False	0.0
SRR33298417.428044	chr3R	Y' Gain	chr14	True	0.33	False		Y' Gain	chr14L	True	0.33	False	unmatched_array	False	True	False	0.0
SRR33298417.224029	chr3R	Y' Gain	chr14	True	0.33	False		Y' Gain	chr14L	True	0.33	False	unmatched_array	False	True	False	0.0
SRR33298417.761577	chr3R	Y' Gain	chr14	True	0.33	False		Y' Gain	chr14L	True	0.33	False	unmatched_array	False	True	False	0.0
SRR33298417.234378	chr3R	Y' Gain	chr14	True	0.33	False		Y' Gain	chr14L	True	0.33	False	unmatched_array	False	True	False	0.0
SRR33298417.322611	chr3R	Y' Gain	chr14	True	0.33	False		Y' Gain	chr14L	True	0.33	False	unmatched_array	False	True	False	0.0
SRR33298417.323466	chr3R	Y' Gain	chr14	True	0.33	False		Y' Gain	chr14L	True	0.33	False	unmatched_array	False	True	False	0.0
SRR33298417.144218	chr3R	Y' Gain	chr7	True	0.33	False		Y' Gain	chr7R	True	0.33	False	single_y_prime_change	False	True	False	0.0
SRR33298417.225932	chr3R	Y' Gain	chr7	True	-0.0052	False		Y' Gain	chr7R	True	-0.0052	False	subtelomere_switch	False	True	False	0.0
SRR33298417.436972	chr3R	Y' Gain	chr7	True	0.33	False		Y' Gain	chr7R	True	0.33	False	single_y_prime_change	False	True	False	0.0
SRR33298417.192738	chr3R	Y' Gain	chr7	True	0.33	False		Y' Gain	chr7R	True	0.33	False	single_y_prime_change	False	True	False	0.0
SRR33298417.158845	chr3R	Y' Gain	chr7	True	0.33	False		Y' Gain	chr7R	True	0.33	False	single_y_prime_change	False	True	False	0.0
SRR33298417.649383	chr3R	Y' Gain	chr7	True	0.33	False		Y' Gain	chr7R	True	0.33	False	single_y_prime_change	False	True	False	0.0
SRR33298417.185923	chr3R	Y' Gain	chr7	True	0.33	False		Y' Gain	chr7R	True	0.33	False	single_y_prime_change	False	True	False	0.0
SRR33298417.415946	chr3R	Y' Gain	chr7	True	0.33	False		Y' Gain	chr7R	True	0.33	False	single_y_prime_change	False	True	False	0.0
SRR33298417.233111	chr3R	Y' Gain	chr7	True	0.33	False		Y' Gain	chr7R	True	0.33	False	single_y_prime_change	False	True	False	0.0
SRR33298417.218966	chr3R	Y' Gain	chr7	True	0.33	False		Y' Gain	chr7R	True	0.33	False	single_y_prime_change	False	True	False	0.0
SRR33298417.357865	chr3R	Y' Gain	chr7	True	0.33	False		Y' Gain	chr7R	True	0.33	False	single_y_prime_change	False	True	False	0.0
SRR33298417.416139	chr4L	Y' Gain	chr12R	True	0.2241	True		Y' Gain	chr5R	True	0.5228	True	subtelomere_switch	False	True	False	0.299
SRR33298417.607279	chr4L	Y' Gain	chr12R	True	0.225	True		Y' Gain	chr5R	True	0.225	True	subtelomere_switch	False	True	False	0.0
SRR33298417.90396	chr4L	Y' Gain	ambiguous	True	0.3	False		Y' Gain	chr12R	True	0.33	False	donor_transfer_candidates:2	False	True	False	0.03
SRR33298417.431003	chr4R	Y' Gain	ambiguous	True	0.3	False		Y' Gain	chr4R	True	0.33	False	tandem_amplification_same_end	False	True	False	0.03
SRR33298417.745455	chr4R	Y' Gain	chr12	True	0.3	False		Y' Gain	chr4R	True	0.33	False	tandem_amplification_same_end	False	True	False	0.03
SRR33298417.464206	chr4R	Y' Gain	chr14	True	0.33	False		Y' Gain	chr14L	True	0.33	False	single_y_prime_change	False	True	False	0.0
SRR33298417.612757	chr5L	Y' Gain	chr5	True	0.33	False		Y' Gain	chr14L	True	0.66	False	donor_transfer	False	True	False	0.33
SRR33298417.449907	chr5L	Y' Gain	chr4	True	0.3	False		Y' Gain	chr14L	True	0.66	False	donor_transfer	False	True	False	0.36
SRR33298417.12435	chr5L	Y' Gain	chr5	True	0.33	False		Y' Gain	ambiguous	True	0.3	False	donor_transfer_candidates:4	False	True	False	-0.03
SRR33298417.82581	chr5L	Y' Gain	chr5	True	0.33	False		Y' Gain	chr14L	True	0.44	False	donor_transfer	False	True	False	0.11
SRR33298417.38694	chr5L	Y' Gain	chr5	True	0.33	False		Y' Gain	ambiguous	True	0.3	False	donor_transfer_candidates:4	False	True	False	-0.03
SRR33298417.454175	chr5L	Y' Gain	chr5	True	0.33	False		Y' Gain	chr12R	True	0.33	False	donor_transfer_candidates:2	False	True	False	0.0
SRR33298417.555506	chr5L	Y' Gain	chr5	True	0.33	False		Y' Gain	chr12R	True	0.33	False	donor_transfer_candidates:3	False	True	False	0.0
SRR33298417.356964	chr5L	Y' Gain	chr5	True	0.33	False		Y' Gain	chr12R	True	0.33	False	donor_transfer_candidates:2	False	True	False	0.0
SRR33298417.288549	chr5L	Y' Gain	chr5	True	0.33	False		Y' Gain	ambiguous	True	0.3	False	unmatched_array	False	True	False	-0.03
SRR33298417.650281	chr5L	Y' Gain	chr5	True	0.33	False		Y' Gain	ambiguous	True	0.3	False	unmatched_array	False	True	False	-0.03
SRR33298417.386984	chr5L	Y' Gain	chr5	True	0.33	False		Y' Gain	chr12R	True	0.33	False	donor_transfer_candidates:2	False	True	False	0.0
SRR33298417.694216	chr5L	Y' Gain	chr5	True	0.33	False		Y' Gain	chr12R	True	0.33	False	donor_transfer_candidates:2	False	True	False	0.0
SRR33298417.510082	chr5L	Y' Gain	chr5	True	0.33	False		Y' Gain	chr14L	True	0.66	False	donor_transfer	False	True	False	0.33
SRR33298417.672584	chr5L	Y' Gain	chr5	True	0.33	False		Y' Gain	chr12R	True	0.33	False	donor_transfer_candidates:3	False	True	False	0.0
SRR33298417.65948	chr5L	Y' Gain	chr5	True	0.33	False		Y' Gain	chr12R	True	0.33	False	donor_transfer_candidates:2	False	True	False	0.0
SRR33298417.217400	chr5L	1st Y' Change	chr5	True	0.3	False		1st Y' Change	chr12R	True	0.44	False	donor_transfer	False	True	False	0.14
SRR33298417.695274	chr5L	Y' Gain	chr5	True	0.33	False		Y' Gain	ambiguous	True	0.3	False	unmatched_array	False	True	False	-0.03
SRR33298417.78689	chr5L	Y' Gain	chr5	True	0.33	False		Y' Gain	ambiguous	True	0.3	False	unmatched_array	False	True	False	-0.03
SRR33298417.329847	chr5L	Y' Gain	chr5	True	0.33	False		Y' Gain	ambiguous	True	0.3	False	unmatched_array	False	True	False	-0.03
SRR33298417.759589	chr5L	Y' Gain	chr5	True	0.33	False		Y' Gain	ambiguous	True	0.3	False	unmatched_array	False	True	False	-0.03
SRR33298417.524001	chr5L	Y' Gain	chr5	True	0.33	False		Y' Gain	ambiguous	True	0.3	False	unmatched_array	False	True	False	-0.03
SRR33298417.245957	chr5L	Y' Gain	chr5	True	0.33	False		Y' Gain	ambiguous	True	0.3	False	donor_transfer_candidates:4	False	True	False	-0.03
SRR33298417.562840	chr5L	1st Y' Change	chr5	True	0.3	False		1st Y' Change	chr12R	True	0.66	False	donor_transfer	False	True	False	0.36
SRR33298417.607886	chr5L	1st Y' Change	chr5	True	0.3	False		1st Y' Change	chr12R	True	0.66	False	donor_transfer	False	True	False	0.36
SRR33298417.323456	chr5L	Y' Gain	chr5	True	0.33	False		Y' Gain	chr12R	True	0.33	False	donor_transfer_candidates:3	False	True	False	0.0
SRR33298417.493957	chr5L	Y' Gain	chr5	True	0.33	False		Y' Gain	chr12R	True	0.33	False	donor_transfer_candidates:3	False	True	False	0.0
SRR33298417.541418	chr5L	Y' Gain	chr5	True	0.33	False		Y' Gain	chr12R	True	0.33	False	donor_transfer_candidates:3	False	True	False	0.0
SRR33298417.591668	chr5L	Y' Gain	chr5	True	0.33	False		Y' Gain	chr12R	True	0.33	False	donor_transfer_candidates:3	False	True	False	0.0
SRR33298417.480002	chr5L	Y' Gain	chr5	True	0.33	False		Y' Gain	chr12R	True	0.33	False	donor_transfer_candidates:3	False	True	False	0.0
SRR33298417.512976	chr5L	Y' Gain	chr5	True	0.33	False		Y' Gain	chr12R	True	0.33	False	donor_transfer_candidates:3	False	True	False	0.0
SRR33298417.350434	chr5L	Y' Gain	chr5	True	0.33	False		Y' Gain	chr12R	True	0.33	False	donor_transfer_candidates:3	False	True	False	0.0
SRR33298417.257935	chr5L	Y' Gain	chr5	True	0.33	False		Y' Gain	chr12R	True	0.33	False	donor_transfer_candidates:3	False	True	False	0.0
SRR33298417.321727	chr5L	1st Y' Change	chr5	True	0.33	False		1st Y' Change	chr12R	True	0.33	False	donor_transfer_candidates:2	False	True	False	0.0
SRR33298417.484412	chr5L	1st Y' Change	chr5	True	0.3	False		1st Y' Change	chr12R	True	0.66	False	donor_transfer	False	True	False	0.36
SRR33298417.666338	chr5L	1st Y' Change	chr5	True	0.3	False		1st Y' Change	ambiguous	True	0.3	False	donor_transfer_candidates:4	False	True	False	0.0
SRR33298417.195123	chr5L	1st Y' Change	chr5	True	0.3	False		1st Y' Change	chr12R	True	0.66	False	donor_transfer	False	True	False	0.36
SRR33298417.355080	chr5L	1st Y' Change	chr5	True	0.3	False		1st Y' Change	chr12R	True	0.33	False	donor_transfer_candidates:3	False	True	False	0.03
SRR33298417.524592	chr5L	1st Y' Change	chr10	True	0.3	False		1st Y' Change	chr12R	True	0.33	False	donor_transfer_candidates:3	False	True	False	0.03
SRR33298417.61892	chr5L	Y' Gain	chr5	True	0.33	False		Y' Gain	chr14L	True	0.44	False	donor_transfer	False	True	False	0.11
SRR33298417.62245	chr5L	Y' Gain	chr5	True	0.33	False		Y' Gain	chr14L	True	0.44	False	donor_transfer	False	True	False	0.11
SRR33298417.512094	chr5L	Y' Gain	chr5	True	0.33	False		Y' Gain	ambiguous	True	0.3	False	unmatched_array	False	True	False	-0.03
SRR33298417.19076	chr5L	Y' Gain	chr5	True	0.33	False		Y' Gain	ambiguous	True	0.3	False	unmatched_array	False	True	False	-0.03
SRR33298417.333600	chr5L	Y' Gain	chr5	True	0.33	False		Y' Gain	ambiguous	True	0.3	False	donor_transfer_candidates:4	False	True	False	-0.03
SRR33298417.313428	chr5L	Y' Gain	chr5	True	0.33	False		Y' Gain	ambiguous	True	0.3	False	donor_transfer_candidates:4	False	True	False	-0.03
SRR33298417.326992	chr5L	Y' Gain	chr5	True	0.33	False		Y' Gain	ambiguous	True	0.3	False	donor_transfer_candidates:4	False	True	False	-0.03
SRR33298417.50612	chr5L	Y' Gain	chr5	True	0.33	False		Y' Gain	ambiguous	True	0.3	False	donor_transfer_candidates:4	False	True	False	-0.03
SRR33298417.736421	chr5L	1st Y' Change	chr5	True	0.33	False		1st Y' Change	chr12R	True	0.33	False	donor_transfer_candidates:3	False	True	False	0.0
SRR33298417.718191	chr5L	Y' Gain	chr5	True	0.33	False		Y' Gain	ambiguous	True	0.3	False	donor_transfer_candidates:4	False	True	False	-0.03
SRR33298417.517602	chr5L	1st Y' Change	chr5	True	0.3	False		1st Y' Change	chr12R	True	0.66	False	donor_transfer	False	True	False	0.36
SRR33298417.419291	chr5L	Y' Gain	chr5	True	0.33	False		Y' Gain	ambiguous	True	0.3	False	donor_transfer_candidates:4	False	True	False	-0.03
SRR33298417.419371	chr5L	Y' Gain	chr5	True	0.33	False		Y' Gain	ambiguous	True	0.3	False	donor_transfer_candidates:4	False	True	False	-0.03
SRR33298417.434296	chr5L	Y' Gain	chr5	True	0.33	False		Y' Gain	ambiguous	True	0.3	False	donor_transfer_candidates:4	False	True	False	-0.03
SRR33298417.107218	chr5L	1st Y' Change	chr5	True	0.3	False		1st Y' Change	chr12R	True	0.66	False	donor_transfer	False	True	False	0.36
SRR33298417.150313	chr5L	1st Y' Change	chr5	True	0.3	False		1st Y' Change	chr12R	True	0.66	False	donor_transfer	False	True	False	0.36
SRR33298417.38548	chr5L	Y' Gain	chr5	True	0.33	False		Y' Gain	ambiguous	True	0.3	False	unmatched_array	False	True	False	-0.03
SRR33298417.563157	chr5L	Y' Gain	chr5	True	0.33	False		Y' Gain	ambiguous	True	0.3	False	unmatched_array	False	True	False	-0.03
SRR33298417.616876	chr5L	Y' Gain	chr5	True	0.33	False		Y' Gain	ambiguous	True	0.3	False	unmatched_array	False	True	False	-0.03
SRR33298417.168604	chr5L	Y' Gain	chr5	True	0.33	False		Y' Gain	ambiguous	True	0.3	False	unmatched_array	False	True	False	-0.03
SRR33298417.153922	chr5L	Y' Gain	chr5	True	0.33	False		Y' Gain	ambiguous	True	0.3	False	unmatched_array	False	True	False	-0.03
SRR33298417.696624	chr5L	Y' Gain	chr5	True	0.33	False		Y' Gain	ambiguous	True	0.3	False	unmatched_array	False	True	False	-0.03
SRR33298417.213313	chr5L	1st Y' Change	chr5	True	0.3	False		1st Y' Change	chr12R	True	0.44	False	donor_transfer	False	True	False	0.14
SRR33298417.183022	chr5L	1st Y' Change	chr5	True	0.3	False		1st Y' Change	chr14L	True	0.66	False	donor_transfer	False	True	False	0.36
SRR33298417.173797	chr5L	1st Y' Change	chr5	True	0.3	False		1st Y' Change	chr14L	True	0.66	False	donor_transfer	False	True	False	0.36
SRR33298417.301530	chr5L	Y' Gain	chr5	True	0.33	False		Y' Gain	ambiguous	True	0.3	False	unmatched_array	False	True	False	-0.03
SRR33298417.746363	chr5L	Y' Gain	chr5	True	0.33	False		Y' Gain	ambiguous	True	0.3	False	unmatched_array	False	True	False	-0.03
SRR33298417.331766	chr5L	1st Y' Change	chr5	True	0.3	False		1st Y' Change	chr12R	True	0.44	False	donor_transfer	False	True	False	0.14
SRR33298417.711642	chr5L	Y' Gain	chr5	True	0.33	False		Y' Gain	ambiguous	True	0.3	False	unmatched_array	False	True	False	-0.03
SRR33298417.144115	chr5L	Y' Gain	chr5	True	0.33	False		Y' Gain	ambiguous	True	0.3	False	unmatched_array	False	True	False	-0.03
SRR33298417.416484	chr5L	Y' Gain	chr5	True	0.33	False		Y' Gain	ambiguous	True	0.3	False	unmatched_array	False	True	False	-0.03
SRR33298417.115358	chr5L	Y' Gain	chr5	True	0.33	False		Y' Gain	ambiguous	True	0.3	False	unmatched_array	False	True	False	-0.03
SRR33298417.701607	chr5L	Y' Gain	chr5	True	0.33	False		Y' Gain	ambiguous	True	0.3	False	unmatched_array	False	True	False	-0.03
SRR33298417.337384	chr5L	Y' Gain	chr5	True	0.33	False		Y' Gain	ambiguous	True	0.3	False	unmatched_array	False	True	False	-0.03
SRR33298417.481112	chr5L	1st Y' Change	chr5	True	0.33	False		1st Y' Change	ambiguous	True	0.3	False	unmatched_array	False	True	False	-0.03
SRR33298417.524179	chr5L	Y' Gain	chr5	True	0.33	False		Y' Gain	ambiguous	True	0.3	False	single_y_prime_change	False	True	False	-0.03
SRR33298417.527006	chr5L	Y' Gain	chr5	True	0.33	False		Y' Gain	ambiguous	True	0.3	False	single_y_prime_change	False	True	False	-0.03
SRR33298417.491333	chr5L	Y' Gain	chr5	True	0.33	False		Y' Gain	ambiguous	True	0.3	False	single_y_prime_change	False	True	False	-0.03
SRR33298417.142151	chr5L	Y' Gain	chr5	True	0.33	False		Y' Gain	ambiguous	True	0.3	False	single_y_prime_change	False	True	False	-0.03
SRR33298417.672133	chr5L	Y' Gain	chr5	True	0.33	False		Y' Gain	ambiguous	True	0.3	False	single_y_prime_change	False	True	False	-0.03
SRR33298417.46955	chr5L	Y' Gain	chr5	True	0.33	False		Y' Gain	ambiguous	True	0.3	False	single_y_prime_change	False	True	False	-0.03
SRR33298417.160260	chr5L	Y' Gain	chr5	True	0.33	False		Y' Gain	ambiguous	True	0.3	False	single_y_prime_change	False	True	False	-0.03
SRR33298417.122995	chr5L	Y' Gain	chr5	True	0.33	False		Y' Gain	ambiguous	True	0.3	False	single_y_prime_change	False	True	False	-0.03
SRR33298417.300469	chr5L	Y' Gain	chr5	True	0.33	False		Y' Gain	ambiguous	True	0.3	False	single_y_prime_change	False	True	False	-0.03
SRR33298417.580950	chr5L	Y' Gain	chr5	True	0.33	False		Y' Gain	ambiguous	True	0.3	False	single_y_prime_change	False	True	False	-0.03
SRR33298417.309657	chr5L	Y' Gain	chr5	True	0.33	False		Y' Gain	ambiguous	True	0.3	False	single_y_prime_change	False	True	False	-0.03
SRR33298417.133887	chr5L	1st Y' Change	chr5	True	0.3	False		1st Y' Change	chr12R	True	0.44	False	donor_transfer	False	True	False	0.14
SRR33298417.504025	chr5L	1st Y' Change	chr5	True	0.3	False		1st Y' Change	chr12R	True	0.44	False	donor_transfer	False	True	False	0.14
SRR33298417.19622	chr5L	1st Y' Change	chr5	True	0.3	False		1st Y' Change	chr12R	True	0.44	False	donor_transfer	False	True	False	0.14
SRR33298417.472529	chr5L	1st Y' Change	chr5	True	0.3	False		1st Y' Change	chr12R	True	0.44	False	donor_transfer	False	True	False	0.14
SRR33298417.168835	chr5L	1st Y' Change	chr5	True	0.3	False		1st Y' Change	chr12R	True	0.44	False	donor_transfer	False	True	False	0.14
SRR33298417.665109	chr5L	1st Y' Change	chr5	True	0.3	False		1st Y' Change	chr12R	True	0.44	False	donor_transfer	False	True	False	0.14
SRR33298417.607561	chr5L	1st Y' Change	chr5	True	0.3	False		1st Y' Change	chr12R	True	0.44	False	donor_transfer	False	True	False	0.14
SRR33298417.497810	chr5L	1st Y' Change	chr12	True	0.33	False		1st Y' Change	chr12R	True	0.33	False	unmatched_array	False	True	False	0.0
SRR33298417.241239	chr5L	1st Y' Change	chr14	True	0.33	False		1st Y' Change	chr14L	True	0.33	False	unmatched_array	False	True	False	0.0
SRR33298417.451053	chr5R	Y' Gain	chr5	True	0.33	False		Y' Gain	ambiguous	True	0.3	False	donor_transfer_candidates:4	False	True	False	-0.03
SRR33298417.101834	chr5R	Y' Gain	chr5	True	0.33	False		Y' Gain	ambiguous	True	0.3	False	donor_transfer_candidates:4	False	True	False	-0.03
SRR33298417.736405	chr5R	Y' Gain	chr5	True	0.33	False		Y' Gain	chr14L	True	0.66	False	donor_transfer	False	True	False	0.33
SRR33298417.156102	chr5R	Y' Gain	chr5	True	0.33	False		Y' Gain	ambiguous	True	0.3	False	donor_transfer_candidates:4	False	True	False	-0.03
SRR33298417.588626	chr5R	Y' Gain	ambiguous	True	0.3	False		Y' Gain	chr14L	True	0.66	False	donor_transfer	False	True	False	0.36
SRR33298417.643038	chr5R	Y' Gain	chr5	True	0.33	False		Y' Gain	chr12R	True	0.33	False	donor_transfer_candidates:2	False	True	False	0.0
SRR33298417.358379	chr5R	Y' Gain	chr5	True	0.33	False		Y' Gain	ambiguous	True	0.3	False	donor_transfer_candidates:4	False	True	False	-0.03
SRR33298417.101474	chr5R	Y' Gain	chr5	True	0.33	False		Y' Gain	chr14L	True	0.66	False	donor_transfer	False	True	False	0.33
SRR33298417.439592	chr5R	Y' Gain	chr5	True	0.33	False		Y' Gain	ambiguous	True	0.3	False	donor_transfer_candidates:4	False	True	False	-0.03
SRR33298417.149928	chr5R	Y' Gain	chr5	True	0.33	False		Y' Gain	chr12R	True	0.33	False	donor_transfer_candidates:2	False	True	False	0.0
SRR33298417.686468	chr5R	Y' Gain	chr5	True	0.33	False		Y' Gain	chr12R	True	0.33	False	donor_transfer_candidates:3	False	True	False	0.0
SRR33298417.646001	chr5R	Y' Gain	chr5	True	0.33	False		Y' Gain	chr12R	True	0.33	False	donor_transfer_candidates:2	False	True	False	0.0
SRR33298417.514472	chr5R	Y' Gain	chr5	True	0.33	False		Y' Gain	chr12R	True	0.33	False	donor_transfer_candidates:2	False	True	False	0.0
SRR33298417.524909	chr5R	Y' Gain	chr5	True	0.33	False		Y' Gain	chr12R	True	0.33	False	donor_transfer_candidates:2	False	True	False	0.0
SRR33298417.215184	chr5R	Y' Gain	chr5	True	0.33	False		Y' Gain	chr12R	True	0.33	False	donor_transfer_candidates:2	False	True	False	0.0
SRR33298417.642914	chr5R	Y' Gain	chr5	True	0.33	False		Y' Gain	chr12R	True	0.33	False	donor_transfer_candidates:2	False	True	False	0.0
SRR33298417.714574	chr5R	Y' Gain	chr5	True	0.33	False		Y' Gain	chr12R	True	0.33	False	donor_transfer_candidates:2	False	True	False	0.0
SRR33298417.684270	chr5R	Y' Gain	chr5	True	0.33	False		Y' Gain	chr12R	True	0.33	False	donor_transfer_candidates:2	False	True	False	0.0
SRR33298417.697029	chr5R	Y' Gain	chr5	True	0.33	False		Y' Gain	ambiguous	True	0.3	False	unmatched_array	False	True	False	-0.03
SRR33298417.55064	chr5R	Y' Gain	chr5	True	0.33	False		Y' Gain	ambiguous	True	0.3	False	unmatched_array	False	True	False	-0.03
SRR33298417.722184	chr5R	Y' Gain	chr5	True	0.33	False		Y' Gain	chr14L	True	0.66	False	donor_transfer	False	True	False	0.33
SRR33298417.555485	chr5R	Y' Gain	chr5	True	0.33	False		Y' Gain	ambiguous	True	0.3	False	unmatched_array	False	True	False	-0.03
SRR33298417.70009	chr5R	Y' Gain	chr5	True	0.33	False		Y' Gain	ambiguous	True	0.3	False	donor_transfer_candidates:4	False	True	False	-0.03
SRR33298417.561890	chr5R	Y' Gain	chr5	True	0.33	False		Y' Gain	chr12R	True	0.33	False	donor_transfer_candidates:3	False	True	False	0.0
SRR33298417.443343	chr5R	Y' Gain	chr5	True	0.33	False		Y' Gain	ambiguous	True	0.3	False	donor_transfer_candidates:4	False	True	False	-0.03
SRR33298417.33403	chr5R	Y' Gain	chr5	True	0.33	False		Y' Gain	chr12R	True	0.33	False	donor_transfer_candidates:3	False	True	False	0.0
SRR33298417.742261	chr5R	Y' Gain	chr5	True	0.33	False		Y' Gain	chr12R	True	0.33	False	donor_transfer_candidates:3	False	True	False	0.0
SRR33298417.168486	chr5R	Y' Gain	chr5	True	0.33	False		Y' Gain	chr12R	True	0.33	False	donor_transfer_candidates:3	False	True	False	0.0
SRR33298417.526230	chr5R	Y' Gain	chr5	True	0.33	False		Y' Gain	chr12R	True	0.33	False	donor_transfer_candidates:3	False	True	False	0.0
SRR33298417.298634	chr5R	Y' Gain	chr5	True	0.33	False		Y' Gain	chr12R	True	0.33	False	donor_transfer_candidates:3	False	True	False	0.0
SRR33298417.631468	chr5R	Y' Gain	chr5	True	0.33	False		Y' Gain	ambiguous	True	0.3	False	unmatched_array	False	True	False	-0.03
SRR33298417.229159	chr5R	Y' Gain	chr5	True	0.33	False		Y' Gain	chr12R	True	0.33	False	donor_transfer_candidates:3	False	True	False	0.0
SRR33298417.557505	chr5R	Y' Gain	chr5	True	0.33	False		Y' Gain	chr12R	True	0.33	False	donor_transfer_candidates:3	False	True	False	0.0
SRR33298417.625044	chr5R	Y' Gain	chr5	True	0.33	False		Y' Gain	ambiguous	True	0.3	False	unmatched_array	False	True	False	-0.03
SRR33298417.702414	chr5R	Y' Gain	chr5	True	0.33	False		Y' Gain	ambiguous	True	0.3	False	donor_transfer_candidates:4	False	True	False	-0.03
SRR33298417.720110	chr5R	Y' Gain	chr5	True	0.33	False		Y' Gain	ambiguous	True	0.3	False	donor_transfer_candidates:4	False	True	False	-0.03
SRR33298417.701551	chr5R	Y' Gain	chr5	True	0.33	False		Y' Gain	ambiguous	True	0.3	False	donor_transfer_candidates:4	False	True	False	-0.03
SRR33298417.161259	chr5R	Y' Gain	chr5	True	0.33	False		Y' Gain	ambiguous	True	0.3	False	donor_transfer_candidates:4	False	True	False	-0.03
SRR33298417.288981	chr5R	Y' Gain	chr5	True	0.33	False		Y' Gain	chr14L	True	0.66	False	donor_transfer	False	True	False	0.33
SRR33298417.342704	chr5R	Y' Gain	chr5	True	0.33	False		Y' Gain	ambiguous	True	0.3	False	unmatched_array	False	True	False	-0.03
SRR33298417.780852	chr5R	Y' Gain	chr5	True	0.33	False		Y' Gain	ambiguous	True	0.3	False	unmatched_array	False	True	False	-0.03
SRR33298417.412259	chr5R	Y' Gain	chr5	True	0.33	False		Y' Gain	ambiguous	True	0.3	False	unmatched_array	False	True	False	-0.03
SRR33298417.484901	chr5R	Y' Gain	chr5	True	0.33	False		Y' Gain	ambiguous	True	0.3	False	unmatched_array	False	True	False	-0.03
SRR33298417.246945	chr5R	Y' Gain	chr5	True	0.33	False		Y' Gain	ambiguous	True	0.3	False	unmatched_array	False	True	False	-0.03
SRR33298417.630499	chr5R	Y' Gain	chr5	True	0.33	False		Y' Gain	ambiguous	True	0.3	False	unmatched_array	False	True	False	-0.03
SRR33298417.585388	chr5R	Y' Gain	chr5	True	0.33	False		Y' Gain	ambiguous	True	0.3	False	donor_transfer_candidates:4	False	True	False	-0.03
SRR33298417.110005	chr5R	Y' Gain	chr5	True	0.33	False		Y' Gain	ambiguous	True	0.3	False	donor_transfer_candidates:4	False	True	False	-0.03
SRR33298417.214862	chr5R	Y' Gain	chr5	True	0.33	False		Y' Gain	ambiguous	True	0.3	False	donor_transfer_candidates:4	False	True	False	-0.03
SRR33298417.636905	chr5R	Y' Gain	chr5	True	0.33	False		Y' Gain	ambiguous	True	0.3	False	donor_transfer_candidates:4	False	True	False	-0.03
SRR33298417.685230	chr5R	Y' Gain	chr5	True	0.33	False		Y' Gain	ambiguous	True	0.3	False	donor_transfer_candidates:4	False	True	False	-0.03
SRR33298417.546099	chr5R	Y' Gain	chr5	True	0.33	False		Y' Gain	ambiguous	True	0.3	False	donor_transfer_candidates:4	False	True	False	-0.03
SRR33298417.492783	chr5R	Y' Gain	chr5	True	0.33	False		Y' Gain	ambiguous	True	0.3	False	donor_transfer_candidates:4	False	True	False	-0.03
SRR33298417.95388	chr5R	Y' Gain	chr5	True	0.33	False		Y' Gain	ambiguous	True	0.3	False	donor_transfer_candidates:4	False	True	False	-0.03
SRR33298417.642637	chr5R	Y' Gain	chr5	True	0.33	False		Y' Gain	ambiguous	True	0.3	False	donor_transfer_candidates:4	False	True	False	-0.03
SRR33298417.695043	chr5R	Y' Gain	chr5	True	0.33	False		Y' Gain	ambiguous	True	0.3	False	donor_transfer_candidates:4	False	True	False	-0.03
SRR33298417.685053	chr5R	Y' Gain	chr5	True	0.33	False		Y' Gain	ambiguous	True	0.3	False	donor_transfer_candidates:4	False	True	False	-0.03
SRR33298417.675708	chr5R	Y' Gain	chr5	True	0.33	False		Y' Gain	ambiguous	True	0.3	False	donor_transfer_candidates:4	False	True	False	-0.03
SRR33298417.460119	chr5R	Y' Gain	chr5	True	0.33	False		Y' Gain	ambiguous	True	0.3	False	donor_transfer_candidates:4	False	True	False	-0.03
SRR33298417.19712	chr5R	Y' Gain	chr5	True	0.33	False		Y' Gain	ambiguous	True	0.3	False	donor_transfer_candidates:4	False	True	False	-0.03
SRR33298417.746378	chr5R	Y' Gain	chr5	True	0.33	False		Y' Gain	ambiguous	True	0.3	False	donor_transfer_candidates:4	False	True	False	-0.03
SRR33298417.633945	chr5R	Y' Gain	chr5	True	0.33	False		Y' Gain	ambiguous	True	0.3	False	donor_transfer_candidates:4	False	True	False	-0.03
SRR33298417.546356	chr5R	Y' Gain	chr5	True	0.33	False		Y' Gain	ambiguous	True	0.3	False	donor_transfer_candidates:4	False	True	False	-0.03
SRR33298417.460927	chr5R	Y' Gain	chr5	True	0.33	False		Y' Gain	ambiguous	True	0.3	False	donor_transfer_candidates:4	False	True	False	-0.03
SRR33298417.771405	chr5R	Y' Gain	chr5	True	0.33	False		Y' Gain	ambiguous	True	0.3	False	donor_transfer_candidates:4	False	True	False	-0.03
SRR33298417.736804	chr5R	Y' Gain	chr5	True	0.33	False		Y' Gain	ambiguous	True	0.3	False	donor_transfer_candidates:4	False	True	False	-0.03
SRR33298417.411653	chr5R	Y' Gain	chr5	True	0.33	False		Y' Gain	ambiguous	True	0.3	False	donor_transfer_candidates:4	False	True	False	-0.03
SRR33298417.301043	chr5R	Y' Gain	chr5	True	0.33	False		Y' Gain	ambiguous	True	0.3	False	unmatched_array	False	True	False	-0.03
SRR33298417.424157	chr5R	Y' Gain	chr5	True	0.33	False		Y' Gain	ambiguous	True	0.3	False	unmatched_array	False	True	False	-0.03
SRR33298417.110068	chr5R	Y' Gain	chr5	True	0.33	False		Y' Gain	ambiguous	True	0.3	False	unmatched_array	False	True	False	-0.03
SRR33298417.36865	chr5R	Y' Gain	chr5	True	0.33	False		Y' Gain	ambiguous	True	0.3	False	unmatched_array	False	True	False	-0.03
SRR33298417.554900	chr5R	Y' Gain	chr5	True	0.33	False		Y' Gain	ambiguous	True	0.3	False	unmatched_array	False	True	False	-0.03
SRR33298417.688359	chr5R	Y' Gain	chr5	True	0.33	False		Y' Gain	ambiguous	True	0.3	False	donor_transfer_candidates:4	False	True	False	-0.03
SRR33298417.14395	chr5R	Y' Gain	chr5	True	0.33	False		Y' Gain	ambiguous	True	0.3	False	unmatched_array	False	True	False	-0.03
SRR33298417.652937	chr5R	Y' Gain	chr5	True	0.33	False		Y' Gain	ambiguous	True	0.3	False	unmatched_array	False	True	False	-0.03
SRR33298417.519768	chr5R	Y' Gain	chr5	True	0.33	False		Y' Gain	ambiguous	True	0.3	False	unmatched_array	False	True	False	-0.03
SRR33298417.66793	chr5R	Y' Gain	chr5	True	0.33	False		Y' Gain	ambiguous	True	0.3	False	unmatched_array	False	True	False	-0.03
SRR33298417.437846	chr5R	Y' Gain	chr5	True	0.33	False		Y' Gain	ambiguous	True	0.3	False	unmatched_array	False	True	False	-0.03
SRR33298417.295703	chr5R	Y' Gain	chr5	True	0.33	False		Y' Gain	ambiguous	True	0.3	False	unmatched_array	False	True	False	-0.03
SRR33298417.337444	chr5R	Y' Gain	chr5	True	0.33	False		Y' Gain	ambiguous	True	0.3	False	unmatched_array	False	True	False	-0.03
SRR33298417.5226	chr5R	Y' Gain	chr5	True	0.33	False		Y' Gain	ambiguous	True	0.3	False	unmatched_array	False	True	False	-0.03
SRR33298417.1916	chr5R	Y' Gain	chr5	True	0.33	False		Y' Gain	ambiguous	True	0.3	False	unmatched_array	False	True	False	-0.03
SRR33298417.670718	chr5R	Y' Gain	chr5	True	0.33	False		Y' Gain	ambiguous	True	0.3	False	unmatched_array	False	True	False	-0.03
SRR33298417.412304	chr5R	Y' Gain	chr5	True	0.33	False		Y' Gain	ambiguous	True	0.3	False	unmatched_array	False	True	False	-0.03
SRR33298417.355957	chr5R	Y' Gain	chr5	True	0.33	False		Y' Gain	ambiguous	True	0.3	False	unmatched_array	False	True	False	-0.03
SRR33298417.200296	chr5R	Y' Gain	chr5	True	0.33	False		Y' Gain	ambiguous	True	0.3	False	unmatched_array	False	True	False	-0.03
SRR33298417.274196	chr5R	Y' Gain	chr5	True	0.33	False		Y' Gain	ambiguous	True	0.3	False	unmatched_array	False	True	False	-0.03
SRR33298417.286997	chr5R	Y' Gain	chr5	True	0.33	False		Y' Gain	ambiguous	True	0.3	False	unmatched_array	False	True	False	-0.03
SRR33298417.521861	chr5R	Y' Gain	chr5	True	0.33	False		Y' Gain	ambiguous	True	0.3	False	unmatched_array	False	True	False	-0.03
SRR33298417.321695	chr5R	Y' Gain	chr5	True	0.33	False		Y' Gain	ambiguous	True	0.3	False	unmatched_array	False	True	False	-0.03
SRR33298417.406436	chr5R	Y' Gain	chr5	True	0.33	False		Y' Gain	ambiguous	True	0.3	False	unmatched_array	False	True	False	-0.03
SRR33298417.307925	chr5R	Y' Gain	chr5	True	0.33	False		Y' Gain	ambiguous	True	0.3	False	unmatched_array	False	True	False	-0.03
SRR33298417.783861	chr5R	Y' Gain	chr5	True	0.33	False		Y' Gain	ambiguous	True	0.3	False	unmatched_array	False	True	False	-0.03
SRR33298417.439512	chr5R	Y' Gain	chr5	True	0.33	False		Y' Gain	ambiguous	True	0.3	False	unmatched_array	False	True	False	-0.03
SRR33298417.98506	chr5R	Y' Gain	chr5	True	0.33	False		Y' Gain	ambiguous	True	0.3	False	unmatched_array	False	True	False	-0.03
SRR33298417.437437	chr5R	Y' Gain	chr5	True	0.33	False		Y' Gain	ambiguous	True	0.3	False	unmatched_array	False	True	False	-0.03
SRR33298417.572047	chr5R	Y' Gain	chr5	True	0.33	False		Y' Gain	ambiguous	True	0.3	False	unmatched_array	False	True	False	-0.03
SRR33298417.84223	chr5R	Y' Gain	chr5	True	0.33	False		Y' Gain	ambiguous	True	0.3	False	unmatched_array	False	True	False	-0.03
SRR33298417.355378	chr5R	Y' Gain	chr5	True	0.33	False		Y' Gain	ambiguous	True	0.3	False	unmatched_array	False	True	False	-0.03
SRR33298417.403630	chr5R	Y' Gain	chr5	True	0.33	False		Y' Gain	ambiguous	True	0.3	False	unmatched_array	False	True	False	-0.03
SRR33298417.637061	chr5R	Y' Gain	chr5	True	0.33	False		Y' Gain	ambiguous	True	0.3	False	unmatched_array	False	True	False	-0.03
SRR33298417.303016	chr5R	Y' Gain	chr5	True	0.33	False		Y' Gain	ambiguous	True	0.3	False	unmatched_array	False	True	False	-0.03
SRR33298417.302037	chr5R	Y' Gain	chr5	True	0.33	False		Y' Gain	ambiguous	True	0.3	False	unmatched_array	False	True	False	-0.03
SRR33298417.692404	chr5R	Y' Gain	chr5	True	0.33	False		Y' Gain	ambiguous	True	0.3	False	unmatched_array	False	True	False	-0.03
SRR33298417.212513	chr5R	Y' Gain	chr14	True	0.33	False		Y' Gain	chr14L	True	0.33	False	single_y_prime_change	False	True	False	0.0
SRR33298417.219189	chr5R	Y' Gain	chr14	True	0.33	False		Y' Gain	chr14L	True	0.33	False	single_y_prime_change	False	True	False	0.0
SRR33298417.701644	chr5R	Y' Gain	chr14	True	0.33	False		Y' Gain	chr14L	True	0.33	False	single_y_prime_change	False	True	False	0.0
SRR33298417.309555	chr5R	Y' Gain	chr14	True	0.33	False		Y' Gain	chr14L	True	0.33	False	single_y_prime_change	False	True	False	0.0
SRR33298417.572116	chr5R	Y' Gain	chr5	True	0.33	False		Y' Gain	ambiguous	True	0.3	False	single_y_prime_change	False	True	False	-0.03
SRR33298417.724837	chr5R	Y' Gain	chr5	True	0.33	False		Y' Gain	ambiguous	True	0.3	False	single_y_prime_change	False	True	False	-0.03
SRR33298417.572740	chr5R	Y' Gain	chr5	True	0.33	False		Y' Gain	ambiguous	True	0.3	False	single_y_prime_change	False	True	False	-0.03
SRR33298417.158953	chr5R	Y' Gain	chr14	True	0.33	False		Y' Gain	chr14L	True	0.33	False	single_y_prime_change	False	True	False	0.0
SRR33298417.271449	chr5R	Y' Gain	chr14	True	0.33	False		Y' Gain	chr14L	True	0.33	False	single_y_prime_change	False	True	False	0.0
SRR33298417.259660	chr5R	Y' Gain	chr14	True	0.33	False		Y' Gain	chr14L	True	0.33	False	single_y_prime_change	False	True	False	0.0
SRR33298417.280076	chr5R	Y' Gain	chr14	True	0.33	False		Y' Gain	chr14L	True	0.33	False	single_y_prime_change	False	True	False	0.0
SRR33298417.342401	chr5R	Y' Gain	chr14	True	0.33	False		Y' Gain	chr14L	True	0.33	False	single_y_prime_change	False	True	False	0.0
SRR33298417.562473	chr5R	Y' Gain	chr14	True	0.33	False		Y' Gain	chr14L	True	0.33	False	single_y_prime_change	False	True	False	0.0
SRR33298417.786728	chr5R	Y' Gain	chr14	True	0.33	False		Y' Gain	chr14L	True	0.33	False	single_y_prime_change	False	True	False	0.0
SRR33298417.537928	chr5R	Y' Gain	chr14	True	0.33	False		Y' Gain	chr14L	True	0.33	False	single_y_prime_change	False	True	False	0.0
SRR33298417.82594	chr5R	Y' Gain	chr14	True	0.33	False		Y' Gain	chr14L	True	0.33	False	single_y_prime_change	False	True	False	0.0
SRR33298417.280482	chr5R	Y' Gain	chr14	True	0.33	False		Y' Gain	chr14L	True	0.33	False	single_y_prime_change	False	True	False	0.0
SRR33298417.543542	chr5R	Y' Gain	chr14	True	0.33	False		Y' Gain	chr14L	True	0.33	False	single_y_prime_change	False	True	False	0.0
SRR33298417.170618	chr5R	Y' Gain	chr14	True	0.33	False		Y' Gain	chr14L	True	0.33	False	single_y_prime_change	False	True	False	0.0
SRR33298417.681914	chr5R	Y' Gain	chr14	True	0.33	False		Y' Gain	chr14L	True	0.33	False	single_y_prime_change	False	True	False	0.0
SRR33298417.762091	chr5R	Y' Gain	chr14	True	0.33	False		Y' Gain	chr14L	True	0.33	False	single_y_prime_change	False	True	False	0.0
SRR33298417.574931	chr5R	Y' Gain	chr14	True	0.33	False		Y' Gain	chr14L	True	0.33	False	single_y_prime_change	False	True	False	0.0
SRR33298417.790304	chr5R	Y' Gain	chr14	True	0.33	False		Y' Gain	chr14L	True	0.33	False	single_y_prime_change	False	True	False	0.0
SRR33298417.789616	chr5R	Y' Gain	chr14	True	0.33	False		Y' Gain	chr14L	True	0.33	False	single_y_prime_change	False	True	False	0.0
SRR33298417.298534	chr5R	Y' Gain	chr14	True	0.33	False		Y' Gain	chr14L	True	0.33	False	single_y_prime_change	False	True	False	0.0
SRR33298417.129322	chr5R	Y' Gain	chr14	True	0.33	False		Y' Gain	chr14L	True	0.33	False	single_y_prime_change	False	True	False	0.0
SRR33298417.436173	chr5R	Y' Gain	chr14	True	0.33	False		Y' Gain	chr14L	True	0.33	False	single_y_prime_change	False	True	False	0.0
SRR33298417.288371	chr5R	Y' Gain	chr16	True	0.33	False		Y' Gain	chr16L	True	0.33	False	single_y_prime_change	False	True	False	0.0
SRR33298417.233928	chr5R	Y' Gain	chr16	True	0.33	False		Y' Gain	chr16L	True	0.33	False	single_y_prime_change	False	True	False	0.0
SRR33298417.8090	chr5R	Y' Gain	chr14	True	0.33	False		Y' Gain	chr14L	True	0.33	False	single_y_prime_change	False	True	False	0.0
SRR33298417.234576	chr5R	Y' Gain	chr14	True	0.33	False		Y' Gain	chr14L	True	0.33	False	single_y_prime_change	False	True	False	0.0
SRR33298417.630693	chr5R	Y' Gain	chr14	True	0.33	False		Y' Gain	chr14L	True	0.33	False	single_y_prime_change	False	True	False	0.0
SRR33298417.651389	chr6R	Y' Gain	chr6	True	0.3	False		Y' Gain	ambiguous	True	0.3	False	donor_transfer_candidates:4	False	True	False	0.0
SRR33298417.787031	chr6R	Y' Gain	chr6	True	0.3	False		Y' Gain	ambiguous	True	0.3	False	unmatched_array	False	True	False	0.0
SRR33298417.168862	chr6R	Y' Gain	chr6	True	0.3	False		Y' Gain	chr14L	True	0.44	False	donor_transfer	False	True	False	0.14
SRR33298417.435269	chr6R	Y' Gain	chr6	True	0.3	False		Y' Gain	chr12R	True	0.33	False	donor_transfer_candidates:3	False	True	False	0.03
SRR33298417.196138	chr6R	Y' Gain	chr6	True	0.33	False		Y' Gain	ambiguous	True	0.3	False	donor_transfer_candidates:4	False	True	False	-0.03
SRR33298417.103049	chr6R	Y' Gain	chr6	True	0.3	False		Y' Gain	chr14L	True	0.66	False	donor_transfer	False	True	False	0.36
SRR33298417.679526	chr6R	Y' Gain	chr6	True	0.33	False		Y' Gain	ambiguous	True	0.3	False	unmatched_array	False	True	False	-0.03
SRR33298417.342489	chr6R	Y' Gain	chr6	True	0.33	False		Y' Gain	ambiguous	True	0.3	False	unmatched_array	False	True	False	-0.03
SRR33298417.383845	chr6R	Y' Gain	chr6	True	0.3	False		Y' Gain	ambiguous	True	0.3	False	unmatched_array	False	True	False	0.0
SRR33298417.170987	chr6R	Y' Gain	chr6	True	0.3	False		Y' Gain	ambiguous	True	0.3	False	donor_transfer_candidates:4	False	True	False	0.0
SRR33298417.691872	chr6R	Y' Gain	chr6	True	0.3	False		Y' Gain	ambiguous	True	0.3	False	unmatched_array	False	True	False	0.0
SRR33298417.174979	chr6R	Y' Gain	chr6	True	0.3	False		Y' Gain	ambiguous	True	0.3	False	unmatched_array	False	True	False	0.0
SRR33298417.16446	chr6R	Y' Gain	chr6	True	0.33	False		Y' Gain	ambiguous	True	0.3	False	unmatched_array	False	True	False	-0.03
SRR33298417.792047	chr6R	Y' Gain	chr5	True	0.33	False		Y' Gain	chr5R	True	0.33	False	single_y_prime_change	False	True	False	0.0
SRR33298417.306073	chr6R	Y' Gain	chr5	True	0.33	False		Y' Gain	chr5R	True	0.33	False	single_y_prime_change	False	True	False	0.0
SRR33298417.684551	chr6R	Y' Gain	chr5	True	0.33	False		Y' Gain	chr5R	True	0.33	False	single_y_prime_change	False	True	False	0.0
SRR33298417.61524	chr6R	Y' Gain	chr4	True	0.33	False		Y' Gain	chr4R	True	0.33	False	single_y_prime_change	False	True	False	0.0
SRR33298417.517725	chr6R	Y' Gain	chr5	True	0.0035	False		Y' Gain	chr5R	True	0.0035	False	subtelomere_switch	False	True	False	0.0
SRR33298417.394255	chr6R	Y' Gain	chr13	True	0.33	False		Y' Gain	chr13L	True	0.33	False	single_y_prime_change	False	True	False	0.0
SRR33298417.334635	chr7L	Y' Gain	chr16L	True	-0.0006	True		Y' Gain	chr14L	True	-0.0006	True	subtelomere_switch	False	True	False	0.0
SRR33298417.208223	chr7L	Y' Gain	chr12R	True	-0.0026	True		Y' Gain	chr14L	True	-0.0026	True	subtelomere_switch	False	True	False	0.0
SRR33298417.762375	chr7L	Y' Gain	chr12R	True	0.0011	True		Y' Gain	chr14L	True	0.0011	True	subtelomere_switch	False	True	False	0.0
SRR33298417.56537	chr7L	Y' Gain	chr12R	True	-0.0006	True		Y' Gain	chr14L	True	-0.0006	True	subtelomere_switch	False	True	False	0.0
SRR33298417.688068	chr7L	Y' Gain	chr12R	True	-0.0014	True		Y' Gain	chr14L	True	-0.0014	True	subtelomere_switch	False	True	False	0.0
SRR33298417.762741	chr7L	Y' Gain	chr7	True	0.3	False		Y' Gain	chr14L	True	0.66	False	donor_transfer	False	True	False	0.36
SRR33298417.37011	chr7L	Y' Gain	chr7	True	0.3	False		Y' Gain	ambiguous	True	0.3	False	unmatched_array	False	True	False	0.0
SRR33298417.600956	chr7L	Y' Gain	chr12R	True	0.0036	True		Y' Gain	chr14L	True	0.0036	True	subtelomere_switch	False	True	False	0.0
SRR33298417.290546	chr7L	Y' Gain	chr4R	True	0.1741	True		Y' Gain	chr12L	True	0.1741	True	subtelomere_switch	False	True	False	0.0
SRR33298417.349121	chr7L	Y' Gain	chr12R	True	0.1749	True		Y' Gain	chr12L	True	0.1749	True	subtelomere_switch	False	True	False	0.0
SRR33298417.688635	chr7L	Y' Gain	chr12R	True	0.1825	True		Y' Gain	chr15R	True	0.4257	True	subtelomere_switch	False	True	False	0.243
SRR33298417.590484	chr7L	Y' Gain	chr7	True	0.33	False		Y' Gain	ambiguous	True	0.3	False	donor_transfer_candidates:4	False	True	False	-0.03
SRR33298417.689427	chr7L	Y' Gain	chr7	True	0.33	False		Y' Gain	ambiguous	True	0.3	False	donor_transfer_candidates:4	False	True	False	-0.03
SRR33298417.195483	chr7L	Y' Gain	chr7	True	0.33	False		Y' Gain	ambiguous	True	0.3	False	donor_transfer_candidates:4	False	True	False	-0.03
SRR33298417.164015	chr7L	Y' Gain	chr7	True	0.33	False		Y' Gain	ambiguous	True	0.3	False	donor_transfer_candidates:4	False	True	False	-0.03
SRR33298417.300853	chr7L	Y' Gain	chr7	True	0.33	False		Y' Gain	ambiguous	True	0.3	False	donor_transfer_candidates:4	False	True	False	-0.03
SRR33298417.460986	chr7L	Y' Gain	chr7	True	0.3	False		Y' Gain	chr14L	True	0.66	False	donor_transfer	False	True	False	0.36
SRR33298417.233387	chr7L	Y' Gain	chr7	True	0.3	False		Y' Gain	chr14L	True	0.66	False	donor_transfer	False	True	False	0.36
SRR33298417.304703	chr7L	Y' Gain	chr7	True	0.3	False		Y' Gain	chr14L	True	0.66	False	donor_transfer	False	True	False	0.36
SRR33298417.189115	chr7L	Y' Gain	chr7	True	0.3	False		Y' Gain	ambiguous	True	0.3	False	unmatched_array	False	True	False	0.0
SRR33298417.620330	chr7L	Y' Gain	chr12R	True	0.1355	True		Y' Gain	chr3L	True	0.1355	True	subtelomere_switch	False	True	False	0.0
SRR33298417.11274	chr7L	Y' Gain	chr16L	True	0.1757	True		Y' Gain	chr12L	True	0.1757	True	subtelomere_switch	False	True	False	0.0
SRR33298417.619234	chr7L	Y' Gain	chr7	True	0.33	False		Y' Gain	chr14L	True	0.44	False	donor_transfer	False	True	False	0.11
SRR33298417.568500	chr7L	Y' Gain	chr7	True	0.3	False		Y' Gain	ambiguous	True	0.3	False	unmatched_array	False	True	False	0.0
SRR33298417.673327	chr7L	Y' Gain	chr7	True	0.3	False		Y' Gain	ambiguous	True	0.3	False	unmatched_array	False	True	False	0.0
SRR33298417.695453	chr7L	Y' Gain	chr7	True	0.3	False		Y' Gain	ambiguous	True	0.3	False	unmatched_array	False	True	False	0.0
SRR33298417.465959	chr7L	Y' Gain	chr7	True	0.3	False		Y' Gain	ambiguous	True	0.3	False	unmatched_array	False	True	False	0.0
SRR33298417.353112	chr7L	Y' Gain	chr7	True	0.33	False		Y' Gain	ambiguous	True	0.3	False	donor_transfer_candidates:4	False	True	False	-0.03
SRR33298417.758861	chr7L	Y' Gain	chr12R	True	0.2162	True		Y' Gain	chr10L	True	0.5046	True	subtelomere_switch	False	True	False	0.288
SRR33298417.316073	chr7L	Y' Gain	chr7	True	0.33	False		Y' Gain	ambiguous	True	0.3	False	unmatched_array	False	True	False	-0.03
SRR33298417.72831	chr7L	Y' Gain	chr7	True	0.33	False		Y' Gain	ambiguous	True	0.3	False	unmatched_array	False	True	False	-0.03
SRR33298417.527305	chr7L	Y' Gain	chr12R	True	0.0075	True		Y' Gain	chr14L	True	0.0075	True	subtelomere_switch	False	True	False	0.0
SRR33298417.194843	chr7L	Y' Gain	chr12R	True	-0.0012	True		Y' Gain	chr14L	True	-0.0012	True	subtelomere_switch	False	True	False	0.0
SRR33298417.461278	chr7L	Y' Gain	chr7	True	0.3	False		Y' Gain	chr14L	True	0.44	False	donor_transfer	False	True	False	0.14
SRR33298417.140204	chr7L	Y' Gain	chr7	True	0.3	False		Y' Gain	chr14L	True	0.44	False	donor_transfer	False	True	False	0.14
SRR33298417.304828	chr7L	Y' Gain	chr16L	True	-0.0003	True		Y' Gain	chr14L	True	-0.0003	True	subtelomere_switch	False	True	False	0.0
SRR33298417.449265	chr7L	Y' Gain	chr7	True	0.3	False		Y' Gain	chr14L	True	0.44	False	donor_transfer	False	True	False	0.14
SRR33298417.437198	chr7L	Y' Gain	chr7	True	0.3	False		Y' Gain	chr14L	True	0.44	False	donor_transfer	False	True	False	0.14
SRR33298417.12330	chr7L	Y' Gain	chr7	True	0.3	False		Y' Gain	chr14L	True	0.44	False	donor_transfer	False	True	False	0.14
SRR33298417.67075	chr7L	Y' Gain	chr7	True	0.3	False		Y' Gain	ambiguous	True	0.3	False	unmatched_array	False	True	False	0.0
SRR33298417.124854	chr7L	Y' Gain	chr7	True	0.3	False		Y' Gain	ambiguous	True	0.3	False	unmatched_array	False	True	False	0.0
SRR33298417.46923	chr7L	Y' Gain	chr7	True	0.3	False		Y' Gain	ambiguous	True	0.3	False	unmatched_array	False	True	False	0.0
SRR33298417.549393	chr7L	Y' Gain	chr12R	True	0.1741	True		Y' Gain	chr12L	True	0.1741	True	subtelomere_switch	False	True	False	0.0
SRR33298417.722955	chr7L	Y' Gain	chr7	True	0.3	False		Y' Gain	ambiguous	True	0.3	False	unmatched_array	False	True	False	0.0
SRR33298417.195337	chr7L	Y' Gain	chr7	True	0.3	False		Y' Gain	ambiguous	True	0.3	False	unmatched_array	False	True	False	0.0
SRR33298417.533884	chr7L	Y' Gain	chr7	True	0.3	False		Y' Gain	ambiguous	True	0.3	False	unmatched_array	False	True	False	0.0
SRR33298417.445669	chr7L	Y' Gain	chr7	True	0.33	False		Y' Gain	ambiguous	True	0.3	False	single_y_prime_change	False	True	False	-0.03
SRR33298417.300157	chr7L	Y' Gain	chr7	True	0.3	False		Y' Gain	ambiguous	True	0.3	False	single_y_prime_change	False	True	False	0.0
SRR33298417.206868	chr7L	Y' Gain	chr7	True	0.33	False		Y' Gain	ambiguous	True	0.3	False	single_y_prime_change	False	True	False	-0.03
SRR33298417.235226	chr7L	Y' Gain	chr7	True	0.33	False		Y' Gain	ambiguous	True	0.3	False	single_y_prime_change	False	True	False	-0.03
SRR33298417.96805	chr7L	Y' Gain	chr7	True	-0.0008	False		Y' Gain	ambiguous	True	-0.0007	False	subtelomere_switch	False	True	False	0.0
SRR33298417.617365	chr7L	Y' Gain	chr7	True	0.33	False		Y' Gain	ambiguous	True	0.3	False	single_y_prime_change	False	True	False	-0.03
SRR33298417.299979	chr7L	Y' Gain	chr7	True	0.33	False		Y' Gain	ambiguous	True	0.3	False	single_y_prime_change	False	True	False	-0.03
SRR33298417.477623	chr7L	Y' Gain	chr7	True	0.33	False		Y' Gain	ambiguous	True	0.3	False	single_y_prime_change	False	True	False	-0.03
SRR33298417.379164	chr7L	Y' Gain	chr7	True	0.33	False		Y' Gain	ambiguous	True	0.3	False	single_y_prime_change	False	True	False	-0.03
SRR33298417.406266	chr7L	Y' Gain	chr7	True	0.3	False		Y' Gain	ambiguous	True	0.3	False	single_y_prime_change	False	True	False	0.0
SRR33298417.756168	chr7L	Y' Gain	chr2	True	0.33	False		Y' Gain	chr2L	True	0.33	False	single_y_prime_change	False	True	False	0.0
SRR33298417.233803	chr7L	Y' Gain	chr13	True	0.33	False		Y' Gain	chr13L	True	0.33	False	single_y_prime_change	False	True	False	0.0
SRR33298417.604056	chr7L	Y' Gain	chr13	True	0.33	False		Y' Gain	chr13L	True	0.33	False	single_y_prime_change	False	True	False	0.0
SRR33298417.732247	chr7L	Y' Gain	chr13	True	0.33	False		Y' Gain	chr13L	True	0.33	False	single_y_prime_change	False	True	False	0.0
SRR33298417.768783	chr7L	Y' Gain	chr13	True	0.33	False		Y' Gain	chr13L	True	0.33	False	single_y_prime_change	False	True	False	0.0
SRR33298417.753837	chr7L	Y' Gain	chr13	True	0.33	False		Y' Gain	chr13L	True	0.33	False	single_y_prime_change	False	True	False	0.0
SRR33298417.544866	chr7L	Y' Gain	chr13	True	0.33	False		Y' Gain	chr13L	True	0.33	False	single_y_prime_change	False	True	False	0.0
SRR33298417.383909	chr7L	Y' Gain	chr13	True	0.33	False		Y' Gain	chr13L	True	0.33	False	single_y_prime_change	False	True	False	0.0
SRR33298417.471091	chr7L	Y' Gain	chr13	True	0.33	False		Y' Gain	chr13L	True	0.33	False	single_y_prime_change	False	True	False	0.0
SRR33298417.141002	chr7L	Y' Gain	chr13	True	0.33	False		Y' Gain	chr13L	True	0.33	False	single_y_prime_change	False	True	False	0.0
SRR33298417.374311	chr7L	Y' Gain	chr7	True	0.3	False		Y' Gain	ambiguous	True	0.3	False	single_y_prime_change	False	True	False	0.0
SRR33298417.35045	chr7R	Y' Gain	chr7	True	0.33	False		Y' Gain	ambiguous	True	0.3	False	donor_transfer_candidates:4	False	True	False	-0.03
SRR33298417.700208	chr7R	Y' Gain	chr7	True	0.33	False		Y' Gain	ambiguous	True	0.3	False	donor_transfer_candidates:4	False	True	False	-0.03
SRR33298417.200061	chr7R	Y' Gain	chr7	True	0.33	False		Y' Gain	ambiguous	True	0.3	False	unmatched_array	False	True	False	-0.03
SRR33298417.34943	chr7R	Y' Gain	chr7	True	0.33	False		Y' Gain	chr12R	True	0.33	False	donor_transfer_candidates:2	False	True	False	0.0
SRR33298417.256228	chr7R	Y' Gain	chr7	True	0.33	False		Y' Gain	chr12R	True	0.33	False	donor_transfer_candidates:2	False	True	False	0.0
SRR33298417.737167	chr7R	Y' Gain	chr7	True	0.33	False		Y' Gain	chr12R	True	0.33	False	donor_transfer_candidates:2	False	True	False	0.0
SRR33298417.696388	chr7R	Y' Gain	chr7	True	0.33	False		Y' Gain	chr12R	True	0.33	False	donor_transfer_candidates:2	False	True	False	0.0
SRR33298417.179282	chr7R	Y' Gain	chr7	True	0.33	False		Y' Gain	chr14L	True	0.66	False	donor_transfer	False	True	False	0.33
SRR33298417.446687	chr7R	Y' Gain	chr7	True	0.33	False		Y' Gain	chr12R	True	0.33	False	donor_transfer_candidates:2	False	True	False	0.0
SRR33298417.655966	chr7R	Y' Gain	chr7	True	0.33	False		Y' Gain	ambiguous	True	0.3	False	unmatched_array	False	True	False	-0.03
SRR33298417.610254	chr7R	Y' Gain	chr7	True	0.33	False		Y' Gain	ambiguous	True	0.3	False	donor_transfer_candidates:4	False	True	False	-0.03
SRR33298417.558200	chr7R	Y' Gain	chr7	True	0.33	False		Y' Gain	ambiguous	True	0.3	False	unmatched_array	False	True	False	-0.03
SRR33298417.778473	chr7R	Y' Gain	chr7	True	0.33	False		Y' Gain	chr12R	True	0.33	False	donor_transfer_candidates:2	False	True	False	0.0
SRR33298417.289241	chr7R	Y' Gain	chr7	True	0.33	False		Y' Gain	chr12R	True	0.33	False	donor_transfer_candidates:2	False	True	False	0.0
SRR33298417.778315	chr7R	Y' Gain	chr7	True	0.33	False		Y' Gain	chr12R	True	0.33	False	donor_transfer_candidates:2	False	True	False	0.0
SRR33298417.218423	chr7R	Y' Gain	chr7	True	0.33	False		Y' Gain	chr12R	True	0.33	False	donor_transfer_candidates:2	False	True	False	0.0
SRR33298417.630110	chr7R	Y' Gain	chr7	True	0.33	False		Y' Gain	chr12R	True	0.33	False	donor_transfer_candidates:2	False	True	False	0.0
SRR33298417.49090	chr7R	Y' Gain	chr7	True	0.33	False		Y' Gain	chr12R	True	0.33	False	donor_transfer_candidates:2	False	True	False	0.0
SRR33298417.766813	chr7R	Y' Gain	chr7	True	0.33	False		Y' Gain	chr12R	True	0.33	False	donor_transfer_candidates:2	False	True	False	0.0
SRR33298417.787684	chr7R	Y' Gain	chr7	True	0.33	False		Y' Gain	chr12R	True	0.33	False	donor_transfer_candidates:3	False	True	False	0.0
SRR33298417.721356	chr7R	Y' Gain	chr7	True	0.33	False		Y' Gain	chr12R	True	0.33	False	donor_transfer_candidates:3	False	True	False	0.0
SRR33298417.743277	chr7R	Y' Gain	chr7	True	0.33	False		Y' Gain	ambiguous	True	0.3	False	unmatched_array	False	True	False	-0.03
SRR33298417.61445	chr7R	Y' Gain	chr7	True	0.33	False		Y' Gain	ambiguous	True	0.3	False	unmatched_array	False	True	False	-0.03
SRR33298417.715656	chr7R	Y' Gain	chr7	True	0.33	False		Y' Gain	ambiguous	True	0.3	False	donor_transfer_candidates:4	False	True	False	-0.03
SRR33298417.727084	chr7R	Y' Gain	chr7	True	0.33	False		Y' Gain	ambiguous	True	0.3	False	donor_transfer_candidates:4	False	True	False	-0.03
SRR33298417.195567	chr7R	Y' Gain	chr7	True	0.33	False		Y' Gain	ambiguous	True	0.3	False	donor_transfer_candidates:4	False	True	False	-0.03
SRR33298417.529924	chr7R	Y' Gain	chr7	True	0.33	False		Y' Gain	ambiguous	True	0.3	False	donor_transfer_candidates:4	False	True	False	-0.03
SRR33298417.67082	chr7R	Y' Gain	chr7	True	0.33	False		Y' Gain	ambiguous	True	0.3	False	donor_transfer_candidates:4	False	True	False	-0.03
SRR33298417.704347	chr7R	Y' Gain	chr7	True	0.33	False		Y' Gain	ambiguous	True	0.3	False	donor_transfer_candidates:4	False	True	False	-0.03
SRR33298417.454182	chr7R	Y' Gain	chr14	True	0.33	False		Y' Gain	chr14L	True	0.33	False	unmatched_array	False	True	False	0.0
SRR33298417.581741	chr7R	Y' Gain	chr14	True	0.33	False		Y' Gain	chr14L	True	0.33	False	unmatched_array	False	True	False	0.0
SRR33298417.635018	chr7R	Y' Gain	chr14	True	0.33	False		Y' Gain	chr14L	True	0.33	False	unmatched_array	False	True	False	0.0
SRR33298417.582943	chr7R	Y' Gain	chr14	True	0.33	False		Y' Gain	chr14L	True	0.33	False	unmatched_array	False	True	False	0.0
SRR33298417.117836	chr7R	Y' Gain	chr14	True	0.33	False		Y' Gain	chr14L	True	0.33	False	single_y_prime_change	False	True	False	0.0
SRR33298417.156634	chr7R	Y' Gain	chr14	True	0.33	False		Y' Gain	chr14L	True	0.33	False	single_y_prime_change	False	True	False	0.0
SRR33298417.449508	chr7R	Y' Gain	chr14	True	0.33	False		Y' Gain	chr14L	True	0.33	False	single_y_prime_change	False	True	False	0.0
SRR33298417.594068	chr7R	Y' Gain	chr14	True	0.33	False		Y' Gain	chr14L	True	0.33	False	single_y_prime_change	False	True	False	0.0
SRR33298417.144386	chr7R	Y' Gain	chr14	True	0.33	False		Y' Gain	chr14L	True	0.33	False	single_y_prime_change	False	True	False	0.0
SRR33298417.588335	chr7R	Y' Gain	chr14	True	0.33	False		Y' Gain	chr14L	True	0.33	False	single_y_prime_change	False	True	False	0.0
SRR33298417.83250	chr7R	Y' Gain	chr14	True	0.33	False		Y' Gain	chr14L	True	0.33	False	single_y_prime_change	False	True	False	0.0
SRR33298417.47844	chr7R	Y' Gain	chr14	True	0.33	False		Y' Gain	chr14L	True	0.33	False	single_y_prime_change	False	True	False	0.0
SRR33298417.415936	chr7R	Y' Gain	chr14	True	0.33	False		Y' Gain	chr14L	True	0.33	False	single_y_prime_change	False	True	False	0.0
SRR33298417.461121	chr7R	Y' Gain	chr14	True	0.33	False		Y' Gain	chr14L	True	0.33	False	single_y_prime_change	False	True	False	0.0
SRR33298417.178445	chr7R	Y' Gain	chr14	True	0.33	False		Y' Gain	chr14L	True	0.33	False	single_y_prime_change	False	True	False	0.0
SRR33298417.435937	chr7R	Y' Gain	chr14	True	0.33	False		Y' Gain	chr14L	True	0.33	False	single_y_prime_change	False	True	False	0.0
SRR33298417.369918	chr7R	Y' Gain	chr14	True	0.33	False		Y' Gain	chr14L	True	0.33	False	single_y_prime_change	False	True	False	0.0
SRR33298417.718534	chr7R	Y' Gain	chr14	True	0.33	False		Y' Gain	chr14L	True	0.33	False	single_y_prime_change	False	True	False	0.0
SRR33298417.23362	chr7R	Y' Gain	chr14	True	0.33	False		Y' Gain	chr14L	True	0.33	False	single_y_prime_change	False	True	False	0.0
SRR33298417.330397	chr7R	Y' Gain	chr14	True	0.33	False		Y' Gain	chr14L	True	0.33	False	single_y_prime_change	False	True	False	0.0
SRR33298417.98155	chr7R	Y' Gain	chr14	True	0.33	False		Y' Gain	chr14L	True	0.33	False	single_y_prime_change	False	True	False	0.0
SRR33298417.735494	chr7R	Y' Gain	chr14	True	0.33	False		Y' Gain	chr14L	True	0.33	False	single_y_prime_change	False	True	False	0.0
SRR33298417.182894	chr7R	Y' Gain	chr14	True	0.33	False		Y' Gain	chr14L	True	0.33	False	single_y_prime_change	False	True	False	0.0
SRR33298417.736091	chr7R	Y' Gain	chr14	True	0.33	False		Y' Gain	chr14L	True	0.33	False	single_y_prime_change	False	True	False	0.0
SRR33298417.692692	chr7R	Y' Gain	chr14	True	0.33	False		Y' Gain	chr14L	True	0.33	False	single_y_prime_change	False	True	False	0.0
SRR33298417.748861	chr8L	Y' Gain	chr8	True	0.33	False		Y' Gain	ambiguous	True	0.3	False	donor_transfer_candidates:4	False	True	False	-0.03
SRR33298417.697943	chr8L	1st Y' Change	chr8	True	0.3	False		1st Y' Change	ambiguous	True	0.3	False	unmatched_array	False	True	False	0.0
SRR33298417.777874	chr8L	Y' Gain	chr8	True	0.33	False		Y' Gain	chr14L	True	0.66	False	donor_transfer	False	True	False	0.33
SRR33298417.761833	chr8L	Y' Gain	chr4	True	0.3	False		Y' Gain	chr14L	True	0.66	False	donor_transfer	False	True	False	0.36
SRR33298417.145068	chr8L	1st Y' Change	chr8	True	0.3	False		1st Y' Change	chr12R	True	0.33	False	donor_transfer_candidates:2	False	True	False	0.03
SRR33298417.11379	chr8L	Y' Gain	chr10	True	0.3	False		Y' Gain	chr12R	True	0.33	False	donor_transfer_candidates:2	False	True	False	0.03
SRR33298417.331447	chr8L	Y' Gain	chr8	True	0.33	False		Y' Gain	chr12R	True	0.33	False	donor_transfer_candidates:2	False	True	False	0.0
SRR33298417.556862	chr8L	Y' Gain	chr8	True	0.33	False		Y' Gain	ambiguous	True	0.3	False	unmatched_array	False	True	False	-0.03
SRR33298417.388641	chr8L	Y' Gain	chr8	True	0.33	False		Y' Gain	ambiguous	True	0.3	False	unmatched_array	False	True	False	-0.03
SRR33298417.559957	chr8L	Y' Gain	chr8	True	0.33	False		Y' Gain	chr12R	True	0.33	False	donor_transfer_candidates:2	False	True	False	0.0
SRR33298417.749628	chr8L	Y' Gain	chr8	True	0.33	False		Y' Gain	ambiguous	True	0.3	False	unmatched_array	False	True	False	-0.03
SRR33298417.97531	chr8L	Y' Gain	chr8	True	0.33	False		Y' Gain	ambiguous	True	0.3	False	unmatched_array	False	True	False	-0.03
SRR33298417.568942	chr8L	Y' Gain	chr8	True	0.33	False		Y' Gain	chr12R	True	0.33	False	donor_transfer_candidates:2	False	True	False	0.0
SRR33298417.789385	chr8L	Y' Gain	chr8	True	0.33	False		Y' Gain	chr12R	True	0.33	False	donor_transfer_candidates:2	False	True	False	0.0
SRR33298417.561981	chr8L	Y' Gain	chr8	True	0.33	False		Y' Gain	chr14L	True	0.66	False	donor_transfer	False	True	False	0.33
SRR33298417.688562	chr8L	Y' Gain	chr8	True	0.33	False		Y' Gain	chr14L	True	0.66	False	donor_transfer	False	True	False	0.33
SRR33298417.454988	chr8L	Y' Gain	chr8	True	0.33	False		Y' Gain	ambiguous	True	0.3	False	unmatched_array	False	True	False	-0.03
SRR33298417.686236	chr8L	Y' Gain	chr8	True	0.33	False		Y' Gain	ambiguous	True	0.3	False	unmatched_array	False	True	False	-0.03
SRR33298417.671528	chr8L	Y' Gain	chr8	True	0.33	False		Y' Gain	ambiguous	True	0.3	False	unmatched_array	False	True	False	-0.03
SRR33298417.692887	chr8L	Y' Gain	chr8	True	0.33	False		Y' Gain	ambiguous	True	0.3	False	unmatched_array	False	True	False	-0.03
SRR33298417.449212	chr8L	1st Y' Change	chr8	True	0.3	False		1st Y' Change	chr12R	True	0.33	False	donor_transfer_candidates:2	False	True	False	0.03
SRR33298417.714625	chr8L	Y' Gain	chr8	True	0.33	False		Y' Gain	chr12R	True	0.33	False	donor_transfer_candidates:2	False	True	False	0.0
SRR33298417.683022	chr8L	Y' Gain	chr8	True	0.33	False		Y' Gain	chr12R	True	0.33	False	donor_transfer_candidates:2	False	True	False	0.0
SRR33298417.558244	chr8L	Y' Gain	chr8	True	0.33	False		Y' Gain	chr12R	True	0.33	False	donor_transfer_candidates:2	False	True	False	0.0
SRR33298417.310363	chr8L	Y' Gain	chr8	True	0.33	False		Y' Gain	chr14L	True	0.66	False	donor_transfer	False	True	False	0.33
SRR33298417.725780	chr8L	Y' Gain	chr8	True	0.33	False		Y' Gain	chr14L	True	0.66	False	donor_transfer	False	True	False	0.33
SRR33298417.385176	chr8L	Y' Gain	chr8	True	0.33	False		Y' Gain	chr14L	True	0.66	False	donor_transfer	False	True	False	0.33
SRR33298417.601144	chr8L	Y' Gain	chr8	True	0.33	False		Y' Gain	chr14L	True	0.66	False	donor_transfer	False	True	False	0.33
SRR33298417.182500	chr8L	Y' Gain	chr8	True	0.33	False		Y' Gain	chr14L	True	0.66	False	donor_transfer	False	True	False	0.33
SRR33298417.5274	chr8L	Y' Gain	chr8	True	0.33	False		Y' Gain	ambiguous	True	0.3	False	unmatched_array	False	True	False	-0.03
SRR33298417.654420	chr8L	Y' Gain	chr8	True	0.33	False		Y' Gain	ambiguous	True	0.3	False	unmatched_array	False	True	False	-0.03
SRR33298417.425658	chr8L	Y' Gain	chr8	True	0.33	False		Y' Gain	ambiguous	True	0.3	False	unmatched_array	False	True	False	-0.03
SRR33298417.269702	chr8L	Y' Gain	chr8	True	0.33	False		Y' Gain	chr12R	True	0.33	False	donor_transfer_candidates:3	False	True	False	0.0
SRR33298417.392912	chr8L	Y' Gain	chr8	True	0.33	False		Y' Gain	chr12R	True	0.33	False	donor_transfer_candidates:3	False	True	False	0.0
SRR33298417.714579	chr8L	Y' Gain	chr8	True	0.33	False		Y' Gain	chr12R	True	0.33	False	donor_transfer_candidates:3	False	True	False	0.0
SRR33298417.307415	chr8L	Y' Gain	chr8	True	0.33	False		Y' Gain	chr12R	True	0.33	False	donor_transfer_candidates:3	False	True	False	0.0
SRR33298417.768641	chr8L	Y' Gain	chr8	True	0.33	False		Y' Gain	chr12R	True	0.33	False	donor_transfer_candidates:3	False	True	False	0.0
SRR33298417.352254	chr8L	Y' Gain	chr8	True	0.33	False		Y' Gain	chr12R	True	0.33	False	donor_transfer_candidates:3	False	True	False	0.0
SRR33298417.572768	chr8L	Y' Gain	chr8	True	0.33	False		Y' Gain	chr12R	True	0.33	False	donor_transfer_candidates:3	False	True	False	0.0
SRR33298417.348713	chr8L	Y' Gain	chr8	True	0.33	False		Y' Gain	ambiguous	True	0.3	False	unmatched_array	False	True	False	-0.03
SRR33298417.78091	chr8L	Y' Gain	chr8	True	0.33	False		Y' Gain	ambiguous	True	0.3	False	unmatched_array	False	True	False	-0.03
SRR33298417.465900	chr8L	Y' Gain	chr8	True	0.33	False		Y' Gain	ambiguous	True	0.3	False	unmatched_array	False	True	False	-0.03
SRR33298417.690935	chr8L	Y' Gain	chr8	True	0.33	False		Y' Gain	ambiguous	True	0.3	False	unmatched_array	False	True	False	-0.03
SRR33298417.442581	chr8L	Y' Gain	chr8	True	0.33	False		Y' Gain	ambiguous	True	0.3	False	unmatched_array	False	True	False	-0.03
SRR33298417.505785	chr8L	Y' Gain	chr8	True	0.33	False		Y' Gain	ambiguous	True	0.3	False	unmatched_array	False	True	False	-0.03
SRR33298417.154008	chr8L	Y' Gain	chr8	True	0.33	False		Y' Gain	ambiguous	True	0.3	False	unmatched_array	False	True	False	-0.03
SRR33298417.219891	chr8L	Y' Gain	chr8	True	0.33	False		Y' Gain	ambiguous	True	0.3	False	unmatched_array	False	True	False	-0.03
SRR33298417.584822	chr8L	Y' Gain	chr8	True	0.33	False		Y' Gain	ambiguous	True	0.3	False	donor_transfer_candidates:4	False	True	False	-0.03
SRR33298417.549734	chr8L	Y' Gain	chr8	True	0.33	False		Y' Gain	ambiguous	True	0.3	False	donor_transfer_candidates:4	False	True	False	-0.03
SRR33298417.587397	chr8L	Y' Gain	chr8	True	0.33	False		Y' Gain	ambiguous	True	0.3	False	donor_transfer_candidates:4	False	True	False	-0.03
SRR33298417.783938	chr8L	Y' Gain	chr8	True	0.33	False		Y' Gain	ambiguous	True	0.3	False	donor_transfer_candidates:4	False	True	False	-0.03
SRR33298417.198515	chr8L	Y' Gain	chr8	True	0.33	False		Y' Gain	chr14L	True	0.44	False	donor_transfer	False	True	False	0.11
SRR33298417.559438	chr8L	Y' Gain	chr5	True	0.3	False		Y' Gain	chr14L	True	0.44	False	donor_transfer	False	True	False	0.14
SRR33298417.425072	chr8L	1st Y' Change	chr5	True	0.33	False		1st Y' Change	chr5R	True	0.33	False	unmatched_array	False	True	False	0.0
SRR33298417.619473	chr8L	1st Y' Change	chr5	True	0.33	False		1st Y' Change	chr5R	True	0.33	False	unmatched_array	False	True	False	0.0
SRR33298417.694342	chr8L	Y' Gain	chr8	True	0.33	False		Y' Gain	ambiguous	True	0.3	False	single_y_prime_change	False	True	False	-0.03
SRR33298417.2085	chr8L	Y' Gain	chr8	True	0.33	False		Y' Gain	ambiguous	True	0.3	False	single_y_prime_change	False	True	False	-0.03
SRR33298417.649768	chr8L	Y' Gain	chr8	True	0.33	False		Y' Gain	ambiguous	True	0.3	False	single_y_prime_change	False	True	False	-0.03
SRR33298417.713277	chr8L	Y' Gain	chr8	True	0.33	False		Y' Gain	ambiguous	True	0.3	False	single_y_prime_change	False	True	False	-0.03
SRR33298417.333809	chr8L	Y' Gain	chr8	True	0.33	False		Y' Gain	ambiguous	True	0.3	False	single_y_prime_change	False	True	False	-0.03
SRR33298417.565964	chr8L	Y' Gain	chr8	True	0.33	False		Y' Gain	ambiguous	True	0.3	False	single_y_prime_change	False	True	False	-0.03
SRR33298417.713888	chr8L	Y' Gain	chr8	True	0.33	False		Y' Gain	ambiguous	True	0.3	False	single_y_prime_change	False	True	False	-0.03
SRR33298417.525488	chr8L	Y' Gain	chr8	True	0.33	False		Y' Gain	ambiguous	True	0.3	False	single_y_prime_change	False	True	False	-0.03
SRR33298417.324854	chr8L	Y' Gain	chr8	True	0.33	False		Y' Gain	ambiguous	True	0.3	False	single_y_prime_change	False	True	False	-0.03
SRR33298417.100661	chr8L	Y' Gain	chr8	True	0.33	False		Y' Gain	ambiguous	True	0.3	False	single_y_prime_change	False	True	False	-0.03
SRR33298417.600733	chr8L	Y' Gain	chr8	True	0.33	False		Y' Gain	ambiguous	True	0.3	False	single_y_prime_change	False	True	False	-0.03
SRR33298417.471296	chr8L	Y' Gain	chr8	True	0.33	False		Y' Gain	ambiguous	True	0.3	False	single_y_prime_change	False	True	False	-0.03
SRR33298417.168642	chr8L	Y' Gain	chr8	True	0.33	False		Y' Gain	ambiguous	True	0.3	False	single_y_prime_change	False	True	False	-0.03
SRR33298417.667058	chr8L	Y' Gain	chr8	True	0.33	False		Y' Gain	ambiguous	True	0.3	False	single_y_prime_change	False	True	False	-0.03
SRR33298417.643490	chr8L	Y' Gain	chr8	True	0.33	False		Y' Gain	ambiguous	True	0.3	False	single_y_prime_change	False	True	False	-0.03
SRR33298417.506917	chr8L	Y' Gain	chr8	True	0.33	False		Y' Gain	ambiguous	True	0.3	False	single_y_prime_change	False	True	False	-0.03
SRR33298417.650088	chr8L	Y' Gain	chr8	True	0.33	False		Y' Gain	ambiguous	True	0.3	False	single_y_prime_change	False	True	False	-0.03
SRR33298417.226999	chr8L	Y' Gain	chr8	True	0.33	False		Y' Gain	ambiguous	True	0.3	False	single_y_prime_change	False	True	False	-0.03
SRR33298417.95431	chr8L	Y' Gain	chr8	True	0.33	False		Y' Gain	ambiguous	True	0.3	False	single_y_prime_change	False	True	False	-0.03
SRR33298417.217920	chr8L	Y' Gain	chr8	True	0.33	False		Y' Gain	ambiguous	True	0.3	False	single_y_prime_change	False	True	False	-0.03
SRR33298417.331885	chr8L	Y' Gain	chr8	True	0.33	False		Y' Gain	ambiguous	True	0.3	False	single_y_prime_change	False	True	False	-0.03
SRR33298417.249783	chr8L	Y' Gain	chr8	True	0.33	False		Y' Gain	ambiguous	True	0.3	False	single_y_prime_change	False	True	False	-0.03
SRR33298417.787688	chr8L	Y' Gain	chr8	True	0.33	False		Y' Gain	ambiguous	True	0.3	False	single_y_prime_change	False	True	False	-0.03
SRR33298417.269289	chr8L	Y' Gain	chr8	True	0.33	False		Y' Gain	ambiguous	True	0.3	False	single_y_prime_change	False	True	False	-0.03
SRR33298417.642538	chr8L	Y' Gain	chr8	True	0.33	False		Y' Gain	ambiguous	True	0.3	False	single_y_prime_change	False	True	False	-0.03
SRR33298417.209694	chr8L	Y' Gain	chr8	True	0.33	False		Y' Gain	ambiguous	True	0.3	False	single_y_prime_change	False	True	False	-0.03
SRR33298417.722190	chr8L	Y' Gain	chr8	True	0.33	False		Y' Gain	ambiguous	True	0.3	False	single_y_prime_change	False	True	False	-0.03
SRR33298417.230718	chr8L	Y' Gain	chr8	True	0.33	False		Y' Gain	ambiguous	True	0.3	False	single_y_prime_change	False	True	False	-0.03
SRR33298417.126886	chr8L	Y' Gain	chr8	True	0.33	False		Y' Gain	ambiguous	True	0.3	False	single_y_prime_change	False	True	False	-0.03
SRR33298417.119167	chr8L	Y' Gain	chr8	True	0.33	False		Y' Gain	ambiguous	True	0.3	False	single_y_prime_change	False	True	False	-0.03
SRR33298417.62382	chr8L	Y' Gain	chr8	True	0.33	False		Y' Gain	ambiguous	True	0.3	False	single_y_prime_change	False	True	False	-0.03
SRR33298417.20563	chr8L	Y' Gain	chr8	True	0.33	False		Y' Gain	ambiguous	True	0.3	False	single_y_prime_change	False	True	False	-0.03
SRR33298417.64213	chr8L	Y' Gain	chr8	True	0.33	False		Y' Gain	ambiguous	True	0.3	False	single_y_prime_change	False	True	False	-0.03
SRR33298417.479027	chr8L	Y' Gain	chr8	True	0.33	False		Y' Gain	ambiguous	True	0.3	False	single_y_prime_change	False	True	False	-0.03
SRR33298417.290829	chr8L	Y' Gain	chr8	True	0.33	False		Y' Gain	ambiguous	True	0.3	False	single_y_prime_change	False	True	False	-0.03
SRR33298417.131457	chr8L	Y' Gain	chr8	True	0.33	False		Y' Gain	ambiguous	True	0.3	False	single_y_prime_change	False	True	False	-0.03
SRR33298417.388933	chr8L	Y' Gain	chr8	True	0.33	False		Y' Gain	ambiguous	True	0.3	False	single_y_prime_change	False	True	False	-0.03
SRR33298417.208952	chr8L	Y' Gain	chr8	True	0.33	False		Y' Gain	ambiguous	True	0.3	False	single_y_prime_change	False	True	False	-0.03
SRR33298417.67028	chr8L	Y' Gain	chr8	True	0.33	False		Y' Gain	ambiguous	True	0.3	False	single_y_prime_change	False	True	False	-0.03
SRR33298417.307197	chr8L	Y' Gain	chr8	True	0.33	False		Y' Gain	ambiguous	True	0.3	False	single_y_prime_change	False	True	False	-0.03
SRR33298417.557421	chr8L	Y' Gain	chr8	True	0.33	False		Y' Gain	ambiguous	True	0.3	False	single_y_prime_change	False	True	False	-0.03
SRR33298417.495166	chr8L	Y' Gain	chr8	True	0.33	False		Y' Gain	ambiguous	True	0.3	False	single_y_prime_change	False	True	False	-0.03
SRR33298417.215662	chr8L	Y' Gain	chr8	True	0.33	False		Y' Gain	ambiguous	True	0.3	False	single_y_prime_change	False	True	False	-0.03
SRR33298417.345235	chr8L	Y' Gain	chr8	True	0.33	False		Y' Gain	ambiguous	True	0.3	False	single_y_prime_change	False	True	False	-0.03
SRR33298417.592216	chr8L	Y' Gain	chr8	True	0.33	False		Y' Gain	ambiguous	True	0.3	False	single_y_prime_change	False	True	False	-0.03
SRR33298417.536273	chr8L	Y' Gain	chr8	True	0.33	False		Y' Gain	ambiguous	True	0.3	False	single_y_prime_change	False	True	False	-0.03
SRR33298417.407853	chr8L	Y' Gain	chr8	True	0.33	False		Y' Gain	ambiguous	True	0.3	False	single_y_prime_change	False	True	False	-0.03
SRR33298417.543120	chr8L	Y' Gain	chr8	True	0.33	False		Y' Gain	ambiguous	True	0.3	False	single_y_prime_change	False	True	False	-0.03
SRR33298417.51919	chr8L	Y' Gain	chr8	True	0.33	False		Y' Gain	ambiguous	True	0.3	False	single_y_prime_change	False	True	False	-0.03
SRR33298417.409183	chr8L	Y' Gain	chr8	True	0.33	False		Y' Gain	ambiguous	True	0.3	False	single_y_prime_change	False	True	False	-0.03
SRR33298417.185276	chr8L	Y' Gain	chr8	True	0.33	False		Y' Gain	ambiguous	True	0.3	False	single_y_prime_change	False	True	False	-0.03
SRR33298417.13118	chr8L	Y' Gain	chr8	True	0.33	False		Y' Gain	ambiguous	True	0.3	False	single_y_prime_change	False	True	False	-0.03
SRR33298417.266499	chr8L	Y' Gain	chr8	True	0.33	False		Y' Gain	ambiguous	True	0.3	False	single_y_prime_change	False	True	False	-0.03
SRR33298417.585522	chr8L	Y' Gain	chr8	True	0.33	False		Y' Gain	ambiguous	True	0.3	False	single_y_prime_change	False	True	False	-0.03
SRR33298417.537244	chr8L	Y' Gain	chr8	True	0.33	False		Y' Gain	ambiguous	True	0.3	False	single_y_prime_change	False	True	False	-0.03
SRR33298417.760418	chr8L	Y' Gain	chr8	True	0.33	False		Y' Gain	ambiguous	True	0.3	False	single_y_prime_change	False	True	False	-0.03
SRR33298417.585351	chr8L	Y' Gain	chr8	True	0.33	False		Y' Gain	ambiguous	True	0.3	False	single_y_prime_change	False	True	False	-0.03
SRR33298417.384935	chr8L	Y' Gain	chr8	True	0.33	False		Y' Gain	ambiguous	True	0.3	False	single_y_prime_change	False	True	False	-0.03
SRR33298417.20815	chr8L	Y' Gain	chr8	True	0.33	False		Y' Gain	ambiguous	True	0.3	False	single_y_prime_change	False	True	False	-0.03
SRR33298417.562624	chr8R	1st Y' Change	chr8	True	0.3	False		1st Y' Change	ambiguous	True	0.3	False	unmatched_array	False	True	False	0.0
SRR33298417.171655	chr8R	Y' Gain	chr12	True	0.33	False		Y' Gain	chr12R	True	0.33	False	donor_transfer_candidates:2	False	True	False	0.0
SRR33298417.605641	chr8R	Y' Gain	chr12	True	0.33	False		Y' Gain	chr12R	True	0.33	False	donor_transfer_candidates:2	False	True	False	0.0
SRR33298417.95416	chr8R	Y' Gain	chr12	True	0.33	False		Y' Gain	chr12R	True	0.33	False	donor_transfer_candidates:2	False	True	False	0.0
SRR33298417.785366	chr8R	Y' Gain	chr8	True	0.33	False		Y' Gain	chr12R	True	0.33	False	donor_transfer_candidates:2	False	True	False	0.0
SRR33298417.638613	chr8R	Y' Gain	chr12	True	0.33	False		Y' Gain	chr12L	True	0.33	False	unmatched_array	False	True	False	0.0
SRR33298417.495942	chr8R	Y' Gain	chr12	True	0.33	False		Y' Gain	chr12R	True	0.33	False	donor_transfer_candidates:2	False	True	False	0.0
SRR33298417.745403	chr8R	Y' Gain	chr4	True	0.3	False		Y' Gain	chr14L	True	0.66	False	donor_transfer	False	True	False	0.36
SRR33298417.738739	chr8R	Y' Gain	chr12	True	0.33	False		Y' Gain	chr12L	True	0.33	False	unmatched_array	False	True	False	0.0
SRR33298417.454034	chr8R	Y' Gain	chr12	True	0.33	False		Y' Gain	chr14L	True	0.66	False	donor_transfer	False	True	False	0.33
SRR33298417.300775	chr8R	Y' Gain	chr12	True	0.33	False		Y' Gain	chr14L	True	0.66	False	donor_transfer	False	True	False	0.33
SRR33298417.159159	chr8R	Y' Gain	chr12	True	0.33	False		Y' Gain	chr14L	True	0.44	False	donor_transfer	False	True	False	0.11
SRR33298417.170760	chr8R	Y' Gain	chr12	True	0.33	False		Y' Gain	chr14L	True	0.44	False	donor_transfer	False	True	False	0.11
SRR33298417.556501	chr8R	Y' Gain	chr12	True	0.33	False		Y' Gain	chr12L	True	0.33	False	unmatched_array	False	True	False	0.0
SRR33298417.168886	chr8R	Y' Gain	chr12	True	0.33	False		Y' Gain	chr12L	True	0.33	False	donor_transfer_candidates:4	False	True	False	0.0
SRR33298417.578640	chr8R	Y' Gain	chr16	True	0.3	False		Y' Gain	chr14L	True	0.44	False	donor_transfer	False	True	False	0.14
SRR33298417.620277	chr8R	Y' Gain	chr16	True	0.3	False		Y' Gain	chr14L	True	0.44	False	donor_transfer	False	True	False	0.14
SRR33298417.170855	chr8R	1st Y' Change	chr14	True	0.33	False		1st Y' Change	chr14L	True	0.33	False	donor_transfer_candidates:4	False	True	False	0.0
SRR33298417.83263	chr9L	Y' Gain	chr9	True	0.33	False		Y' Gain	ambiguous	True	0.3	False	donor_transfer_candidates:4	False	True	False	-0.03
SRR33298417.450931	chr9L	1st Y' Change	chr9	True	0.3	False		1st Y' Change	chr14L	True	0.44	False	donor_transfer	False	True	False	0.14
SRR33298417.529711	chr9L	Y' Gain	chr9	True	0.33	False		Y' Gain	ambiguous	True	0.3	False	unmatched_array	False	True	False	-0.03
SRR33298417.26791	chr9L	Y' Gain	chr9	True	0.33	False		Y' Gain	ambiguous	True	0.3	False	unmatched_array	False	True	False	-0.03
SRR33298417.648213	chr9L	Y' Gain	chr9	True	0.33	False		Y' Gain	ambiguous	True	0.3	False	unmatched_array	False	True	False	-0.03
SRR33298417.603863	chr9L	Y' Gain	chr9	True	0.33	False		Y' Gain	ambiguous	True	0.3	False	unmatched_array	False	True	False	-0.03
SRR33298417.567471	chr9L	Y' Gain	chr9	True	0.33	False		Y' Gain	ambiguous	True	0.3	False	unmatched_array	False	True	False	-0.03
SRR33298417.164988	chr9L	Y' Gain	chr9	True	0.33	False		Y' Gain	ambiguous	True	0.3	False	unmatched_array	False	True	False	-0.03
SRR33298417.156683	chr9L	Y' Gain	chr9	True	0.33	False		Y' Gain	ambiguous	True	0.3	False	unmatched_array	False	True	False	-0.03
SRR33298417.639542	chr9L	1st Y' Change	chr9	True	0.3	False		1st Y' Change	chr12R	True	0.33	False	donor_transfer_candidates:2	False	True	False	0.03
SRR33298417.714534	chr9L	Y' Gain	chr9	True	0.33	False		Y' Gain	chr12R	True	0.33	False	donor_transfer_candidates:2	False	True	False	0.0
SRR33298417.725895	chr9L	Y' Gain	chr9	True	0.33	False		Y' Gain	ambiguous	True	0.3	False	unmatched_array	False	True	False	-0.03
SRR33298417.200892	chr9L	Y' Gain	chr9	True	0.33	False		Y' Gain	ambiguous	True	0.3	False	unmatched_array	False	True	False	-0.03
SRR33298417.288219	chr9L	Y' Gain	chr9	True	0.33	False		Y' Gain	chr12R	True	0.33	False	donor_transfer_candidates:2	False	True	False	0.0
SRR33298417.769369	chr9L	Y' Gain	chr9	True	0.33	False		Y' Gain	chr14L	True	0.66	False	donor_transfer	False	True	False	0.33
SRR33298417.762731	chr9L	Y' Gain	chr9	True	0.33	False		Y' Gain	ambiguous	True	0.3	False	unmatched_array	False	True	False	-0.03
SRR33298417.610781	chr9L	Y' Gain	chr9	True	0.33	False		Y' Gain	ambiguous	True	0.3	False	unmatched_array	False	True	False	-0.03
SRR33298417.742589	chr9L	Y' Gain	chr12	True	0.3	False		Y' Gain	chr12R	True	0.33	False	donor_transfer_candidates:3	False	True	False	0.03
SRR33298417.511311	chr9L	1st Y' Change	chr12	True	0.3	False		1st Y' Change	chr12R	True	0.33	False	donor_transfer_candidates:2	False	True	False	0.03
SRR33298417.236136	chr9L	1st Y' Change	chr12	True	0.33	False		1st Y' Change	chr12L	True	0.33	False	unmatched_array	False	True	False	0.0
SRR33298417.91169	chr9R	Y' Gain	chr12R	True	0.2115	True		Y' Gain	chr10L	True	0.4936	True	subtelomere_switch	False	True	False	0.282
SRR33298417.450076	chr9R	Y' Gain	chr12R	True	-0.0025	True		Y' Gain	chr14L	True	-0.0025	True	subtelomere_switch	False	True	False	0.0
SRR33298417.446620	chr9R	Y' Gain	chr12R	True	-0.0012	True		Y' Gain	chr14L	True	-0.0012	True	subtelomere_switch	False	True	False	0.0
SRR33298417.454165	chr9R	Y' Gain	chr4R	True	0.0064	True		Y' Gain	chr14L	True	0.0064	True	subtelomere_switch	False	True	False	0.0
SRR33298417.322805	chr9R	Y' Gain	chr12R	True	-0.0004	True		Y' Gain	chr14L	True	-0.0004	True	subtelomere_switch	False	True	False	0.0
SRR33298417.160298	chr9R	Y' Gain	chr12R	True	0.2594	True		Y' Gain	chr14R	True	0.6051	True	subtelomere_switch	False	True	False	0.346
SRR33298417.633010	chr9R	Y' Gain	chr9	True	0.3	False		Y' Gain	chr12R	True	0.33	False	donor_transfer_candidates:2	False	True	False	0.03
SRR33298417.48377	chr9R	Y' Gain	chr12R	True	0.2196	True		Y' Gain	chr5R	True	0.5123	True	subtelomere_switch	False	True	False	0.293
SRR33298417.695811	chr9R	Y' Gain	chr9	True	0.3	False		Y' Gain	chr14L	True	0.44	False	donor_transfer	False	True	False	0.14
SRR33298417.171653	chr9R	Y' Gain	chr12R	True	0.2171	True		Y' Gain	chr10L	True	0.5065	True	subtelomere_switch	False	True	False	0.289
SRR33298417.737699	chr9R	Y' Gain	chr9	True	0.3	False		Y' Gain	chr12R	True	0.33	False	donor_transfer_candidates:2	False	True	False	0.03
SRR33298417.531671	chr9R	Y' Gain	chr9	True	0.3	False		Y' Gain	chr14L	True	0.66	False	donor_transfer	False	True	False	0.36
SRR33298417.589182	chr9R	Y' Gain	chr12R	True	0.0039	True		Y' Gain	chr14L	True	0.0039	True	subtelomere_switch	False	True	False	0.0
SRR33298417.463123	chr9R	Y' Gain	chr9	True	0.3	False		Y' Gain	chr14L	True	0.66	False	donor_transfer	False	True	False	0.36
SRR33298417.333533	chr9R	Y' Gain	chr9	True	0.3	False		Y' Gain	chr14L	True	0.66	False	donor_transfer	False	True	False	0.36
SRR33298417.42730	chr9R	Y' Gain	chr9	True	0.3	False		Y' Gain	chr14L	True	0.44	False	donor_transfer	False	True	False	0.14
SRR33298417.101662	chr9R	Y' Gain	chr9	True	0.3	False		Y' Gain	chr14L	True	0.44	False	donor_transfer	False	True	False	0.14
SRR33298417.236065	chr9R	Y' Gain	chr9	True	0.3	False		Y' Gain	chr12R	True	0.33	False	donor_transfer_candidates:2	False	True	False	0.03
SRR33298417.333595	chr9R	Y' Gain	chr9	True	0.3	False		Y' Gain	ambiguous	True	0.3	False	donor_transfer_candidates:4	False	True	False	0.0
SRR33298417.638312	chr9R	Y' Gain	chr9	True	0.3	False		Y' Gain	chr14L	True	0.66	False	donor_transfer	False	True	False	0.36
SRR33298417.773794	chr9R	Y' Gain	chr12R	True	0.0067	True		Y' Gain	chr14L	True	0.0067	True	subtelomere_switch	False	True	False	0.0
SRR33298417.561284	chr9R	Y' Gain	chr9	True	0.3	False		Y' Gain	ambiguous	True	0.3	False	unmatched_array	False	True	False	0.0
SRR33298417.191451	chr9R	Y' Gain	chr9	True	0.3	False		Y' Gain	ambiguous	True	0.3	False	donor_transfer_candidates:4	False	True	False	0.0
SRR33298417.698290	chr9R	Y' Gain	chr9	True	0.3	False		Y' Gain	ambiguous	True	0.3	False	unmatched_array	False	True	False	0.0
SRR33298417.678181	chr9R	Y' Gain	chr9	True	0.3	False		Y' Gain	chr14L	True	0.66	False	donor_transfer	False	True	False	0.36
SRR33298417.688325	chr9R	Y' Gain	chr9	True	0.3	False		Y' Gain	ambiguous	True	0.3	False	unmatched_array	False	True	False	0.0
SRR33298417.549122	chr9R	Y' Gain	chr9	True	0.3	False		Y' Gain	chr14L	True	0.66	False	donor_transfer	False	True	False	0.36
SRR33298417.522958	chr9R	Y' Gain	chr9	True	0.3	False		Y' Gain	chr14L	True	0.66	False	donor_transfer	False	True	False	0.36
SRR33298417.346219	chr9R	Y' Gain	chr9	True	0.3	False		Y' Gain	ambiguous	True	0.3	False	donor_transfer_candidates:4	False	True	False	0.0
SRR33298417.389702	chr9R	Y' Gain	chr9	True	0.3	False		Y' Gain	ambiguous	True	0.3	False	donor_transfer_candidates:4	False	True	False	0.0
SRR33298417.639553	chr9R	Y' Gain	chr9	True	0.3	False		Y' Gain	chr14L	True	0.44	False	donor_transfer	False	True	False	0.14
SRR33298417.308368	chr9R	Y' Gain	chr9	True	0.33	False		Y' Gain	ambiguous	True	0.3	False	donor_transfer_candidates:4	False	True	False	-0.03
SRR33298417.442774	chr9R	Y' Gain	chr9	True	0.33	False		Y' Gain	ambiguous	True	0.3	False	donor_transfer_candidates:4	False	True	False	-0.03
SRR33298417.93181	chr9R	Y' Gain	chr9	True	0.3	False		Y' Gain	ambiguous	True	0.3	False	unmatched_array	False	True	False	0.0
SRR33298417.387503	chr9R	Y' Gain	chr9	True	0.0037	False		Y' Gain	chr12R	True	0.0041	False	subtelomere_switch	False	True	False	0.0
SRR33298417.749066	chr9R	Y' Gain	chr9	True	0.3	False		Y' Gain	ambiguous	True	0.3	False	unmatched_array	False	True	False	0.0
SRR33298417.171060	chr9R	Y' Gain	chr9	True	0.3	False		Y' Gain	chr14L	True	0.66	False	donor_transfer	False	True	False	0.36
SRR33298417.114949	chr9R	Y' Gain	chr9	True	0.3	False		Y' Gain	chr14L	True	0.66	False	donor_transfer	False	True	False	0.36
SRR33298417.354960	chr9R	Y' Gain	chr9	True	0.3	False		Y' Gain	chr14L	True	0.44	False	donor_transfer	False	True	False	0.14
SRR33298417.733821	chr9R	Y' Gain	chr9	True	0.3	False		Y' Gain	ambiguous	True	0.3	False	unmatched_array	False	True	False	0.0
SRR33298417.687016	chr9R	Y' Gain	chr9	True	0.3	False		Y' Gain	ambiguous	True	0.3	False	unmatched_array	False	True	False	0.0
SRR33298417.499415	chr9R	Y' Gain	chr14	True	0.33	False		Y' Gain	chr14L	True	0.33	False	unmatched_array	False	True	False	0.0
SRR33298417.611210	chr9R	Y' Gain	chr14	True	0.33	False		Y' Gain	chr14L	True	0.33	False	donor_transfer_candidates:4	False	True	False	0.0
SRR33298417.376464	chr9R	Y' Gain	chr14	True	0.0072	False		Y' Gain	chr14L	True	0.0072	False	subtelomere_switch	False	True	False	0.0
SRR33298417.349358	chr9R	Y' Gain	chr14	True	0.33	False		Y' Gain	chr14R	True	0.33	False	unmatched_array	False	True	False	0.0
SRR33298417.735940	chr9R	Y' Gain	chr14	True	0.3	False		Y' Gain	chr14L	True	0.44	False	donor_transfer	False	True	False	0.14
SRR33298417.127921	chr9R	Y' Gain	chr14	True	0.3	False		Y' Gain	chr14L	True	0.44	False	donor_transfer	False	True	False	0.14
SRR33298417.10213	chr9R	Y' Gain	chr14	True	0.3	False		Y' Gain	chr14L	True	0.44	False	donor_transfer	False	True	False	0.14
SRR33298417.559226	chr9R	Y' Gain	chr14	True	0.33	False		Y' Gain	chr14L	True	0.44	False	donor_transfer	False	True	False	0.11
SRR33298417.695328	chr9R	Y' Gain	chr14	True	0.3	False		Y' Gain	chr14L	True	0.44	False	donor_transfer	False	True	False	0.14
SRR33298417.291633	chr9R	Y' Gain	chr14	True	0.3	False		Y' Gain	chr14L	True	0.44	False	donor_transfer	False	True	False	0.14
SRR33298417.330720	chr9R	Y' Gain	chr14	True	0.3	False		Y' Gain	chr14L	True	0.44	False	donor_transfer	False	True	False	0.14
SRR33298417.598782	chr9R	Y' Gain	chr14	True	0.3	False		Y' Gain	chr14L	True	0.44	False	donor_transfer	False	True	False	0.14
SRR33298417.686198	chr9R	Y' Gain	chr14	True	0.3	False		Y' Gain	chr14L	True	0.44	False	donor_transfer	False	True	False	0.14
SRR33298417.459706	chr9R	Y' Gain	chr14	True	0.33	False		Y' Gain	chr14L	True	0.33	False	single_y_prime_change	False	True	False	0.0
SRR33298417.461858	chr9R	Y' Gain	chr14	True	0.33	False		Y' Gain	chr14L	True	0.33	False	single_y_prime_change	False	True	False	0.0
SRR33298417.691063	chr9R	Y' Gain	chr14	True	0.0024	False		Y' Gain	chr14L	True	0.0024	False	subtelomere_switch	False	True	False	0.0
SRR33298417.751878	chr9R	Y' Gain	chr14	True	0.004	False		Y' Gain	chr14L	True	0.004	False	subtelomere_switch	False	True	False	0.0
SRR33298417.384929	chr9R	Y' Gain	chr14	True	0.33	False		Y' Gain	chr14L	True	0.33	False	single_y_prime_change	False	True	False	0.0
SRR33298417.368493	chr9R	Y' Gain	chr14	True	0.33	False		Y' Gain	chr14L	True	0.33	False	single_y_prime_change	False	True	False	0.0
SRR33298417.582399	chr9R	Y' Gain	chr14	True	0.33	False		Y' Gain	chr14L	True	0.33	False	single_y_prime_change	False	True	False	0.0
SRR33298417.509382	chr9R	Y' Gain	chr14	True	0.0036	False		Y' Gain	chr14L	True	0.0036	False	subtelomere_switch	False	True	False	0.0
SRR33298417.181028	chr9R	Y' Gain	chr14	True	0.33	False		Y' Gain	chr14R	True	0.33	False	single_y_prime_change	False	True	False	0.0
SRR33298417.599411	chr9R	Y' Gain	chr14	True	0.33	False		Y' Gain	chr14R	True	0.33	False	single_y_prime_change	False	True	False	0.0
SRR33298417.30899	chr9R	Y' Gain	chr14	True	0.0127	False		Y' Gain	chr14R	True	0.0127	False	subtelomere_switch	False	True	False	0.0
SRR33298417.123986	chr9R	Y' Gain	chr14	True	0.33	False		Y' Gain	chr14L	True	0.33	False	single_y_prime_change	False	True	False	0.0
SRR33298417.548050	chr9R	Y' Gain	chr14	True	0.33	False		Y' Gain	chr14L	True	0.33	False	single_y_prime_change	False	True	False	0.0
SRR33298417.390214	chr9R	Y' Gain	chr14	True	0.33	False		Y' Gain	chr14R	True	0.33	False	single_y_prime_change	False	True	False	0.0
SRR33298417.372346	chr9R	Y' Gain	chr14	True	0.33	False		Y' Gain	chr14L	True	0.33	False	single_y_prime_change	False	True	False	0.0
SRR33298417.319753	chr9R	Y' Gain	chr6	True	0.33	False		Y' Gain	chr6L	True	0.33	False	single_y_prime_change	False	True	False	0.0
SRR33298417.215056	chr9R	Y' Gain	chr13	True	0.33	False		Y' Gain	chr13L	True	0.33	False	single_y_prime_change	False	True	False	0.0
SRR33298417.553114	chr9R	Y' Gain	chr13	True	0.33	False		Y' Gain	chr13L	True	0.33	False	single_y_prime_change	False	True	False	0.0
SRR33298417.151053	chr9R	Y' Gain	chr13	True	0.33	False		Y' Gain	chr13L	True	0.33	False	single_y_prime_change	False	True	False	0.0
SRR33298417.51256	chr9R	Y' Gain	chr13	True	0.33	False		Y' Gain	chr13L	True	0.33	False	single_y_prime_change	False	True	False	0.0
SRR33298417.173490	chr9R	Y' Gain	chr13	True	0.33	False		Y' Gain	chr13L	True	0.33	False	single_y_prime_change	False	True	False	0.0
SRR33298417.94873	chr9R	Y' Gain	chr13	True	0.33	False		Y' Gain	chr13L	True	0.33	False	single_y_prime_change	False	True	False	0.0
SRR33298417.746688	chr9R	Y' Gain	chr13	True	0.33	False		Y' Gain	chr13L	True	0.33	False	single_y_prime_change	False	True	False	0.0
SRR33298417.49774	chr9R	Y' Gain	chr13	True	0.33	False		Y' Gain	chr13L	True	0.33	False	single_y_prime_change	False	True	False	0.0
SRR33298417.70098	chr9R	Y' Gain	chr13	True	0.0045	False		Y' Gain	chr13L	True	0.0045	False	subtelomere_switch	False	True	False	0.0
SRR33298417.655816	chr9R	Y' Gain	chr13	True	0.33	False		Y' Gain	chr13L	True	0.33	False	single_y_prime_change	False	True	False	0.0
SRR33298417.353327	chr9R	Y' Gain	chr13	True	0.33	False		Y' Gain	chr13L	True	0.33	False	single_y_prime_change	False	True	False	0.0
SRR33298417.362336	chr9R	Y' Gain	chr13	True	0.33	False		Y' Gain	chr13L	True	0.33	False	single_y_prime_change	False	True	False	0.0
SRR33298417.649649	chr9R	Y' Gain	chr13	True	0.33	False		Y' Gain	chr13L	True	0.33	False	single_y_prime_change	False	True	False	0.0
SRR33298417.577191	chr9R	Y' Gain	chr13	True	0.33	False		Y' Gain	chr13L	True	0.33	False	single_y_prime_change	False	True	False	0.0
SRR33298417.316765	chr9R	Y' Gain	chr13	True	0.33	False		Y' Gain	chr13L	True	0.33	False	single_y_prime_change	False	True	False	0.0
SRR33298417.515385	chr9R	Y' Gain	chr13	True	0.33	False		Y' Gain	chr13L	True	0.33	False	single_y_prime_change	False	True	False	0.0
SRR33298417.167682	chr9R	Y' Gain	chr13	True	0.33	False		Y' Gain	chr13L	True	0.33	False	single_y_prime_change	False	True	False	0.0
