read_id	chr_end	y_prime_recombination_status_a	recombination_source_a	recombination_detected_a	overall_confidence_a	is_complex_event_a	recombination_mechanism_a	y_prime_recombination_status_b	recombination_source_b	recombination_detected_b	overall_confidence_b	is_complex_event_b	recombination_mechanism_b	status_changed	source_changed	detected_changed	dconf
SRR33298422.181276	chr10L	Y' Gain	chr10	True	0.33	False		Y' Gain	chr14L	True	0.66	False	donor_transfer	False	True	False	0.33
SRR33298422.406204	chr10L	Y' Gain	chr10	True	0.33	False		Y' Gain	ambiguous	True	0.3	False	donor_transfer_candidates:4	False	True	False	-0.03
SRR33298422.185240	chr10L	Y' Gain	chr10	True	0.33	False		Y' Gain	ambiguous	True	0.3	False	donor_transfer_candidates:4	False	True	False	-0.03
SRR33298422.474337	chr10L	Y' Gain	chr10	True	0.33	False		Y' Gain	ambiguous	True	0.3	False	donor_transfer_candidates:4	False	True	False	-0.03
SRR33298422.542467	chr10L	Y' Gain	chr10	True	0.33	False		Y' Gain	chr12R	True	0.33	False	donor_transfer_candidates:2	False	True	False	0.0
SRR33298422.469424	chr10L	Y' Gain	chr10	True	0.33	False		Y' Gain	chr12R	True	0.33	False	donor_transfer_candidates:2	False	True	False	0.0
SRR33298422.462080	chr10L	Y' Gain	chr10	True	-0.0154	False		Y' Gain	chr12R	True	-0.0154	False	subtelomere_switch	False	True	False	0.0
SRR33298422.40323	chr10L	Y' Gain	chr10	True	0.33	False		Y' Gain	chr12R	True	0.33	False	donor_transfer_candidates:2	False	True	False	0.0
SRR33298422.42297	chr10L	Y' Gain	chr10	True	0.33	False		Y' Gain	chr12R	True	0.33	False	donor_transfer_candidates:2	False	True	False	0.0
SRR33298422.110194	chr10L	Y' Gain	chr10	True	0.33	False		Y' Gain	chr12R	True	0.33	False	donor_transfer_candidates:2	False	True	False	0.0
SRR33298422.638127	chr10L	1st Y' Change	chr10	True	0.3	False		1st Y' Change	chr12R	True	0.33	False	donor_transfer_candidates:2	False	True	False	0.03
SRR33298422.353293	chr10L	Y' Gain	chr10	True	0.33	False		Y' Gain	chr12R	True	0.33	False	donor_transfer_candidates:2	False	True	False	0.0
SRR33298422.315472	chr10L	Y' Gain	chr10	True	0.33	False		Y' Gain	chr12R	True	0.33	False	donor_transfer_candidates:2	False	True	False	0.0
SRR33298422.539207	chr10L	Y' Gain	chr10	True	0.33	False		Y' Gain	chr12R	True	0.33	False	donor_transfer_candidates:2	False	True	False	0.0
SRR33298422.449375	chr10L	Y' Gain	chr10	True	0.33	False		Y' Gain	chr12R	True	0.33	False	donor_transfer_candidates:2	False	True	False	0.0
SRR33298422.121891	chr10L	Y' Gain	chr10	True	0.33	False		Y' Gain	chr12R	True	0.33	False	donor_transfer_candidates:2	False	True	False	0.0
SRR33298422.446550	chr10L	Y' Gain	chr10	True	0.33	False		Y' Gain	chr12R	True	0.33	False	donor_transfer_candidates:3	False	True	False	0.0
SRR33298422.143477	chr10L	Y' Gain	chr10	True	0.33	False		Y' Gain	chr12R	True	0.33	False	donor_transfer_candidates:3	False	True	False	0.0
SRR33298422.494930	chr10L	Y' Gain	chr10	True	0.33	False		Y' Gain	chr12R	True	0.33	False	donor_transfer_candidates:3	False	True	False	0.0
SRR33298422.159769	chr10L	Y' Gain	chr10	True	0.33	False		Y' Gain	chr12R	True	0.33	False	donor_transfer_candidates:3	False	True	False	0.0
SRR33298422.276136	chr10L	Y' Gain	chr10	True	0.33	False		Y' Gain	ambiguous	True	0.3	False	unmatched_array	False	True	False	-0.03
SRR33298422.632334	chr10R	Y' Gain	chr12R	True	-0.0002	True		Y' Gain	chr14L	True	-0.0002	True	subtelomere_switch	False	True	False	0.0
SRR33298422.523900	chr10R	Y' Gain	chr12R	True	-0.0001	True		Y' Gain	chr14L	True	-0.0001	True	subtelomere_switch	False	True	False	0.0
SRR33298422.43425	chr10R	Y' Gain	chr12R	True	-0.0032	True		Y' Gain	chr14L	True	-0.0032	True	subtelomere_switch	False	True	False	0.0
SRR33298422.42914	chr10R	Y' Gain	chr10	True	0.3	False		Y' Gain	chr12R	True	0.33	False	donor_transfer_candidates:2	False	True	False	0.03
SRR33298422.274081	chr10R	Y' Gain	chr10	True	0.3	False		Y' Gain	ambiguous	True	0.3	False	unmatched_array	False	True	False	0.0
SRR33298422.439041	chr10R	Y' Gain	chr10	True	0.3	False		Y' Gain	chr14L	True	0.66	False	donor_transfer	False	True	False	0.36
SRR33298422.45891	chr10R	Y' Gain	chr10	True	0.0013	False		Y' Gain	chr12R	True	0.0014	False	subtelomere_switch	False	True	False	0.0
SRR33298422.453428	chr10R	Y' Gain	chr10	True	0.3	False		Y' Gain	ambiguous	True	0.3	False	donor_transfer_candidates:4	False	True	False	0.0
SRR33298422.337141	chr10R	Y' Gain	chr10	True	0.3	False		Y' Gain	chr12R	True	0.33	False	donor_transfer_candidates:3	False	True	False	0.03
SRR33298422.494801	chr10R	Y' Gain	chr14	True	0.3	False		Y' Gain	chr14L	True	0.44	False	donor_transfer	False	True	False	0.14
SRR33298422.409111	chr10R	Y' Gain	chr7	True	0.33	False		Y' Gain	chr7R	True	0.33	False	single_y_prime_change	False	True	False	0.0
SRR33298422.497869	chr10R	Y' Gain	chr7	True	0.33	False		Y' Gain	chr7R	True	0.33	False	single_y_prime_change	False	True	False	0.0
SRR33298422.354152	chr10R	Y' Gain	chr7	True	0.33	False		Y' Gain	chr7R	True	0.33	False	single_y_prime_change	False	True	False	0.0
SRR33298422.137653	chr10R	Y' Gain	chr7	True	0.33	False		Y' Gain	chr7R	True	0.33	False	single_y_prime_change	False	True	False	0.0
SRR33298422.454437	chr10R	Y' Gain	chr13	True	0.33	False		Y' Gain	chr13L	True	0.33	False	single_y_prime_change	False	True	False	0.0
SRR33298422.463603	chr10R	Y' Gain	chr13	True	0.33	False		Y' Gain	chr13L	True	0.33	False	single_y_prime_change	False	True	False	0.0
SRR33298422.194234	chr10R	Y' Gain	chr13	True	0.33	False		Y' Gain	chr13L	True	0.33	False	single_y_prime_change	False	True	False	0.0
SRR33298422.638461	chr10R	Y' Gain	chr13	True	-0.0002	False		Y' Gain	chr13L	True	-0.0002	False	subtelomere_switch	False	True	False	0.0
SRR33298422.55804	chr10R	Y' Gain	chr13	True	0.0008	False		Y' Gain	chr13L	True	0.0008	False	subtelomere_switch	False	True	False	0.0
SRR33298422.237505	chr11L	Y' Gain	chr12R	True	0.0001	True		Y' Gain	chr14L	True	0.0001	True	subtelomere_switch	False	True	False	0.0
SRR33298422.346459	chr11L	Y' Gain	chr12R	True	0.0006	True		Y' Gain	chr14L	True	0.0006	True	subtelomere_switch	False	True	False	0.0
SRR33298422.624022	chr11L	Y' Gain	chr12R	True	0.1695	True		Y' Gain	chr4R	True	0.3956	True	subtelomere_switch	False	True	False	0.226
SRR33298422.237710	chr11L	Y' Gain	chr12R	True	0.17	True		Y' Gain	chr4R	True	0.3967	True	subtelomere_switch	False	True	False	0.227
SRR33298422.437889	chr11L	Y' Gain	chr12R	True	-0.0003	True		Y' Gain	chr14L	True	-0.0003	True	subtelomere_switch	False	True	False	0.0
SRR33298422.630023	chr11L	Y' Gain	chr12R	True	0.1602	True		Y' Gain	chr4R	True	0.3738	True	subtelomere_switch	False	True	False	0.214
SRR33298422.587042	chr11L	Y' Gain	chr12R	True	0.2283	True		Y' Gain	chr10L	True	0.5328	True	subtelomere_switch	False	True	False	0.305
SRR33298422.573836	chr11L	Y' Gain	chr12R	True	-0.0022	True		Y' Gain	chr14L	True	-0.0022	True	subtelomere_switch	False	True	False	0.0
SRR33298422.41990	chr11L	Y' Gain	chr12R	True	0.0001	True		Y' Gain	chr14L	True	0.0001	True	subtelomere_switch	False	True	False	0.0
SRR33298422.472420	chr11L	Y' Gain	chr11	True	0.3	False		Y' Gain	chr12R	True	0.33	False	donor_transfer_candidates:2	False	True	False	0.03
SRR33298422.220384	chr11L	Y' Gain	chr12R	True	-0.0008	True		Y' Gain	chr14L	True	-0.0008	True	subtelomere_switch	False	True	False	0.0
SRR33298422.100620	chr11L	Y' Gain	chr12R	True	-0.0007	True		Y' Gain	chr14L	True	-0.0007	True	subtelomere_switch	False	True	False	0.0
SRR33298422.630492	chr11L	Y' Gain	chr14L	True	-0.0022	True		Y' Gain	chr12R	True	-0.0035	False	subtelomere_switch	False	True	False	-0.001
SRR33298422.337012	chr11L	Y' Gain	chr14L	True	0.0024	True		Y' Gain	chr12R	True	0.0037	False	subtelomere_switch	False	True	False	0.001
SRR33298422.249444	chr11L	Y' Gain	chr11	True	0.3	False		Y' Gain	chr14L	True	0.44	False	donor_transfer	False	True	False	0.14
SRR33298422.253197	chr11L	Y' Gain	chr11	True	-0.0137	False		Y' Gain	chr14L	True	-0.0151	False	subtelomere_switch	False	True	False	-0.001
SRR33298422.419865	chr11L	Y' Gain	chr11	True	0.3	False		Y' Gain	chr14L	True	0.66	False	donor_transfer	False	True	False	0.36
SRR33298422.197453	chr11L	Y' Gain	chr11	True	0.3	False		Y' Gain	ambiguous	True	0.3	False	donor_transfer_candidates:4	False	True	False	0.0
SRR33298422.192297	chr11L	Y' Gain	chr11	True	-0.0103	False		Y' Gain	ambiguous	True	-0.0103	False	subtelomere_switch	False	True	False	0.0
SRR33298422.626700	chr11L	Y' Gain	chr11	True	0.3	False		Y' Gain	ambiguous	True	0.3	False	donor_transfer_candidates:4	False	True	False	0.0
SRR33298422.110718	chr11L	Y' Gain	chr11	True	0.3	False		Y' Gain	ambiguous	True	0.3	False	donor_transfer_candidates:4	False	True	False	0.0
SRR33298422.573044	chr11L	Y' Gain	chr11	True	0.3	False		Y' Gain	ambiguous	True	0.3	False	unmatched_array	False	True	False	0.0
SRR33298422.85960	chr11L	Y' Gain	chr2	True	0.33	False		Y' Gain	chr2L	True	0.33	False	single_y_prime_change	False	True	False	0.0
SRR33298422.264070	chr11L	Y' Gain	chr2	True	0.33	False		Y' Gain	chr2L	True	0.33	False	single_y_prime_change	False	True	False	0.0
SRR33298422.401932	chr11L	Y' Gain	chr2	True	-0.0011	False		Y' Gain	chr2L	True	-0.0011	False	subtelomere_switch	False	True	False	0.0
SRR33298422.242051	chr11L	Y' Gain	chr2	True	0.33	False		Y' Gain	chr2L	True	0.33	False	single_y_prime_change	False	True	False	0.0
SRR33298422.576063	chr11L	Y' Gain	chr2	True	0.33	False		Y' Gain	chr2L	True	0.33	False	single_y_prime_change	False	True	False	0.0
SRR33298422.165092	chr11L	Y' Gain	chr12	True	0.33	False		Y' Gain	chr12L	True	0.33	False	single_y_prime_change	False	True	False	0.0
SRR33298422.274881	chr11L	Y' Gain	chr12	True	0.33	False		Y' Gain	chr12L	True	0.33	False	single_y_prime_change	False	True	False	0.0
SRR33298422.296651	chr11L	Y' Gain	chr12	True	0.33	False		Y' Gain	chr12L	True	0.33	False	single_y_prime_change	False	True	False	0.0
SRR33298422.338867	chr11L	Y' Gain	chr12	True	0.33	False		Y' Gain	chr12L	True	0.33	False	single_y_prime_change	False	True	False	0.0
SRR33298422.422940	chr11R	Y' Gain	chr12R	True	0.2916	True		Y' Gain	chr3R	True	0.2916	True	subtelomere_switch	False	True	False	0.0
SRR33298422.605433	chr11R	Y' Gain	chr12R	True	0.0054	True		Y' Gain	chr14L	True	0.0054	True	subtelomere_switch	False	True	False	0.0
SRR33298422.184542	chr11R	Y' Gain	chr12R	True	-0.0003	True		Y' Gain	chr14L	True	-0.0003	True	subtelomere_switch	False	True	False	0.0
SRR33298422.633277	chr11R	Y' Gain	chr12R	True	0.0011	True		Y' Gain	chr14L	True	0.0011	True	subtelomere_switch	False	True	False	0.0
SRR33298422.3170	chr11R	Y' Gain	chr12R	True	-0.0043	True		Y' Gain	chr14L	True	-0.0043	True	subtelomere_switch	False	True	False	0.0
SRR33298422.207645	chr11R	Y' Gain	chr11	True	0.3	False		Y' Gain	ambiguous	True	0.3	False	donor_transfer_candidates:4	False	True	False	0.0
SRR33298422.565026	chr11R	Y' Gain	chr12R	True	0.2682	True		Y' Gain	chr3L	True	0.6257	True	subtelomere_switch	False	True	False	0.358
SRR33298422.542236	chr11R	Y' Gain	chr12R	True	-0.0023	True		Y' Gain	chr14L	True	-0.0023	True	subtelomere_switch	False	True	False	0.0
SRR33298422.49526	chr11R	Y' Gain	chr11	True	0.3	False		Y' Gain	chr12R	True	0.33	False	donor_transfer_candidates:2	False	True	False	0.03
SRR33298422.311112	chr11R	Y' Gain	chr11	True	0.3	False		Y' Gain	chr12R	True	0.33	False	donor_transfer_candidates:2	False	True	False	0.03
SRR33298422.130543	chr11R	Y' Gain	chr11	True	0.3	False		Y' Gain	chr12R	True	0.33	False	donor_transfer_candidates:2	False	True	False	0.03
SRR33298422.66393	chr11R	Y' Gain	chr12R	True	0.0012	True		Y' Gain	chr14L	True	0.0012	True	subtelomere_switch	False	True	False	0.0
SRR33298422.97149	chr11R	Y' Gain	chr11	True	0.3	False		Y' Gain	chr12R	True	0.33	False	donor_transfer_candidates:2	False	True	False	0.03
SRR33298422.596393	chr11R	Y' Gain	chr11	True	0.3	False		Y' Gain	chr12R	True	0.33	False	donor_transfer_candidates:2	False	True	False	0.03
SRR33298422.48833	chr11R	Y' Gain	chr11	True	0.3	False		Y' Gain	chr14L	True	0.66	False	donor_transfer	False	True	False	0.36
SRR33298422.470029	chr11R	Y' Gain	chr12R	True	0.0034	True		Y' Gain	chr14L	True	0.0034	True	subtelomere_switch	False	True	False	0.0
SRR33298422.162911	chr11R	Y' Gain	chr11	True	0.3	False		Y' Gain	chr12R	True	0.33	False	donor_transfer_candidates:2	False	True	False	0.03
SRR33298422.44394	chr11R	Y' Gain	chr11	True	0.3	False		Y' Gain	chr12R	True	0.33	False	donor_transfer_candidates:2	False	True	False	0.03
SRR33298422.44314	chr11R	Y' Gain	chr11	True	0.3	False		Y' Gain	chr12R	True	0.33	False	donor_transfer_candidates:2	False	True	False	0.03
SRR33298422.160286	chr11R	Y' Gain	chr11	True	0.3	False		Y' Gain	chr12R	True	0.33	False	donor_transfer_candidates:2	False	True	False	0.03
SRR33298422.80984	chr11R	Y' Gain	chr11	True	0.3	False		Y' Gain	chr12R	True	0.33	False	donor_transfer_candidates:2	False	True	False	0.03
SRR33298422.422062	chr11R	Y' Gain	chr11	True	0.3	False		Y' Gain	chr12R	True	0.33	False	donor_transfer_candidates:2	False	True	False	0.03
SRR33298422.43354	chr11R	Y' Gain	chr11	True	0.3	False		Y' Gain	chr12R	True	0.33	False	donor_transfer_candidates:3	False	True	False	0.03
SRR33298422.260016	chr11R	Y' Gain	chr11	True	0.3	False		Y' Gain	chr12R	True	0.33	False	donor_transfer_candidates:3	False	True	False	0.03
SRR33298422.332940	chr11R	Y' Gain	chr14	True	0.33	False		Y' Gain	chr14L	True	0.33	False	donor_transfer_candidates:4	False	True	False	0.0
SRR33298422.595883	chr12L	1st Y' Change	ambiguous	True	0.3	False		1st Y' Change	chr12R	True	0.33	False	donor_transfer_candidates:2	False	True	False	0.03
SRR33298422.389837	chr12L	Y' Gain	ambiguous	True	0.3	False		Y' Gain	chr12R	True	0.33	False	donor_transfer_candidates:2	False	True	False	0.03
SRR33298422.140229	chr12L	Y' Gain	ambiguous	True	0.3	False		Y' Gain	chr12R	True	0.33	False	donor_transfer_candidates:2	False	True	False	0.03
SRR33298422.77786	chr12L	Y' Gain	ambiguous	True	0.3	False		Y' Gain	chr12R	True	0.33	False	donor_transfer_candidates:2	False	True	False	0.03
SRR33298422.633055	chr12L	Y' Gain	ambiguous	True	0.3	False		Y' Gain	chr12R	True	0.33	False	donor_transfer_candidates:2	False	True	False	0.03
SRR33298422.42667	chr12L	Y' Gain	ambiguous	True	0.3	False		Y' Gain	chr12R	True	0.33	False	donor_transfer_candidates:2	False	True	False	0.03
SRR33298422.164789	chr12L	Y' Gain	ambiguous	True	0.3	False		Y' Gain	chr12R	True	0.33	False	donor_transfer_candidates:2	False	True	False	0.03
SRR33298422.573253	chr12L	1st Y' Change	ambiguous	True	0.3	False		1st Y' Change	chr12R	True	0.33	False	donor_transfer_candidates:2	False	True	False	0.03
SRR33298422.73345	chr12L	Y' Gain	ambiguous	True	0.3	False		Y' Gain	chr12R	True	0.33	False	donor_transfer_candidates:2	False	True	False	0.03
SRR33298422.276859	chr12L	Y' Gain	ambiguous	True	0.3	False		Y' Gain	chr14L	True	0.66	False	donor_transfer	False	True	False	0.36
SRR33298422.275483	chr12L	Y' Gain	ambiguous	True	0.3	False		Y' Gain	chr14L	True	0.66	False	donor_transfer	False	True	False	0.36
SRR33298422.96390	chr12L	Y' Gain	ambiguous	True	0.3	False		Y' Gain	chr14L	True	0.44	False	donor_transfer	False	True	False	0.14
SRR33298422.350818	chr12L	Y' Gain	ambiguous	True	0.3	False		Y' Gain	chr14L	True	0.44	False	donor_transfer	False	True	False	0.14
SRR33298422.139527	chr12L	Y' Gain	ambiguous	True	0.3	False		Y' Gain	chr12R	True	0.33	False	donor_transfer_candidates:3	False	True	False	0.03
SRR33298422.437547	chr12L	Y' Gain	ambiguous	True	0.3	False		Y' Gain	chr12R	True	0.33	False	donor_transfer_candidates:3	False	True	False	0.03
SRR33298422.178138	chr12L	Y' Gain	ambiguous	True	0.3	False		Y' Gain	chr12R	True	0.33	False	donor_transfer_candidates:3	False	True	False	0.03
SRR33298422.339381	chr12L	Y' Gain	ambiguous	True	0.3	False		Y' Gain	chr12R	True	0.33	False	donor_transfer_candidates:3	False	True	False	0.03
SRR33298422.584241	chr12L	Y' Gain	ambiguous	True	0.3	False		Y' Gain	chr12R	True	0.33	False	donor_transfer_candidates:3	False	True	False	0.03
SRR33298422.310027	chr12L	Y' Gain	ambiguous	True	0.3	False		Y' Gain	chr12R	True	0.33	False	donor_transfer_candidates:3	False	True	False	0.03
SRR33298422.78041	chr12L	Y' Gain	ambiguous	True	0.3	False		Y' Gain	chr12R	True	0.33	False	donor_transfer_candidates:3	False	True	False	0.03
SRR33298422.436304	chr12L	Y' Gain	ambiguous	True	0.3	False		Y' Gain	chr12R	True	0.33	False	donor_transfer_candidates:3	False	True	False	0.03
SRR33298422.545838	chr12L	1st Y' Change	ambiguous	True	0.3	False		1st Y' Change	chr12R	True	0.33	False	donor_transfer_candidates:3	False	True	False	0.03
SRR33298422.141779	chr12R	Y' Gain	chr4	True	0.3	False		Y' Gain	chr12R	True	0.33	False	tandem_amplification_same_end	False	True	False	0.03
SRR33298422.68574	chr12R	Y' Gain	chr4	True	0.3	False		Y' Gain	chr12R	True	0.33	False	tandem_amplification_same_end	False	True	False	0.03
SRR33298422.6502	chr12R	Y' Gain	chr4	True	0.3	False		Y' Gain	chr12R	True	0.33	False	tandem_amplification_same_end	False	True	False	0.03
SRR33298422.232478	chr12R	Y' Recombination	ambiguous	True	0.3	False		Y' Recombination	chr14L	True	0.44	False	donor_transfer	False	True	False	0.14
SRR33298422.538460	chr13L	Y' Gain	chr13	True	0.33	False		Y' Gain	ambiguous	True	0.3	False	donor_transfer_candidates:4	False	True	False	-0.03
SRR33298422.162690	chr13L	Y' Gain	chr13	True	0.33	False		Y' Gain	ambiguous	True	0.3	False	donor_transfer_candidates:4	False	True	False	-0.03
SRR33298422.430525	chr13L	Y' Gain	chr13	True	0.33	False		Y' Gain	chr12R	True	0.33	False	donor_transfer_candidates:3	False	True	False	0.0
SRR33298422.135126	chr13L	Y' Gain	chr13	True	0.33	False		Y' Gain	ambiguous	True	0.3	False	donor_transfer_candidates:4	False	True	False	-0.03
SRR33298422.448942	chr13L	Y' Gain	chr13	True	0.33	False		Y' Gain	chr12R	True	0.33	False	donor_transfer_candidates:2	False	True	False	0.0
SRR33298422.446758	chr13L	Y' Gain	chr13	True	0.33	False		Y' Gain	chr12R	True	0.33	False	donor_transfer_candidates:2	False	True	False	0.0
SRR33298422.228897	chr13L	Y' Gain	chr13	True	0.33	False		Y' Gain	chr12R	True	0.33	False	donor_transfer_candidates:2	False	True	False	0.0
SRR33298422.550546	chr13L	Y' Gain	chr13	True	0.33	False		Y' Gain	chr12R	True	0.33	False	donor_transfer_candidates:2	False	True	False	0.0
SRR33298422.455524	chr13L	Y' Gain	chr13	True	0.33	False		Y' Gain	chr12R	True	0.33	False	donor_transfer_candidates:2	False	True	False	0.0
SRR33298422.359241	chr13L	Y' Gain	chr13	True	0.33	False		Y' Gain	chr12R	True	0.33	False	donor_transfer_candidates:2	False	True	False	0.0
SRR33298422.429088	chr13L	Y' Gain	chr13	True	0.33	False		Y' Gain	chr12R	True	0.33	False	donor_transfer_candidates:2	False	True	False	0.0
SRR33298422.339274	chr13L	Y' Gain	chr13	True	0.33	False		Y' Gain	chr12R	True	0.33	False	donor_transfer_candidates:2	False	True	False	0.0
SRR33298422.139145	chr13L	Y' Gain	chr13	True	0.33	False		Y' Gain	chr12R	True	0.33	False	donor_transfer_candidates:2	False	True	False	0.0
SRR33298422.113776	chr13L	Y' Gain	chr13	True	0.33	False		Y' Gain	chr12R	True	0.33	False	donor_transfer_candidates:2	False	True	False	0.0
SRR33298422.63352	chr13L	Y' Gain	chr13	True	0.33	False		Y' Gain	chr14L	True	0.66	False	donor_transfer	False	True	False	0.33
SRR33298422.169568	chr13L	Y' Gain	chr13	True	0.33	False		Y' Gain	chr14L	True	0.66	False	donor_transfer	False	True	False	0.33
SRR33298422.197426	chr13L	Y' Gain	chr13	True	0.33	False		Y' Gain	chr12R	True	0.33	False	donor_transfer_candidates:2	False	True	False	0.0
SRR33298422.88871	chr13L	Y' Gain	chr13	True	0.33	False		Y' Gain	chr12R	True	0.33	False	donor_transfer_candidates:2	False	True	False	0.0
SRR33298422.449146	chr13L	Y' Gain	chr13	True	0.33	False		Y' Gain	chr12R	True	0.33	False	donor_transfer_candidates:2	False	True	False	0.0
SRR33298422.329073	chr13L	Y' Gain	chr13	True	0.33	False		Y' Gain	chr12R	True	0.33	False	donor_transfer_candidates:2	False	True	False	0.0
SRR33298422.88870	chr13L	Y' Gain	chr13	True	0.33	False		Y' Gain	chr12R	True	0.33	False	donor_transfer_candidates:2	False	True	False	0.0
SRR33298422.626010	chr13L	Y' Gain	chr13	True	0.33	False		Y' Gain	chr12R	True	0.33	False	donor_transfer_candidates:2	False	True	False	0.0
SRR33298422.455644	chr13L	Y' Gain	chr13	True	0.33	False		Y' Gain	chr12R	True	0.33	False	donor_transfer_candidates:3	False	True	False	0.0
SRR33298422.508596	chr13L	Y' Gain	chr13	True	0.33	False		Y' Gain	chr12R	True	0.33	False	donor_transfer_candidates:3	False	True	False	0.0
SRR33298422.396347	chr13L	Y' Gain	chr13	True	0.33	False		Y' Gain	chr12R	True	0.33	False	donor_transfer_candidates:3	False	True	False	0.0
SRR33298422.473603	chr13L	Y' Gain	chr13	True	0.33	False		Y' Gain	chr12R	True	0.33	False	donor_transfer_candidates:3	False	True	False	0.0
SRR33298422.84584	chr13L	Y' Gain	chr13	True	0.33	False		Y' Gain	chr14L	True	0.66	False	donor_transfer	False	True	False	0.33
SRR33298422.163674	chr13L	Y' Gain	chr13	True	0.33	False		Y' Gain	ambiguous	True	0.3	False	donor_transfer_candidates:4	False	True	False	-0.03
SRR33298422.623907	chr13L	Y' Gain	chr13	True	0.33	False		Y' Gain	ambiguous	True	0.3	False	donor_transfer_candidates:4	False	True	False	-0.03
SRR33298422.40781	chr13L	Y' Gain	chr13	True	0.33	False		Y' Gain	ambiguous	True	0.3	False	donor_transfer_candidates:4	False	True	False	-0.03
SRR33298422.560748	chr13L	Y' Gain	chr13	True	0.33	False		Y' Gain	ambiguous	True	0.3	False	unmatched_array	False	True	False	-0.03
SRR33298422.469263	chr13R	Y' Gain	chr12R	True	0.0009	True		Y' Gain	chr14L	True	0.0009	True	subtelomere_switch	False	True	False	0.0
SRR33298422.297529	chr13R	Y' Gain	chr12R	True	0.0021	True		Y' Gain	chr14L	True	0.0021	True	subtelomere_switch	False	True	False	0.0
SRR33298422.276636	chr13R	Y' Gain	chr12R	True	0.2152	True		Y' Gain	chr10L	True	0.502	True	subtelomere_switch	False	True	False	0.287
SRR33298422.165934	chr13R	Y' Gain	chr12R	True	0.2595	True		Y' Gain	chr15R	True	0.2595	True	subtelomere_switch	False	True	False	0.0
SRR33298422.67212	chr13R	Y' Gain	chr12R	True	0.2767	True		Y' Gain	chr15R	True	0.6456	True	subtelomere_switch	False	True	False	0.369
SRR33298422.547916	chr13R	Y' Gain	chr13	True	0.3	False		Y' Gain	ambiguous	True	0.3	False	unmatched_array	False	True	False	0.0
SRR33298422.420715	chr13R	Y' Gain	chr13	True	0.33	False		Y' Gain	chr14L	True	0.66	False	donor_transfer	False	True	False	0.33
SRR33298422.412055	chr13R	Y' Gain	chr12R	True	-0.0024	True		Y' Gain	chr14L	True	-0.0024	True	subtelomere_switch	False	True	False	0.0
SRR33298422.159236	chr13R	Y' Gain	chr13	True	0.3	False		Y' Gain	chr12R	True	0.33	False	donor_transfer_candidates:2	False	True	False	0.03
SRR33298422.614715	chr13R	Y' Gain	chr12R	True	0.2828	True		Y' Gain	chr15R	True	0.66	True	subtelomere_switch	False	True	False	0.377
SRR33298422.187116	chr13R	Y' Gain	chr12R	True	0.6579	True		Y' Gain	chr15R	True	0.6579	True	subtelomere_switch	False	True	False	0.0
SRR33298422.515848	chr13R	Y' Gain	chr13	True	0.3	False		Y' Gain	ambiguous	True	0.3	False	donor_transfer_candidates:4	False	True	False	0.0
SRR33298422.412553	chr13R	Y' Gain	chr12R	True	0.28	True		Y' Gain	chr15R	True	0.6533	True	subtelomere_switch	False	True	False	0.373
SRR33298422.636714	chr13R	Y' Gain	chr12R	True	0.2828	True		Y' Gain	chr15R	True	0.66	True	subtelomere_switch	False	True	False	0.377
SRR33298422.527129	chr13R	Y' Gain	chr13	True	0.3	False		Y' Gain	ambiguous	True	0.3	False	donor_transfer_candidates:4	False	True	False	0.0
SRR33298422.486150	chr13R	Y' Gain	chr13	True	0.3	False		Y' Gain	ambiguous	True	0.3	False	donor_transfer_candidates:4	False	True	False	0.0
SRR33298422.323805	chr13R	Y' Gain	chr13	True	0.3	False		Y' Gain	ambiguous	True	0.3	False	unmatched_array	False	True	False	0.0
SRR33298422.634725	chr13R	Y' Gain	chr12R	True	0.0044	True		Y' Gain	chr14L	True	0.0044	True	subtelomere_switch	False	True	False	0.0
SRR33298422.47942	chr13R	Y' Gain	chr12R	True	0.0008	True		Y' Gain	chr14L	True	0.0008	True	subtelomere_switch	False	True	False	0.0
SRR33298422.427145	chr13R	Y' Gain	chr13	True	0.33	False		Y' Gain	chr14L	True	0.66	False	donor_transfer	False	True	False	0.33
SRR33298422.398606	chr13R	Y' Gain	chr13	True	0.3	False		Y' Gain	ambiguous	True	0.3	False	donor_transfer_candidates:4	False	True	False	0.0
SRR33298422.398425	chr13R	Y' Gain	chr13	True	0.3	False		Y' Gain	ambiguous	True	0.3	False	donor_transfer_candidates:4	False	True	False	0.0
SRR33298422.172098	chr13R	Y' Gain	chr13	True	0.0089	False		Y' Gain	ambiguous	True	0.0081	False	subtelomere_switch	False	True	False	-0.001
SRR33298422.631324	chr13R	Y' Gain	chr13	True	0.33	False		Y' Gain	ambiguous	True	0.3	False	single_y_prime_change	False	True	False	-0.03
SRR33298422.128624	chr13R	Y' Gain	chr13	True	0.33	False		Y' Gain	ambiguous	True	0.3	False	single_y_prime_change	False	True	False	-0.03
SRR33298422.172734	chr14L	Y' Recombination	chr14	True	0.33	False		Y' Recombination	chr12R	True	0.33	False	donor_transfer_candidates:3	False	True	False	0.0
SRR33298422.434249	chr14L	Y' Recombination	chr14	True	0.33	False		Y' Recombination	chr12R	True	0.33	False	donor_transfer_candidates:3	False	True	False	0.0
SRR33298422.81067	chr14L	Y' Recombination	chr14	True	0.33	False		Y' Recombination	chr12R	True	0.33	False	donor_transfer_candidates:3	False	True	False	0.0
SRR33298422.539272	chr14L	Y' Recombination	chr14	True	0.33	False		Y' Recombination	chr14L	True	0.33	False	tandem_amplification_same_end	False	True	False	0.0
SRR33298422.430794	chr14L	Y' Recombination	chr14	True	0.33	False		Y' Recombination	chr12R	True	0.33	False	donor_transfer_candidates:3	False	True	False	0.0
SRR33298422.257979	chr14L	Y' Recombination	chr14	True	0.33	False		Y' Recombination	chr12R	True	0.33	False	donor_transfer_candidates:2	False	True	False	0.0
SRR33298422.334787	chr14L	Y' Recombination	chr14	True	0.33	False		Y' Recombination	chr14L	True	0.33	False	tandem_amplification_same_end	False	True	False	0.0
SRR33298422.539977	chr14L	Y' Recombination	chr14	True	0.33	False		Y' Recombination	chr12R	True	0.33	False	donor_transfer_candidates:2	False	True	False	0.0
SRR33298422.134921	chr14L	Y' Recombination	chr14	True	0.33	False		Y' Recombination	chr12R	True	0.33	False	donor_transfer_candidates:2	False	True	False	0.0
SRR33298422.575980	chr14L	Y' Recombination	chr14	True	0.33	False		Y' Recombination	chr12R	True	0.33	False	donor_transfer_candidates:2	False	True	False	0.0
SRR33298422.111542	chr14L	Y' Recombination	chr14	True	0.33	False		Y' Recombination	chr12R	True	0.33	False	donor_transfer_candidates:2	False	True	False	0.0
SRR33298422.539395	chr14L	Y' Recombination	chr14	True	0.33	False		Y' Recombination	chr14L	True	0.33	False	tandem_amplification_same_end	False	True	False	0.0
SRR33298422.294794	chr14L	Y' Recombination	chr14	True	0.33	False		Y' Recombination	chr12R	True	0.33	False	donor_transfer_candidates:3	False	True	False	0.0
SRR33298422.429122	chr14L	Y' Recombination	chr12	True	0.3	False		Y' Recombination	chr12R	True	0.33	False	donor_transfer_candidates:3	False	True	False	0.03
SRR33298422.184420	chr14L	Y' Recombination	chr12	True	0.3	False		Y' Recombination	chr12R	True	0.33	False	donor_transfer_candidates:3	False	True	False	0.03
SRR33298422.18214	chr14L	Y' Recombination	chr12	True	0.3	False		Y' Recombination	chr12R	True	0.33	False	donor_transfer_candidates:3	False	True	False	0.03
SRR33298422.350506	chr14L	Y' Recombination	chr14	True	0.33	False		Y' Recombination	chr12R	True	0.33	False	donor_transfer_candidates:3	False	True	False	0.0
SRR33298422.140860	chr14L	Y' Recombination	chr12	True	0.3	False		Y' Recombination	chr12R	True	0.33	False	donor_transfer_candidates:3	False	True	False	0.03
SRR33298422.315627	chr14L	Y' Recombination	chr12	True	0.3	False		Y' Recombination	chr12R	True	0.33	False	donor_transfer_candidates:3	False	True	False	0.03
SRR33298422.79680	chr14L	Y' Recombination	chr12	True	0.3	False		Y' Recombination	chr12R	True	0.33	False	donor_transfer_candidates:3	False	True	False	0.03
SRR33298422.191282	chr14L	Y' Recombination	ambiguous	True	0.3	False		Y' Recombination	chr12R	True	0.33	False	donor_transfer_candidates:3	False	True	False	0.03
SRR33298422.268709	chr14R	Y' Gain	chr14	True	0.33	False		Y' Gain	ambiguous	True	0.3	False	donor_transfer_candidates:4	False	True	False	-0.03
SRR33298422.84102	chr14R	Y' Gain	chr4	True	0.3	False		Y' Gain	chr14L	True	0.66	False	donor_transfer	False	True	False	0.36
SRR33298422.84103	chr14R	Y' Gain	chr4	True	0.3	False		Y' Gain	chr14L	True	0.66	False	donor_transfer	False	True	False	0.36
SRR33298422.97895	chr14R	Y' Gain	chr14	True	0.33	False		Y' Gain	chr12R	True	0.33	False	donor_transfer_candidates:3	False	True	False	0.0
SRR33298422.409060	chr14R	Y' Gain	ambiguous	True	0.3	False		Y' Gain	chr14L	True	0.66	False	donor_transfer	False	True	False	0.36
SRR33298422.535988	chr14R	Y' Gain	ambiguous	True	0.3	False		Y' Gain	chr14L	True	0.66	False	donor_transfer	False	True	False	0.36
SRR33298422.636344	chr14R	Y' Gain	ambiguous	True	0.3	False		Y' Gain	chr14L	True	0.66	False	donor_transfer	False	True	False	0.36
SRR33298422.318674	chr14R	Y' Gain	chr4	True	0.3	False		Y' Gain	chr14L	True	0.44	False	donor_transfer	False	True	False	0.14
SRR33298422.427464	chr14R	Y' Gain	ambiguous	True	0.3	False		Y' Gain	chr12R	True	0.33	False	donor_transfer_candidates:2	False	True	False	0.03
SRR33298422.111537	chr14R	Y' Gain	ambiguous	True	0.3	False		Y' Gain	chr14L	True	0.66	False	donor_transfer	False	True	False	0.36
SRR33298422.475692	chr14R	Y' Gain	chr14	True	0.33	False		Y' Gain	ambiguous	True	0.3	False	unmatched_array	False	True	False	-0.03
SRR33298422.631101	chr14R	Y' Gain	chr14	True	0.33	False		Y' Gain	ambiguous	True	0.3	False	unmatched_array	False	True	False	-0.03
SRR33298422.157600	chr14R	Y' Gain	chr14	True	0.33	False		Y' Gain	chr14L	True	0.66	False	donor_transfer	False	True	False	0.33
SRR33298422.473145	chr14R	Y' Gain	chr14	True	0.33	False		Y' Gain	ambiguous	True	0.3	False	unmatched_array	False	True	False	-0.03
SRR33298422.457738	chr14R	Y' Gain	chr14	True	0.33	False		Y' Gain	ambiguous	True	0.3	False	unmatched_array	False	True	False	-0.03
SRR33298422.95191	chr14R	Y' Gain	chr14	True	0.33	False		Y' Gain	ambiguous	True	0.3	False	unmatched_array	False	True	False	-0.03
SRR33298422.546466	chr14R	Y' Gain	chr14	True	0.33	False		Y' Gain	ambiguous	True	0.3	False	unmatched_array	False	True	False	-0.03
SRR33298422.102212	chr14R	Y' Gain	chr14	True	0.33	False		Y' Gain	ambiguous	True	0.3	False	donor_transfer_candidates:4	False	True	False	-0.03
SRR33298422.323821	chr14R	1st Y' Change	chr14	True	0.33	False		1st Y' Change	ambiguous	True	0.3	False	donor_transfer_candidates:4	False	True	False	-0.03
SRR33298422.112562	chr15L	Y' Gain	chr12R	True	-0.0021	True		Y' Gain	chr14L	True	-0.0021	True	subtelomere_switch	False	True	False	0.0
SRR33298422.1382	chr15L	Y' Gain	chr14	True	0.3	False		Y' Gain	chr14L	True	0.66	False	donor_transfer	False	True	False	0.36
SRR33298422.558128	chr15L	Y' Gain	chr14L	True	0.0001	True		Y' Gain	chr12R	True	0.0002	False	subtelomere_switch	False	True	False	0.0
SRR33298422.532981	chr15L	Y' Gain	chr15	True	0.33	False		Y' Gain	chr12R	True	0.33	False	donor_transfer_candidates:2	False	True	False	0.0
SRR33298422.586596	chr15L	Y' Gain	chr15	True	0.33	False		Y' Gain	ambiguous	True	0.3	False	donor_transfer_candidates:4	False	True	False	-0.03
SRR33298422.525540	chr15L	Y' Gain	chr16L	True	-0.0001	True		Y' Gain	chr14L	True	-0.0001	True	subtelomere_switch	False	True	False	0.0
SRR33298422.602363	chr15L	Y' Gain	chr12R	True	-0.0008	True		Y' Gain	chr14L	True	-0.0008	True	subtelomere_switch	False	True	False	0.0
SRR33298422.565718	chr15L	Y' Gain	chr15	True	0.33	False		Y' Gain	chr14L	True	0.66	False	donor_transfer	False	True	False	0.33
SRR33298422.188733	chr15L	Y' Gain	chr16L	True	-0.0008	True		Y' Gain	chr14L	True	-0.0008	True	subtelomere_switch	False	True	False	0.0
SRR33298422.572789	chr15L	Y' Gain	chr15	True	0.33	False		Y' Gain	chr14L	True	0.66	False	donor_transfer	False	True	False	0.33
SRR33298422.229595	chr15L	Y' Gain	chr16L	True	-0.0008	True		Y' Gain	chr14L	True	-0.0008	True	subtelomere_switch	False	True	False	0.0
SRR33298422.637732	chr15L	Y' Gain	chr15	True	0.33	False		Y' Gain	ambiguous	True	0.3	False	unmatched_array	False	True	False	-0.03
SRR33298422.556813	chr15L	Y' Gain	chr15	True	0.33	False		Y' Gain	chr14L	True	0.66	False	donor_transfer	False	True	False	0.33
SRR33298422.236427	chr15L	Y' Gain	chr12R	True	-0.0019	True		Y' Gain	chr14L	True	-0.0019	True	subtelomere_switch	False	True	False	0.0
SRR33298422.137257	chr15L	Y' Gain	chr4R	True	0.1751	True		Y' Gain	chr10R	True	0.4087	True	subtelomere_switch	False	True	False	0.234
SRR33298422.181492	chr15L	Y' Gain	chr15	True	0.33	False		Y' Gain	chr12R	True	0.33	False	donor_transfer_candidates:3	False	True	False	0.0
SRR33298422.434961	chr15L	Y' Gain	chr15	True	0.33	False		Y' Gain	ambiguous	True	0.3	False	unmatched_array	False	True	False	-0.03
SRR33298422.593596	chr15L	Y' Gain	chr15	True	0.33	False		Y' Gain	ambiguous	True	0.3	False	donor_transfer_candidates:4	False	True	False	-0.03
SRR33298422.638659	chr15L	Y' Gain	chr15	True	0.33	False		Y' Gain	ambiguous	True	0.3	False	donor_transfer_candidates:4	False	True	False	-0.03
SRR33298422.528035	chr15L	Y' Gain	chr15	True	0.33	False		Y' Gain	ambiguous	True	0.3	False	donor_transfer_candidates:4	False	True	False	-0.03
SRR33298422.422129	chr15L	Y' Gain	chr15	True	0.33	False		Y' Gain	ambiguous	True	0.3	False	unmatched_array	False	True	False	-0.03
SRR33298422.242983	chr15L	Y' Gain	chr15	True	0.33	False		Y' Gain	ambiguous	True	0.3	False	unmatched_array	False	True	False	-0.03
SRR33298422.577551	chr15L	Y' Gain	chr15	True	0.33	False		Y' Gain	ambiguous	True	0.3	False	single_y_prime_change	False	True	False	-0.03
SRR33298422.300173	chr15L	Y' Gain	chr15	True	0.0036	False		Y' Gain	ambiguous	True	0.0033	False	subtelomere_switch	False	True	False	-0.0
SRR33298422.569201	chr15L	Y' Gain	chr15	True	0.33	False		Y' Gain	ambiguous	True	0.3	False	single_y_prime_change	False	True	False	-0.03
SRR33298422.147835	chr15L	Y' Gain	chr15	True	0.33	False		Y' Gain	ambiguous	True	0.3	False	single_y_prime_change	False	True	False	-0.03
SRR33298422.77170	chr15L	Y' Gain	chr15	True	0.33	False		Y' Gain	ambiguous	True	0.3	False	single_y_prime_change	False	True	False	-0.03
SRR33298422.76276	chr15L	Y' Gain	chr15	True	0.0036	False		Y' Gain	ambiguous	True	0.0033	False	subtelomere_switch	False	True	False	-0.0
SRR33298422.47538	chr15R	Y' Gain	chr15	True	0.33	False		Y' Gain	chr12R	True	0.33	False	donor_transfer_candidates:2	False	True	False	0.0
SRR33298422.152377	chr15R	Y' Gain	chr16	True	0.33	False		Y' Gain	chr14L	True	0.66	False	donor_transfer	False	True	False	0.33
SRR33298422.141689	chr15R	Y' Gain	chr15	True	0.33	False		Y' Gain	chr12R	True	0.33	False	donor_transfer_candidates:2	False	True	False	0.0
SRR33298422.286828	chr15R	Y' Gain	chr16	True	0.33	False		Y' Gain	chr12R	True	0.33	False	donor_transfer_candidates:2	False	True	False	0.0
SRR33298422.41667	chr15R	Y' Gain	chr16	True	0.33	False		Y' Gain	chr12R	True	0.33	False	donor_transfer_candidates:2	False	True	False	0.0
SRR33298422.252126	chr15R	Y' Gain	chr16	True	0.33	False		Y' Gain	chr12R	True	0.33	False	donor_transfer_candidates:2	False	True	False	0.0
SRR33298422.597724	chr15R	Y' Gain	chr16	True	0.33	False		Y' Gain	chr12R	True	0.33	False	donor_transfer_candidates:2	False	True	False	0.0
SRR33298422.171711	chr15R	1st Y' Change	chr16	True	0.3	False		1st Y' Change	chr16L	True	0.33	False	donor_transfer_candidates:3	False	True	False	0.03
SRR33298422.41152	chr15R	Y' Gain	chr16	True	0.33	False		Y' Gain	chr14L	True	0.66	False	donor_transfer	False	True	False	0.33
SRR33298422.477295	chr15R	Y' Gain	chr16	True	0.33	False		Y' Gain	chr16L	True	0.33	False	unmatched_array	False	True	False	0.0
SRR33298422.210651	chr15R	Y' Gain	chr15	True	0.33	False		Y' Gain	ambiguous	True	0.3	False	unmatched_array	False	True	False	-0.03
SRR33298422.49298	chr15R	Y' Gain	chr4	True	0.33	False		Y' Gain	chr4R	True	0.33	False	donor_transfer_candidates:3	False	True	False	0.0
SRR33298422.1662	chr15R	Y' Gain	chr7	True	0.33	False		Y' Gain	chr7R	True	0.33	False	donor_transfer_candidates:4	False	True	False	0.0
SRR33298422.42324	chr15R	Y' Gain	chr7	True	0.33	False		Y' Gain	chr7R	True	0.33	False	donor_transfer_candidates:4	False	True	False	0.0
SRR33298422.458657	chr15R	Y' Gain	chr7	True	0.33	False		Y' Gain	chr7R	True	0.33	False	donor_transfer_candidates:4	False	True	False	0.0
SRR33298422.609518	chr15R	Y' Gain	chr7	True	0.33	False		Y' Gain	chr7R	True	0.33	False	donor_transfer_candidates:4	False	True	False	0.0
SRR33298422.120766	chr15R	Y' Gain	chr7	True	0.33	False		Y' Gain	chr14L	True	0.66	False	donor_transfer	False	True	False	0.33
SRR33298422.169681	chr15R	Y' Gain	chr14	True	0.33	False		Y' Gain	chr14L	True	0.33	False	unmatched_array	False	True	False	0.0
SRR33298422.599108	chr15R	Y' Gain	chr7	True	0.33	False		Y' Gain	chr7R	True	0.33	False	unmatched_array	False	True	False	0.0
SRR33298422.45719	chr15R	Y' Gain	chr7	True	0.33	False		Y' Gain	chr7R	True	0.33	False	unmatched_array	False	True	False	0.0
SRR33298422.312182	chr15R	Y' Gain	chr14	True	0.33	False		Y' Gain	chr14L	True	0.33	False	unmatched_array	False	True	False	0.0
SRR33298422.445567	chr15R	Y' Gain	chr7	True	0.33	False		Y' Gain	chr14L	True	0.44	False	donor_transfer	False	True	False	0.11
SRR33298422.442937	chr15R	Y' Gain	chr7	True	0.33	False		Y' Gain	chr7R	True	0.33	False	donor_transfer_candidates:4	False	True	False	0.0
SRR33298422.437390	chr15R	Y' Gain	chr7	True	0.33	False		Y' Gain	chr7R	True	0.33	False	donor_transfer_candidates:4	False	True	False	0.0
SRR33298422.198098	chr15R	Y' Gain	chr7	True	0.33	False		Y' Gain	chr7R	True	0.33	False	unmatched_array	False	True	False	0.0
SRR33298422.151288	chr15R	Y' Gain	chr7	True	0.33	False		Y' Gain	chr7R	True	0.33	False	unmatched_array	False	True	False	0.0
SRR33298422.315866	chr15R	Y' Gain	chr7	True	0.33	False		Y' Gain	chr7R	True	0.33	False	unmatched_array	False	True	False	0.0
SRR33298422.339330	chr15R	Y' Gain	chr7	True	0.33	False		Y' Gain	chr7R	True	0.33	False	unmatched_array	False	True	False	0.0
SRR33298422.359608	chr15R	Y' Gain	chr7	True	0.33	False		Y' Gain	chr7R	True	0.33	False	unmatched_array	False	True	False	0.0
SRR33298422.399863	chr15R	Y' Gain	chr7	True	0.33	False		Y' Gain	chr7R	True	0.33	False	unmatched_array	False	True	False	0.0
SRR33298422.41349	chr15R	Y' Gain	chr7	True	0.33	False		Y' Gain	chr7R	True	0.33	False	unmatched_array	False	True	False	0.0
SRR33298422.421335	chr15R	Y' Gain	chr7	True	0.33	False		Y' Gain	chr7R	True	0.33	False	unmatched_array	False	True	False	0.0
SRR33298422.254115	chr15R	Y' Gain	chr7	True	0.33	False		Y' Gain	chr7R	True	0.33	False	unmatched_array	False	True	False	0.0
SRR33298422.372331	chr15R	Y' Gain	chr7	True	0.33	False		Y' Gain	chr7R	True	0.33	False	unmatched_array	False	True	False	0.0
SRR33298422.180644	chr15R	Y' Gain	chr7	True	0.33	False		Y' Gain	chr7R	True	0.33	False	unmatched_array	False	True	False	0.0
SRR33298422.147498	chr15R	Y' Gain	chr7	True	0.33	False		Y' Gain	chr7R	True	0.33	False	unmatched_array	False	True	False	0.0
SRR33298422.437940	chr15R	Y' Gain	chr7	True	0.33	False		Y' Gain	chr7R	True	0.33	False	unmatched_array	False	True	False	0.0
SRR33298422.256237	chr15R	Y' Gain	chr7	True	0.33	False		Y' Gain	chr7R	True	0.33	False	unmatched_array	False	True	False	0.0
SRR33298422.316054	chr15R	Y' Gain	chr7	True	0.33	False		Y' Gain	chr7R	True	0.33	False	unmatched_array	False	True	False	0.0
SRR33298422.190860	chr15R	Y' Gain	chr7	True	0.33	False		Y' Gain	chr7R	True	0.33	False	unmatched_array	False	True	False	0.0
SRR33298422.59693	chr15R	Y' Gain	chr7	True	0.33	False		Y' Gain	chr7R	True	0.33	False	unmatched_array	False	True	False	0.0
SRR33298422.407757	chr15R	Y' Gain	chr7	True	0.33	False		Y' Gain	chr14L	True	0.44	False	donor_transfer	False	True	False	0.11
SRR33298422.541270	chr15R	Y' Gain	chr7	True	0.33	False		Y' Gain	chr14L	True	0.44	False	donor_transfer	False	True	False	0.11
SRR33298422.485655	chr15R	Y' Gain	chr4	True	0.33	False		Y' Gain	chr4R	True	0.33	False	single_y_prime_change	False	True	False	0.0
SRR33298422.159355	chr15R	Y' Gain	chr4	True	0.33	False		Y' Gain	chr4R	True	0.33	False	single_y_prime_change	False	True	False	0.0
SRR33298422.221243	chr15R	Y' Gain	chr4	True	0.33	False		Y' Gain	chr4R	True	0.33	False	single_y_prime_change	False	True	False	0.0
SRR33298422.539200	chr15R	Y' Gain	chr4	True	0.33	False		Y' Gain	chr4R	True	0.33	False	single_y_prime_change	False	True	False	0.0
SRR33298422.88553	chr15R	Y' Gain	chr4	True	0.33	False		Y' Gain	chr4R	True	0.33	False	single_y_prime_change	False	True	False	0.0
SRR33298422.212361	chr15R	Y' Gain	chr4	True	0.33	False		Y' Gain	chr4R	True	0.33	False	single_y_prime_change	False	True	False	0.0
SRR33298422.9367	chr15R	Y' Gain	chr4	True	0.33	False		Y' Gain	chr4R	True	0.33	False	single_y_prime_change	False	True	False	0.0
SRR33298422.371827	chr15R	Y' Gain	chr7	True	0.33	False		Y' Gain	chr7R	True	0.33	False	single_y_prime_change	False	True	False	0.0
SRR33298422.31747	chr15R	Y' Gain	chr4	True	0.33	False		Y' Gain	chr4R	True	0.33	False	single_y_prime_change	False	True	False	0.0
SRR33298422.142488	chr15R	Y' Gain	chr4	True	0.33	False		Y' Gain	chr4R	True	0.33	False	single_y_prime_change	False	True	False	0.0
SRR33298422.634311	chr15R	Y' Gain	chr4	True	0.33	False		Y' Gain	chr4R	True	0.33	False	single_y_prime_change	False	True	False	0.0
SRR33298422.139964	chr16L	Y' Recombination	chr16	True	0.33	False		Y' Recombination	chr12R	True	0.33	False	donor_transfer_candidates:3	False	True	False	0.0
SRR33298422.86931	chr16L	Y' Recombination	chr16	True	0.33	False		Y' Recombination	ambiguous	True	0.3	False	unmatched_array	False	True	False	-0.03
SRR33298422.478345	chr16L	Y' Gain	chr16	True	0.33	False		Y' Gain	chr12R	True	0.33	False	donor_transfer_candidates:2	False	True	False	0.0
SRR33298422.168100	chr16L	Y' Gain	chr16	True	0.33	False		Y' Gain	chr12R	True	0.33	False	donor_transfer_candidates:2	False	True	False	0.0
SRR33298422.275025	chr16L	Y' Gain	chr16	True	0.33	False		Y' Gain	chr12R	True	0.33	False	donor_transfer_candidates:2	False	True	False	0.0
SRR33298422.289652	chr16L	Y' Gain	chr16	True	0.33	False		Y' Gain	chr16L	True	0.33	False	tandem_amplification_same_end	False	True	False	0.0
SRR33298422.424665	chr16L	Y' Gain	chr16	True	0.33	False		Y' Gain	chr12R	True	0.33	False	donor_transfer_candidates:2	False	True	False	0.0
SRR33298422.42980	chr16L	Y' Gain	chr16	True	0.33	False		Y' Gain	chr16L	True	0.33	False	tandem_amplification_same_end	False	True	False	0.0
SRR33298422.439028	chr16L	Y' Recombination	chr4	True	0.33	False		Y' Recombination	chr14L	True	0.66	False	donor_transfer	False	True	False	0.33
SRR33298422.351842	chr16L	Y' Gain	chr12	True	0.3	False		Y' Gain	chr16L	True	0.33	False	tandem_amplification_same_end	False	True	False	0.03
SRR33298422.221109	chr16L	Y' Gain	chr12	True	0.3	False		Y' Gain	chr16L	True	0.33	False	tandem_amplification_same_end	False	True	False	0.03
SRR33298422.487608	chr16L	Y' Gain	chr12	True	0.3	False		Y' Gain	chr16L	True	0.33	False	tandem_amplification_same_end	False	True	False	0.03
SRR33298422.74203	chr16L	Y' Gain	chr12	True	0.3	False		Y' Gain	chr16L	True	0.33	False	tandem_amplification_same_end	False	True	False	0.03
SRR33298422.77591	chr16L	Y' Recombination	chr12	True	0.3	False		Y' Recombination	chr14L	True	0.66	False	donor_transfer	False	True	False	0.36
SRR33298422.184977	chr16L	Y' Gain	chr4	True	0.33	False		Y' Gain	chr4R	True	0.33	False	single_y_prime_change	False	True	False	0.0
SRR33298422.231750	chr16L	Y' Gain	chr4	True	0.33	False		Y' Gain	chr4R	True	0.33	False	single_y_prime_change	False	True	False	0.0
SRR33298422.284557	chr16L	Y' Gain	chr4	True	0.33	False		Y' Gain	chr4R	True	0.33	False	single_y_prime_change	False	True	False	0.0
SRR33298422.449018	chr16L	Y' Gain	chr14	True	0.33	False		Y' Gain	chr14L	True	0.33	False	single_y_prime_change	False	True	False	0.0
SRR33298422.144285	chr16L	Y' Gain	chr4	True	0.33	False		Y' Gain	chr4R	True	0.33	False	single_y_prime_change	False	True	False	0.0
SRR33298422.145528	chr16L	Y' Gain	chr4	True	0.33	False		Y' Gain	chr4R	True	0.33	False	single_y_prime_change	False	True	False	0.0
SRR33298422.275868	chr16L	Y' Gain	chr4	True	0.33	False		Y' Gain	chr4R	True	0.33	False	single_y_prime_change	False	True	False	0.0
SRR33298422.121212	chr16L	Y' Gain	chr14	True	0.33	False		Y' Gain	chr14L	True	0.33	False	single_y_prime_change	False	True	False	0.0
SRR33298422.166646	chr16R	1st Y' Change	chr4	True	0.3	False		1st Y' Change	chr14L	True	0.66	False	donor_transfer	False	True	False	0.36
SRR33298422.169711	chr16R	Y' Gain	chr4	True	0.3	False		Y' Gain	chr14L	True	0.66	False	donor_transfer	False	True	False	0.36
SRR33298422.430062	chr16R	Y' Gain	chr16	True	0.33	False		Y' Gain	chr14L	True	0.66	False	donor_transfer	False	True	False	0.33
SRR33298422.113496	chr16R	Y' Gain	chr16	True	0.33	False		Y' Gain	chr12R	True	0.33	False	donor_transfer_candidates:2	False	True	False	0.0
SRR33298422.60410	chr16R	Y' Gain	chr16	True	0.33	False		Y' Gain	chr12R	True	0.33	False	donor_transfer_candidates:2	False	True	False	0.0
SRR33298422.276520	chr16R	1st Y' Change	chr16	True	0.33	False		1st Y' Change	chr12R	True	0.33	False	donor_transfer_candidates:2	False	True	False	0.0
SRR33298422.337730	chr16R	Y' Gain	chr16	True	0.33	False		Y' Gain	chr14L	True	0.44	False	donor_transfer	False	True	False	0.11
SRR33298422.527830	chr16R	Y' Gain	chr16	True	0.33	False		Y' Gain	chr12R	True	0.33	False	donor_transfer_candidates:2	False	True	False	0.0
SRR33298422.29695	chr16R	Y' Gain	chr16	True	0.33	False		Y' Gain	chr12R	True	0.33	False	donor_transfer_candidates:2	False	True	False	0.0
SRR33298422.570458	chr16R	Y' Gain	chr16	True	0.33	False		Y' Gain	chr12R	True	0.33	False	donor_transfer_candidates:2	False	True	False	0.0
SRR33298422.220900	chr16R	Y' Gain	chr16	True	0.33	False		Y' Gain	ambiguous	True	0.3	False	donor_transfer_candidates:4	False	True	False	-0.03
SRR33298422.422909	chr16R	Y' Gain	chr16	True	0.33	False		Y' Gain	ambiguous	True	0.3	False	donor_transfer_candidates:4	False	True	False	-0.03
SRR33298422.457961	chr16R	1st Y' Change	chr16	True	0.33	False		1st Y' Change	chr12R	True	0.33	False	donor_transfer_candidates:2	False	True	False	0.0
SRR33298422.275930	chr16R	Y' Gain	chr16	True	0.33	False		Y' Gain	chr12R	True	0.33	False	donor_transfer_candidates:2	False	True	False	0.0
SRR33298422.249209	chr16R	Y' Gain	chr16	True	0.33	False		Y' Gain	chr12R	True	0.33	False	donor_transfer_candidates:2	False	True	False	0.0
SRR33298422.213637	chr16R	Y' Gain	chr16	True	0.33	False		Y' Gain	chr12R	True	0.33	False	donor_transfer_candidates:2	False	True	False	0.0
SRR33298422.42735	chr16R	1st Y' Change	chr16	True	0.3	False		1st Y' Change	chr14L	True	0.66	False	donor_transfer	False	True	False	0.36
SRR33298422.587736	chr16R	Y' Gain	chr16	True	0.33	False		Y' Gain	chr12R	True	0.33	False	donor_transfer_candidates:2	False	True	False	0.0
SRR33298422.408566	chr16R	Y' Gain	chr16	True	0.33	False		Y' Gain	chr12R	True	0.33	False	donor_transfer_candidates:2	False	True	False	0.0
SRR33298422.27530	chr16R	1st Y' Change	chr16	True	0.3	False		1st Y' Change	chr14L	True	0.66	False	donor_transfer	False	True	False	0.36
SRR33298422.430761	chr16R	Y' Gain	chr16	True	0.33	False		Y' Gain	ambiguous	True	0.3	False	unmatched_array	False	True	False	-0.03
SRR33298422.100529	chr16R	Y' Gain	chr16	True	0.33	False		Y' Gain	chr12R	True	0.33	False	donor_transfer_candidates:2	False	True	False	0.0
SRR33298422.40898	chr16R	1st Y' Change	chr16	True	0.3	False		1st Y' Change	ambiguous	True	0.3	False	unmatched_array	False	True	False	0.0
SRR33298422.51365	chr16R	Y' Gain	chr16	True	0.33	False		Y' Gain	chr12R	True	0.33	False	donor_transfer_candidates:3	False	True	False	0.0
SRR33298422.357519	chr16R	Y' Gain	chr16	True	0.33	False		Y' Gain	chr12R	True	0.33	False	donor_transfer_candidates:3	False	True	False	0.0
SRR33298422.75069	chr16R	Y' Gain	chr16	True	0.33	False		Y' Gain	chr12R	True	0.33	False	donor_transfer_candidates:3	False	True	False	0.0
SRR33298422.171161	chr16R	Y' Gain	chr16	True	0.33	False		Y' Gain	chr12R	True	0.33	False	donor_transfer_candidates:3	False	True	False	0.0
SRR33298422.423756	chr16R	Y' Gain	chr16	True	0.33	False		Y' Gain	chr12R	True	0.33	False	donor_transfer_candidates:3	False	True	False	0.0
SRR33298422.417670	chr16R	Y' Gain	chr16	True	0.33	False		Y' Gain	chr12R	True	0.33	False	donor_transfer_candidates:3	False	True	False	0.0
SRR33298422.197289	chr16R	Y' Gain	chr16	True	0.33	False		Y' Gain	chr12R	True	0.33	False	donor_transfer_candidates:3	False	True	False	0.0
SRR33298422.633197	chr16R	Y' Gain	chr16	True	0.33	False		Y' Gain	chr12R	True	0.33	False	donor_transfer_candidates:3	False	True	False	0.0
SRR33298422.369922	chr16R	1st Y' Change	chr16	True	0.3	False		1st Y' Change	chr14L	True	0.66	False	donor_transfer	False	True	False	0.36
SRR33298422.95303	chr16R	Y' Gain	chr16	True	0.33	False		Y' Gain	ambiguous	True	0.3	False	donor_transfer_candidates:4	False	True	False	-0.03
SRR33298422.138397	chr16R	Y' Gain	chr16	True	0.33	False		Y' Gain	ambiguous	True	0.3	False	donor_transfer_candidates:4	False	True	False	-0.03
SRR33298422.590382	chr16R	Y' Gain	chr16	True	0.33	False		Y' Gain	ambiguous	True	0.3	False	donor_transfer_candidates:4	False	True	False	-0.03
SRR33298422.315292	chr16R	Y' Gain	chr16	True	0.33	False		Y' Gain	ambiguous	True	0.3	False	donor_transfer_candidates:4	False	True	False	-0.03
SRR33298422.360882	chr16R	Y' Gain	chr16	True	0.33	False		Y' Gain	ambiguous	True	0.3	False	donor_transfer_candidates:4	False	True	False	-0.03
SRR33298422.462199	chr16R	Y' Gain	chr16	True	0.33	False		Y' Gain	ambiguous	True	0.3	False	donor_transfer_candidates:4	False	True	False	-0.03
SRR33298422.631925	chr16R	Y' Gain	chr16	True	0.33	False		Y' Gain	ambiguous	True	0.3	False	donor_transfer_candidates:4	False	True	False	-0.03
SRR33298422.242706	chr16R	Y' Gain	chr16	True	0.33	False		Y' Gain	ambiguous	True	0.3	False	donor_transfer_candidates:4	False	True	False	-0.03
SRR33298422.264183	chr16R	Y' Gain	chr16	True	0.33	False		Y' Gain	ambiguous	True	0.3	False	donor_transfer_candidates:4	False	True	False	-0.03
SRR33298422.180943	chr16R	1st Y' Change	chr16	True	0.3	False		1st Y' Change	chr14L	True	0.66	False	donor_transfer	False	True	False	0.36
SRR33298422.99425	chr16R	Y' Gain	chr16	True	0.33	False		Y' Gain	ambiguous	True	0.3	False	donor_transfer_candidates:4	False	True	False	-0.03
SRR33298422.263808	chr16R	Y' Gain	chr16	True	0.33	False		Y' Gain	chr12R	True	0.33	False	donor_transfer_candidates:3	False	True	False	0.0
SRR33298422.160902	chr16R	1st Y' Change	chr16	True	0.3	False		1st Y' Change	ambiguous	True	0.3	False	unmatched_array	False	True	False	0.0
SRR33298422.15262	chr16R	1st Y' Change	chr16	True	0.3	False		1st Y' Change	ambiguous	True	0.3	False	unmatched_array	False	True	False	0.0
SRR33298422.638417	chr16R	Y' Gain	chr16	True	0.33	False		Y' Gain	ambiguous	True	0.3	False	single_y_prime_change	False	True	False	-0.03
SRR33298422.542532	chr16R	Y' Gain	chr16	True	0.33	False		Y' Gain	ambiguous	True	0.3	False	single_y_prime_change	False	True	False	-0.03
SRR33298422.439283	chr16R	Y' Gain	chr16	True	0.33	False		Y' Gain	ambiguous	True	0.3	False	single_y_prime_change	False	True	False	-0.03
SRR33298422.335913	chr16R	Y' Gain	chr16	True	0.33	False		Y' Gain	ambiguous	True	0.3	False	single_y_prime_change	False	True	False	-0.03
SRR33298422.634351	chr16R	Y' Gain	chr16	True	0.33	False		Y' Gain	ambiguous	True	0.3	False	single_y_prime_change	False	True	False	-0.03
SRR33298422.566830	chr16R	Y' Gain	chr16	True	0.33	False		Y' Gain	ambiguous	True	0.3	False	single_y_prime_change	False	True	False	-0.03
SRR33298422.407626	chr16R	Y' Gain	chr16	True	0.33	False		Y' Gain	ambiguous	True	0.3	False	single_y_prime_change	False	True	False	-0.03
SRR33298422.315704	chr16R	Y' Gain	chr16	True	0.33	False		Y' Gain	ambiguous	True	0.3	False	single_y_prime_change	False	True	False	-0.03
SRR33298422.63307	chr1L	Y' Gain	chr12R	True	0.1588	True		Y' Gain	chr1R	True	0.1588	True	subtelomere_switch	False	True	False	0.0
SRR33298422.477555	chr1L	Y' Gain	chr12R	True	0.1544	True		Y' Gain	chr1R	True	0.3602	True	subtelomere_switch	False	True	False	0.206
SRR33298422.461997	chr1L	Y' Gain	chr12R	True	0.264	True		Y' Gain	chr1R	True	0.264	True	subtelomere_switch	False	True	False	0.0
SRR33298422.599562	chr1L	Y' Gain	chr12R	True	0.2274	True		Y' Gain	chr8R	True	0.2274	True	subtelomere_switch	False	True	False	0.0
SRR33298422.338106	chr1L	Y' Gain	chr12R	True	0.2769	True		Y' Gain	chr1R	True	0.6462	True	subtelomere_switch	False	True	False	0.369
SRR33298422.430492	chr1L	Y' Gain	chr12R	True	0.2877	True		Y' Gain	chr1R	True	0.6713	True	subtelomere_switch	False	True	False	0.384
SRR33298422.43814	chr1L	Y' Gain	chr12R	True	0.2281	True		Y' Gain	chr8R	True	0.2281	True	subtelomere_switch	False	True	False	0.0
SRR33298422.338271	chr1L	Y' Gain	chr12R	True	0.287	True		Y' Gain	chr1R	True	0.287	True	subtelomere_switch	False	True	False	0.0
SRR33298422.47725	chr1L	Y' Gain	chr12R	True	0.2877	True		Y' Gain	chr1R	True	0.6713	True	subtelomere_switch	False	True	False	0.384
SRR33298422.178704	chr1L	Y' Gain	chr4R	True	0.2837	True		Y' Gain	chr1R	True	0.662	True	subtelomere_switch	False	True	False	0.378
SRR33298422.484411	chr1L	Y' Gain	chr12R	True	0.2051	True		Y' Gain	chr1R	True	0.4786	True	subtelomere_switch	False	True	False	0.274
SRR33298422.477238	chr1L	Y' Gain	chr1	True	0.33	False		Y' Gain	chr14L	True	0.66	False	donor_transfer	False	True	False	0.33
SRR33298422.195967	chr1R	Y' Gain	chr4	True	0.3	False		Y' Gain	chr14L	True	0.44	False	donor_transfer	False	True	False	0.14
SRR33298422.231404	chr1R	Y' Gain	chr1	True	0.33	False		Y' Gain	ambiguous	True	0.3	False	donor_transfer_candidates:4	False	True	False	-0.03
SRR33298422.27739	chr1R	Y' Gain	chr1	True	0.33	False		Y' Gain	chr14L	True	0.66	False	donor_transfer	False	True	False	0.33
SRR33298422.287990	chr1R	Y' Gain	chr1	True	0.33	False		Y' Gain	chr12R	True	0.33	False	donor_transfer_candidates:2	False	True	False	0.0
SRR33298422.346274	chr1R	Y' Gain	chr1	True	0.33	False		Y' Gain	ambiguous	True	0.3	False	donor_transfer_candidates:4	False	True	False	-0.03
SRR33298422.578974	chr1R	Y' Gain	chr1	True	0.33	False		Y' Gain	chr14L	True	0.66	False	donor_transfer	False	True	False	0.33
SRR33298422.356914	chr1R	Y' Gain	chr1	True	0.33	False		Y' Gain	chr14L	True	0.66	False	donor_transfer	False	True	False	0.33
SRR33298422.157342	chr1R	Y' Gain	chr12	True	0.3	False		Y' Gain	chr12R	True	0.33	False	donor_transfer_candidates:2	False	True	False	0.03
SRR33298422.274021	chr1R	Y' Gain	chr12	True	0.3	False		Y' Gain	chr12R	True	0.33	False	donor_transfer_candidates:2	False	True	False	0.03
SRR33298422.179500	chr1R	Y' Gain	chr12	True	0.3	False		Y' Gain	chr12R	True	0.33	False	donor_transfer_candidates:2	False	True	False	0.03
SRR33298422.258847	chr1R	Y' Gain	chr12	True	0.33	False		Y' Gain	chr14L	True	0.66	False	donor_transfer	False	True	False	0.33
SRR33298422.247621	chr1R	Y' Gain	chr12	True	0.33	False		Y' Gain	chr14L	True	0.66	False	donor_transfer	False	True	False	0.33
SRR33298422.637864	chr1R	Y' Gain	chr12	True	0.33	False		Y' Gain	chr12L	True	0.33	False	unmatched_array	False	True	False	0.0
SRR33298422.458132	chr1R	Y' Gain	chr4	True	0.33	False		Y' Gain	chr4R	True	0.33	False	donor_transfer_candidates:3	False	True	False	0.0
SRR33298422.355702	chr1R	Y' Gain	chr14	True	0.33	False		Y' Gain	chr14R	True	0.33	False	unmatched_array	False	True	False	0.0
SRR33298422.76727	chr1R	Y' Gain	chr14	True	0.33	False		Y' Gain	chr14L	True	0.33	False	unmatched_array	False	True	False	0.0
SRR33298422.455681	chr1R	Y' Gain	chr14	True	0.33	False		Y' Gain	chr14R	True	0.33	False	unmatched_array	False	True	False	0.0
SRR33298422.571369	chr1R	Y' Gain	chr16	True	0.3	False		Y' Gain	chr14L	True	0.66	False	donor_transfer	False	True	False	0.36
SRR33298422.316350	chr1R	Y' Gain	chr12	True	0.33	False		Y' Gain	chr14L	True	0.66	False	donor_transfer	False	True	False	0.33
SRR33298422.165119	chr1R	Y' Gain	chr14	True	0.33	False		Y' Gain	chr14R	True	0.33	False	unmatched_array	False	True	False	0.0
SRR33298422.17904	chr1R	Y' Gain	chr4	True	0.33	False		Y' Gain	chr4R	True	0.33	False	unmatched_array	False	True	False	0.0
SRR33298422.465118	chr1R	Y' Gain	chr4	True	0.33	False		Y' Gain	chr4R	True	0.33	False	unmatched_array	False	True	False	0.0
SRR33298422.478988	chr1R	Y' Gain	chr4	True	0.33	False		Y' Gain	chr4R	True	0.33	False	unmatched_array	False	True	False	0.0
SRR33298422.100569	chr1R	Y' Gain	chr14	True	0.3	False		Y' Gain	chr14L	True	0.44	False	donor_transfer	False	True	False	0.14
SRR33298422.364996	chr1R	Y' Gain	chr4	True	0.33	False		Y' Gain	chr14L	True	0.44	False	donor_transfer	False	True	False	0.11
SRR33298422.6585	chr1R	Y' Gain	chr14	True	0.33	False		Y' Gain	chr14R	True	0.33	False	single_y_prime_change	False	True	False	0.0
SRR33298422.443575	chr1R	Y' Gain	chr4	True	0.33	False		Y' Gain	chr4R	True	0.33	False	single_y_prime_change	False	True	False	0.0
SRR33298422.633427	chr1R	Y' Gain	chr4	True	0.0012	False		Y' Gain	chr4R	True	0.0012	False	subtelomere_switch	False	True	False	0.0
SRR33298422.92048	chr1R	Y' Gain	chr4	True	0.33	False		Y' Gain	chr4R	True	0.33	False	single_y_prime_change	False	True	False	0.0
SRR33298422.402061	chr1R	Y' Gain	chr14	True	0.33	False		Y' Gain	chr14R	True	0.33	False	single_y_prime_change	False	True	False	0.0
SRR33298422.493760	chr1R	Y' Gain	chr14	True	0.33	False		Y' Gain	chr14R	True	0.33	False	single_y_prime_change	False	True	False	0.0
SRR33298422.509750	chr1R	Y' Gain	chr13	True	0.33	False		Y' Gain	chr13L	True	0.33	False	single_y_prime_change	False	True	False	0.0
SRR33298422.402353	chr1R	Y' Gain	chr13	True	-0.0022	False		Y' Gain	chr13L	True	-0.0022	False	subtelomere_switch	False	True	False	0.0
SRR33298422.526916	chr2L	Y' Gain	chr2	True	0.33	False		Y' Gain	ambiguous	True	0.3	False	donor_transfer_candidates:4	False	True	False	-0.03
SRR33298422.68035	chr2L	Y' Gain	chr2	True	0.33	False		Y' Gain	ambiguous	True	0.3	False	donor_transfer_candidates:4	False	True	False	-0.03
SRR33298422.43435	chr2L	Y' Gain	chr2	True	0.33	False		Y' Gain	chr12R	True	0.33	False	donor_transfer_candidates:3	False	True	False	0.0
SRR33298422.113673	chr2L	1st Y' Change	chr2	True	0.3	False		1st Y' Change	chr14L	True	0.66	False	donor_transfer	False	True	False	0.36
SRR33298422.430129	chr2L	Y' Gain	chr2	True	0.33	False		Y' Gain	chr12R	True	0.33	False	donor_transfer_candidates:2	False	True	False	0.0
SRR33298422.40504	chr2L	Y' Gain	chr2	True	0.33	False		Y' Gain	chr12R	True	0.33	False	donor_transfer_candidates:3	False	True	False	0.0
SRR33298422.147827	chr2L	Y' Gain	chr2	True	0.33	False		Y' Gain	ambiguous	True	0.3	False	donor_transfer_candidates:4	False	True	False	-0.03
SRR33298422.537485	chr2L	1st Y' Change	chr2	True	0.3	False		1st Y' Change	chr14L	True	0.66	False	donor_transfer	False	True	False	0.36
SRR33298422.61891	chr2L	Y' Gain	chr2	True	0.33	False		Y' Gain	chr12R	True	0.33	False	donor_transfer_candidates:2	False	True	False	0.0
SRR33298422.611415	chr2L	Y' Gain	chr2	True	0.33	False		Y' Gain	chr12R	True	0.33	False	donor_transfer_candidates:2	False	True	False	0.0
SRR33298422.73753	chr2L	Y' Gain	chr2	True	0.33	False		Y' Gain	chr12R	True	0.33	False	donor_transfer_candidates:2	False	True	False	0.0
SRR33298422.611099	chr2L	Y' Gain	chr2	True	0.33	False		Y' Gain	chr12R	True	0.33	False	donor_transfer_candidates:2	False	True	False	0.0
SRR33298422.283673	chr2L	Y' Gain	chr2	True	0.33	False		Y' Gain	chr12R	True	0.33	False	donor_transfer_candidates:2	False	True	False	0.0
SRR33298422.276713	chr2L	Y' Gain	chr2	True	0.33	False		Y' Gain	chr12R	True	0.33	False	donor_transfer_candidates:2	False	True	False	0.0
SRR33298422.163523	chr2L	Y' Gain	chr2	True	0.33	False		Y' Gain	chr14L	True	0.66	False	donor_transfer	False	True	False	0.33
SRR33298422.124176	chr2L	1st Y' Change	chr2	True	0.3	False		1st Y' Change	chr14L	True	0.66	False	donor_transfer	False	True	False	0.36
SRR33298422.397757	chr2L	Y' Gain	chr2	True	0.33	False		Y' Gain	chr12R	True	0.33	False	donor_transfer_candidates:2	False	True	False	0.0
SRR33298422.361005	chr2L	Y' Gain	chr2	True	0.33	False		Y' Gain	chr12R	True	0.33	False	donor_transfer_candidates:2	False	True	False	0.0
SRR33298422.519011	chr2L	Y' Gain	chr2	True	0.33	False		Y' Gain	chr12R	True	0.33	False	donor_transfer_candidates:2	False	True	False	0.0
SRR33298422.334588	chr2L	1st Y' Change	chr2	True	0.3	False		1st Y' Change	chr14L	True	0.66	False	donor_transfer	False	True	False	0.36
SRR33298422.160959	chr2L	1st Y' Change	chr2	True	0.3	False		1st Y' Change	chr14L	True	0.66	False	donor_transfer	False	True	False	0.36
SRR33298422.334502	chr2L	Y' Gain	chr2	True	0.33	False		Y' Gain	chr12R	True	0.33	False	donor_transfer_candidates:2	False	True	False	0.0
SRR33298422.538534	chr2L	Y' Gain	chr2	True	0.33	False		Y' Gain	chr12R	True	0.33	False	donor_transfer_candidates:2	False	True	False	0.0
SRR33298422.83465	chr2L	Y' Gain	chr2	True	0.33	False		Y' Gain	chr12R	True	0.33	False	donor_transfer_candidates:2	False	True	False	0.0
SRR33298422.406288	chr2L	Y' Gain	chr2	True	0.33	False		Y' Gain	chr12R	True	0.33	False	donor_transfer_candidates:3	False	True	False	0.0
SRR33298422.97207	chr2L	Y' Gain	chr2	True	0.33	False		Y' Gain	chr12R	True	0.33	False	donor_transfer_candidates:2	False	True	False	0.0
SRR33298422.428076	chr2L	1st Y' Change	chr2	True	0.3	False		1st Y' Change	chr14L	True	0.66	False	donor_transfer	False	True	False	0.36
SRR33298422.41589	chr2L	1st Y' Change	chr2	True	0.3	False		1st Y' Change	chr14L	True	0.66	False	donor_transfer	False	True	False	0.36
SRR33298422.428605	chr2L	1st Y' Change	chr2	True	0.3	False		1st Y' Change	chr14L	True	0.66	False	donor_transfer	False	True	False	0.36
SRR33298422.316911	chr2L	Y' Gain	chr2	True	0.33	False		Y' Gain	chr12R	True	0.33	False	donor_transfer_candidates:3	False	True	False	0.0
SRR33298422.407283	chr2L	Y' Gain	chr2	True	0.33	False		Y' Gain	chr12R	True	0.33	False	donor_transfer_candidates:3	False	True	False	0.0
SRR33298422.480760	chr2L	Y' Gain	chr2	True	0.33	False		Y' Gain	chr12R	True	0.33	False	donor_transfer_candidates:2	False	True	False	0.0
SRR33298422.429553	chr2L	1st Y' Change	chr2	True	0.3	False		1st Y' Change	chr14L	True	0.66	False	donor_transfer	False	True	False	0.36
SRR33298422.141866	chr2L	Y' Gain	chr2	True	0.33	False		Y' Gain	chr12R	True	0.33	False	donor_transfer_candidates:3	False	True	False	0.0
SRR33298422.370048	chr2L	1st Y' Change	chr2	True	0.3	False		1st Y' Change	chr14L	True	0.44	False	donor_transfer	False	True	False	0.14
SRR33298422.156343	chr2L	Y' Gain	chr2	True	0.33	False		Y' Gain	ambiguous	True	0.3	False	donor_transfer_candidates:4	False	True	False	-0.03
SRR33298422.547923	chr2L	Y' Gain	chr2	True	0.33	False		Y' Gain	ambiguous	True	0.3	False	donor_transfer_candidates:4	False	True	False	-0.03
SRR33298422.565412	chr2L	Y' Gain	chr2	True	0.33	False		Y' Gain	ambiguous	True	0.3	False	unmatched_array	False	True	False	-0.03
SRR33298422.576346	chr2L	Y' Gain	chr2	True	0.33	False		Y' Gain	ambiguous	True	0.3	False	donor_transfer_candidates:4	False	True	False	-0.03
SRR33298422.140628	chr2L	Y' Gain	chr2	True	0.33	False		Y' Gain	ambiguous	True	0.3	False	unmatched_array	False	True	False	-0.03
SRR33298422.63279	chr2L	Y' Gain	chr2	True	0.33	False		Y' Gain	ambiguous	True	0.3	False	unmatched_array	False	True	False	-0.03
SRR33298422.428210	chr2L	Y' Gain	chr2	True	0.33	False		Y' Gain	ambiguous	True	0.3	False	unmatched_array	False	True	False	-0.03
SRR33298422.462193	chr2L	Y' Gain	chr2	True	0.33	False		Y' Gain	ambiguous	True	0.3	False	unmatched_array	False	True	False	-0.03
SRR33298422.43062	chr2L	Y' Gain	chr2	True	0.33	False		Y' Gain	ambiguous	True	0.3	False	unmatched_array	False	True	False	-0.03
SRR33298422.140932	chr2L	Y' Gain	chr2	True	0.33	False		Y' Gain	ambiguous	True	0.3	False	unmatched_array	False	True	False	-0.03
SRR33298422.29040	chr2L	Y' Gain	chr2	True	0.33	False		Y' Gain	ambiguous	True	0.3	False	unmatched_array	False	True	False	-0.03
SRR33298422.106740	chr2L	Y' Gain	chr2	True	0.33	False		Y' Gain	ambiguous	True	0.3	False	unmatched_array	False	True	False	-0.03
SRR33298422.339272	chr2R	Y' Gain	chr12R	True	0.2734	True		Y' Gain	chr14L	True	0.6378	True	subtelomere_switch	False	True	False	0.364
SRR33298422.435144	chr2R	Y' Gain	chr12R	True	0.0001	True		Y' Gain	chr14L	True	0.0001	True	subtelomere_switch	False	True	False	0.0
SRR33298422.138888	chr2R	Y' Gain	chr12R	True	0.0013	True		Y' Gain	chr14L	True	0.0013	True	subtelomere_switch	False	True	False	0.0
SRR33298422.42495	chr2R	Y' Gain	chr12R	True	0.0024	True		Y' Gain	chr14L	True	0.0024	True	subtelomere_switch	False	True	False	0.0
SRR33298422.435013	chr2R	Y' Gain	chr12R	True	-0.0007	True		Y' Gain	chr14L	True	-0.0007	True	subtelomere_switch	False	True	False	0.0
SRR33298422.284222	chr2R	Y' Gain	chr2	True	0.3	False		Y' Gain	chr14L	True	0.66	False	donor_transfer	False	True	False	0.36
SRR33298422.290571	chr2R	Y' Gain	chr12R	True	-0.0003	True		Y' Gain	chr14L	True	-0.0003	True	subtelomere_switch	False	True	False	0.0
SRR33298422.287808	chr2R	Y' Gain	chr2	True	0.3	False		Y' Gain	chr14L	True	0.66	False	donor_transfer	False	True	False	0.36
SRR33298422.110728	chr2R	Y' Gain	chr2	True	0.3	False		Y' Gain	chr14L	True	0.66	False	donor_transfer	False	True	False	0.36
SRR33298422.556719	chr2R	Y' Gain	chr2	True	0.3	False		Y' Gain	chr14L	True	0.66	False	donor_transfer	False	True	False	0.36
SRR33298422.163297	chr2R	Y' Gain	chr2	True	0.3	False		Y' Gain	chr14L	True	0.66	False	donor_transfer	False	True	False	0.36
SRR33298422.414593	chr2R	Y' Gain	chr2	True	0.3	False		Y' Gain	chr14L	True	0.66	False	donor_transfer	False	True	False	0.36
SRR33298422.201023	chr2R	Y' Gain	chr2	True	0.3	False		Y' Gain	ambiguous	True	0.3	False	unmatched_array	False	True	False	0.0
SRR33298422.595621	chr2R	Y' Gain	chr2	True	0.3	False		Y' Gain	ambiguous	True	0.3	False	unmatched_array	False	True	False	0.0
SRR33298422.217827	chr2R	Y' Gain	chr2	True	0.3	False		Y' Gain	chr12R	True	0.33	False	donor_transfer_candidates:2	False	True	False	0.03
SRR33298422.261705	chr2R	Y' Gain	chr2	True	0.3	False		Y' Gain	chr14L	True	0.66	False	donor_transfer	False	True	False	0.36
SRR33298422.228766	chr2R	Y' Gain	chr2	True	0.3	False		Y' Gain	chr14L	True	0.66	False	donor_transfer	False	True	False	0.36
SRR33298422.283845	chr2R	Y' Gain	chr2	True	0.3	False		Y' Gain	ambiguous	True	0.3	False	unmatched_array	False	True	False	0.0
SRR33298422.47079	chr2R	Y' Gain	chr2	True	0.3	False		Y' Gain	ambiguous	True	0.3	False	unmatched_array	False	True	False	0.0
SRR33298422.204144	chr2R	Y' Gain	chr2	True	0.3	False		Y' Gain	chr14L	True	0.66	False	donor_transfer	False	True	False	0.36
SRR33298422.344622	chr2R	Y' Gain	chr2	True	0.3	False		Y' Gain	chr14L	True	0.44	False	donor_transfer	False	True	False	0.14
SRR33298422.242548	chr2R	Y' Gain	chr2	True	0.3	False		Y' Gain	chr14L	True	0.66	False	donor_transfer	False	True	False	0.36
SRR33298422.211615	chr2R	Y' Gain	chr2	True	0.3	False		Y' Gain	chr14L	True	0.66	False	donor_transfer	False	True	False	0.36
SRR33298422.31289	chr2R	Y' Gain	chr2	True	0.3	False		Y' Gain	chr14L	True	0.66	False	donor_transfer	False	True	False	0.36
SRR33298422.173336	chr2R	Y' Gain	chr2	True	0.3	False		Y' Gain	chr14L	True	0.66	False	donor_transfer	False	True	False	0.36
SRR33298422.485324	chr2R	Y' Gain	chr2	True	0.3	False		Y' Gain	chr14L	True	0.66	False	donor_transfer	False	True	False	0.36
SRR33298422.212239	chr2R	Y' Gain	chr2	True	0.0019	False		Y' Gain	chr14L	True	0.0021	False	subtelomere_switch	False	True	False	0.0
SRR33298422.449507	chr2R	Y' Gain	chr2	True	0.3	False		Y' Gain	ambiguous	True	0.3	False	unmatched_array	False	True	False	0.0
SRR33298422.479112	chr2R	Y' Gain	chr2	True	0.3	False		Y' Gain	chr14L	True	0.44	False	donor_transfer	False	True	False	0.14
SRR33298422.579470	chr2R	Y' Gain	chr2	True	0.3	False		Y' Gain	chr14L	True	0.44	False	donor_transfer	False	True	False	0.14
SRR33298422.571403	chr2R	Y' Gain	chr2	True	0.3	False		Y' Gain	ambiguous	True	0.3	False	unmatched_array	False	True	False	0.0
SRR33298422.231576	chr2R	Y' Gain	chr14	True	0.3	False		Y' Gain	chr14L	True	0.44	False	donor_transfer	False	True	False	0.14
SRR33298422.336577	chr2R	Y' Gain	chr14	True	0.3	False		Y' Gain	chr14L	True	0.44	False	donor_transfer	False	True	False	0.14
SRR33298422.403541	chr2R	Y' Gain	chr14	True	0.3	False		Y' Gain	chr14L	True	0.44	False	donor_transfer	False	True	False	0.14
SRR33298422.389191	chr2R	Y' Gain	chr14	True	0.3	False		Y' Gain	chr14L	True	0.44	False	donor_transfer	False	True	False	0.14
SRR33298422.301827	chr2R	Y' Gain	chr14	True	0.3	False		Y' Gain	chr14L	True	0.44	False	donor_transfer	False	True	False	0.14
SRR33298422.213011	chr2R	Y' Gain	chr14	True	0.3	False		Y' Gain	chr14L	True	0.44	False	donor_transfer	False	True	False	0.14
SRR33298422.155787	chr2R	Y' Gain	chr14	True	0.3	False		Y' Gain	chr14L	True	0.44	False	donor_transfer	False	True	False	0.14
SRR33298422.70091	chr2R	Y' Gain	chr14	True	0.3	False		Y' Gain	chr14L	True	0.44	False	donor_transfer	False	True	False	0.14
SRR33298422.334683	chr2R	Y' Gain	chr14	True	0.3	False		Y' Gain	chr14L	True	0.44	False	donor_transfer	False	True	False	0.14
SRR33298422.448662	chr2R	Y' Gain	chr14	True	0.3	False		Y' Gain	chr14L	True	0.44	False	donor_transfer	False	True	False	0.14
SRR33298422.255514	chr2R	Y' Gain	chr14	True	0.0051	False		Y' Gain	chr14L	True	0.0056	False	subtelomere_switch	False	True	False	0.0
SRR33298422.316871	chr2R	Y' Gain	chr14	True	0.3	False		Y' Gain	chr14L	True	0.44	False	donor_transfer	False	True	False	0.14
SRR33298422.339580	chr2R	Y' Gain	chr14	True	0.3	False		Y' Gain	chr14L	True	0.44	False	donor_transfer	False	True	False	0.14
SRR33298422.303330	chr2R	Y' Gain	chr14	True	0.3	False		Y' Gain	chr14L	True	0.44	False	donor_transfer	False	True	False	0.14
SRR33298422.62038	chr2R	Y' Gain	chr14	True	0.3	False		Y' Gain	chr14L	True	0.44	False	donor_transfer	False	True	False	0.14
SRR33298422.434551	chr2R	Y' Gain	chr14	True	0.3	False		Y' Gain	chr14L	True	0.44	False	donor_transfer	False	True	False	0.14
SRR33298422.270817	chr2R	Y' Gain	chr2	True	0.3	False		Y' Gain	chr14L	True	0.44	False	donor_transfer	False	True	False	0.14
SRR33298422.218523	chr2R	Y' Gain	chr14	True	0.3	False		Y' Gain	chr14L	True	0.44	False	donor_transfer	False	True	False	0.14
SRR33298422.190656	chr2R	Y' Gain	chr14	True	0.3	False		Y' Gain	chr14L	True	0.44	False	donor_transfer	False	True	False	0.14
SRR33298422.525677	chr3L	Y' Gain	chr12R	True	0.1941	True		Y' Gain	chr2L	True	0.453	True	subtelomere_switch	False	True	False	0.259
SRR33298422.276664	chr3L	Y' Gain	chr12R	True	-0.0024	True		Y' Gain	chr14L	True	-0.0024	True	subtelomere_switch	False	True	False	0.0
SRR33298422.80873	chr3L	Y' Gain	chr3	True	0.3	False		Y' Gain	ambiguous	True	0.3	False	donor_transfer_candidates:4	False	True	False	0.0
SRR33298422.268540	chr3L	Y' Gain	chr3	True	0.3	False		Y' Gain	ambiguous	True	0.3	False	donor_transfer_candidates:4	False	True	False	0.0
SRR33298422.361146	chr3L	Y' Gain	chr3	True	0.3	False		Y' Gain	chr14L	True	0.66	False	donor_transfer	False	True	False	0.36
SRR33298422.259296	chr3L	Y' Gain	chr12R	True	-0.0008	True		Y' Gain	chr14L	True	-0.0008	True	subtelomere_switch	False	True	False	0.0
SRR33298422.29622	chr3L	Y' Gain	chr3	True	0.3	False		Y' Gain	chr12R	True	0.33	False	donor_transfer_candidates:3	False	True	False	0.03
SRR33298422.134365	chr3L	Y' Gain	chr3	True	0.3	False		Y' Gain	chr14L	True	0.44	False	donor_transfer	False	True	False	0.14
SRR33298422.570512	chr3L	Y' Gain	chr3	True	0.3	False		Y' Gain	chr12R	True	0.33	False	donor_transfer_candidates:2	False	True	False	0.03
SRR33298422.142999	chr3L	Y' Gain	chr3	True	0.3	False		Y' Gain	chr12R	True	0.33	False	donor_transfer_candidates:3	False	True	False	0.03
SRR33298422.145648	chr3L	Y' Gain	chr3	True	0.3	False		Y' Gain	chr12R	True	0.33	False	donor_transfer_candidates:3	False	True	False	0.03
SRR33298422.144012	chr3L	Y' Gain	chr3	True	0.3	False		Y' Gain	ambiguous	True	0.3	False	unmatched_array	False	True	False	0.0
SRR33298422.245587	chr3L	Y' Gain	chr3	True	0.3	False		Y' Gain	ambiguous	True	0.3	False	unmatched_array	False	True	False	0.0
SRR33298422.307414	chr3L	Y' Gain	chr3	True	0.3	False		Y' Gain	ambiguous	True	0.3	False	unmatched_array	False	True	False	0.0
SRR33298422.284151	chr3L	Y' Gain	chr3	True	0.3	False		Y' Gain	chr12R	True	0.33	False	donor_transfer_candidates:3	False	True	False	0.03
SRR33298422.526140	chr3L	Y' Gain	chr3	True	0.3	False		Y' Gain	chr12R	True	0.33	False	donor_transfer_candidates:3	False	True	False	0.03
SRR33298422.405404	chr3L	Y' Gain	chr3	True	0.0012	False		Y' Gain	ambiguous	True	0.0012	False	subtelomere_switch	False	True	False	0.0
SRR33298422.587256	chr3L	Y' Gain	chr14	True	0.33	False		Y' Gain	chr14L	True	0.33	False	donor_transfer_candidates:4	False	True	False	0.0
SRR33298422.403624	chr3L	Y' Gain	chr14	True	0.33	False		Y' Gain	chr14L	True	0.33	False	donor_transfer_candidates:4	False	True	False	0.0
SRR33298422.388685	chr3L	Y' Gain	chr16	True	0.33	False		Y' Gain	chr16L	True	0.33	False	donor_transfer_candidates:4	False	True	False	0.0
SRR33298422.265438	chr3L	Y' Gain	chr14	True	0.33	False		Y' Gain	chr14L	True	0.33	False	donor_transfer_candidates:4	False	True	False	0.0
SRR33298422.68242	chr3L	Y' Gain	chr14	True	0.33	False		Y' Gain	chr14L	True	0.33	False	donor_transfer_candidates:4	False	True	False	0.0
SRR33298422.625306	chr3L	Y' Gain	chr14	True	0.33	False		Y' Gain	chr14L	True	0.33	False	donor_transfer_candidates:4	False	True	False	0.0
SRR33298422.446862	chr3L	Y' Gain	chr4	True	0.33	False		Y' Gain	chr4R	True	0.33	False	unmatched_array	False	True	False	0.0
SRR33298422.310354	chr3L	Y' Gain	chr4	True	0.33	False		Y' Gain	chr4R	True	0.33	False	unmatched_array	False	True	False	0.0
SRR33298422.30302	chr3L	Y' Gain	chr4	True	0.33	False		Y' Gain	chr4R	True	0.33	False	unmatched_array	False	True	False	0.0
SRR33298422.509316	chr3L	Y' Gain	chr4	True	0.33	False		Y' Gain	chr4R	True	0.33	False	unmatched_array	False	True	False	0.0
SRR33298422.40330	chr3L	Y' Gain	chr4	True	0.33	False		Y' Gain	chr4R	True	0.33	False	unmatched_array	False	True	False	0.0
SRR33298422.525716	chr3L	Y' Gain	chr4	True	-0.0013	False		Y' Gain	chr4R	True	-0.0013	False	subtelomere_switch	False	True	False	0.0
SRR33298422.47112	chr3L	Y' Gain	chr14	True	0.3	False		Y' Gain	chr14L	True	0.44	False	donor_transfer	False	True	False	0.14
SRR33298422.165150	chr3L	Y' Gain	chr14	True	0.3	False		Y' Gain	chr14L	True	0.44	False	donor_transfer	False	True	False	0.14
SRR33298422.398740	chr3L	Y' Gain	chr2	True	0.33	False		Y' Gain	chr2L	True	0.33	False	single_y_prime_change	False	True	False	0.0
SRR33298422.87889	chr3L	Y' Gain	chr4	True	0.33	False		Y' Gain	chr4R	True	0.33	False	single_y_prime_change	False	True	False	0.0
SRR33298422.204364	chr3L	Y' Gain	chr5	True	0.33	False		Y' Gain	chr5R	True	0.33	False	single_y_prime_change	False	True	False	0.0
SRR33298422.616625	chr3L	Y' Gain	chr2	True	0.33	False		Y' Gain	chr2L	True	0.33	False	single_y_prime_change	False	True	False	0.0
SRR33298422.578127	chr3L	Y' Gain	chr2	True	0.33	False		Y' Gain	chr2L	True	0.33	False	single_y_prime_change	False	True	False	0.0
SRR33298422.95080	chr3L	Y' Gain	chr2	True	0.33	False		Y' Gain	chr2L	True	0.33	False	single_y_prime_change	False	True	False	0.0
SRR33298422.170988	chr3L	Y' Gain	chr2	True	-0.0026	False		Y' Gain	chr2L	True	-0.0026	False	subtelomere_switch	False	True	False	0.0
SRR33298422.309951	chr3L	Y' Gain	chr2	True	0.33	False		Y' Gain	chr2L	True	0.33	False	single_y_prime_change	False	True	False	0.0
SRR33298422.554645	chr3L	Y' Gain	chr2	True	0.33	False		Y' Gain	chr2L	True	0.33	False	single_y_prime_change	False	True	False	0.0
SRR33298422.591568	chr3L	Y' Gain	chr2	True	0.33	False		Y' Gain	chr2L	True	0.33	False	single_y_prime_change	False	True	False	0.0
SRR33298422.3544	chr3L	Y' Gain	chr2	True	0.0054	False		Y' Gain	chr2L	True	0.0054	False	subtelomere_switch	False	True	False	0.0
SRR33298422.174943	chr3L	Y' Gain	chr2	True	0.33	False		Y' Gain	chr2L	True	0.33	False	single_y_prime_change	False	True	False	0.0
SRR33298422.335363	chr3R	Y' Gain	chr3	True	0.3	False		Y' Gain	chr14L	True	0.66	False	donor_transfer	False	True	False	0.36
SRR33298422.152495	chr3R	Y' Gain	chr3	True	0.3	False		Y' Gain	chr12R	True	0.33	False	donor_transfer_candidates:2	False	True	False	0.03
SRR33298422.188054	chr3R	Y' Gain	chr3	True	0.3	False		Y' Gain	chr12R	True	0.33	False	donor_transfer_candidates:2	False	True	False	0.03
SRR33298422.191696	chr3R	Y' Gain	chr3	True	0.3	False		Y' Gain	chr12R	True	0.33	False	donor_transfer_candidates:2	False	True	False	0.03
SRR33298422.525764	chr3R	Y' Gain	chr3	True	0.3	False		Y' Gain	chr12R	True	0.33	False	donor_transfer_candidates:2	False	True	False	0.03
SRR33298422.269547	chr3R	Y' Gain	chr3	True	0.3	False		Y' Gain	chr12R	True	0.33	False	donor_transfer_candidates:2	False	True	False	0.03
SRR33298422.112766	chr3R	Y' Gain	chr12R	True	-0.0023	True		Y' Gain	chr14L	True	-0.0023	True	subtelomere_switch	False	True	False	0.0
SRR33298422.29547	chr3R	Y' Gain	chr3	True	0.3	False		Y' Gain	chr14L	True	0.66	False	donor_transfer	False	True	False	0.36
SRR33298422.157705	chr3R	Y' Gain	chr12R	True	0.2374	True		Y' Gain	chr14L	True	0.5538	True	subtelomere_switch	False	True	False	0.316
SRR33298422.245593	chr3R	Y' Gain	chr3	True	0.3	False		Y' Gain	chr12R	True	0.33	False	donor_transfer_candidates:3	False	True	False	0.03
SRR33298422.345321	chr3R	Y' Gain	chr3	True	-0.0074	False		Y' Gain	chr14L	True	-0.0081	False	subtelomere_switch	False	True	False	-0.001
SRR33298422.137119	chr3R	Y' Gain	chr3	True	0.3	False		Y' Gain	chr14L	True	0.44	False	donor_transfer	False	True	False	0.14
SRR33298422.3146	chr3R	Y' Gain	chr3	True	-0.0136	False		Y' Gain	chr12R	True	-0.015	False	subtelomere_switch	False	True	False	-0.001
SRR33298422.45947	chr3R	Y' Gain	chr3	True	0.3	False		Y' Gain	chr12R	True	0.33	False	donor_transfer_candidates:3	False	True	False	0.03
SRR33298422.254003	chr3R	Y' Gain	chr14	True	0.33	False		Y' Gain	chr14R	True	0.33	False	unmatched_array	False	True	False	0.0
SRR33298422.479462	chr3R	Y' Gain	chr14	True	0.3	False		Y' Gain	chr14L	True	0.44	False	donor_transfer	False	True	False	0.14
SRR33298422.58635	chr3R	Y' Gain	chr14	True	0.3	False		Y' Gain	chr14L	True	0.44	False	donor_transfer	False	True	False	0.14
SRR33298422.42595	chr3R	Y' Gain	chr14	True	0.3	False		Y' Gain	chr14L	True	0.44	False	donor_transfer	False	True	False	0.14
SRR33298422.516214	chr3R	Y' Gain	chr14	True	0.3	False		Y' Gain	chr14L	True	0.44	False	donor_transfer	False	True	False	0.14
SRR33298422.56086	chr3R	Y' Gain	chr14	True	0.3	False		Y' Gain	chr14L	True	0.44	False	donor_transfer	False	True	False	0.14
SRR33298422.439197	chr3R	Y' Gain	chr14	True	0.3	False		Y' Gain	chr14L	True	0.44	False	donor_transfer	False	True	False	0.14
SRR33298422.567064	chr3R	Y' Gain	chr14	True	0.3	False		Y' Gain	chr14L	True	0.44	False	donor_transfer	False	True	False	0.14
SRR33298422.508011	chr3R	Y' Gain	chr14	True	0.3	False		Y' Gain	chr14L	True	0.44	False	donor_transfer	False	True	False	0.14
SRR33298422.122140	chr3R	Y' Gain	chr14	True	0.3	False		Y' Gain	chr14L	True	0.44	False	donor_transfer	False	True	False	0.14
SRR33298422.519959	chr3R	Y' Gain	chr14	True	0.3	False		Y' Gain	chr14L	True	0.44	False	donor_transfer	False	True	False	0.14
SRR33298422.462452	chr4R	Y' Gain	chr13	True	0.3	False		Y' Gain	chr14L	True	0.66	False	donor_transfer	False	True	False	0.36
SRR33298422.252867	chr4R	Y' Gain	ambiguous	True	0.3	False		Y' Gain	chr14L	True	0.66	False	donor_transfer	False	True	False	0.36
SRR33298422.98156	chr4R	Y' Gain	ambiguous	True	0.3	False		Y' Gain	chr4R	True	0.33	False	tandem_amplification_same_end	False	True	False	0.03
SRR33298422.605744	chr4R	Y' Gain	ambiguous	True	0.3	False		Y' Gain	chr4R	True	0.33	False	tandem_amplification_same_end	False	True	False	0.03
SRR33298422.624188	chr4R	Y' Gain	ambiguous	True	0.3	False		Y' Gain	chr4R	True	0.33	False	tandem_amplification_same_end	False	True	False	0.03
SRR33298422.111665	chr4R	Y' Gain	chr14	True	0.33	False		Y' Gain	chr14L	True	0.33	False	single_y_prime_change	False	True	False	0.0
SRR33298422.570074	chr5L	Y' Gain	chr5	True	0.33	False		Y' Gain	chr14L	True	0.66	False	donor_transfer	False	True	False	0.33
SRR33298422.485549	chr5L	Y' Gain	chr5	True	0.33	False		Y' Gain	chr14L	True	0.66	False	donor_transfer	False	True	False	0.33
SRR33298422.40617	chr5L	1st Y' Change	chr5	True	0.3	False		1st Y' Change	chr14L	True	0.66	False	donor_transfer	False	True	False	0.36
SRR33298422.422410	chr5L	Y' Gain	chr5	True	0.33	False		Y' Gain	ambiguous	True	0.3	False	donor_transfer_candidates:4	False	True	False	-0.03
SRR33298422.477391	chr5L	Y' Gain	chr5	True	0.33	False		Y' Gain	chr12R	True	0.33	False	donor_transfer_candidates:2	False	True	False	0.0
SRR33298422.529705	chr5L	Y' Gain	chr5	True	0.33	False		Y' Gain	chr14L	True	0.66	False	donor_transfer	False	True	False	0.33
SRR33298422.259321	chr5L	1st Y' Change	chr4	True	0.3	False		1st Y' Change	chr14L	True	0.66	False	donor_transfer	False	True	False	0.36
SRR33298422.53077	chr5L	Y' Gain	chr5	True	0.33	False		Y' Gain	ambiguous	True	0.3	False	unmatched_array	False	True	False	-0.03
SRR33298422.346457	chr5L	Y' Gain	chr5	True	0.33	False		Y' Gain	chr14L	True	0.66	False	donor_transfer	False	True	False	0.33
SRR33298422.185256	chr5L	Y' Gain	chr4	True	0.3	False		Y' Gain	chr4R	True	0.33	False	donor_transfer_candidates:2	False	True	False	0.03
SRR33298422.316893	chr5L	Y' Gain	chr5	True	0.33	False		Y' Gain	ambiguous	True	0.3	False	donor_transfer_candidates:4	False	True	False	-0.03
SRR33298422.284541	chr5L	Y' Gain	chr5	True	0.33	False		Y' Gain	chr14L	True	0.66	False	donor_transfer	False	True	False	0.33
SRR33298422.639215	chr5L	Y' Gain	chr5	True	0.33	False		Y' Gain	ambiguous	True	0.3	False	unmatched_array	False	True	False	-0.03
SRR33298422.277022	chr5L	Y' Gain	chr5	True	0.33	False		Y' Gain	chr12R	True	0.33	False	donor_transfer_candidates:2	False	True	False	0.0
SRR33298422.441413	chr5L	1st Y' Change	chr5	True	0.3	False		1st Y' Change	chr12R	True	0.66	False	donor_transfer	False	True	False	0.36
SRR33298422.157267	chr5L	1st Y' Change	chr5	True	0.3	False		1st Y' Change	chr12R	True	0.66	False	donor_transfer	False	True	False	0.36
SRR33298422.394910	chr5L	1st Y' Change	chr5	True	0.3	False		1st Y' Change	chr12R	True	0.66	False	donor_transfer	False	True	False	0.36
SRR33298422.71338	chr5L	Y' Gain	chr5	True	0.33	False		Y' Gain	chr12R	True	0.33	False	donor_transfer_candidates:2	False	True	False	0.0
SRR33298422.142561	chr5L	1st Y' Change	chr5	True	0.3	False		1st Y' Change	ambiguous	True	0.3	False	unmatched_array	False	True	False	0.0
SRR33298422.238303	chr5L	Y' Gain	chr5	True	0.33	False		Y' Gain	ambiguous	True	0.3	False	unmatched_array	False	True	False	-0.03
SRR33298422.324109	chr5L	Y' Gain	chr5	True	0.33	False		Y' Gain	ambiguous	True	0.3	False	unmatched_array	False	True	False	-0.03
SRR33298422.182412	chr5L	Y' Gain	ambiguous	True	0.3	False		Y' Gain	chr12R	True	0.33	False	donor_transfer_candidates:2	False	True	False	0.03
SRR33298422.101087	chr5L	1st Y' Change	chr5	True	0.3	False		1st Y' Change	chr12R	True	0.66	False	donor_transfer	False	True	False	0.36
SRR33298422.106113	chr5L	1st Y' Change	chr5	True	0.3	False		1st Y' Change	chr12R	True	0.66	False	donor_transfer	False	True	False	0.36
SRR33298422.118347	chr5L	Y' Gain	chr5	True	0.33	False		Y' Gain	ambiguous	True	0.3	False	unmatched_array	False	True	False	-0.03
SRR33298422.504433	chr5L	Y' Gain	chr5	True	0.33	False		Y' Gain	chr12R	True	0.33	False	donor_transfer_candidates:2	False	True	False	0.0
SRR33298422.177849	chr5L	Y' Gain	chr5	True	0.33	False		Y' Gain	chr12R	True	0.33	False	donor_transfer_candidates:2	False	True	False	0.0
SRR33298422.333333	chr5L	1st Y' Change	chr5	True	0.3	False		1st Y' Change	chr12R	True	0.66	False	donor_transfer	False	True	False	0.36
SRR33298422.255532	chr5L	1st Y' Change	chr4	True	0.3	False		1st Y' Change	chr12R	True	0.44	False	donor_transfer	False	True	False	0.14
SRR33298422.432358	chr5L	Y' Gain	chr5	True	0.33	False		Y' Gain	chr12R	True	0.33	False	donor_transfer_candidates:3	False	True	False	0.0
SRR33298422.364711	chr5L	1st Y' Change	chr5	True	0.3	False		1st Y' Change	chr12R	True	0.66	False	donor_transfer	False	True	False	0.36
SRR33298422.448493	chr5L	1st Y' Change	chr5	True	0.3	False		1st Y' Change	chr12R	True	0.66	False	donor_transfer	False	True	False	0.36
SRR33298422.297541	chr5L	Y' Gain	chr5	True	0.33	False		Y' Gain	ambiguous	True	0.3	False	unmatched_array	False	True	False	-0.03
SRR33298422.346325	chr5L	Y' Gain	chr5	True	0.33	False		Y' Gain	chr14L	True	0.44	False	donor_transfer	False	True	False	0.11
SRR33298422.524391	chr5L	Y' Gain	chr5	True	0.33	False		Y' Gain	ambiguous	True	0.3	False	donor_transfer_candidates:4	False	True	False	-0.03
SRR33298422.392689	chr5L	1st Y' Change	chr5	True	0.3	False		1st Y' Change	ambiguous	True	0.3	False	unmatched_array	False	True	False	0.0
SRR33298422.112683	chr5L	Y' Gain	chr5	True	0.33	False		Y' Gain	ambiguous	True	0.3	False	donor_transfer_candidates:4	False	True	False	-0.03
SRR33298422.141314	chr5L	Y' Gain	chr5	True	0.33	False		Y' Gain	ambiguous	True	0.3	False	donor_transfer_candidates:4	False	True	False	-0.03
SRR33298422.257849	chr5L	Y' Gain	chr5	True	0.33	False		Y' Gain	ambiguous	True	0.3	False	donor_transfer_candidates:4	False	True	False	-0.03
SRR33298422.389898	chr5L	Y' Gain	chr5	True	0.33	False		Y' Gain	ambiguous	True	0.3	False	donor_transfer_candidates:4	False	True	False	-0.03
SRR33298422.317209	chr5L	Y' Gain	chr5	True	0.33	False		Y' Gain	ambiguous	True	0.3	False	donor_transfer_candidates:4	False	True	False	-0.03
SRR33298422.135383	chr5L	1st Y' Change	chr5	True	0.3	False		1st Y' Change	chr12R	True	0.66	False	donor_transfer	False	True	False	0.36
SRR33298422.121013	chr5L	1st Y' Change	chr5	True	0.3	False		1st Y' Change	chr12R	True	0.66	False	donor_transfer	False	True	False	0.36
SRR33298422.564509	chr5L	Y' Gain	chr5	True	0.33	False		Y' Gain	ambiguous	True	0.3	False	unmatched_array	False	True	False	-0.03
SRR33298422.254209	chr5L	Y' Gain	chr5	True	0.33	False		Y' Gain	chr14L	True	0.44	False	donor_transfer	False	True	False	0.11
SRR33298422.407282	chr5L	Y' Gain	chr5	True	0.33	False		Y' Gain	chr14L	True	0.44	False	donor_transfer	False	True	False	0.11
SRR33298422.261797	chr5L	1st Y' Change	chr5	True	0.3	False		1st Y' Change	chr14L	True	0.66	False	donor_transfer	False	True	False	0.36
SRR33298422.554939	chr5L	Y' Gain	chr5	True	0.33	False		Y' Gain	ambiguous	True	0.3	False	unmatched_array	False	True	False	-0.03
SRR33298422.196690	chr5L	Y' Gain	chr5	True	0.33	False		Y' Gain	ambiguous	True	0.3	False	single_y_prime_change	False	True	False	-0.03
SRR33298422.94329	chr5L	Y' Gain	chr5	True	0.33	False		Y' Gain	ambiguous	True	0.3	False	single_y_prime_change	False	True	False	-0.03
SRR33298422.221402	chr5L	Y' Gain	chr5	True	0.33	False		Y' Gain	ambiguous	True	0.3	False	single_y_prime_change	False	True	False	-0.03
SRR33298422.500367	chr5L	Y' Gain	chr5	True	0.33	False		Y' Gain	ambiguous	True	0.3	False	single_y_prime_change	False	True	False	-0.03
SRR33298422.423709	chr5L	Y' Gain	chr5	True	0.33	False		Y' Gain	ambiguous	True	0.3	False	single_y_prime_change	False	True	False	-0.03
SRR33298422.99965	chr5L	Y' Gain	chr5	True	0.33	False		Y' Gain	ambiguous	True	0.3	False	single_y_prime_change	False	True	False	-0.03
SRR33298422.165438	chr5L	Y' Gain	chr5	True	0.33	False		Y' Gain	ambiguous	True	0.3	False	single_y_prime_change	False	True	False	-0.03
SRR33298422.397472	chr5L	1st Y' Change	chr5	True	0.3	False		1st Y' Change	chr12R	True	0.44	False	donor_transfer	False	True	False	0.14
SRR33298422.468146	chr5L	1st Y' Change	chr5	True	0.3	False		1st Y' Change	chr12R	True	0.44	False	donor_transfer	False	True	False	0.14
SRR33298422.1857	chr5L	1st Y' Change	chr5	True	0.3	False		1st Y' Change	chr12R	True	0.44	False	donor_transfer	False	True	False	0.14
SRR33298422.40965	chr5R	Y' Gain	chr5	True	0.33	False		Y' Gain	ambiguous	True	0.3	False	donor_transfer_candidates:4	False	True	False	-0.03
SRR33298422.315331	chr5R	Y' Gain	chr4	True	0.33	False		Y' Gain	chr4R	True	0.33	False	donor_transfer_candidates:4	False	True	False	0.0
SRR33298422.165221	chr5R	Y' Gain	chr5	True	0.33	False		Y' Gain	ambiguous	True	0.3	False	donor_transfer_candidates:4	False	True	False	-0.03
SRR33298422.526228	chr5R	Y' Gain	chr5	True	0.33	False		Y' Gain	ambiguous	True	0.3	False	donor_transfer_candidates:4	False	True	False	-0.03
SRR33298422.442632	chr5R	Y' Gain	chr5	True	0.33	False		Y' Gain	ambiguous	True	0.3	False	donor_transfer_candidates:4	False	True	False	-0.03
SRR33298422.179631	chr5R	Y' Gain	chr5	True	0.33	False		Y' Gain	ambiguous	True	0.3	False	donor_transfer_candidates:4	False	True	False	-0.03
SRR33298422.96450	chr5R	Y' Gain	chr5	True	0.33	False		Y' Gain	ambiguous	True	0.3	False	donor_transfer_candidates:4	False	True	False	-0.03
SRR33298422.275759	chr5R	Y' Gain	chr5	True	0.33	False		Y' Gain	chr14L	True	0.66	False	donor_transfer	False	True	False	0.33
SRR33298422.42988	chr5R	Y' Gain	chr5	True	0.33	False		Y' Gain	ambiguous	True	0.3	False	donor_transfer_candidates:4	False	True	False	-0.03
SRR33298422.637768	chr5R	Y' Gain	chr5	True	0.33	False		Y' Gain	ambiguous	True	0.3	False	donor_transfer_candidates:4	False	True	False	-0.03
SRR33298422.336057	chr5R	Y' Gain	chr5	True	0.33	False		Y' Gain	ambiguous	True	0.3	False	donor_transfer_candidates:4	False	True	False	-0.03
SRR33298422.314746	chr5R	Y' Gain	chr5	True	0.33	False		Y' Gain	chr14L	True	0.66	False	donor_transfer	False	True	False	0.33
SRR33298422.276082	chr5R	Y' Gain	chr5	True	0.33	False		Y' Gain	chr14L	True	0.66	False	donor_transfer	False	True	False	0.33
SRR33298422.460372	chr5R	Y' Gain	chr5	True	0.33	False		Y' Gain	chr14L	True	0.66	False	donor_transfer	False	True	False	0.33
SRR33298422.566373	chr5R	Y' Gain	chr5	True	0.33	False		Y' Gain	chr12R	True	0.33	False	donor_transfer_candidates:2	False	True	False	0.0
SRR33298422.148189	chr5R	Y' Gain	chr5	True	0.33	False		Y' Gain	chr12R	True	0.33	False	donor_transfer_candidates:2	False	True	False	0.0
SRR33298422.609569	chr5R	Y' Gain	chr5	True	0.33	False		Y' Gain	chr12R	True	0.33	False	donor_transfer_candidates:2	False	True	False	0.0
SRR33298422.525967	chr5R	Y' Gain	chr5	True	0.33	False		Y' Gain	chr12R	True	0.33	False	donor_transfer_candidates:2	False	True	False	0.0
SRR33298422.3003	chr5R	Y' Gain	chr5	True	0.33	False		Y' Gain	chr12R	True	0.33	False	donor_transfer_candidates:2	False	True	False	0.0
SRR33298422.46023	chr5R	Y' Gain	ambiguous	True	0.3	False		Y' Gain	chr12R	True	0.33	False	donor_transfer_candidates:2	False	True	False	0.03
SRR33298422.527029	chr5R	Y' Gain	chr5	True	0.33	False		Y' Gain	chr12R	True	0.33	False	donor_transfer_candidates:2	False	True	False	0.0
SRR33298422.594465	chr5R	Y' Gain	chr5	True	0.33	False		Y' Gain	chr12R	True	0.33	False	donor_transfer_candidates:2	False	True	False	0.0
SRR33298422.398175	chr5R	Y' Gain	chr5	True	0.33	False		Y' Gain	chr12R	True	0.33	False	donor_transfer_candidates:2	False	True	False	0.0
SRR33298422.346226	chr5R	Y' Gain	chr5	True	0.33	False		Y' Gain	chr12R	True	0.33	False	donor_transfer_candidates:2	False	True	False	0.0
SRR33298422.139377	chr5R	Y' Gain	chr5	True	0.33	False		Y' Gain	chr12R	True	0.33	False	donor_transfer_candidates:2	False	True	False	0.0
SRR33298422.212806	chr5R	Y' Gain	chr5	True	0.33	False		Y' Gain	chr12R	True	0.33	False	donor_transfer_candidates:2	False	True	False	0.0
SRR33298422.275852	chr5R	Y' Gain	chr5	True	0.33	False		Y' Gain	chr12R	True	0.33	False	donor_transfer_candidates:2	False	True	False	0.0
SRR33298422.141054	chr5R	Y' Gain	chr5	True	0.33	False		Y' Gain	chr14L	True	0.66	False	donor_transfer	False	True	False	0.33
SRR33298422.40530	chr5R	Y' Gain	chr5	True	0.33	False		Y' Gain	chr14L	True	0.66	False	donor_transfer	False	True	False	0.33
SRR33298422.476874	chr5R	Y' Gain	chr5	True	0.33	False		Y' Gain	chr12R	True	0.33	False	donor_transfer_candidates:2	False	True	False	0.0
SRR33298422.464765	chr5R	Y' Gain	chr5	True	0.33	False		Y' Gain	chr12R	True	0.33	False	donor_transfer_candidates:2	False	True	False	0.0
SRR33298422.365139	chr5R	Y' Gain	chr5	True	0.33	False		Y' Gain	chr12R	True	0.33	False	donor_transfer_candidates:2	False	True	False	0.0
SRR33298422.496312	chr5R	Y' Gain	chr5	True	0.33	False		Y' Gain	chr12R	True	0.33	False	donor_transfer_candidates:3	False	True	False	0.0
SRR33298422.557150	chr5R	Y' Gain	chr5	True	0.33	False		Y' Gain	chr12R	True	0.33	False	donor_transfer_candidates:3	False	True	False	0.0
SRR33298422.478722	chr5R	Y' Gain	chr5	True	0.33	False		Y' Gain	chr12R	True	0.33	False	donor_transfer_candidates:3	False	True	False	0.0
SRR33298422.218925	chr5R	Y' Gain	chr5	True	0.33	False		Y' Gain	chr12R	True	0.33	False	donor_transfer_candidates:3	False	True	False	0.0
SRR33298422.256170	chr5R	Y' Gain	chr5	True	0.33	False		Y' Gain	chr12R	True	0.33	False	donor_transfer_candidates:3	False	True	False	0.0
SRR33298422.451308	chr5R	Y' Gain	chr5	True	0.33	False		Y' Gain	chr14L	True	0.66	False	donor_transfer	False	True	False	0.33
SRR33298422.218572	chr5R	Y' Gain	chr5	True	0.33	False		Y' Gain	chr14L	True	0.66	False	donor_transfer	False	True	False	0.33
SRR33298422.184682	chr5R	Y' Gain	chr5	True	0.33	False		Y' Gain	ambiguous	True	0.3	False	unmatched_array	False	True	False	-0.03
SRR33298422.93353	chr5R	Y' Gain	chr5	True	0.33	False		Y' Gain	ambiguous	True	0.3	False	donor_transfer_candidates:4	False	True	False	-0.03
SRR33298422.421031	chr5R	Y' Gain	chr5	True	0.33	False		Y' Gain	ambiguous	True	0.3	False	donor_transfer_candidates:4	False	True	False	-0.03
SRR33298422.557640	chr5R	Y' Gain	chr5	True	0.33	False		Y' Gain	ambiguous	True	0.3	False	donor_transfer_candidates:4	False	True	False	-0.03
SRR33298422.521902	chr5R	Y' Gain	chr5	True	0.33	False		Y' Gain	ambiguous	True	0.3	False	donor_transfer_candidates:4	False	True	False	-0.03
SRR33298422.409170	chr5R	Y' Gain	chr5	True	0.33	False		Y' Gain	ambiguous	True	0.3	False	donor_transfer_candidates:4	False	True	False	-0.03
SRR33298422.456356	chr5R	Y' Gain	chr5	True	0.33	False		Y' Gain	ambiguous	True	0.3	False	donor_transfer_candidates:4	False	True	False	-0.03
SRR33298422.480666	chr5R	Y' Gain	chr5	True	0.33	False		Y' Gain	ambiguous	True	0.3	False	donor_transfer_candidates:4	False	True	False	-0.03
SRR33298422.142087	chr5R	Y' Gain	chr5	True	0.33	False		Y' Gain	ambiguous	True	0.3	False	donor_transfer_candidates:4	False	True	False	-0.03
SRR33298422.465042	chr5R	Y' Gain	chr5	True	0.33	False		Y' Gain	ambiguous	True	0.3	False	unmatched_array	False	True	False	-0.03
SRR33298422.84343	chr5R	Y' Gain	chr14	True	0.33	False		Y' Gain	chr14L	True	0.33	False	single_y_prime_change	False	True	False	0.0
SRR33298422.417874	chr5R	Y' Gain	chr14	True	0.33	False		Y' Gain	chr14L	True	0.33	False	single_y_prime_change	False	True	False	0.0
SRR33298422.121093	chr5R	Y' Gain	chr14	True	0.33	False		Y' Gain	chr14L	True	0.33	False	single_y_prime_change	False	True	False	0.0
SRR33298422.47982	chr5R	Y' Gain	chr16	True	0.33	False		Y' Gain	chr16L	True	0.33	False	single_y_prime_change	False	True	False	0.0
SRR33298422.594786	chr6R	Y' Gain	chr12R	True	0.004	True		Y' Gain	chr14L	True	0.004	True	subtelomere_switch	False	True	False	0.0
SRR33298422.430875	chr6R	Y' Gain	chr12R	True	-0.0004	True		Y' Gain	chr14L	True	-0.0004	True	subtelomere_switch	False	True	False	0.0
SRR33298422.499119	chr6R	Y' Gain	chr4R	True	0.0034	True		Y' Gain	chr14L	True	0.0034	True	subtelomere_switch	False	True	False	0.0
SRR33298422.458862	chr6R	Y' Gain	chr4R	True	-0.0009	True		Y' Gain	chr14L	True	-0.0009	True	subtelomere_switch	False	True	False	0.0
SRR33298422.316347	chr6R	Y' Gain	chr6	True	0.3	False		Y' Gain	chr14L	True	0.66	False	donor_transfer	False	True	False	0.36
SRR33298422.166213	chr6R	Y' Gain	chr12R	True	0.144	True		Y' Gain	chr3L	True	0.3361	True	subtelomere_switch	False	True	False	0.192
SRR33298422.636586	chr6R	Y' Gain	chr6	True	0.3	False		Y' Gain	ambiguous	True	0.3	False	unmatched_array	False	True	False	0.0
SRR33298422.326580	chr6R	Y' Gain	chr6	True	0.3	False		Y' Gain	ambiguous	True	0.3	False	unmatched_array	False	True	False	0.0
SRR33298422.198185	chr6R	Y' Gain	chr6	True	0.3	False		Y' Gain	chr14L	True	0.66	False	donor_transfer	False	True	False	0.36
SRR33298422.579647	chr6R	Y' Gain	chr6	True	0.3	False		Y' Gain	ambiguous	True	0.3	False	unmatched_array	False	True	False	0.0
SRR33298422.434918	chr6R	Y' Gain	chr6	True	0.3	False		Y' Gain	chr12R	True	0.33	False	donor_transfer_candidates:2	False	True	False	0.03
SRR33298422.40549	chr6R	Y' Gain	chr6	True	0.3	False		Y' Gain	chr12R	True	0.33	False	donor_transfer_candidates:2	False	True	False	0.03
SRR33298422.199820	chr6R	Y' Gain	chr6	True	0.3	False		Y' Gain	ambiguous	True	0.3	False	donor_transfer_candidates:4	False	True	False	0.0
SRR33298422.327374	chr6R	Y' Gain	chr6	True	0.3	False		Y' Gain	ambiguous	True	0.3	False	donor_transfer_candidates:4	False	True	False	0.0
SRR33298422.74340	chr6R	Y' Gain	chr6	True	0.3	False		Y' Gain	ambiguous	True	0.3	False	donor_transfer_candidates:4	False	True	False	0.0
SRR33298422.216864	chr6R	Y' Gain	chr6	True	0.3	False		Y' Gain	chr14L	True	0.66	False	donor_transfer	False	True	False	0.36
SRR33298422.519253	chr6R	Y' Gain	chr12R	True	0.0011	True		Y' Gain	chr14L	True	0.0011	True	subtelomere_switch	False	True	False	0.0
SRR33298422.98012	chr6R	Y' Gain	chr6	True	0.3	False		Y' Gain	chr14L	True	0.66	False	donor_transfer	False	True	False	0.36
SRR33298422.602827	chr6R	Y' Gain	chr6	True	0.3	False		Y' Gain	chr14L	True	0.66	False	donor_transfer	False	True	False	0.36
SRR33298422.257810	chr6R	Y' Gain	chr6	True	0.3	False		Y' Gain	chr14L	True	0.44	False	donor_transfer	False	True	False	0.14
SRR33298422.504553	chr6R	Y' Gain	chr6	True	0.3	False		Y' Gain	ambiguous	True	0.3	False	unmatched_array	False	True	False	0.0
SRR33298422.494337	chr6R	Y' Gain	chr6	True	0.33	False		Y' Gain	ambiguous	True	0.3	False	unmatched_array	False	True	False	-0.03
SRR33298422.715	chr6R	Y' Gain	chr6	True	0.3	False		Y' Gain	chr12R	True	0.33	False	donor_transfer_candidates:3	False	True	False	0.03
SRR33298422.184446	chr6R	Y' Gain	chr6	True	0.3	False		Y' Gain	chr12R	True	0.33	False	donor_transfer_candidates:3	False	True	False	0.03
SRR33298422.327454	chr6R	Y' Gain	chr6	True	0.3	False		Y' Gain	chr12R	True	0.33	False	donor_transfer_candidates:3	False	True	False	0.03
SRR33298422.273298	chr6R	Y' Gain	chr6	True	0.3	False		Y' Gain	chr12R	True	0.33	False	donor_transfer_candidates:3	False	True	False	0.03
SRR33298422.550759	chr6R	Y' Gain	chr6	True	0.3	False		Y' Gain	chr12R	True	0.33	False	donor_transfer_candidates:3	False	True	False	0.03
SRR33298422.426028	chr6R	Y' Gain	chr6	True	0.3	False		Y' Gain	chr12R	True	0.33	False	donor_transfer_candidates:3	False	True	False	0.03
SRR33298422.4500	chr6R	Y' Gain	chr6	True	0.3	False		Y' Gain	ambiguous	True	0.3	False	unmatched_array	False	True	False	0.0
SRR33298422.518683	chr6R	Y' Gain	chr6	True	0.3	False		Y' Gain	ambiguous	True	0.3	False	unmatched_array	False	True	False	0.0
SRR33298422.8802	chr6R	Y' Gain	chr6	True	0.3	False		Y' Gain	ambiguous	True	0.3	False	unmatched_array	False	True	False	0.0
SRR33298422.123685	chr6R	Y' Gain	chr6	True	0.3	False		Y' Gain	ambiguous	True	0.3	False	unmatched_array	False	True	False	0.0
SRR33298422.44589	chr6R	Y' Gain	chr6	True	0.3	False		Y' Gain	ambiguous	True	0.3	False	donor_transfer_candidates:4	False	True	False	0.0
SRR33298422.131545	chr6R	Y' Gain	chr6	True	0.3	False		Y' Gain	ambiguous	True	0.3	False	donor_transfer_candidates:4	False	True	False	0.0
SRR33298422.504408	chr6R	Y' Gain	chr6	True	0.3	False		Y' Gain	ambiguous	True	0.3	False	donor_transfer_candidates:4	False	True	False	0.0
SRR33298422.478215	chr6R	Y' Gain	chr6	True	0.3	False		Y' Gain	ambiguous	True	0.3	False	donor_transfer_candidates:4	False	True	False	0.0
SRR33298422.455205	chr6R	Y' Gain	chr6	True	0.3	False		Y' Gain	ambiguous	True	0.3	False	donor_transfer_candidates:4	False	True	False	0.0
SRR33298422.217909	chr6R	Y' Gain	chr6	True	0.3	False		Y' Gain	ambiguous	True	0.3	False	unmatched_array	False	True	False	0.0
SRR33298422.211419	chr6R	Y' Gain	chr6	True	0.3	False		Y' Gain	ambiguous	True	0.3	False	donor_transfer_candidates:4	False	True	False	0.0
SRR33298422.330921	chr6R	Y' Gain	chr6	True	0.0028	False		Y' Gain	ambiguous	True	0.0028	False	subtelomere_switch	False	True	False	0.0
SRR33298422.278137	chr6R	Y' Gain	chr6	True	0.3	False		Y' Gain	ambiguous	True	0.3	False	unmatched_array	False	True	False	0.0
SRR33298422.268018	chr6R	Y' Gain	chr6	True	0.3	False		Y' Gain	ambiguous	True	0.3	False	donor_transfer_candidates:4	False	True	False	0.0
SRR33298422.563752	chr6R	Y' Gain	chr6	True	0.3	False		Y' Gain	ambiguous	True	0.3	False	donor_transfer_candidates:4	False	True	False	0.0
SRR33298422.449498	chr6R	Y' Gain	chr6	True	0.3	False		Y' Gain	ambiguous	True	0.3	False	donor_transfer_candidates:4	False	True	False	0.0
SRR33298422.455060	chr6R	Y' Gain	chr6	True	0.33	False		Y' Gain	ambiguous	True	0.3	False	unmatched_array	False	True	False	-0.03
SRR33298422.219063	chr6R	Y' Gain	chr6	True	0.3	False		Y' Gain	ambiguous	True	0.3	False	unmatched_array	False	True	False	0.0
SRR33298422.544438	chr6R	Y' Gain	chr6	True	0.3	False		Y' Gain	ambiguous	True	0.3	False	unmatched_array	False	True	False	0.0
SRR33298422.385497	chr6R	Y' Gain	chr6	True	0.3	False		Y' Gain	ambiguous	True	0.3	False	unmatched_array	False	True	False	0.0
SRR33298422.405578	chr6R	Y' Gain	chr6	True	0.3	False		Y' Gain	ambiguous	True	0.3	False	unmatched_array	False	True	False	0.0
SRR33298422.276174	chr6R	Y' Gain	chr6	True	0.33	False		Y' Gain	ambiguous	True	0.3	False	unmatched_array	False	True	False	-0.03
SRR33298422.539718	chr6R	Y' Gain	chr6	True	0.3	False		Y' Gain	chr14L	True	0.44	False	donor_transfer	False	True	False	0.14
SRR33298422.362149	chr6R	Y' Gain	chr6	True	0.3	False		Y' Gain	chr14L	True	0.44	False	donor_transfer	False	True	False	0.14
SRR33298422.139504	chr6R	Y' Gain	chr6	True	0.3	False		Y' Gain	chr14L	True	0.44	False	donor_transfer	False	True	False	0.14
SRR33298422.161180	chr6R	Y' Gain	chr6	True	0.3	False		Y' Gain	chr14L	True	0.44	False	donor_transfer	False	True	False	0.14
SRR33298422.161178	chr6R	Y' Gain	chr6	True	0.3	False		Y' Gain	chr14L	True	0.44	False	donor_transfer	False	True	False	0.14
SRR33298422.529854	chr6R	Y' Gain	chr6	True	0.3	False		Y' Gain	chr14L	True	0.44	False	donor_transfer	False	True	False	0.14
SRR33298422.446341	chr6R	Y' Gain	chr6	True	0.3	False		Y' Gain	chr14L	True	0.44	False	donor_transfer	False	True	False	0.14
SRR33298422.261780	chr6R	Y' Gain	chr6	True	0.3	False		Y' Gain	chr14L	True	0.44	False	donor_transfer	False	True	False	0.14
SRR33298422.202813	chr6R	Y' Gain	chr6	True	0.3	False		Y' Gain	chr14L	True	0.44	False	donor_transfer	False	True	False	0.14
SRR33298422.240938	chr6R	Y' Gain	chr6	True	0.3	False		Y' Gain	chr14L	True	0.44	False	donor_transfer	False	True	False	0.14
SRR33298422.366705	chr6R	Y' Gain	chr6	True	0.3	False		Y' Gain	chr14L	True	0.44	False	donor_transfer	False	True	False	0.14
SRR33298422.588634	chr6R	Y' Gain	chr10	True	0.33	False		Y' Gain	chr10L	True	0.33	False	single_y_prime_change	False	True	False	0.0
SRR33298422.113550	chr6R	Y' Gain	chr10	True	0.33	False		Y' Gain	chr10L	True	0.33	False	single_y_prime_change	False	True	False	0.0
SRR33298422.485865	chr6R	Y' Gain	chr14	True	0.33	False		Y' Gain	chr14L	True	0.33	False	single_y_prime_change	False	True	False	0.0
SRR33298422.573878	chr6R	Y' Gain	chr5	True	0.0041	False		Y' Gain	chr5R	True	0.0041	False	subtelomere_switch	False	True	False	0.0
SRR33298422.264675	chr6R	Y' Gain	chr5	True	0.33	False		Y' Gain	chr5R	True	0.33	False	single_y_prime_change	False	True	False	0.0
SRR33298422.516352	chr6R	Y' Gain	chr5	True	0.33	False		Y' Gain	chr5R	True	0.33	False	single_y_prime_change	False	True	False	0.0
SRR33298422.88161	chr6R	Y' Gain	chr15	True	0.33	False		Y' Gain	chr15R	True	0.33	False	single_y_prime_change	False	True	False	0.0
SRR33298422.287886	chr6R	Y' Gain	chr2	True	0.33	False		Y' Gain	chr2L	True	0.33	False	single_y_prime_change	False	True	False	0.0
SRR33298422.458689	chr6R	Y' Gain	chr2	True	0.0153	False		Y' Gain	chr2L	True	0.0153	False	subtelomere_switch	False	True	False	0.0
SRR33298422.480974	chr6R	Y' Gain	chr13	True	0.33	False		Y' Gain	chr13L	True	0.33	False	single_y_prime_change	False	True	False	0.0
SRR33298422.445225	chr6R	Y' Gain	chr13	True	0.33	False		Y' Gain	chr13L	True	0.33	False	single_y_prime_change	False	True	False	0.0
SRR33298422.35847	chr6R	Y' Gain	chr13	True	0.33	False		Y' Gain	chr13L	True	0.33	False	single_y_prime_change	False	True	False	0.0
SRR33298422.10103	chr6R	Y' Gain	chr13	True	0.33	False		Y' Gain	chr13L	True	0.33	False	single_y_prime_change	False	True	False	0.0
SRR33298422.470941	chr6R	Y' Gain	chr13	True	0.33	False		Y' Gain	chr13L	True	0.33	False	single_y_prime_change	False	True	False	0.0
SRR33298422.395627	chr6R	Y' Gain	chr13	True	0.33	False		Y' Gain	chr13L	True	0.33	False	single_y_prime_change	False	True	False	0.0
SRR33298422.422857	chr6R	Y' Gain	chr13	True	0.33	False		Y' Gain	chr13L	True	0.33	False	single_y_prime_change	False	True	False	0.0
SRR33298422.395759	chr6R	Y' Gain	chr13	True	0.33	False		Y' Gain	chr13L	True	0.33	False	single_y_prime_change	False	True	False	0.0
SRR33298422.478395	chr6R	Y' Gain	chr13	True	0.33	False		Y' Gain	chr13L	True	0.33	False	single_y_prime_change	False	True	False	0.0
SRR33298422.540480	chr6R	Y' Gain	chr13	True	0.33	False		Y' Gain	chr13L	True	0.33	False	single_y_prime_change	False	True	False	0.0
SRR33298422.487274	chr6R	Y' Gain	chr13	True	0.33	False		Y' Gain	chr13L	True	0.33	False	single_y_prime_change	False	True	False	0.0
SRR33298422.358801	chr6R	Y' Gain	chr13	True	0.33	False		Y' Gain	chr13L	True	0.33	False	single_y_prime_change	False	True	False	0.0
SRR33298422.191438	chr6R	Y' Gain	chr12	True	0.33	False		Y' Gain	chr12L	True	0.33	False	single_y_prime_change	False	True	False	0.0
SRR33298422.325298	chr7L	Y' Gain	chr12R	True	0.2319	True		Y' Gain	chr14L	True	0.5411	True	subtelomere_switch	False	True	False	0.309
SRR33298422.289815	chr7L	Y' Gain	chr12R	True	-0.002	True		Y' Gain	chr14L	True	-0.002	True	subtelomere_switch	False	True	False	0.0
SRR33298422.28991	chr7L	Y' Gain	chr12R	True	0.0045	True		Y' Gain	chr14L	True	0.0045	True	subtelomere_switch	False	True	False	0.0
SRR33298422.74388	chr7L	Y' Gain	chr12R	True	0.0034	True		Y' Gain	chr14L	True	0.0034	True	subtelomere_switch	False	True	False	0.0
SRR33298422.583784	chr7L	Y' Gain	chr12R	True	0.0006	True		Y' Gain	chr14L	True	0.0006	True	subtelomere_switch	False	True	False	0.0
SRR33298422.40939	chr7L	Y' Gain	chr4R	True	0.2319	True		Y' Gain	chr14L	True	0.5411	True	subtelomere_switch	False	True	False	0.309
SRR33298422.441366	chr7L	Y' Gain	chr7	True	0.3	False		Y' Gain	ambiguous	True	0.3	False	donor_transfer_candidates:4	False	True	False	0.0
SRR33298422.486426	chr7L	Y' Gain	chr7	True	0.3	False		Y' Gain	chr14L	True	0.44	False	donor_transfer	False	True	False	0.14
SRR33298422.399563	chr7L	Y' Gain	chr12R	True	0.2319	True		Y' Gain	chr14L	True	0.5411	True	subtelomere_switch	False	True	False	0.309
SRR33298422.43082	chr7L	Y' Gain	chr7	True	0.3	False		Y' Gain	ambiguous	True	0.3	False	unmatched_array	False	True	False	0.0
SRR33298422.520926	chr7L	Y' Gain	chr7	True	0.3	False		Y' Gain	ambiguous	True	0.3	False	unmatched_array	False	True	False	0.0
SRR33298422.526152	chr7L	Y' Gain	chr7	True	0.3	False		Y' Gain	ambiguous	True	0.3	False	unmatched_array	False	True	False	0.0
SRR33298422.44147	chr7L	Y' Gain	chr7	True	0.3	False		Y' Gain	ambiguous	True	0.3	False	single_y_prime_change	False	True	False	0.0
SRR33298422.124079	chr7R	Y' Gain	chr7	True	0.33	False		Y' Gain	ambiguous	True	0.3	False	donor_transfer_candidates:4	False	True	False	-0.03
SRR33298422.165671	chr7R	Y' Gain	chr7	True	0.33	False		Y' Gain	chr14L	True	0.66	False	donor_transfer	False	True	False	0.33
SRR33298422.339296	chr7R	Y' Gain	chr7	True	0.33	False		Y' Gain	ambiguous	True	0.3	False	donor_transfer_candidates:4	False	True	False	-0.03
SRR33298422.486260	chr7R	Y' Gain	chr7	True	0.33	False		Y' Gain	ambiguous	True	0.3	False	donor_transfer_candidates:4	False	True	False	-0.03
SRR33298422.539079	chr7R	Y' Gain	chr7	True	0.33	False		Y' Gain	chr12R	True	0.33	False	donor_transfer_candidates:2	False	True	False	0.0
SRR33298422.441249	chr7R	Y' Gain	chr7	True	0.33	False		Y' Gain	chr12R	True	0.33	False	donor_transfer_candidates:2	False	True	False	0.0
SRR33298422.142493	chr7R	Y' Gain	chr7	True	0.33	False		Y' Gain	chr12R	True	0.33	False	donor_transfer_candidates:2	False	True	False	0.0
SRR33298422.405391	chr7R	Y' Gain	chr7	True	0.33	False		Y' Gain	chr12R	True	0.33	False	donor_transfer_candidates:2	False	True	False	0.0
SRR33298422.580090	chr7R	Y' Gain	chr7	True	0.33	False		Y' Gain	chr12R	True	0.33	False	donor_transfer_candidates:3	False	True	False	0.0
SRR33298422.629999	chr7R	Y' Gain	chr7	True	0.33	False		Y' Gain	chr12R	True	0.33	False	donor_transfer_candidates:2	False	True	False	0.0
SRR33298422.123649	chr7R	Y' Gain	chr7	True	0.33	False		Y' Gain	chr12R	True	0.33	False	donor_transfer_candidates:2	False	True	False	0.0
SRR33298422.256071	chr7R	Y' Gain	chr7	True	0.33	False		Y' Gain	chr12R	True	0.33	False	donor_transfer_candidates:2	False	True	False	0.0
SRR33298422.6211	chr7R	Y' Gain	chr7	True	0.33	False		Y' Gain	chr14L	True	0.66	False	donor_transfer	False	True	False	0.33
SRR33298422.44807	chr7R	Y' Gain	chr7	True	0.33	False		Y' Gain	chr12R	True	0.33	False	donor_transfer_candidates:2	False	True	False	0.0
SRR33298422.623611	chr7R	Y' Gain	chr7	True	0.33	False		Y' Gain	chr12R	True	0.33	False	donor_transfer_candidates:2	False	True	False	0.0
SRR33298422.165469	chr7R	Y' Gain	chr7	True	0.33	False		Y' Gain	chr12R	True	0.33	False	donor_transfer_candidates:2	False	True	False	0.0
SRR33298422.458040	chr7R	Y' Gain	chr7	True	0.33	False		Y' Gain	chr12R	True	0.33	False	donor_transfer_candidates:2	False	True	False	0.0
SRR33298422.197360	chr7R	Y' Gain	chr7	True	0.33	False		Y' Gain	chr12R	True	0.33	False	donor_transfer_candidates:2	False	True	False	0.0
SRR33298422.555969	chr7R	Y' Gain	chr7	True	0.33	False		Y' Gain	chr14L	True	0.66	False	donor_transfer	False	True	False	0.33
SRR33298422.243108	chr7R	Y' Gain	chr7	True	0.33	False		Y' Gain	ambiguous	True	0.3	False	unmatched_array	False	True	False	-0.03
SRR33298422.214135	chr7R	Y' Gain	chr7	True	0.33	False		Y' Gain	chr12R	True	0.33	False	donor_transfer_candidates:3	False	True	False	0.0
SRR33298422.510710	chr7R	Y' Gain	chr7	True	0.33	False		Y' Gain	chr12R	True	0.33	False	donor_transfer_candidates:3	False	True	False	0.0
SRR33298422.483970	chr7R	Y' Gain	chr7	True	0.33	False		Y' Gain	chr12R	True	0.33	False	donor_transfer_candidates:3	False	True	False	0.0
SRR33298422.346293	chr7R	Y' Gain	chr7	True	0.33	False		Y' Gain	chr12R	True	0.33	False	donor_transfer_candidates:3	False	True	False	0.0
SRR33298422.422820	chr7R	Y' Gain	chr7	True	0.33	False		Y' Gain	chr12R	True	0.33	False	donor_transfer_candidates:3	False	True	False	0.0
SRR33298422.142078	chr7R	Y' Gain	chr7	True	0.33	False		Y' Gain	ambiguous	True	0.3	False	unmatched_array	False	True	False	-0.03
SRR33298422.27437	chr7R	Y' Gain	chr7	True	0.33	False		Y' Gain	ambiguous	True	0.3	False	donor_transfer_candidates:4	False	True	False	-0.03
SRR33298422.427323	chr7R	Y' Gain	chr7	True	0.33	False		Y' Gain	ambiguous	True	0.3	False	donor_transfer_candidates:4	False	True	False	-0.03
SRR33298422.260705	chr7R	Y' Gain	chr7	True	0.33	False		Y' Gain	ambiguous	True	0.3	False	donor_transfer_candidates:4	False	True	False	-0.03
SRR33298422.43213	chr7R	Y' Gain	chr7	True	0.33	False		Y' Gain	ambiguous	True	0.3	False	donor_transfer_candidates:4	False	True	False	-0.03
SRR33298422.366260	chr7R	Y' Gain	chr7	True	0.33	False		Y' Gain	ambiguous	True	0.3	False	donor_transfer_candidates:4	False	True	False	-0.03
SRR33298422.210708	chr7R	Y' Gain	chr7	True	0.33	False		Y' Gain	ambiguous	True	0.3	False	donor_transfer_candidates:4	False	True	False	-0.03
SRR33298422.124041	chr7R	Y' Gain	chr7	True	0.33	False		Y' Gain	ambiguous	True	0.3	False	donor_transfer_candidates:4	False	True	False	-0.03
SRR33298422.424133	chr7R	Y' Gain	chr7	True	0.33	False		Y' Gain	ambiguous	True	0.3	False	donor_transfer_candidates:4	False	True	False	-0.03
SRR33298422.461477	chr7R	Y' Gain	chr7	True	0.33	False		Y' Gain	ambiguous	True	0.3	False	donor_transfer_candidates:4	False	True	False	-0.03
SRR33298422.271294	chr7R	Y' Gain	chr7	True	0.33	False		Y' Gain	ambiguous	True	0.3	False	unmatched_array	False	True	False	-0.03
SRR33298422.230311	chr7R	Y' Gain	chr7	True	0.33	False		Y' Gain	ambiguous	True	0.3	False	donor_transfer_candidates:4	False	True	False	-0.03
SRR33298422.43856	chr7R	Y' Gain	chr14	True	0.33	False		Y' Gain	chr14L	True	0.33	False	donor_transfer_candidates:4	False	True	False	0.0
SRR33298422.220730	chr7R	Y' Gain	chr14	True	0.33	False		Y' Gain	chr14L	True	0.33	False	donor_transfer_candidates:4	False	True	False	0.0
SRR33298422.405468	chr7R	Y' Gain	chr14	True	0.33	False		Y' Gain	chr14L	True	0.33	False	single_y_prime_change	False	True	False	0.0
SRR33298422.193154	chr7R	Y' Gain	chr14	True	0.33	False		Y' Gain	chr14L	True	0.33	False	single_y_prime_change	False	True	False	0.0
SRR33298422.218573	chr7R	Y' Gain	chr14	True	0.33	False		Y' Gain	chr14L	True	0.33	False	single_y_prime_change	False	True	False	0.0
SRR33298422.539031	chr7R	Y' Gain	chr14	True	0.33	False		Y' Gain	chr14L	True	0.33	False	single_y_prime_change	False	True	False	0.0
SRR33298422.93957	chr7R	Y' Gain	chr14	True	0.33	False		Y' Gain	chr14L	True	0.33	False	single_y_prime_change	False	True	False	0.0
SRR33298422.470414	chr7R	Y' Gain	chr14	True	0.33	False		Y' Gain	chr14L	True	0.33	False	single_y_prime_change	False	True	False	0.0
SRR33298422.478931	chr7R	Y' Gain	chr14	True	0.33	False		Y' Gain	chr14L	True	0.33	False	single_y_prime_change	False	True	False	0.0
SRR33298422.473091	chr7R	Y' Gain	chr14	True	0.33	False		Y' Gain	chr14L	True	0.33	False	single_y_prime_change	False	True	False	0.0
SRR33298422.471516	chr8L	Y' Gain	chr8	True	0.33	False		Y' Gain	chr14L	True	0.66	False	donor_transfer	False	True	False	0.33
SRR33298422.43433	chr8L	Y' Gain	chr8	True	0.33	False		Y' Gain	chr14L	True	0.66	False	donor_transfer	False	True	False	0.33
SRR33298422.486946	chr8L	Y' Gain	chr8	True	0.33	False		Y' Gain	ambiguous	True	0.3	False	donor_transfer_candidates:4	False	True	False	-0.03
SRR33298422.524207	chr8L	Y' Gain	chr14	True	0.3	False		Y' Gain	chr14L	True	0.44	False	donor_transfer	False	True	False	0.14
SRR33298422.486352	chr8L	Y' Gain	chr8	True	0.33	False		Y' Gain	chr14L	True	0.66	False	donor_transfer	False	True	False	0.33
SRR33298422.395622	chr8L	Y' Gain	chr8	True	0.33	False		Y' Gain	chr14L	True	0.66	False	donor_transfer	False	True	False	0.33
SRR33298422.595674	chr8L	Y' Gain	chr8	True	0.33	False		Y' Gain	chr12R	True	0.33	False	donor_transfer_candidates:2	False	True	False	0.0
SRR33298422.137402	chr8L	Y' Gain	chr4	True	0.3	False		Y' Gain	chr4R	True	0.33	False	donor_transfer_candidates:2	False	True	False	0.03
SRR33298422.169487	chr8L	Y' Gain	chr8	True	0.33	False		Y' Gain	chr14L	True	0.66	False	donor_transfer	False	True	False	0.33
SRR33298422.230958	chr8L	Y' Gain	chr8	True	0.33	False		Y' Gain	chr14L	True	0.66	False	donor_transfer	False	True	False	0.33
SRR33298422.397377	chr8L	Y' Gain	chr8	True	0.33	False		Y' Gain	chr14L	True	0.44	False	donor_transfer	False	True	False	0.11
SRR33298422.351703	chr8L	Y' Gain	chr8	True	0.33	False		Y' Gain	chr12R	True	0.33	False	donor_transfer_candidates:2	False	True	False	0.0
SRR33298422.171706	chr8L	Y' Gain	chr8	True	0.33	False		Y' Gain	chr12R	True	0.33	False	donor_transfer_candidates:2	False	True	False	0.0
SRR33298422.140478	chr8L	Y' Gain	chr8	True	0.33	False		Y' Gain	chr12R	True	0.33	False	donor_transfer_candidates:2	False	True	False	0.0
SRR33298422.566381	chr8L	Y' Gain	chr8	True	0.33	False		Y' Gain	ambiguous	True	0.3	False	donor_transfer_candidates:4	False	True	False	-0.03
SRR33298422.611717	chr8L	Y' Gain	chr8	True	0.33	False		Y' Gain	chr12R	True	0.33	False	donor_transfer_candidates:2	False	True	False	0.0
SRR33298422.90445	chr8L	Y' Gain	chr8	True	0.33	False		Y' Gain	chr12R	True	0.33	False	donor_transfer_candidates:2	False	True	False	0.0
SRR33298422.605258	chr8L	Y' Gain	chr8	True	0.33	False		Y' Gain	chr12R	True	0.33	False	donor_transfer_candidates:3	False	True	False	0.0
SRR33298422.523634	chr8L	Y' Gain	chr8	True	0.33	False		Y' Gain	ambiguous	True	0.3	False	donor_transfer_candidates:4	False	True	False	-0.03
SRR33298422.440890	chr8L	Y' Gain	chr8	True	0.33	False		Y' Gain	ambiguous	True	0.3	False	donor_transfer_candidates:4	False	True	False	-0.03
SRR33298422.633293	chr8L	Y' Gain	chr8	True	0.33	False		Y' Gain	chr12R	True	0.33	False	donor_transfer_candidates:2	False	True	False	0.0
SRR33298422.332631	chr8L	Y' Gain	chr8	True	0.33	False		Y' Gain	chr12R	True	0.33	False	donor_transfer_candidates:2	False	True	False	0.0
SRR33298422.346135	chr8L	Y' Gain	chr8	True	0.33	False		Y' Gain	chr12R	True	0.33	False	donor_transfer_candidates:2	False	True	False	0.0
SRR33298422.449107	chr8L	Y' Gain	chr8	True	0.33	False		Y' Gain	chr12R	True	0.33	False	donor_transfer_candidates:2	False	True	False	0.0
SRR33298422.8773	chr8L	1st Y' Change	chr8	True	0.3	False		1st Y' Change	ambiguous	True	0.3	False	donor_transfer_candidates:4	False	True	False	0.0
SRR33298422.316556	chr8L	Y' Gain	chr8	True	0.33	False		Y' Gain	chr14L	True	0.44	False	donor_transfer	False	True	False	0.11
SRR33298422.401801	chr8L	Y' Gain	chr8	True	0.33	False		Y' Gain	chr12R	True	0.33	False	donor_transfer_candidates:3	False	True	False	0.0
SRR33298422.634342	chr8L	Y' Gain	chr8	True	0.33	False		Y' Gain	chr12R	True	0.33	False	donor_transfer_candidates:3	False	True	False	0.0
SRR33298422.293365	chr8L	Y' Gain	chr8	True	0.33	False		Y' Gain	chr12R	True	0.33	False	donor_transfer_candidates:3	False	True	False	0.0
SRR33298422.389161	chr8L	Y' Gain	ambiguous	True	0.3	False		Y' Gain	chr12R	True	0.33	False	donor_transfer_candidates:3	False	True	False	0.03
SRR33298422.485059	chr8L	Y' Gain	chr8	True	0.33	False		Y' Gain	ambiguous	True	0.3	False	unmatched_array	False	True	False	-0.03
SRR33298422.434615	chr8L	Y' Gain	chr8	True	0.33	False		Y' Gain	chr14L	True	0.66	False	donor_transfer	False	True	False	0.33
SRR33298422.67153	chr8L	Y' Gain	chr8	True	0.33	False		Y' Gain	ambiguous	True	0.3	False	unmatched_array	False	True	False	-0.03
SRR33298422.329836	chr8L	Y' Gain	chr8	True	0.33	False		Y' Gain	chr14L	True	0.66	False	donor_transfer	False	True	False	0.33
SRR33298422.332731	chr8L	Y' Gain	chr8	True	0.33	False		Y' Gain	chr14L	True	0.66	False	donor_transfer	False	True	False	0.33
SRR33298422.78366	chr8L	Y' Gain	chr8	True	0.33	False		Y' Gain	ambiguous	True	0.3	False	donor_transfer_candidates:4	False	True	False	-0.03
SRR33298422.133575	chr8L	Y' Gain	chr8	True	0.33	False		Y' Gain	ambiguous	True	0.3	False	donor_transfer_candidates:4	False	True	False	-0.03
SRR33298422.327662	chr8L	Y' Gain	chr8	True	0.33	False		Y' Gain	ambiguous	True	0.3	False	donor_transfer_candidates:4	False	True	False	-0.03
SRR33298422.392538	chr8L	Y' Gain	chr8	True	0.33	False		Y' Gain	ambiguous	True	0.3	False	donor_transfer_candidates:4	False	True	False	-0.03
SRR33298422.544030	chr8L	Y' Gain	chr8	True	0.33	False		Y' Gain	ambiguous	True	0.3	False	donor_transfer_candidates:4	False	True	False	-0.03
SRR33298422.42476	chr8L	Y' Gain	chr8	True	0.33	False		Y' Gain	ambiguous	True	0.3	False	donor_transfer_candidates:4	False	True	False	-0.03
SRR33298422.180052	chr8L	Y' Gain	chr8	True	0.33	False		Y' Gain	ambiguous	True	0.3	False	donor_transfer_candidates:4	False	True	False	-0.03
SRR33298422.499199	chr8L	Y' Gain	chr8	True	0.33	False		Y' Gain	ambiguous	True	0.3	False	donor_transfer_candidates:4	False	True	False	-0.03
SRR33298422.398610	chr8L	Y' Gain	chr8	True	0.33	False		Y' Gain	ambiguous	True	0.3	False	donor_transfer_candidates:4	False	True	False	-0.03
SRR33298422.120848	chr8L	Y' Gain	chr8	True	0.33	False		Y' Gain	chr14L	True	0.44	False	donor_transfer	False	True	False	0.11
SRR33298422.122947	chr8L	Y' Gain	chr8	True	0.33	False		Y' Gain	ambiguous	True	0.3	False	unmatched_array	False	True	False	-0.03
SRR33298422.31465	chr8L	Y' Gain	chr8	True	0.33	False		Y' Gain	ambiguous	True	0.3	False	single_y_prime_change	False	True	False	-0.03
SRR33298422.257940	chr8L	Y' Gain	chr8	True	0.33	False		Y' Gain	ambiguous	True	0.3	False	single_y_prime_change	False	True	False	-0.03
SRR33298422.447325	chr8L	Y' Gain	chr8	True	0.33	False		Y' Gain	ambiguous	True	0.3	False	single_y_prime_change	False	True	False	-0.03
SRR33298422.73990	chr8L	Y' Gain	chr8	True	0.33	False		Y' Gain	ambiguous	True	0.3	False	single_y_prime_change	False	True	False	-0.03
SRR33298422.598300	chr8L	Y' Gain	chr8	True	0.33	False		Y' Gain	ambiguous	True	0.3	False	single_y_prime_change	False	True	False	-0.03
SRR33298422.141306	chr8L	Y' Gain	chr8	True	0.33	False		Y' Gain	ambiguous	True	0.3	False	single_y_prime_change	False	True	False	-0.03
SRR33298422.432715	chr8L	Y' Gain	chr8	True	0.33	False		Y' Gain	ambiguous	True	0.3	False	single_y_prime_change	False	True	False	-0.03
SRR33298422.408145	chr8L	Y' Gain	chr8	True	0.33	False		Y' Gain	ambiguous	True	0.3	False	single_y_prime_change	False	True	False	-0.03
SRR33298422.77663	chr8L	Y' Gain	chr8	True	0.33	False		Y' Gain	ambiguous	True	0.3	False	single_y_prime_change	False	True	False	-0.03
SRR33298422.427873	chr8L	Y' Gain	chr8	True	0.33	False		Y' Gain	ambiguous	True	0.3	False	single_y_prime_change	False	True	False	-0.03
SRR33298422.455540	chr8L	Y' Gain	chr8	True	0.33	False		Y' Gain	ambiguous	True	0.3	False	single_y_prime_change	False	True	False	-0.03
SRR33298422.119438	chr8L	Y' Gain	chr8	True	0.33	False		Y' Gain	ambiguous	True	0.3	False	single_y_prime_change	False	True	False	-0.03
SRR33298422.329050	chr8L	Y' Gain	chr8	True	0.33	False		Y' Gain	ambiguous	True	0.3	False	single_y_prime_change	False	True	False	-0.03
SRR33298422.600478	chr8L	Y' Gain	chr8	True	0.33	False		Y' Gain	ambiguous	True	0.3	False	single_y_prime_change	False	True	False	-0.03
SRR33298422.636134	chr8L	Y' Gain	chr8	True	0.33	False		Y' Gain	ambiguous	True	0.3	False	single_y_prime_change	False	True	False	-0.03
SRR33298422.386913	chr8L	Y' Gain	chr8	True	0.33	False		Y' Gain	ambiguous	True	0.3	False	single_y_prime_change	False	True	False	-0.03
SRR33298422.431637	chr8L	Y' Gain	chr8	True	0.33	False		Y' Gain	ambiguous	True	0.3	False	single_y_prime_change	False	True	False	-0.03
SRR33298422.55948	chr8L	Y' Gain	chr8	True	0.33	False		Y' Gain	ambiguous	True	0.3	False	single_y_prime_change	False	True	False	-0.03
SRR33298422.339215	chr8L	Y' Gain	chr8	True	0.33	False		Y' Gain	ambiguous	True	0.3	False	single_y_prime_change	False	True	False	-0.03
SRR33298422.51147	chr8L	Y' Gain	chr8	True	0.33	False		Y' Gain	ambiguous	True	0.3	False	single_y_prime_change	False	True	False	-0.03
SRR33298422.503434	chr8L	Y' Gain	chr8	True	0.0031	False		Y' Gain	ambiguous	True	0.0028	False	subtelomere_switch	False	True	False	-0.0
SRR33298422.188497	chr8L	Y' Gain	chr8	True	0.33	False		Y' Gain	ambiguous	True	0.3	False	single_y_prime_change	False	True	False	-0.03
SRR33298422.601827	chr8R	Y' Gain	chr8	True	0.33	False		Y' Gain	chr14L	True	0.44	False	donor_transfer	False	True	False	0.11
SRR33298422.111196	chr8R	Y' Gain	chr8	True	0.33	False		Y' Gain	ambiguous	True	0.3	False	donor_transfer_candidates:4	False	True	False	-0.03
SRR33298422.141740	chr8R	1st Y' Change	chr12	True	0.3	False		1st Y' Change	chr12R	True	0.33	False	donor_transfer_candidates:2	False	True	False	0.03
SRR33298422.140591	chr8R	Y' Gain	chr12	True	0.33	False		Y' Gain	chr12R	True	0.33	False	donor_transfer_candidates:2	False	True	False	0.0
SRR33298422.557837	chr8R	Y' Gain	chr12	True	0.33	False		Y' Gain	chr14L	True	0.66	False	donor_transfer	False	True	False	0.33
SRR33298422.102239	chr8R	Y' Gain	chr12	True	0.33	False		Y' Gain	chr12R	True	0.33	False	donor_transfer_candidates:2	False	True	False	0.0
SRR33298422.88339	chr8R	Y' Gain	chr12	True	0.33	False		Y' Gain	chr12R	True	0.33	False	donor_transfer_candidates:2	False	True	False	0.0
SRR33298422.163434	chr8R	Y' Gain	chr12	True	0.33	False		Y' Gain	chr12L	True	0.33	False	donor_transfer_candidates:4	False	True	False	0.0
SRR33298422.518109	chr8R	Y' Gain	chr16	True	0.3	False		Y' Gain	chr16L	True	0.33	False	donor_transfer_candidates:3	False	True	False	0.03
SRR33298422.569731	chr8R	Y' Gain	chr12	True	0.33	False		Y' Gain	chr12L	True	0.33	False	donor_transfer_candidates:4	False	True	False	0.0
SRR33298422.147941	chr8R	1st Y' Change	chr14	True	0.33	False		1st Y' Change	chr14L	True	0.44	False	donor_transfer	False	True	False	0.11
SRR33298422.400104	chr9L	Y' Gain	chr9	True	0.33	False		Y' Gain	ambiguous	True	0.3	False	unmatched_array	False	True	False	-0.03
SRR33298422.541158	chr9L	Y' Gain	chr9	True	0.33	False		Y' Gain	chr14L	True	0.66	False	donor_transfer	False	True	False	0.33
SRR33298422.164240	chr9L	Y' Gain	chr9	True	0.33	False		Y' Gain	chr14L	True	0.66	False	donor_transfer	False	True	False	0.33
SRR33298422.98119	chr9L	Y' Gain	chr9	True	0.33	False		Y' Gain	chr14L	True	0.66	False	donor_transfer	False	True	False	0.33
SRR33298422.259066	chr9L	Y' Gain	chr9	True	0.33	False		Y' Gain	chr12R	True	0.33	False	donor_transfer_candidates:2	False	True	False	0.0
SRR33298422.327527	chr9L	Y' Gain	chr9	True	0.33	False		Y' Gain	chr12R	True	0.33	False	donor_transfer_candidates:2	False	True	False	0.0
SRR33298422.40416	chr9L	Y' Gain	chr9	True	0.33	False		Y' Gain	chr12R	True	0.33	False	donor_transfer_candidates:3	False	True	False	0.0
SRR33298422.9800	chr9L	Y' Gain	chr9	True	0.33	False		Y' Gain	chr12R	True	0.33	False	donor_transfer_candidates:2	False	True	False	0.0
SRR33298422.454545	chr9L	Y' Gain	chr9	True	0.33	False		Y' Gain	chr12R	True	0.33	False	donor_transfer_candidates:2	False	True	False	0.0
SRR33298422.168744	chr9L	Y' Gain	chr12	True	0.3	False		Y' Gain	chr14L	True	0.44	False	donor_transfer	False	True	False	0.14
SRR33298422.505392	chr9L	1st Y' Change	chr12	True	0.3	False		1st Y' Change	chr12R	True	0.33	False	donor_transfer_candidates:3	False	True	False	0.03
SRR33298422.631750	chr9R	Y' Gain	chr12R	True	0.2719	True		Y' Gain	chr8L	True	0.6345	True	subtelomere_switch	False	True	False	0.363
SRR33298422.328503	chr9R	Y' Gain	chr12R	True	0.2605	True		Y' Gain	chr8L	True	0.6077	True	subtelomere_switch	False	True	False	0.347
SRR33298422.440914	chr9R	Y' Gain	chr12R	True	0.3	True		Y' Gain	chr7R	True	0.7	True	subtelomere_switch	False	True	False	0.4
SRR33298422.142792	chr9R	Y' Gain	chr4R	True	0.3	True		Y' Gain	chr7R	True	0.7	True	subtelomere_switch	False	True	False	0.4
SRR33298422.466516	chr9R	Y' Gain	chr4R	True	0.2719	True		Y' Gain	chr8L	True	0.6345	True	subtelomere_switch	False	True	False	0.363
SRR33298422.27839	chr9R	Y' Gain	chr12R	True	0.2992	True		Y' Gain	chr7R	True	0.6982	True	subtelomere_switch	False	True	False	0.399
SRR33298422.41974	chr9R	Y' Gain	chr12R	True	0.3	True		Y' Gain	chr7R	True	0.7	True	subtelomere_switch	False	True	False	0.4
SRR33298422.439798	chr9R	Y' Gain	chr4R	True	0.2702	True		Y' Gain	chr8L	True	0.2702	True	subtelomere_switch	False	True	False	0.0
SRR33298422.550240	chr9R	Y' Gain	chr12R	True	0.2719	True		Y' Gain	chr8L	True	0.6345	True	subtelomere_switch	False	True	False	0.363
SRR33298422.523486	chr9R	Y' Gain	chr12R	True	0.2719	True		Y' Gain	chr8L	True	0.6345	True	subtelomere_switch	False	True	False	0.363
SRR33298422.408854	chr9R	Y' Gain	chr12R	True	0.2719	True		Y' Gain	chr8L	True	0.6345	True	subtelomere_switch	False	True	False	0.363
SRR33298422.401600	chr9R	Y' Gain	chr12R	True	0.2719	True		Y' Gain	chr8L	True	0.6345	True	subtelomere_switch	False	True	False	0.363
SRR33298422.526340	chr9R	Y' Gain	chr9	True	0.3	False		Y' Gain	chr12R	True	0.33	False	donor_transfer_candidates:2	False	True	False	0.03
SRR33298422.192363	chr9R	Y' Gain	chr12R	True	0.3	True		Y' Gain	chr7R	True	0.7	True	subtelomere_switch	False	True	False	0.4
SRR33298422.351719	chr9R	Y' Gain	chr12R	True	0.2684	True		Y' Gain	chr8L	True	0.6264	True	subtelomere_switch	False	True	False	0.358
SRR33298422.44028	chr9R	Y' Gain	chr9	True	0.3	False		Y' Gain	chr12R	True	0.33	False	donor_transfer_candidates:2	False	True	False	0.03
SRR33298422.80547	chr9R	Y' Gain	chr9	True	0.3	False		Y' Gain	chr12R	True	0.33	False	donor_transfer_candidates:2	False	True	False	0.03
SRR33298422.484243	chr9R	Y' Gain	chr12R	True	0.2655	True		Y' Gain	chr8L	True	0.2655	True	subtelomere_switch	False	True	False	0.0
SRR33298422.213363	chr9R	Y' Gain	chr9	True	0.3	False		Y' Gain	chr14L	True	0.44	False	donor_transfer	False	True	False	0.14
SRR33298422.184858	chr9R	Y' Gain	chr12R	True	0.0001	True		Y' Gain	chr14L	True	0.0001	True	subtelomere_switch	False	True	False	0.0
SRR33298422.281002	chr9R	Y' Gain	chr9	True	0.3	False		Y' Gain	ambiguous	True	0.3	False	donor_transfer_candidates:4	False	True	False	0.0
SRR33298422.637455	chr9R	Y' Gain	chr14	True	0.33	False		Y' Gain	chr14R	True	0.33	False	unmatched_array	False	True	False	0.0
